tree
version=v4
num_class=1
num_tree_per_iteration=1
label_index=0
max_feature_idx=99
objective=binary sigmoid:1
feature_names=game_month game_dayofweek inning balls_before strikes_before outs_before run_top_before run_bot_before run_total_before score_diff_home score_diff_pitcher_team runner_on_1b runner_on_2b runner_on_3b num_runners_on home_win_expectancy li pitcher_hand batter_hand pitcher_team_id batter_team_id asof_pitcher_n asof_pitcher_success_rate asof_pitcher_reverse_rate asof_pitcher_middle_rate asof_pitcher_ball_rate asof_pitcher_strike_rate asof_pitcher_prev1_game_success_rate asof_pitcher_prev3_game_success_rate asof_pitcher_prev5_game_success_rate asof_pitcher_prev1_game_middle_rate asof_pitcher_prev3_game_middle_rate asof_pitcher_prev5_game_middle_rate asof_batter_n asof_batter_success_rate asof_batter_middle_rate asof_pitcher_fastball_rate asof_pitcher_breaking_rate asof_pitcher_offspeed_rate tm_rel_var_rel_height tm_rel_var_rel_side tm_rel_var_extension tm_m_rel_speed tm_m_spin_rate tm_m_induced_vert_break tm_m_horz_break tm_m_extension tm_m_rel_height tm_m_rel_side tm_m_zone_speed tm_v_fastball tm_sp_fastball tm_v_breaking tm_sp_breaking tm_v_offspeed tm_sp_offspeed tm_n_types tm_velo_sep tm_prior_n tm_log_n tm_has is_F is_bottom base_code cnt_code cnt_diff is_3ball is_2strike pitcher_ahead is_full pitch_of_pa_est platoon hand_combo scoring_pos abs_score_diff close_game blowout late_close log_li we_pitcher log_pitcher_n log_batter_n is_rookie_p p_succ_eb200 p_succ_eb1000 b_succ_eb500 form_dev1 form_dev3 form_dev5 form_blend form_blend_dev mid_dev1 mid_dev3 mid_dev5 rev_plus_mid strike_minus_ball breaking_plus_off mix_entropy pb_succ_gap pb_mid_gap
feature_infos=[3:10] [0:6] [1:13] [0:3] [0:2] [0:2] [0:30] [0:22] [0:36] [-27:19] [-27:27] [0:1] [0:1] [0:1] [0:3] [0:100] [0:10.83] [1:2] [1:2] [12:25] [12:25] [0:15446] [0:1] [0:1] [0:1] [0:1] [0:1] [0:1] [0.130435:0.92857100000000004] [0.14583299999999999:0.84999999999999998] [0:1] [0:0.52941199999999999] [0:0.5] [0:13927] [0:1] [0:1] [0:1] [0:1] [0:0.75] [0.013637649574865166:0.18554997200386428] [0.023687706151775116:0.23732486323619806] [0.031366467788529473:0.13700466977235751] [108.45118171673819:148.8045327198364] [1647.0762547857457:2618.9695819456679] [-11.586682218856058:49.265559574468085] [-33.423814428051948:47.192352120698978] [1.4374507923299569:2.0926419850537132] [0.32885211056511054:1.9900524966666668] [-1.0251837142857143:1.1894576892703863] [98.080663690987123:136.06468200409] [49.82336909871244:152.31761089597379] [778.98497854077243:2631.4251249578606] [79.204218749999995:137.76974130285953] [1277.1646875000001:2986.4456182349518] [18.772909547738692:141.12893333333332] [271.06256281407036:2458.9687092244781] [1:3] [-1.876799303439028:22.184692598937389] [28:13891] [0:9.5390684138639639] [0:1] [0:1] [0:1] [0:7] [0:11] [-2:3] [0:1] [0:1] [0:1] [0:1] [0:5] [0:1] [3:6] [0:1] [0:27] [0:1] [0:1] [0:1] [0:2.4706386779902956] [0:100] [0:9.6451700887142504] [0:9.5416564814480243] [0:1] [0.40502784916201112:0.68990852293577976] [0.42614069847856162:0.64429549664429531] [0.46370355555555559:0.66728207976366316] [-0.70027799999999996:0.57501599999999997] [-0.36012599999999995:0.42153800000000008] [-0.324577:0.342754] [0.14538039999999999:0.85785460000000002] [-0.35204580000000002:0.34418260000000001] [-0.23711299999999999:0.89732100000000004] [-0.21621599999999999:0.39727800000000002] [-0.21621599999999999:0.33333299999999999] [0:2] [-1:1] [0:1] [0:1.0965542519295264] [-0.2045944497080987:0.14154980879917112] [-0.91282050000000003:0.88520100000000002]
tree_sizes=3590 3602 3616 3597 3605 3586 3596 3627 3615 3630 3615 3624 3619 3630 3607 3624 3630 3636 3619 3637 3631 3624 3618 3611 3635 3616 3616 3627 3621 3616 3614 3608 3631 3603 3633 3583 3632 3598 3608 3629 3612 3618 3599 3623 3624 3614 3603 3625 3621 3602 3607 3603 3620 3616 3599 3595 3612 3603 3609 3620 3625 3633 3618 3598 3603 3619 3588 3619 3603 3606 3589 3641 3620 3635 3614 3617 3591 3608 3600 3620 3626 3629 3589 3593 3632 3611 3623 3644 3614 3593 3601 3620 3608 3594 3604 3592 3622 3606 3605 3597

Tree=0
num_leaves=31
num_cat=0
split_feature=22 95 22 28 25 25 52 94 49 23 28 90 55 48 87 26 23 68 41 44 26 48 38 44 45 91 41 96 32 87
split_gain=1042.01 385.918 282.896 188.611 112.725 104.036 80.1239 72.9493 59.6249 45.0453 40.8744 37.7645 35.722 35.5642 30.7861 30.6076 30.0833 28.2861 26.9726 26.6909 33.572 26.213 24.0366 23.6287 23.3934 23.8464 22.9208 22.6764 22.5016 21.7611
threshold=0.5179140000000001 0.058640000000000005 0.45659450000000007 0.53859150000000011 0.37577900000000003 0.33746050000000005 116.1173645782569 0.39234050000000009 132.9014309569998 0.29280450000000008 0.46983950000000008 -0.086227700000000004 1544.7403672722141 0.44517692890561628 -0.16053349999999994 0.40880650000000002 0.21640350000000005 1.0000000180025095e-35 0.066878210128599 34.83577239471024 0.49947450000000004 -0.68096114943981245 0.17130650000000003 26.731902733436872 -10.522967468686643 0.11134200000000002 0.083705411514155809 0.48778495500000002 0.20230250000000002 0.097429000000000057
decision_type=10 10 10 8 10 10 8 10 10 8 10 10 8 8 10 10 10 2 8 8 10 8 10 10 10 10 10 10 10 10
left_child=2 12 9 14 6 7 -4 27 10 -1 -8 -6 15 24 -3 -2 29 23 -14 26 -21 -11 -19 -13 -7 -26 -16 -5 -17 -15
right_child=1 3 4 5 11 13 8 -9 -10 21 -12 17 18 16 19 28 -18 22 -20 20 -22 -23 -24 -25 25 -27 -28 -29 -30 -31
leaf_value=-0.036153326392393867 -0.041099472426600031 -0.032147972706728985 -0.0071692430680818271 -0.0077722504455150603 -0.038461278546393973 -0.025462236462050574 -0.032746367908244124 -0.026264088614948066 -0.0099982046545510211 -0.051058455667947755 -0.027775078389169601 -0.031709051459962556 -0.03218653008054416 -0.018755901216835208 -0.024872575723468529 -0.033766913109521825 -0.027240737038928077 -0.03166860884343374 -0.026404436765477979 -0.017731337657911152 -0.032483538221138641 -0.041943313899042878 -0.023487753649741167 -0.035910153416057265 -0.014309561196051437 -0.028678929770105079 -0.010614948680646916 -0.017541530360502662 -0.024899081419068991 -0.032670844581906756
leaf_weight=3400.0681155323982 1060.0374092459679 1084.5324967503548 414.91678833961487 4411.1153497695923 3755.2468843460083 638.8718740940094 6428.710720539093 709.60768800973892 388.42210185527802 942.81091904640198 11550.183607935905 5867.573256790638 2998.148720562458 4111.6754025220871 12360.521094560623 2771.6941360831261 1890.8707854151726 3666.2647297382355 6111.0244325995445 3035.3912515640259 436.1625275015831 5654.6159654259682 1178.5136488080025 7867.1722367405891 4502.5970031023026 307.93824291229248 279.19400757551193 728.10397857427597 955.30841267108917 295.94064903259277
leaf_count=13603 4241 4339 1660 17648 15024 2556 25720 2839 1554 3772 46210 23475 11995 16450 49452 11089 7565 14668 24449 12144 1745 22623 4715 31475 18014 1232 1117 2913 3822 1184
internal_value=-0.0283401 -0.0231059 -0.0333259 -0.0202933 -0.03149 -0.0166549 -0.0286347 -0.0112041 -0.0291308 -0.0408654 -0.0295541 -0.03389 -0.0301487 -0.019381 -0.0240211 -0.0336408 -0.0219571 -0.0329611 -0.0283097 -0.023472 -0.0195914 -0.0432784 -0.0296727 -0.0341192 -0.0164206 -0.0152282 -0.0245439 -0.0091327 -0.0314908 -0.0196979
internal_weight=99803.2 48688.7 51114.5 34792.5 41117 17596.7 18782.2 5848.83 18367.3 9997.5 17978.9 22334.8 13896.2 11747.9 17195.8 4787.04 6298.49 18579.5 9109.17 16111.3 3471.55 6597.43 4844.78 13734.7 5449.41 4810.54 12639.7 5139.22 3727 4407.62
internal_count=399293 194794 204499 139198 164501 70401 75144 23400 73484 39998 71930 89357 55596 47001 68797 19152 25199 74333 36444 64458 13889 26395 19383 54950 21802 19246 50569 20561 14911 17634
is_linear=0
shrinkage=1


Tree=1
num_leaves=31
num_cat=0
split_feature=22 95 29 29 71 71 22 71 84 19 45 58 55 95 20 21 41 20 97 23 41 96 61 97 55 91 58 26 29 2
split_gain=948.594 355.596 248.466 219.217 107.933 103.855 82.157 78.5967 79.8066 73.506 72.6612 46.1026 43.7247 43.3863 42.2403 39.5096 39.3171 34.2593 42.5595 33.2186 31.8395 31.7533 30.5154 29.667 29.6385 29.3239 25.1376 24.9306 24.7819 24.7272
threshold=0.5179140000000001 0.058640000000000005 0.45837550000000005 0.53973400000000005 1.0000000180025095e-35 1.0000000180025095e-35 0.58647700000000014 1.0000000180025095e-35 0.4666913170701506 13.500000000000002 9.0773950944369819 1325.5000000000002 1068.4506656481494 0.079167000000000029 13.500000000000002 8499.5000000000018 0.076447709222172047 13.500000000000002 1.0599311804933471 0.25451150000000006 0.063123166971260511 0.56045050000000007 1.0000000180025095e-35 0.8581570168098881 1571.7769299971944 0.072703500000000018 2153.5000000000005 0.40825800000000007 0.63502800000000004 2.5000000000000004
decision_type=10 10 10 8 2 2 10 2 2 2 8 8 8 10 2 2 8 2 2 10 8 10 2 2 8 8 8 10 8 2
left_child=2 4 7 14 24 12 9 8 -1 20 -7 -6 -4 19 -3 -15 -16 -14 23 -12 -5 26 -8 -19 27 -22 -9 -2 -13 -11
right_child=1 3 5 6 11 10 22 21 -10 29 13 28 17 15 16 -17 -18 18 -20 -21 25 -23 -24 -25 -26 -27 -28 -29 -30 -31
leaf_value=-0.01677341058232712 -0.010890600000281114 0.0086405151091657872 0.017701083180186733 -0.00012578529821989128 -0.011436459731083204 -0.010545335761143321 0.018298161125576206 -0.015604004031245362 -0.0040615755640445927 0.012014939406955513 -0.0020087499280346216 -0.0041646985944932009 0.0051212709090732002 -0.00040062465803235818 0.0011493200547572147 0.014589378763188538 0.0077489394275881201 -0.0057373980571799044 0.013008546434207725 -0.0095068177371799133 0.017296749271413871 -0.0012843967761943943 0.0015125665766857926 0.00025885369531785394 0.0055592241142921701 0.0014305810831582897 -0.010447496618409284 0.0012403293254078971 0.0082034093323015058 0.0053372755310012445
leaf_weight=1411.3073758631945 526.78761331737041 3538.2260221540928 379.93256224691868 328.70312993228436 2462.1023271530867 3929.6951938271523 4521.787624552846 3892.3193932026625 9512.9087578505278 1772.5559630692005 3439.6338095963001 4404.2889756113291 3421.4003615528345 3624.2691483646631 10899.084502443671 490.18157216906548 2837.6773297488689 2750.2637406289577 539.17495591938496 2588.2773158550262 3714.3032337576151 685.80256876349449 289.97467745840549 8160.2760780602694 4087.4331029653549 317.97323147952557 6370.6169440448284 1999.9984832704067 436.65437424182892 6441.4916006326675
leaf_count=5648 2108 14155 1520 1315 9851 15723 18088 15575 38064 7091 13762 17621 13689 14500 43603 1961 11352 11004 2157 10356 14858 2744 1160 32649 16353 1272 25491 8002 1747 25769
internal_value=5.37827e-05 0.00505812 -0.00469481 0.00776815 -0.00169211 -0.00168538 0.0117305 -0.00872666 -0.00571767 0.00959041 -0.00478161 -0.00587884 0.00117276 -0.00254024 0.0037757 0.00141628 0.00251728 0.000738874 -0.000573998 -0.0052387 0.0148353 -0.011721 0.0172918 -0.00125652 0.00293252 0.0160522 -0.0124164 -0.0013217 -0.00303448 0.00679114
internal_weight=99775.1 48579 51196.1 34661.8 13917.3 29323.1 17386.8 21873 10924.2 12575 14072.1 7303.05 15251 10142.4 17275 4114.45 13736.8 14871.1 11449.7 6027.91 4360.98 10948.7 4811.76 10910.5 6614.22 4032.28 10262.9 2526.79 4840.94 8214.05
internal_count=399188 194345 204843 138663 55682 117321 69553 87522 43712 50305 56302 29219 61019 40579 69110 16461 54955 59499 45810 24118 17445 43810 19248 43653 26463 16130 41066 10110 19368 32860
is_linear=0
shrinkage=0.05


Tree=2
num_leaves=31
num_cat=0
split_feature=22 95 22 29 71 71 42 25 29 89 24 58 48 71 20 41 84 47 95 21 25 51 52 54 41 53 68 57 25 43
split_gain=869.025 337.006 236.164 227.91 137.365 105.609 88.3905 72.4413 52.5302 44.0789 43.616 43.4737 37.8391 37.898 36.3816 42.3758 34.5 39.4108 34.1503 33.3694 32.8629 42.7879 32.5728 27.3502 27.1624 26.8912 26.3991 25.8599 25.0711 24.7845
threshold=0.51857050000000016 0.059119000000000012 0.45659450000000007 0.53973400000000005 1.0000000180025095e-35 1.0000000180025095e-35 133.09818701660762 0.33670450000000002 0.47138350000000001 0.42895910000000004 0.11671650000000001 1325.5000000000002 -0.66421757351704447 1.0000000180025095e-35 13.500000000000002 0.076447709222172047 0.53284074354223343 1.9239938650704411 0.044444500000000005 1442.5000000000002 0.37090250000000008 2278.6816245954697 131.4880224700901 128.34117201142291 0.06160636245959044 2348.933909614494 1.0000000180025095e-35 12.643743990006104 0.38383950000000006 2072.2841198473743
decision_type=10 10 10 8 2 2 10 10 10 8 10 8 8 2 2 8 2 10 10 2 10 10 10 10 8 8 2 10 10 10
left_child=2 5 12 14 8 29 18 16 -4 -8 -10 -7 -1 27 -3 -16 17 -5 -6 -9 21 -12 26 -23 -21 -13 -11 -14 -24 -2
right_child=1 3 4 7 6 11 9 19 10 22 20 25 13 -15 15 -17 -18 -19 -20 24 -22 23 28 -25 -26 -27 -28 -29 -30 -31
leaf_value=-0.01769091469299542 0.0075707021344423794 0.0078409771552255831 -0.003009733207668576 0.0039883143078784837 -0.0067405890578922352 -0.011317615740565204 -0.012711496487956829 0.00098780265402670527 0.01848526606287023 -0.0097340283423664482 0.00078268536258187303 -0.0063759870843508749 -0.0081403639626873078 -0.013342868784479123 0.00072691601335512742 0.0076827597703933341 0.018727021162861769 0.020259494129994057 0.0018239213359968398 0.0022543529498555864 -0.00091587179253156703 0.022067721738439572 0.0017581474203760467 0.0071745449946921912 0.010902825445373162 0.0011491143861695687 -0.0033740655466975608 0.0030041440641845833 -0.0078078476633592188 0.00081388075786997165
leaf_weight=1959.7291459441185 1917.8986619859934 3519.0261766016483 8924.2312749475241 1030.9406159371138 1607.3042941391468 2473.0680494010448 3586.2479631602764 1113.6833790838718 379.67800208926201 5826.5434338599443 3331.1383419781923 2774.4420245736837 3423.0134555548429 4021.1212529838085 10801.245500147343 2737.1188450008631 3920.9010692387819 578.23722083866596 4142.7146089226007 1008.1725421845913 6511.3393985331059 368.97241589426994 1843.5198097676039 1774.9113305062056 9693.3721513897181 2065.0255615264177 2284.9085206538439 608.21640229225159 1077.2776171416044 4594.2978256493807
leaf_count=7846 7673 14077 35709 4124 6432 9897 14353 4455 1519 23316 13327 11101 13699 16095 43211 10949 15684 2313 16575 4033 26052 1476 7376 7101 38775 8262 9143 2434 4311 18381
internal_value=-5.04006e-05 0.00477615 -0.00455535 0.0074251 -0.00289672 -0.00181634 -0.00583103 0.0114595 -8.80279e-05 -0.00789558 0.00202121 -0.00593668 -0.0114469 -0.00990722 0.00331834 0.00213785 0.016188 0.00992416 -0.000577665 0.00923445 0.00148473 0.00433618 -0.00631998 0.00982829 0.0100909 -0.00316924 -0.00794886 -0.00645565 -0.00178468 0.00281238
internal_weight=99898.3 48227.4 51670.9 34402.7 41658.8 13824.7 20368.5 17345.3 21290.3 14618.5 12366 7312.54 10012.1 8052.35 17057.4 13538.4 5530.08 1609.18 5750.02 11815.2 11986.4 5475.02 11032.2 2143.88 10701.5 4839.47 8111.45 4031.23 2920.8 6512.2
internal_count=399699 192935 206764 137621 166690 55314 81506 69384 85184 58499 49475 29260 40074 32228 68237 54160 22121 6437 23007 47263 47956 21904 44146 8577 42808 19363 32459 16133 11687 26054
is_linear=0
shrinkage=0.05


Tree=3
num_leaves=31
num_cat=0
split_feature=25 89 23 22 23 89 47 52 22 72 20 48 25 96 72 58 72 45 72 45 20 80 57 47 24 72 89 20 87 41
split_gain=739.598 453.516 169.363 97.9512 85.7328 70.5822 46.815 44.5784 41.0472 36.9681 36.7864 36.6017 34.8991 33.6535 30.6063 35.1821 32.9269 30.4752 29.9452 49.4008 32.7175 31.3033 29.3026 28.4828 27.6652 24.9457 23.7079 22.5694 24.7481 21.8867
threshold=0.37364350000000007 0.52844840000000015 0.29008000000000006 0.58846750000000014 0.2483235 0.45987935000000008 1.9239938650704411 116.1173645782569 0.54413450000000008 3.5000000000000004 13.500000000000002 0.42203941974633991 0.42393350000000002 0.30152570000000006 5.5000000000000009 2223.5000000000005 3.5000000000000004 -9.2106629131605384 3.5000000000000004 -6.1853430826940858 13.500000000000002 6.1081352352533109 15.208581039479768 1.9078785899215382 0.17066050000000002 5.5000000000000009 0.4577672000000001 13.500000000000002 -0.01426900000000003 0.071271217786762445
decision_type=8 10 8 10 10 8 10 8 10 2 2 10 10 10 2 8 2 8 2 10 2 2 10 8 10 2 8 2 10 10
left_child=1 4 5 6 10 14 7 -3 13 23 -1 22 18 -9 16 -16 -2 -11 -7 24 21 -21 -4 -6 -20 -13 -12 -18 -29 -15
right_child=2 3 11 -5 9 12 -8 8 -10 17 26 25 -14 29 15 -17 27 -19 19 20 -22 -23 -24 -25 -26 -27 -28 28 -30 -31
leaf_value=0.0063482048226415405 -0.010487596809180192 0.018252797580511512 -0.014055654305397448 0.015957684118085347 -0.013744791293270393 -0.0062859695643911976 0.017114096095489688 0.016069357276091174 0.0089140881689867817 0.0060642847024618574 -0.0029008411366482638 -0.00094664963882907681 -0.0071523976985013622 0.0045603559561824486 -0.012759069731073248 -0.0047120384192892752 0.0026035254065003379 -0.0028290147840145689 0.0068630857884158488 -0.0090043675964039775 -0.0029448360847823835 0.0039024838153021834 0.00060365574537493011 -0.00080214386439288415 -0.0035441026793419507 -0.010853420768756126 0.0021069825610282983 -0.0030585082345642722 -0.015691059567882592 -0.0017270379115969547
leaf_weight=4210.8026132583618 1593.1214996427298 835.441486120224 5561.61625854671 4473.4072353243828 1280.2020414620638 2303.904789596796 1230.2838920652866 523.45585495233536 8370.8705930411816 1059.0135017931461 3013.9362170994282 1262.2269901782274 2489.3243222981691 5814.6151294857264 2880.4050222337246 2596.8532394021749 1627.8983187377453 9780.6536609530449 3116.9192257374525 529.76742124557495 11229.998876094818 3630.794027775526 362.25253628194332 635.89092293381691 795.71237851679325 1273.9259954839945 10818.012438952923 4256.1556662917137 417.80637288093567 1809.6748577207327
leaf_count=16845 6377 3342 22271 17896 5124 9220 4922 2094 33485 4237 12059 5051 9962 23261 11531 10394 6514 39137 12470 2120 44936 14528 1450 2545 3184 5100 43278 17031 1672 7240
internal_value=4.01326e-05 0.004015 -0.00462068 0.00931615 4.44759e-05 -0.00317622 0.00770975 0.00703358 0.00645546 -0.00309161 0.00226209 -0.0110067 -0.00155845 0.00392167 -0.00608806 -0.00895939 -0.00408722 -0.00195537 -0.000910965 -0.000266517 -0.00154229 0.00224139 -0.0131597 -0.009476 0.00474294 -0.00594597 0.00101449 -0.00245514 -0.00421882 0.00306769
internal_weight=99784.9 53856.3 45928.7 23057.7 30798.5 37468.7 18584.3 17354.1 16518.6 12755.8 18042.8 8460.02 24096.4 8147.75 13372.2 5477.26 7894.98 10839.7 21607.1 19303.2 15390.6 4160.56 5923.87 1916.09 3912.63 2536.15 13831.9 6301.86 4673.96 7624.29
internal_count=399276 215465 183811 92240 123225 149939 74344 69422 66080 51043 72182 33872 96420 32595 53519 21925 31594 43374 86458 77238 61584 16648 23721 7669 15654 10151 55337 25217 18703 30501
is_linear=0
shrinkage=0.05


Tree=4
num_leaves=31
num_cat=0
split_feature=83 89 83 26 89 61 52 58 83 19 26 72 45 35 72 24 38 87 72 72 29 47 94 40 64 32 94 56 72 26
split_gain=696.379 217.866 178.108 116.603 81.6508 77.5578 57.8748 49.9431 48.6757 52.303 48.3365 40.0544 39.6076 31.2256 31.0057 42.6401 29.4839 28.7226 28.6776 35.2389 32.15 34.8158 27.2179 25.8329 25.797 24.7479 23.0938 22.5581 22.1195 22.011
threshold=0.51825139475604942 0.55666360000000015 0.46370988172043015 0.44276950000000009 0.46250780000000008 1.0000000180025095e-35 116.1173645782569 1424.5000000000002 0.58008186439361087 13.500000000000002 0.42587950000000002 3.5000000000000004 -11.084909650527029 0.13250400000000004 5.5000000000000009 0.11671650000000001 0.065892100000000023 0.013223500000000001 5.5000000000000009 3.5000000000000004 0.41184100000000007 1.6408608542359493 0.33758050000000006 0.089439546539012649 4.5000000000000009 0.14437700000000003 0.38547550000000003 2.5213037952636768 3.5000000000000004 0.44647950000000008
decision_type=2 10 2 10 10 2 8 8 2 2 10 2 8 8 2 10 10 10 2 2 10 10 10 8 2 10 10 8 2 10
left_child=2 5 12 7 18 10 -6 -3 9 -5 23 -8 -1 -12 15 -13 -17 25 19 -4 -20 -22 -9 28 -15 -11 -23 -18 -2 -16
right_child=1 3 4 8 6 -7 11 22 -10 17 13 14 -14 24 29 16 27 -19 20 -21 21 26 -24 -25 -26 -27 -28 -29 -30 -31
leaf_value=-0.017841619603149544 -0.013249003832116052 -0.0046602738943752426 -0.0093577963379876047 0.014442065645636468 0.015808894044252623 -0.0045917480097031112 -0.0066379873011100064 0.0092519178402988272 0.016669000253312784 0.005286575780469125 0.010413647407458562 0.017268497576862885 -0.00916632258504879 0.0045371791441840828 -0.0047452595378338928 -0.0049292688622990513 -0.010790162418407393 0.0037805168258545256 -0.012624804381890132 -0.0023972052502439292 0.0014668690060233264 0.00070062764562883848 0.0011006389169075654 0.0056018917367493528 0.00084523296140325953 0.018949273203232926 -0.01038950478494851 0.0018953659104253868 -0.0021218164058358119 0.00036488840631851752
leaf_weight=1763.4114209264517 510.15226355195045 1538.4234918653965 2289.9713470339775 3279.3261363059282 490.29519653320312 4040.5310710370541 3145.7006300985813 2441.6404003202915 3512.2243442982435 649.95773968100548 1637.626302793622 376.65927922725677 5353.323049813509 13648.736416101456 5754.7452956885099 2141.9853837490082 352.63831649720669 3434.1141529381275 2405.8680454492569 8742.8868457078934 1292.5593041777611 576.74069257080555 1763.9649635255337 928.75685295462608 7247.4368712455034 689.72161628305912 2484.4392276853323 10537.212545588613 3205.0607349425554 3319.1654909849167
leaf_count=7068 2042 6157 9170 13121 1962 16169 12591 9768 14054 2600 6551 1507 21438 54601 23032 8571 1411 13737 9635 34989 5174 2309 7057 3716 28993 2759 9947 42158 12825 13280
internal_value=7.21282e-05 0.0043598 -0.00400554 0.00885737 -0.00281485 0.00186404 -0.00103457 0.00302723 0.0117478 0.00958355 0.00282516 -0.00136284 -0.0113379 0.00378216 -0.000622131 0.000905259 0.000419434 0.00622282 -0.00542617 -0.00384911 -0.00799073 -0.00540688 0.00584373 -0.00181661 0.00325772 0.012409 -0.00830459 0.00147506 -0.0036812 -0.00287766
internal_weight=99555.3 48527.7 51027.6 17309.4 43910.9 31218.3 26118.4 5744.03 11565.3 8053.12 27177.8 25628.1 7116.73 22533.8 22482.4 13408.5 13031.8 4773.79 17792.5 11032.9 6759.61 4353.74 4205.61 4643.97 20896.2 1339.68 3061.18 10889.9 3715.21 9073.91
internal_count=398392 194150 204242 69253 175736 124897 104512 22982 46271 32217 108728 102550 28506 90145 89959 53647 52140 19096 71224 44159 27065 17430 16825 18583 83594 5359 12256 43569 14867 36312
is_linear=0
shrinkage=0.05


Tree=5
num_leaves=31
num_cat=0
split_feature=22 25 89 22 44 94 43 72 72 20 48 42 57 72 28 20 72 83 25 46 25 37 21 19 41 94 32 94 72 72
split_gain=622.099 245.046 190.19 160.025 81.5621 62.697 60.8917 50.9092 59.68 45.0561 44.8629 43.5948 41.6276 39.9347 36.5509 35.5562 31.5688 31.4814 30.7023 30.5056 27.0058 24.9215 26.3259 24.4197 29.0139 22.2551 21.7115 20.5631 20.2236 22.5452
threshold=0.51425850000000006 0.37712150000000005 0.53268655000000009 0.45828050000000004 24.102065327584004 0.35530850000000008 1987.3587131102679 5.5000000000000009 3.5000000000000004 13.500000000000002 0.31897529322080292 145.09249437257921 14.991182077872841 3.5000000000000004 0.42471850000000005 13.500000000000002 5.5000000000000009 0.4470285129198967 0.37299350000000003 1.9977292927289625 0.33670450000000002 0.19048550000000003 1470.5000000000002 13.500000000000002 0.063123166971260511 0.22470630000000003 0.22202650000000004 0.35823450000000007 3.5000000000000004 5.5000000000000009
decision_type=10 10 8 10 10 10 8 2 2 2 10 10 10 2 8 2 2 2 10 8 10 10 2 2 8 10 10 10 2 2
left_child=3 2 15 17 9 6 -4 8 -6 -5 13 12 -11 21 -9 -2 -12 -1 26 -17 -8 -3 -23 24 -7 -15 -10 -24 -19 -30
right_child=1 10 5 4 7 23 20 14 18 11 16 -13 -14 25 -16 19 -18 28 -20 -21 -22 22 27 -25 -26 -27 -28 -29 29 -31
leaf_value=-0.013933979574843582 0.0063107713566527808 0.0048848648169504119 -0.0037656330510608574 0.0047440902609027702 -0.0098868774826805974 -0.0023451108771074453 0.015394846529967544 -0.013049379737606951 0.004997051552387958 -0.0025296959107530157 -0.00087785805953387297 0.018389159679106343 0.013641168481378236 0.016240945161468207 -0.0056890863443378121 -5.4606703907274522e-05 -0.0074900126476769753 -0.013209162995271074 -0.0028879527415587884 0.0073925314471479323 0.010317256105640202 -0.02015762248280728 0.00093737848516436571 0.0043054258969682123 0.014582752509844879 0.0022516958817814427 -0.0055892569461228605 -0.013625523768006824 -0.0041906602423144364 -0.010622923643686728
leaf_weight=3126.5585392266512 3701.048317104578 432.32650715112686 621.96066327393055 3809.5180661380291 2393.2400581091642 312.48409539461136 4294.7553685456514 2345.4596556723118 2540.6634355932474 11214.208176478744 3227.8157901316881 259.40956315398216 402.76115688681602 290.72062177956104 6071.1087297797203 12114.026106193662 4094.1733984947205 1445.5834726244211 7564.2328796386719 1541.1865056753159 7068.2512280344963 362.88721834123135 639.79176317155361 6423.3693248778582 1268.1566864848137 5355.7602310478687 589.06786616146564 379.1078354716301 3694.6357238441706 2170.8611905872822
leaf_count=12535 14805 1730 2488 15244 9585 1250 17192 9396 10165 44876 12915 1038 1612 1163 24304 48462 16389 5793 30270 6165 28278 1453 2561 25695 5075 21428 2357 1518 14794 8697
internal_value=-0.00012853 0.00364534 0.00580174 -0.00425891 -0.00272205 0.0091255 0.0114147 -0.00472118 -0.00276678 1.98182e-05 -0.0018026 -0.00149828 -0.0019578 0.000925969 -0.00775324 0.00197076 -0.00458029 -0.00972696 -0.0011656 0.000790704 0.0122482 -0.00550871 -0.00877233 0.00568769 0.0112425 0.0029994 0.00299308 -0.00456089 -0.00791127 -0.00658531
internal_weight=99755.1 52127.8 37345.2 47627.3 37189.7 19989 11985 21503.8 13087.2 15685.9 14782.6 11876.4 11617 7460.59 8416.57 17356.3 7321.99 10437.6 10694 13655.2 11363 1814.11 1381.79 8004.01 1580.64 5646.48 3129.73 1018.9 7311.08 5865.5
internal_count=399233 208567 149410 190666 148847 79978 47958 86077 52377 62770 59157 47526 46488 29853 33700 69432 29304 41819 42792 54627 45470 7262 5532 32020 6325 22591 12522 4079 29284 23491
is_linear=0
shrinkage=0.05


Tree=6
num_leaves=31
num_cat=0
split_feature=25 29 23 71 23 94 27 19 48 83 86 26 71 47 55 58 29 55 37 37 25 25 96 39 64 46 88 46 57 26
split_gain=553.336 321.935 134.176 97.279 85.4677 70.6929 51.195 50.5835 43.8593 41.0506 35.4871 33.4825 33.2907 34.8838 33.4328 31.9482 31.1707 29.7728 29.1227 25.8489 24.9813 25.9978 24.3874 23.7941 23.519 21.4545 20.8932 27.8063 20.6553 21.298
threshold=0.37577900000000003 0.53973400000000005 0.29008000000000006 1.0000000180025095e-35 0.2483235 0.34923100000000007 0.51869350000000003 13.500000000000002 0.42203941974633991 0.5104671162293174 -0.12301449999999996 0.44729350000000007 1.0000000180025095e-35 1.6321055212321027 1730.196097580796 1011.0000000000001 0.47794950000000008 1568.3732351517449 0.20549950000000003 0.28565250000000003 0.33629750000000008 0.35117250000000005 0.56208050000000009 0.037230994636960495 4.5000000000000009 1.9109416414618783 0.0052774999999999914 1.7574419790092757 7.8410758897106279 0.44048850000000006
decision_type=8 10 8 2 10 10 10 2 10 2 8 10 2 10 8 8 8 8 10 10 10 10 10 10 2 8 8 10 8 10
left_child=1 4 3 9 16 6 25 11 -4 -2 15 -7 14 -14 -6 -5 -1 -11 23 -13 -8 -22 -20 -12 26 -3 27 -18 -9 -30
right_child=2 5 8 10 12 7 20 28 -10 17 18 19 13 -15 -16 -17 24 -19 22 -21 21 -23 -24 -25 -26 -27 -28 -29 29 -31
leaf_value=-0.00032696549451280399 -0.0025846698363643679 8.5137968760783542e-05 -0.012236665167506608 -0.017416917596443121 0.0048788465202828368 -0.0016745109997938828 0.016213407327098108 0.0085164184586532261 -0.0043303565336238964 -0.0012832738456901619 0.0053800658233757589 0.018751013438287095 -0.0012369195808957258 -0.0083965152122644996 -0.0023252754517755804 -0.0070300090037350646 0.0089192287500857014 0.0047345016381513949 -0.0059497971621546341 0.0075328899149940398 0.0040075296457753049 0.012621985348592166 0.0023534071857695947 -0.0040922100637386617 0.001047494875551418 0.011408957736688619 -2.4992523504438964e-05 0.0031777963667601449 -0.0059445627288901804 0.0029168481022171923
leaf_weight=6740.3405934721231 8395.7384023815393 1265.5018335729837 5860.732485935092 930.57314223051071 2289.1416685730219 414.10614661872387 3525.6768184304237 1345.7791593074799 2523.2703389376402 3414.5763980299234 1314.1781639605761 1178.397605702281 3268.2662218511105 3547.692868500948 5366.5349444299936 3645.7141503989697 4388.8793460279703 5140.1112946122885 9972.3558403104544 942.15460035204887 1149.6738170534372 3837.2847679257393 965.03616374731064 1317.9295157492161 5294.9270597845316 614.91052712500095 1627.9089969545603 4083.424482524395 787.12882314622402 4544.3681167662144
leaf_count=26969 33600 5063 23502 3728 9159 1657 14121 5384 10105 13663 5260 4718 13082 14206 21476 14602 17557 20564 39932 3771 4600 15355 3863 5277 21182 2461 6513 16335 3149 18179
internal_value=4.92814e-05 0.00332519 -0.00418567 -0.00282649 0.000555466 0.00849399 0.0113208 0.00529587 -0.00986516 -0.000102445 -0.00536963 0.0112966 -0.00243149 -0.00497032 -0.0001676 -0.00917552 0.00250848 0.00233383 -0.00408029 0.0138256 0.0129694 0.010648 -0.0052157 0.000639641 0.00374931 0.00382888 0.00516327 0.00615902 0.00300454 0.00159989
internal_weight=99692.3 56212.1 43480.2 35096.2 36607.1 19605 10393 9211.93 8384 16950.4 18145.8 2534.66 14471.6 6815.96 7655.68 4576.29 22135.5 8554.69 13569.5 2120.55 8512.64 4986.96 10937.4 2632.11 15395.1 1880.41 10100.2 8472.3 6677.28 5331.5
internal_count=399033 224937 174096 140489 146479 78458 41600 36858 33607 67827 72662 10146 57923 27288 30635 18330 88556 34227 54332 8489 34076 19955 43795 10537 61587 7524 40405 33892 26712 21328
is_linear=0
shrinkage=0.05


Tree=7
num_leaves=31
num_cat=0
split_feature=22 95 29 22 71 71 47 25 22 55 26 96 47 23 29 34 40 95 35 55 55 26 37 41 24 29 35 46 55 27
split_gain=552.292 232.814 165.773 117.508 106.275 92.2626 68.4558 45.0465 39.2491 36.12 43.8631 32.9703 32.8477 28.0233 26.6071 25.3849 24.8743 25.4846 26.8338 24.6765 26.3312 24.4061 28.2283 24.2025 23.8158 22.7641 22.4151 20.6998 20.6305 20.5532
threshold=0.50597350000000019 0.065217000000000011 0.56256850000000014 0.44637400000000005 1.0000000180025095e-35 1.0000000180025095e-35 1.6321055212321027 0.33629750000000008 0.55162450000000007 1109.2581559407888 0.44494800000000007 0.31021582500000006 1.793613134779706 0.29824750000000005 0.47192150000000005 0.48938700000000007 0.071875044149229086 -0.03595849999999997 0.13946050000000002 1951.6484046110083 1902.3877594111948 0.40769350000000004 0.26980700000000007 0.065768494480787684 0.14334550000000004 0.61761700000000008 0.14090950000000005 1.770756635182676 2211.5161517988909 0.41949900000000001
decision_type=10 10 8 10 2 2 10 10 10 8 10 10 8 8 10 8 10 10 10 10 10 10 10 8 10 10 8 10 10 8
left_child=3 5 8 13 9 21 -6 -4 12 10 -5 -7 27 -1 -11 -13 17 -8 -19 20 -9 22 -2 -10 -22 -17 -16 -3 -23 -18
right_child=1 2 7 4 6 11 16 19 23 14 -12 15 -14 -15 26 25 29 18 -20 -21 24 28 -24 -25 -26 -27 -28 -29 -30 -31
leaf_value=-0.0053606086970780873 0.0030488748611415487 0.0020524657066366097 0.014155878996404088 -0.0032274691789944375 -0.0012341926994860392 -0.013609221181727488 -0.021972812063189694 0.0076027198952781901 0.0020793080339920442 -0.0029608410829456751 0.023169762207826392 -0.010806068715591441 0.0044139554598934426 -0.012234293566411321 0.0056866006280189424 -0.0034321519060041502 -0.017198280052599029 -0.00037647760685608769 -0.0077006441121334314 -0.0011990929300540396 0.0066082355744914584 0.0041401155770148844 -0.0088922056521472861 0.0075717932945712496 0.02407782446032285 0.0056238652013849725 -0.00036800211694514267 -0.0024761572544377769 -0.0086914864630017914 -0.0088185224214336454
leaf_weight=2125.3148932754993 1035.7524149566889 5396.3150292634964 4575.1397204995155 283.35695384442806 5019.8442709743977 879.11262333393097 257.90775243937969 6165.7049631923437 2967.8217328339815 8143.3594197630882 337.94886638224125 1062.974753126502 6883.7323538959026 5086.9029030054808 1973.6848338842392 8007.8029288053513 1194.7023172974586 1565.0726572722197 6234.1507793217897 681.84955291450024 336.84182307124138 7440.0809345990419 931.34086874127388 6239.6586569547653 488.75631608068943 750.7068487405777 6659.4967324286699 4721.8588039875031 317.8551706969738 1992.5515650063753
leaf_count=8516 4144 21589 18331 1134 20095 3522 1034 24674 11873 32596 1353 4256 27538 20412 7897 32061 4789 6270 24975 2728 1348 29766 3727 24964 1958 3005 26647 18892 1272 7982
internal_value=3.38347e-05 0.00313327 0.00542407 -0.00443087 -0.00318809 -0.00118042 -0.00609244 0.0102241 0.00317784 -0.000471033 0.0112704 -0.00438211 0.00175219 -0.010219 -0.000912324 -0.00354319 -0.00825829 -0.0067637 -0.00623327 0.00786442 0.00874882 0.00234333 -0.00262113 0.00580559 0.0171147 -0.00265042 0.00102116 -6.12697e-05 0.00360387 -0.0120035
internal_weight=99757.6 58883.3 38457.7 40874.3 33662.1 20425.6 16264.2 12248.3 26209.4 17397.8 621.306 10700.6 17001.9 7212.22 16776.5 9821.48 11244.4 8057.13 7799.22 7673.15 6991.3 9725.03 1967.09 9207.48 825.598 8758.51 8633.18 10118.2 7757.94 3187.25
internal_count=399348 235648 153895 163700 134772 81753 65145 49039 104856 69627 2487 42844 68019 28928 67140 39322 45050 32279 31245 30708 27980 38909 7871 36837 3306 35066 34544 40481 31038 12771
is_linear=0
shrinkage=0.05


Tree=8
num_leaves=31
num_cat=0
split_feature=22 95 29 29 71 71 23 25 84 38 20 58 86 53 55 71 97 25 41 47 27 19 47 20 54 47 71 38 22 91
split_gain=518.417 185.201 138.036 106.863 70.3966 56.883 55.1017 37.6305 35.916 32.8047 31.169 29.4435 29.1797 28.0607 27.8689 27.7514 27.5669 27.0491 26.3192 25.2978 23.8102 23.387 40.0539 29.5539 22.4368 22.6071 23.272 22.3172 22.0554 20.7373
threshold=0.5179140000000001 0.058640000000000005 0.44552900000000006 0.53973400000000005 1.0000000180025095e-35 1.0000000180025095e-35 0.29280450000000008 0.33670450000000002 0.49417793787215153 0.16215000000000002 13.500000000000002 1907.0000000000002 -0.14571549999999997 2003.5987857364546 1571.7769299971944 1.0000000180025095e-35 0.9915703260353127 0.39280100000000001 0.06160636245959044 1.6487686304405444 0.57712150000000018 13.500000000000002 1.6308174164305964 13.500000000000002 127.49138030893927 1.6230044714344463 1.0000000180025095e-35 0.21610750000000004 0.53097500000000009 0.09025575000000001
decision_type=10 10 10 8 2 2 10 10 2 10 2 8 10 10 8 2 2 10 8 10 10 2 8 2 8 8 2 10 10 10
left_child=2 4 6 10 14 12 15 16 -7 -8 29 -6 -4 20 -2 -1 -5 -10 -9 -17 -12 22 -14 -23 28 -26 -27 -24 -20 -3
right_child=1 3 5 7 11 8 9 18 17 -11 13 -13 21 -15 -16 19 -18 -19 24 -21 -22 23 27 -25 25 26 -28 -29 -30 -31
leaf_value=-0.0023794157539142355 -0.0014995572463550966 0.0049376084924496978 -0.0073291788356803188 0.012757707755841015 -0.0080033120626993529 -0.0074674253819650444 -0.012105421885183426 -0.00013490394497165219 -0.00052953487993397162 -0.0021134478647363915 0.0036313278735232049 -0.0016147931669860231 0.021111740724366002 0.00094319882591616848 0.0052060366739772115 -0.0021471904785968082 -0.0022554993760708401 -0.0057433934387158582 0.025522914138004407 -0.0094502415563168032 0.015765333378658455 0.0041938114891765556 0.0015181134074834035 -0.0014152759670311246 -0.0018765229576014752 0.0098334407602440783 0.0041354104875936538 0.015844511310661332 0.010086949412760546 0.013935455567459227
leaf_weight=5632.8715049475431 2514.6571765989065 2730.0048031359911 1116.6032997369766 5206.6772966086864 3304.385083168745 4516.0396947711706 5598.7792472690344 1204.0902214795351 7765.4372078031301 967.95332512259483 1273.3726114332676 3970.7184080183506 322.5085039883852 11905.500297740102 4011.7274025827646 1682.0011453032494 321.85990795493126 3651.6412537395954 252.83745302259922 4068.0448342263699 588.4268763512373 3117.6869713366032 2910.361882686615 9415.2494277209044 756.82930558919907 3861.7764735370874 3381.2601502984762 290.21863578259945 2409.3892994523048 836.18436938524246
leaf_count=22549 10062 10921 4469 20871 13239 18095 22476 4817 31086 3879 5094 15893 1292 47626 16048 6739 1288 14629 1014 16313 2354 12474 11646 37678 3028 15453 13530 1163 9646 3345
internal_value=5.50877e-05 0.00375493 -0.00346177 0.00570167 -0.00114417 -0.00154654 -0.00699133 0.00846962 -0.00369724 -0.010638 0.00292066 -0.00452349 0.000449909 0.00183878 0.00262399 -0.00488008 0.0118812 -0.0022007 0.00687149 -0.00732139 0.00753005 0.000995124 0.00458808 -1.77311e-05 0.00766211 0.00632447 0.0071828 0.00286249 0.011643 0.00708045
internal_weight=99585.1 48529.7 51055.4 34728.2 13801.5 33105.7 17949.7 17394.7 15933.1 6566.73 17333.5 7275.1 17172.6 13767.3 6526.38 11382.9 5528.54 11417.1 11866.2 5750.05 1861.8 16056 3523.09 12532.9 10662.1 7999.87 7243.04 3200.58 2662.23 3566.19
internal_count=398717 194229 204488 138987 55242 132532 71956 69647 63810 26355 69340 29132 68722 55074 26110 45601 22159 45715 47488 23052 7448 64253 14101 50152 42671 32011 28983 12809 10660 14266
is_linear=0
shrinkage=0.05


Tree=9
num_leaves=31
num_cat=0
split_feature=29 25 22 29 44 97 38 19 22 89 37 94 54 88 95 48 89 35 58 64 26 84 96 86 64 13 10 22 35 35
split_gain=460.75 223.191 121.646 85.7119 46.3821 44.817 35.2636 33.5346 48.9887 31.5248 30.9607 30.7155 28.5616 30.9169 27.584 26.1215 27.4011 23.2591 25.5977 22.9733 21.4126 21.1784 21.0341 20.7136 19.7306 19.2489 18.825 18.1817 18.1754 17.7323
threshold=0.49560450000000006 0.37196950000000006 0.46903850000000008 0.56256850000000014 19.20508993736134 0.91341040565874032 0.025484150000000004 13.500000000000002 0.58647700000000014 0.38904005000000003 0.38603250000000006 0.47370200000000001 133.29236280820763 0.0067495000000000202 0.081419000000000005 0.58538520626371915 0.58661830000000015 0.14319050000000003 2172.5000000000005 5.5000000000000009 0.39947450000000007 0.56188542449952317 0.43324235000000005 0.023315499999999992 9.5000000000000018 1.0000000180025095e-35 6.5000000000000009 0.50597350000000019 0.14914850000000004 0.13925750000000001
decision_type=10 10 10 10 10 2 10 2 10 8 10 8 10 10 10 10 10 8 10 2 10 2 10 10 2 2 2 10 10 10
left_child=2 3 11 10 19 9 -3 14 -9 22 12 26 13 24 -5 16 20 18 -11 -4 -8 -19 -6 28 -2 -17 -1 -7 -14 -13
right_child=1 6 4 7 5 27 15 8 -10 17 -12 29 23 -15 -16 25 -18 21 -20 -21 -22 -23 -24 -25 -26 -27 -28 -29 -30 -31
leaf_value=-0.0050363496929542173 0.0056362870077820955 -0.0079319493079818941 0.0029585063311456149 -0.002797776331886024 -0.013602776673670158 -0.0032956661163244458 -0.0077453585780467189 0.0037475853143871837 0.012154585245558914 -0.0048123430990176996 -0.0013073493473346057 -0.0054988679984099599 0.010690561675046874 8.5124997540886462e-05 0.013049101888470891 -0.0065598320304100094 0.0046483296509771911 -0.0065298570571534391 0.0045255710184818072 -0.0033703164864447945 -5.4398191111684546e-05 0.0057730419778007878 -0.0029229958870784587 0.013723575195029085 -0.0030753939362536558 0.0060939769190352343 -0.017079783231181655 3.2193077472079487e-05 0.00056549826321208841 -0.012275491403452363
leaf_weight=6745.7902215570211 9669.327144369483 1745.5657549351454 5744.6701460629702 288.11481349170208 1657.2666855156422 7048.6320248842239 987.36166474223137 4749.5384793281555 2731.2042613327503 1545.1565759778023 2668.287627980113 1296.1262578815222 827.20542107522488 4486.9555288553238 4725.1817402988672 2360.5441612899303 2973.454987436533 5903.3593064248562 1379.8308877199888 1900.5919384211302 9773.9377316683531 364.30438086390495 646.26917892694473 1272.0860063582659 690.59328682720661 336.18890331685543 333.24550868570805 9806.0575066357851 944.38229513168335 4080.5458024144173
leaf_count=27043 38687 6991 22989 1153 6641 28233 3954 19005 10952 6189 10677 5205 3310 17954 18948 9451 11900 23641 5524 7606 39121 1458 2590 5090 2763 1346 1336 39243 3779 16389
internal_value=-5.18123e-05 0.00325377 -0.00354688 0.00570058 -0.00207202 -0.00300383 -0.00119617 0.00896597 0.00682909 -0.00540965 0.00371275 -0.00780403 0.00446178 0.00355281 0.0121346 -0.000476221 0.000408223 -0.00409085 -0.000406874 0.00138283 -0.000766588 -0.0058067 -0.0106321 0.00886955 0.00505316 -0.00496566 -0.00562659 -0.00136065 0.00532665 -0.0106551
internal_weight=99681.8 51229.9 48451.8 33052.9 35996.1 28350.9 18177.1 12494 7480.74 11496.2 20558.8 12455.7 17890.5 14846.9 5013.3 16431.5 13734.8 9192.65 2924.99 7645.26 10761.3 6267.66 2303.54 3043.67 10359.9 2696.73 7079.04 16854.7 1771.59 5376.67
internal_count=399168 205081 194087 132318 144114 113519 72763 50058 29957 46043 82260 49973 71583 59404 20101 65772 54975 36812 11713 30595 43075 25099 9231 12179 41450 10797 28379 67476 7089 21594
is_linear=0
shrinkage=0.05


Tree=10
num_leaves=31
num_cat=0
split_feature=22 25 29 89 71 71 51 23 72 89 22 58 29 58 3 37 68 71 83 47 58 21 54 84 21 22 35 43 17 71
split_gain=411.055 129.476 119.842 89.7685 50.493 47.7459 43.8038 40.3939 36.4142 35.3209 33.4145 32.8717 27.3109 26.4172 28.6557 25.9924 25.7081 25.668 25.6591 28.8815 24.998 24.5844 24.2301 24.116 23.2215 22.3409 21.4819 21.1066 20.6949 20.2951
threshold=0.51857050000000016 0.37755550000000004 0.45920550000000004 0.55584705000000012 1.0000000180025095e-35 1.0000000180025095e-35 2209.7946972181194 0.29008000000000006 3.5000000000000004 0.34210315000000002 0.45828050000000004 1907.0000000000002 0.56169350000000018 3741.5000000000005 2.5000000000000004 0.26980700000000007 1.0000000180025095e-35 1.0000000180025095e-35 0.58141048174534771 1.8166684919007183 10162.500000000002 4231.5000000000009 131.35484922549423 0.5704162940748646 802.50000000000011 0.59443450000000009 0.13407250000000001 2228.641024912346 1.5000000000000002 1.0000000180025095e-35
decision_type=10 10 10 8 2 2 8 8 2 8 10 8 10 10 2 10 2 2 2 10 8 2 8 2 2 8 10 10 2 2
left_child=2 3 7 8 12 15 25 17 -2 -9 -6 22 28 -10 23 -3 20 -1 19 27 26 -14 -7 -15 -22 -5 -12 -8 -4 -21
right_child=1 5 4 6 10 11 18 9 13 -11 16 -13 21 14 -16 -17 -18 -19 -20 29 24 -23 -24 -25 -26 -27 -28 -29 -30 -31
leaf_value=-0.0021323523576281165 -0.0028353310320438567 0.0060887338995226394 0.0031139223967981381 -0.00057672021425285642 -0.012387411911310167 -0.0050346282162963708 0.0076755419136961683 -0.018133339709622553 0.0057022471439298469 -0.0075275739970119566 0.0014604557517279735 -0.00055005349180126898 0.0018724957489071486 0.0017360363836471965 -0.0071113090981021268 -0.00053833309313122007 0.00098784777907949691 -0.0063726788921653109 0.012954415527530058 0.014988229545275037 -0.004752685932254988 0.015309275002175996 -0.015165683681185911 0.0093676986643302079 0.0061295563753931822 0.0096036798882825503 -0.0062971968699379573 0.00074589136636794449 -0.0010052260471839474 0.0070532903971811988
leaf_weight=7089.0162168741226 2497.3417224436998 2529.8682189434767 4505.4310659766197 1965.4743041545153 905.70194049179554 2396.7885539829731 3181.6679725050926 883.1990280598402 8229.5429400205612 6966.3166674822569 1032.5341222584248 3508.085969209671 793.46547091007233 8482.8556151390076 802.11436305940151 3540.8625344634056 3760.9761716872454 7208.1156010329723 3401.9130829572678 1781.7515743523836 898.23304000496864 590.49551662802696 781.71035268902779 1170.4301877170801 1055.6382244825363 731.95141451060772 6410.9121422618628 1679.3402493596077 9381.214449301362 1523.4222886115313
leaf_count=28382 9991 10121 18030 7864 3635 9607 12745 3552 32926 27979 4136 14042 3175 33937 3209 14167 15059 28910 13653 7142 3595 2367 3134 4684 4224 2933 25681 6721 37540 6106
internal_value=2.17241e-05 0.0033394 -0.00308487 0.00489358 -0.000988114 -0.000979549 0.00795867 -0.00586044 0.00282657 -0.00874245 -0.00314863 -0.00389142 0.00100245 0.00358442 0.0019136 0.00222885 -0.00250379 -0.00427314 0.00929583 0.00775774 -0.00390078 0.00767427 -0.00756598 0.00267009 0.00112805 0.00221102 -0.00522056 0.00528799 0.000332484 0.0113632
internal_weight=99686.4 48205.1 51481.2 35447.8 29334.6 12757.3 14265.5 22146.6 21182.3 7849.52 14064 6686.58 15270.6 18684.9 10455.4 6070.73 13158.3 14297.1 11568.1 8166.18 9397.32 1383.96 3178.5 9653.29 1953.87 2697.43 7443.45 4861.01 13886.6 3305.17
internal_count=399247 192982 206265 141911 117442 51071 57164 88823 84747 31531 56330 26783 61112 74756 41830 24288 52695 57292 46367 32714 37636 5542 12741 38621 7819 10797 29817 19466 55570 13248
is_linear=0
shrinkage=0.05


Tree=11
num_leaves=31
num_cat=0
split_feature=22 25 29 89 71 71 36 23 65 23 39 71 29 71 29 94 64 36 25 17 51 25 53 4 17 25 27 25 17 55
split_gain=367.772 129.365 110.643 83.4996 56.8463 48.8601 43.8242 42.3049 40.9239 44.3996 33.3221 35.6554 26.6662 26.6239 22.8083 22.4631 22.4458 22.3454 22.0926 21.8724 20.8984 20.6863 20.401 19.748 23.859 19.4095 18.5754 18.2263 18.2156 18.0242
threshold=0.51857050000000016 0.37755550000000004 0.44552900000000006 0.55584705000000012 1.0000000180025095e-35 1.0000000180025095e-35 0.66213100000000014 0.29280450000000008 1.0000000180025095e-35 0.25788100000000008 0.045318378098756294 1.0000000180025095e-35 0.56169350000000018 1.0000000180025095e-35 0.46838200000000002 0.35744100000000006 10.500000000000002 0.43975250000000005 0.38690950000000007 1.5000000000000002 2091.9152689376392 0.41994750000000008 2387.4056613191374 1.5000000000000002 1.5000000000000002 0.34611150000000007 0.43719650000000004 0.36199150000000008 1.5000000000000002 1598.5073123895679
decision_type=10 10 10 8 2 2 10 8 2 10 10 2 10 2 10 10 2 10 8 2 8 8 8 2 2 10 10 10 2 8
left_child=2 3 7 14 12 29 26 13 9 -6 11 15 28 -1 -2 -5 -13 -15 -9 -10 -11 -20 -8 -16 -25 -22 -7 -14 -4 -3
right_child=1 5 4 10 8 6 22 18 19 20 -12 16 27 17 23 -17 -18 -19 21 -21 25 -23 -24 24 -26 -27 -28 -29 -30 -31
leaf_value=-0.0018118056147033747 -0.00066587835983727929 -0.0011748693444472206 0.0026249098171050112 0.01337398582466608 0.0011849385105593038 -0.0067155530035717566 -0.015677115467543908 -0.0051532082437847244 -0.013239116607141771 0.0051928999044790584 0.0023000323416533675 0.0065395137982688454 0.014505141272442401 0.0042322967040535056 0.0046019204301975042 0.0067743752239918676 -0.0084680839222968929 -0.0075295618208328337 -0.014168080833712904 -0.0053026497998238473 0.00026912742415268333 -0.0071017973241833043 -0.00060268272500556567 -0.004327495816186965 0.003127513457466688 -0.0073635297729875001 -0.00025832619639501469 0.0027444745693371922 -0.00099038050347061124 0.0043414558612486923
leaf_weight=5655.53430595994 4054.4003361612558 2512.7806112617254 5120.0926769822836 4300.0014488995075 5992.18570356071 1556.3934599012136 1005.1401468068361 2187.0095109194517 1191.2845603525639 457.60067246854305 2416.9682109355927 5347.2818916738033 536.83601951599121 430.59212674200535 12075.561361536384 1890.6694229394197 252.96463231742382 5327.1351726353168 2618.6993985623121 3238.0194927155972 1036.0537821948528 1770.2411493062973 289.20847746729851 1525.7227317392826 3555.3288110792637 4223.8181318640709 3857.0851173400879 843.9080847799778 10849.670953795314 3583.4836844950914
leaf_count=22646 16220 10055 20492 17253 23996 6236 4033 8780 4777 1834 9678 21438 2153 1726 48315 7572 1014 21379 10543 12972 4148 7117 1159 6104 14225 16933 15445 3377 43420 14335
internal_value=5.71794e-07 0.00313782 -0.0029383 0.00469454 -0.00123867 -0.00116871 -0.0041104 -0.00609997 -0.00337365 -0.00182206 0.00765986 0.00875567 0.000748036 -0.00425329 0.00270558 0.0113726 0.00584773 -0.00664414 -0.00929375 -0.00746222 -0.0049701 -0.0113406 -0.0123393 0.00350224 0.000884843 -0.00586244 -0.00212376 0.00738846 0.000169641 0.00206952
internal_weight=99701.7 48223 51478.7 35418.9 33489.5 12804.1 6707.83 17989.2 16139 11709.7 14207.9 11790.9 17350.5 11413.3 21211 6190.67 5600.25 5757.73 6575.95 4429.3 5717.47 4388.94 1294.35 17156.6 5081.05 5259.87 5413.48 1380.74 15969.8 6096.26
internal_count=399375 193082 206293 141819 134102 51263 26873 72191 64660 46911 56955 47277 69442 45751 84864 24825 22452 23105 26440 17749 22915 17660 5192 68644 20329 21081 21681 5530 63912 24390
is_linear=0
shrinkage=0.05


Tree=12
num_leaves=31
num_cat=0
split_feature=89 22 84 71 47 97 97 71 48 45 39 20 20 2 47 71 89 88 45 39 36 40 23 45 21 54 19 37 21 19
split_gain=319.658 117.625 91.8689 79.0448 69.3475 55.9168 49.5076 49.3634 46.9456 35.1776 34.91 30.0866 40.6452 35.1739 28.6108 27.0624 25.3162 24.7827 29.2512 23.4808 22.9553 27.3531 28.7897 22.786 22.6586 21.6462 20.695 24.3428 20.6359 19.6347
threshold=0.52522910000000012 0.47346450000000007 0.52698373900525552 1.0000000180025095e-35 1.4707262382248942 0.76791479132116824 1.066602075201841 1.0000000180025095e-35 -0.54292579254494167 9.9116255223470695 0.037214716501138896 13.500000000000002 12.500000000000002 6.5000000000000009 1.81887369872476 1.0000000180025095e-35 0.55666360000000015 0.0016954999999999611 14.998787406881588 0.028434223009077147 0.50847550000000019 0.082314417678720039 0.22646850000000004 24.583799340218615 204.50000000000003 125.81626914906614 15.500000000000002 0.30122250000000006 406.50000000000006 15.500000000000002
decision_type=10 10 2 2 10 2 2 2 10 8 10 2 2 2 10 2 10 8 8 8 10 10 10 10 2 10 2 10 2 2
left_child=1 9 6 8 -5 -6 7 24 -3 14 15 12 -10 -14 -1 16 -4 -11 -19 -9 -7 22 -22 -17 -2 -12 27 -13 -27 -15
right_child=2 3 10 4 5 20 -8 19 11 17 25 26 13 29 -16 23 -18 18 -20 -21 21 -23 -24 -25 -26 28 -28 -29 -30 -31
leaf_value=-0.010952530475615179 -0.0071428678945859546 0.0046985123130440223 0.0049373688746545703 0.0021501822465891658 -0.012310121887692822 -0.0012721861728685442 0.014323966131567036 0.0099708150950221456 -0.0028279459954741164 -0.0018533151756594001 -0.004094739858664008 0.0042448814839783182 0.0027718870456160498 0.0047646677942457683 -0.0028034351824650521 0.0038626223758004433 0.011895297509740709 0.0042263774778013323 -0.0087803530080308011 -0.003871149614466116 -0.00050272885793918533 -0.009913959799335792 -0.0066374768482096586 0.013648142322631732 0.0038601588175056455 -0.0061511754149981288 -0.0030166912694779072 -0.0020056200442986087 0.0049067145872870857 0.019515138932321721
leaf_weight=4433.4419509619474 498.25083260238171 6528.0923583358526 1861.406143411994 5226.0971628129482 1968.3248805105686 7184.0148970782757 617.60701225697994 313.21648517251015 1649.9609214961529 5466.5867287367582 822.10768084228039 2827.2115128189325 1764.5962732881308 353.11508779227734 1432.8578166365623 4803.7860374450684 4557.2279778271914 490.47368913888931 3328.9788662344217 6070.9479734450579 3824.0745210647583 2186.7342711389065 3819.1769188344479 672.29317204654217 6003.5310877114534 436.01968663930893 8030.5917021781206 3444.8375619202852 8360.7535244822502 657.01393412053585
leaf_count=17843 1994 26119 7451 20917 7901 28770 2480 1256 6602 21930 3291 11313 7061 1413 5751 19254 18289 1965 13357 24313 15310 8769 15318 2699 24028 1747 32137 13785 33478 2629
internal_value=-2.32695e-06 -0.00208713 0.0038442 -0.00090592 -0.00294688 -0.00435057 0.000610876 -5.69723e-05 0.00105083 -0.00593998 0.00587245 -0.000222537 0.00337604 0.00706209 -0.00897025 0.00768387 0.00988831 -0.00401806 -0.00710342 -0.00317751 -0.00342305 -0.00499207 -0.0035728 0.00508667 0.00300729 0.00362681 -0.00133738 0.000814151 0.00435226 0.014456
internal_weight=99633.3 64616.2 35017.1 49463.8 24208.4 18982.3 13503.6 12885.9 25255.4 15152.3 21513.6 18727.3 4424.69 2774.73 5866.3 11894.7 6418.63 9286.04 3819.45 6384.16 17014 9829.99 7643.25 5476.08 6501.78 9618.88 14302.6 6272.05 8796.77 1010.13
internal_count=399170 258890 140280 198044 96985 76068 54071 51591 101059 60846 86209 74940 17705 11103 23594 47693 25740 37252 15322 25569 68167 39397 30628 21953 26022 38516 57235 25098 35225 4042
is_linear=0
shrinkage=0.05


Tree=13
num_leaves=31
num_cat=0
split_feature=22 95 71 28 23 71 94 52 19 22 65 64 20 97 36 37 26 42 20 20 61 37 93 37 55 86 54 91 42 91
split_gain=309.368 121.969 78.0686 67.8412 60.2462 57.1727 53.4976 40.9871 40.1699 41.0756 31.345 30.5431 29.6227 31.1225 29.4196 29.113 36.8732 27.6085 27.0574 24.3149 24.1388 22.6578 22.6194 24.3979 22.1252 21.9943 21.3428 24.298 20.989 20.8575
threshold=0.51194750000000011 0.065217000000000011 1.0000000180025095e-35 0.57184150000000011 0.25315500000000007 1.0000000180025095e-35 0.47059850000000009 134.59924453545489 13.500000000000002 0.58647700000000014 1.0000000180025095e-35 9.5000000000000018 13.500000000000002 0.8568240341923401 0.66213100000000014 0.26980700000000007 0.40769350000000004 133.70951511752045 13.500000000000002 12.500000000000002 1.0000000180025095e-35 0.46440550000000008 0.045749000000000005 0.39850550000000007 1819.1933916929072 -0.14571549999999997 134.380914314058 0.057349500000000005 143.10802419269271 0.049160000000000016
decision_type=10 10 2 10 8 2 8 10 2 10 2 2 2 2 10 10 10 10 2 2 2 10 10 10 8 10 10 10 10 10
left_child=2 5 6 22 11 15 7 12 -5 -10 17 18 19 -14 21 -2 -17 -6 -4 -1 -21 -7 23 26 -20 -15 -3 -28 -9 -25
right_child=1 3 4 8 10 14 -8 28 9 -11 -12 -13 13 25 -16 16 -18 -19 24 20 -22 -23 -24 29 -26 -27 27 -29 -30 -31
leaf_value=-0.0016928739495423448 0.0055157047947769142 0.0034884869961008323 0.0046006341147541647 0.011383612686602186 -0.0018541064626642102 -0.0028456675837684685 -0.0068230971886356594 0.0033993548480379422 0.0023140286873387607 0.010323984204067615 -0.010713772550134577 -0.0128286139985075 -0.0051409209168654189 -0.0069314302575234944 -0.010150784226515351 -0.0097638359967969178 0.0015960019338115529 -0.0073314098508227695 -0.0051175189776741081 0.0085011897716869168 -0.001531683450075565 0.011605073479967302 1.0876451186090578e-05 -0.0049329460576302258 0.0017041144986828757 0.00069820781662990124 0.01133283267412305 -0.00081036342730316034 0.023084479031290829 0.0055653420483924706
leaf_weight=1743.1133564710617 3620.0038055628538 14719.342544853687 1826.537769138813 4084.4722719788551 3383.8679157793522 7783.1647679656744 3422.2299122065306 272.32603661715984 4555.6138031035662 2464.2352013140917 4175.2694157660007 541.25292187929153 4275.3847717195749 1041.0296976864338 1412.4406856745481 854.35356542468071 4106.3910282254219 7233.4381588846445 3077.6653164774179 2156.1448041200638 825.17501445114613 271.31963102519512 5806.8212772905827 1425.6301708817482 1926.1625960320234 9317.3333064615726 1826.911156475544 529.39538019895554 267.55702625215054 696.10556216537952
leaf_count=6977 14483 58912 7319 16415 13575 31176 13762 1090 18236 9905 16772 2170 17123 4169 5671 3420 16429 29056 12341 8630 3304 1086 23236 5704 7714 37295 7317 2119 1074 2785
internal_value=-3.86746e-05 0.00251439 -0.00307837 0.00419157 -0.00520251 -0.000841665 -0.00105816 -6.37318e-05 0.00744254 0.00513652 -0.00704183 -0.00150703 -0.000445874 -0.00155722 -0.00351917 0.00211302 -0.000376128 -0.00558911 -0.00059244 0.0029925 0.00572844 -0.0023451 0.00274542 0.00357213 -0.00249345 -7.45269e-05 0.00420022 0.00861271 0.0133974 -0.00147869
internal_weight=99640.7 54156.2 45484.5 36108.5 22164.2 18047.7 23320.3 19898.1 11104.3 7019.85 14792.6 7371.62 19358.2 14633.7 9466.93 8580.75 4960.74 10617.3 6830.37 4724.43 2981.32 8054.48 25004.2 19197.4 5003.83 10358.4 17075.6 2356.31 539.883 2121.74
internal_count=399265 216894 182371 144629 88947 72265 93424 79662 44556 28141 59403 29544 77498 58587 37933 34332 19849 42631 27374 18911 11934 32262 100073 76837 20055 41464 68348 9436 2164 8489
is_linear=0
shrinkage=0.05


Tree=14
num_leaves=31
num_cat=0
split_feature=84 29 95 39 21 95 88 38 21 20 22 44 94 27 26 27 27 72 87 3 45 38 44 90 31 49 28 47 37 53
split_gain=296.515 106.549 85.1604 44.94 45.831 40.1555 40.4508 38.5285 38.4877 32.3211 31.5294 30.3374 30.1435 27.6839 24.4141 22.9236 22.8267 21.5379 20.8945 20.2977 19.7084 19.0681 18.9562 19.3376 18.915 18.5593 18.136 17.9093 16.7638 18.171
threshold=0.52663171872134718 0.45920550000000004 0.13856250000000003 0.03445879175474037 1601.5000000000002 0.073467500000000005 0.057371000000000068 0.15329950000000001 8781.5000000000018 13.500000000000002 0.57830550000000014 28.083613146768542 0.36547850000000004 0.56708700000000012 0.49947450000000004 0.30860800000000005 0.52793400000000001 3.5000000000000004 0.080000000000000057 1.5000000000000002 -20.231824647350667 0.076193000000000011 30.776454286281183 -0.12953504999999996 0.30569050000000003 125.35314637617138 0.53709950000000017 1.6000024981516292 0.30882450000000006 2075.8942196629309
decision_type=2 8 10 10 2 10 10 10 2 2 10 8 8 10 10 10 10 2 8 2 8 10 10 10 10 10 10 10 10 10
left_child=1 7 3 20 17 9 21 22 -8 11 19 18 -11 14 -4 -14 27 -5 -3 -6 -2 -7 24 -24 -1 -19 -17 -12 29 -21
right_child=2 5 13 4 10 6 8 -9 -10 12 16 -13 15 -15 -16 26 -18 25 -20 28 -22 -23 23 -25 -26 -27 -28 -29 -30 -31
leaf_value=-0.0053194855845058427 -0.0028382462125860885 0.0073218368519872949 0.0070292074375760891 -0.016763847728739761 0.0023554623937696879 -0.0033675114152188416 0.0030252594750058508 -0.0016453709084513221 0.016757839938829025 0.002371879619908813 0.013317791804224505 -0.0017591376330266641 -0.011776393984615521 0.012473083847358742 -0.0092646294055972415 -0.0023303114347913365 0.008654230412471953 -0.00035336000024331822 -0.0050075666545660209 -0.01043197582796849 0.0063851300164484807 0.0011622851731066957 -0.015970021525015334 -0.0072927126121883666 0.0069503690624487221 -0.0086865310957153722 -0.0067597928911530035 0.00021999825329204988 -0.0060397936340167678 0.0029545013832869295
leaf_weight=10913.379527598619 618.44090610742569 2111.3357082605362 1975.1506155282259 272.23381985723972 10537.692404329777 2800.0884965062141 1623.4361170828342 7099.1309025138617 738.06828889250755 2090.7662572413683 291.43341107666492 3731.9703658670187 894.54787889122963 3150.760329797864 251.28491596877575 8732.1982869654894 2999.4272557944059 2716.2978532165289 402.70721814036369 287.93503133952618 8057.5758211016655 13401.442514821887 777.37352901697159 3793.0172784477472 315.1363832950592 876.53575685620308 3142.7988972961903 1947.8509641289711 1488.5877685546875 1692.2809504568577
leaf_count=43828 2474 8454 7924 1093 42176 11213 6501 28462 2971 8370 1167 14953 3589 12674 1006 34986 12023 10879 1614 1152 32280 53633 3124 15256 1265 3514 12589 7797 5957 6774
internal_value=0.000108019 -0.00199307 0.00364494 0.00265872 0.00150555 -0.000425123 0.00127079 -0.00470808 0.00736983 -0.00191658 0.00250344 0.00110019 -0.00318446 0.00945905 0.00515701 -0.00409534 0.00580894 -0.00345687 0.00533486 0.00126386 0.00572516 0.000377812 -0.00608237 -0.00880027 -0.00496925 -0.00240485 -0.00350731 0.00197625 -0.0020495 0.000965393
internal_weight=99730.9 62567.4 37163.5 31786.3 23110.3 39669.4 18563 22898 2361.5 21106.3 19245.2 6246.01 14860.3 5377.2 2226.44 12769.5 5238.71 3865.07 2514.04 14006.5 8676.02 16201.5 15798.9 4570.39 11228.5 3592.83 11875 2239.28 3468.8 1980.22
internal_count=399698 250808 148890 127286 92532 158873 74318 91935 9472 84555 77046 25021 59534 21604 8930 51164 20987 15486 10068 56059 34754 64846 63473 18380 45093 14393 47575 8964 13883 7926
is_linear=0
shrinkage=0.05


Tree=15
num_leaves=31
num_cat=0
split_feature=29 25 71 19 83 96 83 23 97 4 21 44 28 25 71 47 29 20 20 61 23 35 29 46 54 56 72 37 37 26
split_gain=263.473 147.785 63.7123 57.6218 58.5571 46.1768 42.8368 42.043 32.7667 32.6885 32.5874 31.5603 29.7641 27.1724 25.3711 25.2524 22.8042 22.0826 25.7445 22.0508 21.7868 21.4858 20.9666 18.5419 23.1594 18.5362 17.9479 17.829 33.0558 29.1991
threshold=0.49560450000000006 0.37248150000000008 1.0000000180025095e-35 13.500000000000002 0.55424174900034939 0.48130850000000008 0.47254396555050232 0.24965050000000003 0.74836104973099304 1.5000000000000002 7375.5000000000009 26.933810949465087 0.57184150000000011 0.41250150000000002 1.0000000180025095e-35 1.6487686304405444 0.58067700000000011 13.500000000000002 12.500000000000002 1.0000000180025095e-35 0.30128050000000006 0.13844150000000002 0.35613600000000006 1.5095590362611946 133.29236280820763 2.1789268918341178 3.5000000000000004 0.3070190000000001 0.18076000000000003 0.41033650000000005
decision_type=10 10 2 2 2 8 2 10 2 2 2 10 10 10 2 8 10 2 2 2 10 10 10 8 8 10 2 8 10 10
left_child=2 3 6 12 9 11 13 -7 -3 23 14 20 -2 -1 -10 -9 -16 18 -8 -20 -4 -11 -13 -5 26 -24 -25 28 -19 -29
right_child=1 8 5 4 -6 7 17 15 10 21 -12 22 -14 -15 16 -17 -18 27 19 -21 -22 -23 25 24 -26 -27 -28 29 -30 -31
leaf_value=-0.0072488953959855681 0.004866686864256389 -0.0067762000093414057 -0.0019775639000477073 0.0096188347297517726 0.0064835913990983641 0.0019943469067747292 -0.0016249555600969399 0.001205993552570531 0.0022908582940623068 0.0059486765462746288 -0.011057374998514419 -0.016357850814658809 0.010794318607230301 0.0015564716243859911 -0.003319421688005491 -0.0066967228477895994 0.0031729246269928861 -0.0039948265108998874 0.0087310272072329588 -0.00040460522526820279 -0.009561309931719171 -0.0034503878438541177 -0.013121456852893549 -0.0079632800442547818 0.0047321900055743776 -0.0063427230740804048 0.0010470640033601452 -0.011217046340639469 0.003145709021438162 -0.0013581541437669232
leaf_weight=3558.2960118055344 3996.1502362191677 2242.7978614717722 4866.6071089804173 937.5451658219099 9057.1798590123653 4212.7812549173832 1794.8097629249096 1352.2646138072014 7213.4012661725283 706.67893388867378 666.33484688401222 718.79430767893791 4566.0423862338066 1157.1372093260288 5913.9899731874466 3961.9944542944431 1744.0651200413704 2328.8710381984711 2119.5143664628267 956.27879701554775 1168.4712973535061 4021.0752000510693 1202.3702669739723 618.75179363787174 4972.4258477836847 6436.4479945003986 4557.741925984621 839.1635904610157 5270.9612279683352 6536.4773648381233
leaf_count=14309 16012 8992 19515 3751 36324 16869 7184 5419 28865 2828 2668 2897 18373 4650 23699 15919 6985 9324 8482 3830 4706 16091 4840 2478 19901 25848 18237 3362 21099 26162
internal_value=4.12795e-05 0.00254191 -0.0026003 0.00450018 0.00327997 -0.00443649 -0.000811008 -0.00173374 -0.00114076 0.00144224 -0.00032348 -0.00622308 0.00803668 -0.00508939 0.000164573 -0.00468731 -0.00183863 0.000207589 0.00312854 0.00589861 -0.00345927 -0.00203588 -0.00821233 0.00292596 0.00229882 -0.00742547 -4.32293e-05 -0.00074387 0.000955209 -0.00249352
internal_weight=99695.4 51214.2 48481.2 33433.6 24871.4 23919.7 24561.5 9527.04 17780.6 15814.2 15537.8 14392.7 8562.19 4715.43 14871.5 5314.26 7658.06 19846.1 4870.6 3075.79 6035.08 4727.75 8357.61 11086.5 10148.9 7638.82 5176.49 14975.5 7599.83 7375.64
internal_count=399619 205204 194415 133995 99610 96013 98402 38207 71209 63286 62217 57806 34385 18959 59549 21338 30684 79443 19496 12312 24221 18919 33585 44367 40616 30688 20715 59947 30423 29524
is_linear=0
shrinkage=0.05


Tree=16
num_leaves=31
num_cat=0
split_feature=22 25 71 22 71 23 47 94 47 42 31 50 47 30 65 37 35 53 20 24 21 48 93 20 88 0 47 35 58 93
split_gain=233.318 98.7852 71.4802 61.9373 44.5886 41.1267 43.8656 40.8206 35.0033 31.5828 29.4555 26.2626 24.328 23.6455 23.4511 28.7933 23.2518 23.2387 22.3388 24.0868 22.7907 21.5728 31.8787 19.5803 21.3086 19.8754 19.1616 19.0961 19.6221 21.1189
threshold=0.50597350000000019 0.37364350000000007 1.0000000180025095e-35 0.59443450000000009 1.0000000180025095e-35 0.30128050000000006 1.6321055212321027 0.47370200000000001 1.8435153006301881 133.19301475363878 0.10397100000000002 142.87240159572488 1.4284992844067286 0.15203650000000005 1.0000000180025095e-35 0.19813650000000002 0.13908150000000005 2075.8942196629309 13.500000000000002 0.11940400000000001 2092.5000000000005 0.27049269790746427 0.017733500000000003 12.500000000000002 0.0030364999999999702 4.5000000000000009 1.8088496904515514 0.15202350000000001 7594.5000000000009 0.0069360000000000125
decision_type=10 10 2 10 2 8 10 10 10 10 10 10 8 10 2 10 10 10 2 8 2 10 10 2 10 2 10 8 10 10
left_child=2 3 7 8 13 6 -4 18 9 10 -2 -10 -7 -3 15 -6 -9 -11 23 -20 26 -22 -23 24 -1 -25 -21 28 -12 -30
right_child=1 4 5 -5 14 12 -8 16 11 17 27 -13 -14 -15 -16 -17 -18 -19 19 20 21 22 -24 25 -26 -27 -28 -29 29 -31
leaf_value=-0.0060574300991726839 0.0094379107433945428 0.0038831299222780026 0.0002440611201728101 0.0092274083937025457 0.0047795518793511457 7.3613393213863801e-05 -0.0056145188214057166 0.0021733882643784732 0.0019198743609399596 -0.007971161225722825 0.0032008524017607034 0.0083706470310061631 -0.010553474725219345 -0.0010144277388043029 -0.0066199437320736063 -0.0029942676829245651 -0.0085616847277943699 0.0010174790357699044 0.010024012291873878 -0.0025070022806190063 0.004160614143022494 0.0019875576585496497 -0.0059979061392740054 -0.0026289811646521225 0.0056618043669287871 0.0078544548806864043 -0.010392637354422054 -0.00014007282903280883 0.019160857658908431 0.0043651376570963399
leaf_weight=942.17625617980957 2072.3566337823868 5348.2871833443642 4610.8838944882154 4182.6810729205608 1463.1044751703739 619.37271612882614 10389.369798004627 635.46786595880985 2508.0683881044388 743.48313446342945 4225.5244260877371 4277.819840580225 4109.4571487605572 4557.2146512418985 3167.4033759534359 6223.2978377789259 2371.7378719747066 15750.844251826406 468.52190850675106 4729.0659092664719 2524.4844959080219 2865.0479745417833 2201.9671661108732 565.41666826605797 644.83827704191208 2165.1806217581034 913.21330906450748 3357.4649259746075 433.3562383055687 546.12661822140217
leaf_count=3773 8318 21401 18480 16834 5860 2480 41730 2558 10046 2975 16914 17164 16572 18237 12700 24951 9555 63054 1881 18943 10108 11470 8818 2263 2581 8668 3658 13444 1739 2187
internal_value=-3.24213e-05 0.0019811 -0.00293997 0.00349287 -0.000793661 -0.00510094 -0.0038147 -0.000910938 0.00278313 0.00197838 0.00410165 0.00599277 -0.00916434 0.00163116 -0.00300609 -0.00151024 -0.00629352 0.000607731 -9.68795e-06 -0.000998125 -0.00139562 0.000393628 -0.00148766 0.00312226 -0.00129002 0.00568201 -0.00379944 0.00280062 0.00469413 0.0110388
internal_weight=99613.2 58857 40756.2 38097.7 20759.3 19729.1 15000.3 21027.1 33915 27129.2 10634.8 6785.89 4728.83 9905.5 10853.8 7686.4 3007.21 16494.3 18019.9 13702.3 13233.8 7591.5 5067.02 4317.61 1587.01 2730.6 5642.28 8562.47 5205.01 979.483
internal_count=399362 235824 163538 152675 83149 79262 60210 84276 135841 108631 42602 27210 19052 39638 43511 30811 12113 66029 72163 54878 52997 30396 20288 17285 6354 10931 22601 34284 20840 3926
is_linear=0
shrinkage=0.05


Tree=17
num_leaves=31
num_cat=0
split_feature=89 25 22 72 48 65 25 19 22 48 65 52 46 91 27 45 38 20 37 53 83 28 47 50 64 38 40 64 43 65
split_gain=220.331 91.4736 79.3886 48.2623 54.4949 31.7112 28.5984 28.0222 26.6513 24.8852 23.0735 24.6349 22.6508 21.562 19.7815 19.5143 19.4049 18.8213 18.2483 18.5299 18.2394 17.7489 16.817 18.5533 16.4886 16.354 16.8577 16.1642 16.0756 15.8127
threshold=0.53268655000000009 0.36896200000000007 0.47678150000000002 3.5000000000000004 0.28318391085072331 1.0000000180025095e-35 0.38143450000000007 13.500000000000002 0.58647700000000014 0.45890719964263754 -1.0000000180025095e-35 131.75389813149175 2.0301642135813753 0.10935800000000002 0.57207800000000009 -8.7075194900437953 0.076193000000000011 13.500000000000002 0.38462150000000006 2515.490754642412 0.51965150810284511 0.29460000000000003 1.2543737897191984 141.40721280824707 9.5000000000000018 0.11100050000000002 0.040003214283545842 9.5000000000000018 2228.641024912346 -1.4999999999999998
decision_type=10 10 10 2 10 2 10 2 10 8 2 10 10 10 10 8 10 2 10 10 2 8 10 10 2 10 10 2 10 2
left_child=2 7 10 15 17 6 20 -2 18 -3 -1 21 -11 -10 28 16 -4 -5 27 -20 -6 -12 -22 -24 -23 26 -8 29 -7 -9
right_child=1 9 3 4 5 14 25 8 13 12 11 -13 -14 -15 -16 -17 -18 -19 19 -21 22 24 23 -25 -26 -27 -28 -29 -30 -31
leaf_value=-0.0014363997185341268 0.0081834063967265083 0.0018819416561058752 -0.017441073094140742 0.0055254096820609904 -0.00093037855684099133 -0.0027459085851556011 0.0031179332954711461 -0.0032051707018570979 0.009321603467029026 -0.0038383657202083221 -0.016664124455981727 0.00047779485163892206 0.010179920304994669 -0.0055177843490434786 0.0037855851073061333 -0.0016780697792299953 -0.0058284257650315727 0.0014328155542970276 0.00050183000147449803 -0.014521629696214037 0.0098402706459364969 -0.0052976202695202632 -0.0019294555139927534 0.0036437882431149117 -0.011611107516679911 -0.00032530289539132876 -0.0064593891323027289 -0.0042290821741808619 -0.0075058581367132534 0.0048046885912646636
leaf_weight=4590.6454893052578 6424.7634976953268 6114.6505833417177 404.87742306292057 3715.4067305624485 6221.6158877313137 4353.2432432621717 530.28310468792915 657.61509008705616 3029.2838640958071 4451.1879013925791 396.4352493584156 1487.1157123297453 298.55918335914612 259.78372202813625 750.37609615921974 2907.3673596829176 2935.9559904038906 11472.422308087349 897.46978677809238 255.86356127262115 736.45759595930576 9789.9352021068335 2144.154364079237 4870.4497753977776 1157.3545903116465 3482.3525622040033 3191.9223749041557 594.78216791152954 3006.5694096088409 8479.8662500679493
leaf_count=18456 25857 24488 1629 14870 24919 17441 2125 2633 12201 17829 1602 5969 1196 1045 3005 11652 11776 45914 3593 1024 2947 39374 8579 19488 4656 13958 12808 2381 12045 33955
internal_value=2.63705e-05 0.00348647 -0.0015715 -0.000571006 7.47767e-06 -0.0012528 -0.000234075 0.00544358 0.00419683 -0.000225882 -0.0044825 -0.00557037 -0.00293767 0.00813636 -0.00390934 -0.00468213 -0.00728362 0.00243697 0.00300014 -0.00292726 0.00108524 -0.00636298 0.00270225 0.00193989 -0.00597507 -0.00279074 -0.00509026 0.00370485 -0.00469795 0.00422535
internal_weight=99608.8 31463.8 68144.9 50723.5 44475.3 29287.4 21177.2 20599.4 14174.7 10864.4 17421.5 12830.8 4749.75 3289.07 8110.19 6248.2 3340.83 15187.8 10885.6 1153.33 13972.7 11343.7 7751.06 7014.6 10947.3 7204.56 3722.21 9732.26 7359.81 9137.48
internal_count=399415 126202 273213 203156 178099 117315 84824 82689 56832 43513 70057 51601 19025 13246 32491 25057 13405 60784 43586 4617 55933 45632 31014 28067 44030 28891 14933 38969 29486 36588
is_linear=0
shrinkage=0.05


Tree=18
num_leaves=31
num_cat=0
split_feature=25 89 20 71 83 65 95 44 20 53 84 71 84 22 64 44 21 7 37 45 22 31 41 38 71 89 56 32 41 47
split_gain=202.802 107.902 61.9761 60.5824 39.3068 38.1888 30.8959 28.5992 25.2961 30.5382 24.8877 24.3146 29.2886 23.8329 23.773 22.0424 28.7898 24.8882 21.0523 21.7895 20.4836 20.3382 20.2424 19.6084 19.027 18.0115 17.8019 17.0629 22.3818 17.9171
threshold=0.37577900000000003 0.53695540000000019 13.500000000000002 1.0000000180025095e-35 0.4470285129198967 -1.0000000180025095e-35 0.079777000000000001 29.084991735552531 12.500000000000002 2490.8928997245025 0.52572278148814189 1.0000000180025095e-35 0.57450822925479128 0.51239750000000017 9.5000000000000018 32.180333378713534 1800.5000000000002 2.5000000000000004 0.41361350000000002 -12.928077534263538 0.48421300000000006 0.098450400000000007 0.063963350984710718 0.28740300000000002 1.0000000180025095e-35 0.43702290000000005 2.7732396906182015 0.12365350000000001 0.068687375898952532 1.7260415830096225
decision_type=8 10 2 2 2 2 10 8 2 10 2 2 2 10 2 10 2 2 10 8 10 10 10 10 2 8 8 8 8 8
left_child=1 2 8 4 -2 25 7 -3 9 22 27 18 -13 -4 15 20 -17 -18 19 -8 -7 -21 -1 24 -10 -5 -26 29 -29 -6
right_child=3 6 13 5 10 14 11 -9 23 -11 -12 12 -14 -15 -16 16 17 -19 -20 21 -22 -23 -24 -25 26 -27 -28 28 -30 -31
leaf_value=0.003324851557045273 -0.0088812798192957898 -0.0041204324011661821 -0.0024562415485112218 -0.0049738357776156223 0.0074989576325459207 -0.0066622541095004697 -0.0027625615159479031 0.004480677592751392 0.0088161491832223146 0.010365080939228832 0.0031726828258956197 0.0023382064166539633 0.010355518505234316 0.0004998370834079581 -0.011309795312205035 -0.012662523692198445 -0.0090517804495688966 0.0014290132864099453 -0.0031548189358457318 0.013466267160008861 -0.0021110165456240944 0.007299745305029662 -0.005412649298482012 0.015324956238814018 -0.0094555249491632357 0.00094921352012573715 0.0038698005754612568 -0.0048186771271035806 -0.00035233275767468082 -0.00067034733972328321
leaf_weight=1198.2981049120426 1358.3630472421646 1691.2559124827385 12641.345259428024 1881.6076608300209 1068.9941920936108 3923.4516120105982 439.78930696845055 2228.0520254522562 1947.9216020405293 674.20370733737946 4442.3389790952206 6746.4815059900284 1363.2333487272263 14782.972673505545 1666.9595382660627 1880.9109815955162 1232.7515755295753 1036.4411414563656 437.87939295172691 1708.3242558538914 6695.5501755923033 6434.1223199814558 1459.8541603833437 569.6889543235302 290.12201938033104 3985.0960286855698 1516.0988867282867 4235.5862461775541 8271.7756974548101 1771.9104738533497
leaf_count=4799 5494 6769 50665 7579 4282 15806 1760 8939 7798 2699 17776 27066 5495 59151 6704 7574 4956 4163 1756 6879 26857 25854 5845 2280 1163 15985 6075 16972 33136 7095
internal_value=-3.91655e-05 0.00194598 0.000247522 -0.00260338 -0.00068558 -0.00442083 0.00477517 0.000768094 0.00422196 0.000943476 -0.000118853 0.00569101 0.003697 -0.000863177 -0.00565635 -0.00501104 -0.00810014 -0.00427947 0.00747768 0.00802321 -0.00379727 0.00860844 -0.00147608 0.00674067 0.00540076 -0.000955697 0.00168916 -0.00107299 -0.00186749 0.00241917
internal_weight=99581.4 56129.6 35080.5 43451.7 21149 22302.8 21049.1 3919.31 7656.19 3332.36 19790.6 17129.8 8109.71 27424.3 16436.1 14769.1 4150.1 2269.19 9020.12 8582.24 10619 8142.45 2658.15 4323.83 3754.14 5866.7 1806.22 15348.3 12507.4 2840.9
internal_count=399372 224993 140475 174379 84755 89624 84518 15708 30659 13343 79261 68810 32561 109816 66060 59356 16693 9119 36249 34493 42663 32733 10644 17316 15036 23564 7238 61485 50108 11377
is_linear=0
shrinkage=0.05


Tree=19
num_leaves=31
num_cat=0
split_feature=22 89 22 51 71 42 25 48 94 71 52 61 89 64 84 1 65 94 64 57 22 87 33 89 57 28 91 40 58 38
split_gain=203.379 76.6932 52.4138 44.6697 44.0754 32.262 29.8999 26.2567 36.569 25.8574 25.3649 24.2491 23.0186 22.9589 19.9278 19.2373 18.9694 18.1066 17.4944 16.3408 16.3883 16.8592 16.3708 16.2168 15.4007 15.2056 15.0488 18.8978 14.8516 21.18
threshold=0.50597350000000019 0.53341475000000005 0.45659450000000007 2250.285690320296 1.0000000180025095e-35 133.09818701660762 0.42393350000000002 0.47792649194544062 0.36601450000000008 1.0000000180025095e-35 134.59924453545489 1.0000000180025095e-35 0.37856525000000002 5.5000000000000009 0.57684205910273334 1.5000000000000002 1.0000000180025095e-35 0.38049850000000007 10.500000000000002 6.6143298779611106 0.4787955000000001 0.021492500000000057 2088.5000000000005 0.32455215000000009 9.8631122716771316 0.55887350000000013 0.059241500000000023 0.059686077990877932 2923.5000000000005 0.079098350000000012
decision_type=10 8 10 8 2 10 10 8 10 2 10 2 10 2 2 2 2 10 2 8 10 10 2 8 10 10 10 10 10 10
left_child=2 11 16 9 10 -6 7 26 18 -3 19 13 -7 17 -11 -13 23 -2 -9 -4 -21 22 -22 -1 -17 -10 -5 -28 29 -14
right_child=1 3 4 6 5 12 -8 8 25 14 -12 15 28 -15 -16 24 -18 -19 -20 20 21 -23 -24 -25 -26 -27 27 -29 -30 -31
leaf_value=-0.013819749790799463 0.0027540983725958569 0.0038975103208496844 -0.0064712376044326449 0.0086500411227546335 0.00046806807665392451 -0.012146769690531972 -0.0062831137433143674 0.0065433442299369544 0.0029559729743393213 -0.0027797919596403821 0.012483017519477798 0.0054322152515063667 -0.0065160515960486637 -0.0016165017984997915 0.0057758755787849034 -0.0014626520332736018 -0.0089946890751230781 -0.00032424583299547216 -0.0057577442046481478 -0.0021363026114418425 0.0040298193792931841 0.0048097481618816496 -0.0012779752868244832 -0.0036573243410893659 -0.0081688309936594049 -0.0047607460303898119 -0.0054109992295179113 0.0083022437666760169 -0.0064582256101316932 -0.0003361585105856595
leaf_weight=409.95744997262955 13587.046041443944 4480.3253763765097 931.84274300932884 7150.1866137832403 3746.5099316835403 988.68052886426449 519.85501283407211 5969.7187102735043 1191.8721529990435 4076.6771128028631 401.90141706168652 532.78265237808228 2163.4787745028734 7094.3024578243494 806.95769953727722 1776.6291390061378 3121.8546991497278 7360.9112007468939 296.2995448410511 4611.2023684829473 2002.8687772005796 2725.1271362900734 5210.3984921276569 6454.1614111810923 1651.9797201454639 1352.6039409786463 452.90313947200775 540.47673340141773 4190.2031165510416 3832.097707927227
leaf_count=1660 54388 17948 3732 28764 15011 3989 2083 23988 4771 16330 1615 2136 8702 28403 3243 7122 12593 29471 1190 18469 8018 10907 20857 26008 6626 5415 1816 2173 16829 15387
internal_value=9.52994e-05 0.00197605 -0.00261758 0.00394673 -0.00159609 -0.00354648 0.00543938 0.00580231 0.00390335 0.00115849 0.000237195 0.000322749 -0.00489167 0.000840342 -0.00135716 -0.00333413 -0.00576385 0.00167276 0.00595342 -8.85615e-05 0.000324387 0.00146709 0.00019935 -0.00428349 -0.0047082 -0.00114869 0.00784949 0.00205847 -0.00417623 -0.00257328
internal_weight=99631.8 58841.5 40790.3 26837.9 30804.3 14921 17473.9 16954.1 8810.49 9363.96 15883.3 32003.7 11174.5 28042.3 4883.63 3961.39 9985.97 20948 6266.02 15481.4 14549.6 9938.39 7213.27 6864.12 3428.61 2544.48 8143.57 993.38 10185.8 5995.58
internal_count=399644 235867 163777 107721 123516 59918 70200 68117 35364 37521 63598 128146 44907 112262 19573 15884 40261 83859 25178 61983 58251 39782 28875 27668 13748 10186 32753 3989 40918 24089
is_linear=0
shrinkage=0.05


Tree=20
num_leaves=31
num_cat=0
split_feature=25 94 71 52 65 94 49 70 38 49 71 37 71 26 58 52 38 23 26 44 54 38 37 26 38 44 86 21 27 96
split_gain=158.954 90.7317 53.9975 42.0912 34.3397 33.9365 32.6844 35.5067 27.9209 47.7982 24.5809 24.174 23.1705 26.7631 28.0593 25.6439 22.9311 22.0135 24.8439 22.471 20.4799 20.4056 20.3792 20.9048 20.5797 19.9584 19.0466 18.5528 17.7983 17.0226
threshold=0.37399150000000009 0.36702350000000006 1.0000000180025095e-35 117.44812538777613 1.0000000180025095e-35 0.48556450000000007 126.63863926336229 4.5000000000000009 0.072666250000000016 132.9014309569998 1.0000000180025095e-35 0.20677550000000003 1.0000000180025095e-35 0.48085150000000004 5414.5000000000009 131.13451091920356 0.21148800000000004 0.27536050000000006 0.45593250000000002 19.20508993736134 128.38242251961194 0.07143335000000002 0.29995100000000002 0.40769350000000004 0.41800850000000006 35.843655517633429 -0.11953249999999997 5309.5000000000009 0.37561900000000009 0.36588740000000003
decision_type=8 10 2 8 2 10 8 2 10 10 2 8 2 10 10 8 10 8 10 10 10 10 10 10 10 10 8 2 8 10
left_child=1 6 5 -3 11 22 7 20 9 25 21 26 13 14 27 29 -12 18 19 -13 -1 -8 24 -24 -2 -5 -4 -10 -15 -14
right_child=2 3 4 8 -6 -7 10 -9 12 -11 16 17 15 28 -16 -17 -18 -19 -20 -21 -22 -23 23 -25 -26 -27 -28 -29 -30 -31
leaf_value=0.0058315142298615823 0.0025025753160705295 0.011286511633758312 -0.0062635546250442032 -0.0059394512049414485 -0.0067205181572290891 -0.0078434352524062254 -0.0019329447544214106 -0.0098564264634256812 0.0041408733894612764 0.011705451437389125 0.0054036127018288723 0.0039860617214902789 -0.013220248671868023 -0.011507492276488836 -0.00080404519613933273 0.0015939249438720353 -0.0030826062421056549 -0.0068095242931273878 -0.017378739054743773 -0.0028034625978720991 0.001418532195505699 0.0093886817924016437 -0.0063052462001849073 -0.00032897040548269868 -0.0079634096814136489 0.0067921906323292654 0.0035896234525370947 0.012204264494485374 -0.00035699228944989937 -0.0024890128032007417
leaf_weight=4259.6331892907619 8685.4214199632406 821.12634305655956 608.84138016402721 4296.1650075465441 6949.8975145220757 1397.6018691807985 426.63668309152126 544.49322959780693 6066.544557467103 460.1509246379137 4127.0328187644482 1426.0093341618776 383.73447109758854 385.40339992940426 2840.675535172224 5060.6352729350328 978.7432286888361 3530.8923832327127 252.54435451328754 8071.7625526636839 6866.0749287605286 5338.4560109376907 1707.5294805318117 9893.2651836276054 486.90268485248089 323.32889191806316 2359.9914438128471 803.38771545886993 3778.375340282917 6238.1764871031046
leaf_count=17103 34778 3314 2446 17231 27961 5653 1712 2182 24284 1849 16581 5715 1540 1544 11367 20275 3934 14255 1014 32409 27498 21482 6844 39638 1950 1295 9467 3215 15130 24993
internal_value=8.63566e-05 0.00191925 -0.00209504 0.000184036 -0.00378072 -0.00033019 0.00433971 0.00249885 -0.00011712 -0.00349904 0.00631181 -0.00252005 0.00055617 0.00193703 0.00337396 -0.00108401 0.00377402 -0.00343139 -0.00220235 -0.00178095 0.00311182 0.00854895 0.000178827 -0.0012133 0.00193893 -0.00503559 0.00155471 0.0051002 -0.00141419 -0.00312988
internal_weight=99369.4 53998.8 45370.7 31457.7 23199.9 22170.7 22541.1 11670.2 30636.6 5079.64 10870.9 16250 25556.9 13874.4 9710.61 11682.5 5105.78 13281.2 9750.32 9497.77 11125.7 5765.09 20773.1 11600.8 9172.32 4619.49 2968.83 6869.93 4163.78 6621.91
internal_count=398659 216529 182130 126037 93267 88863 90492 46783 122723 20375 43709 65306 102348 55540 38866 46808 20515 53393 39138 38124 44601 23194 83210 46482 36728 18526 11913 27499 16674 26533
is_linear=0
shrinkage=0.05


Tree=21
num_leaves=31
num_cat=0
split_feature=89 84 25 25 19 38 44 20 39 20 38 49 89 61 38 21 34 89 34 20 20 37 87 51 89 18 11 97 87 89
split_gain=138.34 81.6399 47.0723 38.3451 35.7131 34.7453 30.9643 28.3201 26.9585 26.9223 21.738 28.0736 21.5852 20.8077 20.1994 20.0916 19.4475 18.3803 18.322 18.3023 17.8768 17.4205 17.3841 21.23 16.7244 16.6569 16.5887 16.2233 16.1765 16.1653
threshold=0.46321740000000006 0.53662997191899653 0.33168000000000003 0.37248150000000008 13.500000000000002 0.16112100000000004 32.180333378713534 13.500000000000002 0.038607409764787694 13.500000000000002 0.27112500000000006 126.85971694872869 0.38630540000000008 1.0000000180025095e-35 0.046878050000000011 5775.5000000000009 0.45835500000000001 0.46162590000000009 0.50281650000000011 12.500000000000002 13.500000000000002 0.45066750000000005 -0.013637999999999982 2225.726132237924 0.53268655000000009 1.5000000000000002 1.0000000180025095e-35 0.67086864723720185 -0.038937999999999993 0.5406702000000001
decision_type=10 2 10 10 2 10 10 2 10 2 10 10 10 2 10 2 8 10 10 2 2 10 10 10 10 2 2 2 10 10
left_child=5 3 -3 4 10 6 16 13 14 29 11 -2 -8 19 -5 -16 -1 20 -14 -4 -7 -10 23 26 28 -13 -18 -24 -9 -6
right_child=1 2 7 8 9 17 12 24 21 -11 -12 25 18 -15 15 -17 22 -19 -20 -21 -22 -23 27 -25 -26 -27 -28 -29 -30 -31
leaf_value=-0.011502876203079179 -0.00046507096914441976 0.009289401352348842 0.0044788982875733786 -0.0050546468444859511 0.0056907409200711769 0.0038193796591304073 -0.01146036730278323 0.0010849275565670321 -0.0040271689039754642 -0.00082199107982863426 0.011653155693670265 0.011966394201636782 -0.011677037276499089 0.00033375118594573317 0.0014893138714865705 -0.0096024271111454784 -0.0016518704558467481 -0.010272157780969508 -0.0029677738109544789 0.012264099858954672 -0.0011793578895690033 0.0044985140405409225 -0.016702641889330759 -0.0037735569125540362 0.0030432639694139806 0.0030210746554652974 0.0035355303385134029 -0.0046187563803161439 -0.0049283613464586899 -0.0012142913503758791
leaf_weight=618.53811380267143 2286.6483026444912 3097.5533114522696 1501.6266414523125 1620.0829326659441 2998.9875948429108 2412.1976440250874 1924.1271994411945 4936.9290182441473 9572.3673603385687 14013.481542766094 960.66750095784664 1047.4947129040956 764.94740872085094 1064.0291501134634 8861.8418623507023 418.05863237380981 4095.0118723064661 435.25873284041882 2790.7380946278572 1545.7567284852266 6827.5034949183464 631.03235675394535 298.62178644537926 6258.956766590476 9381.4122563004494 1042.4233927726746 2457.6891841739416 3011.4902279376984 1435.1533044427633 1175.6982904672623
leaf_count=2487 9160 12535 6022 6499 12006 9670 7773 19761 38379 56098 3881 4223 3079 4264 35502 1679 16443 1743 11226 6198 27377 2529 1204 25166 37651 4189 9870 12129 5744 4708
internal_value=-0.000137434 0.00114335 0.0035652 -0.000103264 0.0012846 -0.00285115 -0.00393969 0.0026684 -0.00165028 0.000228397 0.00487674 0.00336613 -0.00720004 0.00635919 7.91075e-05 0.000979833 -0.00286878 -0.000349649 -0.00486892 0.00845507 0.000128375 -0.00349601 -0.00253059 -0.00169343 0.00170174 0.00754022 0.000296165 -0.00575593 -0.000275017 0.00374785
internal_weight=99486.3 67591.2 22962.5 44628.8 23525.4 31895.1 22220.1 19864.9 21103.4 18188.2 5337.23 4376.57 5479.81 4111.41 10900 9279.9 16740.3 9674.96 3555.69 3047.38 9239.7 10203.4 16121.8 12811.7 15753.5 2089.92 6552.7 3310.11 6372.08 4174.69
internal_count=399195 271028 92175 178853 94265 128167 89377 79640 84588 72812 21453 17572 22078 16484 43680 37181 67299 38790 14305 12220 37047 40908 64812 51479 63156 8412 26313 13333 25505 16714
is_linear=0
shrinkage=0.05


Tree=22
num_leaves=31
num_cat=0
split_feature=25 29 71 27 20 65 94 72 29 98 19 83 91 24 45 37 14 48 94 3 20 20 16 16 26 99 58 51 36 47
split_gain=166.403 69.0237 50.8508 34.6533 32.829 31.4704 28.1715 22.0007 22.9169 20.8308 19.3264 22.3019 19.9134 18.7807 18.0125 17.9712 17.0503 17.565 16.5348 16.3848 15.9859 22.7876 32.516 19.8749 17.2129 16.6346 21.2473 16.4993 15.0645 18.4778
threshold=0.37299350000000003 0.53973400000000005 1.0000000180025095e-35 0.46190100000000006 13.500000000000002 1.0000000180025095e-35 0.47370200000000001 3.5000000000000004 0.47794950000000008 0.038853388660014511 13.500000000000002 0.56849576791688194 0.12490850000000001 0.15420250000000005 -6.8140556106400298 0.21100150000000004 1.0000000180025095e-35 -0.58359280163115235 0.46119850000000007 1.5000000000000002 13.500000000000002 12.500000000000002 0.14500000000000005 1.3450000000000004 0.40769350000000004 0.029805000000000009 1222.0000000000002 2264.3618526762589 0.43818450000000003 1.7182146302484977
decision_type=8 10 2 10 2 2 10 2 10 2 2 2 10 10 8 8 2 8 10 2 2 2 2 2 8 10 10 8 8 8
left_child=1 4 6 -3 13 15 9 16 14 20 -5 -12 -13 -1 -9 -4 19 -18 -7 -6 21 -2 -23 25 -24 26 -22 -25 -17 -30
right_child=2 3 5 10 7 18 -8 8 -10 -11 11 12 -14 -15 -16 28 17 -19 -20 -21 23 22 24 27 -26 -27 -28 -29 29 -31
leaf_value=0.0062118101012920493 -0.0028472805623025038 -0.0024597196247821331 0.00069586345286977598 0.0072622230894074952 -0.0046478695199280249 -0.0056967133257231533 -0.0060261961222245865 0.005112127417667812 0.0014994199741606704 0.005584973540799943 0.0020784419072839436 0.0076424437646336971 -0.0065859463582381471 0.0011239680647264793 -0.0024041493711258557 0.0024475763603053931 -0.0064898990718424204 0.004519143488883437 -0.012712977041344765 -0.015707260843254515 0.0018988407803807363 0.014631025740761795 -0.004341334926009968 0.0053731858644972775 0.0043277100528439786 -0.0082795238472639643 -0.0032497534365084724 -0.0017336830383818018 -0.0071938318827172833 -0.0028143393382513201
leaf_weight=3328.0163532495499 1688.0638917088509 1743.5234891176224 3155.8187091499567 5847.385628208518 1494.6008525639772 6117.4197786599398 2142.2751480340958 870.34005634486675 13927.442012533545 1527.1387573033571 7352.8358457386494 3743.7790905684233 255.69613562524319 3984.121777176857 8476.8244870007038 982.64055070281029 608.08669605851173 865.57423351705074 975.2211045473814 427.74859301745892 2838.6928583830595 607.27961871027946 777.86188831925392 1741.9786352068186 2092.6417081207037 1068.6821827888489 6759.5275189131498 1522.7110860496759 3261.7447052598 9236.6939280182123
leaf_count=13330 6760 6985 12664 23617 5993 24597 8670 3483 55741 6112 29461 15101 1029 15959 33977 3939 2440 3470 3955 1716 11370 2431 3115 6977 8376 4282 27073 6100 13138 37142
internal_value=-8.92131e-05 0.0018279 -0.00227135 0.0042455 0.00047939 -0.00389049 -0.000582781 -0.000334647 0.000214515 -1.47269e-05 0.00492624 0.00371768 0.00671863 0.00344495 -0.00169957 -0.00269883 -0.00408792 -3.67164e-05 -0.00667797 -0.00717728 -0.000465199 0.00190806 0.00421778 -0.00134594 0.00197162 -0.00239031 -0.00172665 0.00206324 -0.00349343 -0.0039621
internal_weight=99422.4 52926 46496.4 18943.2 33982.8 23729.5 22766.9 26670.6 23274.6 20624.6 17199.7 11352.3 3999.48 7312.14 9347.16 16636.9 3396.01 1473.66 7092.64 1922.35 19097.4 5165.85 3477.78 13931.6 2870.5 10666.9 9598.22 3264.69 13481.1 12498.4
internal_count=399003 212302 186701 76193 136109 95435 91266 106820 93201 82596 69208 45591 16130 29289 37460 66883 13619 5910 28552 7709 76484 20682 13922 55802 11491 42725 38443 13077 54219 50280
is_linear=0
shrinkage=0.05


Tree=23
num_leaves=31
num_cat=0
split_feature=83 71 61 83 45 83 64 64 42 89 46 26 80 30 26 49 46 71 54 95 35 47 35 25 47 52 25 0 36 88
split_gain=135.386 57.0721 46.8421 42.3921 31.7641 29.4106 27.802 23.3301 23.2857 21.2307 20.5712 19.553 19.542 19.5092 25.7812 22.9817 19.0593 18.782 18.7553 18.4535 18.4527 17.7686 16.9469 15.5679 15.2839 15.2222 14.9065 18.4879 15.1522 14.3807
threshold=0.52398566719631368 1.0000000180025095e-35 1.0000000180025095e-35 0.57867362534915523 4.9904578339587955 0.47254396555050232 10.500000000000002 7.5000000000000009 133.09818701660762 0.57360290000000014 1.7512096025508284 0.45714450000000006 8.590722420388138 0.13197150000000005 0.49016250000000006 128.43988105854075 1.6317215359310684 1.0000000180025095e-35 134.61011802838672 0.176068 0.14136650000000003 1.6230044714344463 0.14898450000000005 0.40761000000000008 1.7743150729173147 128.5088424324253 0.38992650000000006 4.5000000000000009 0.49942650000000005 -0.012339500000000029
decision_type=2 2 2 2 8 2 2 2 8 10 10 10 2 8 10 10 8 2 8 10 10 8 10 10 8 8 10 2 10 8
left_child=1 5 3 7 25 21 18 16 -6 -7 -4 -10 20 14 -13 29 -2 -12 -5 22 -9 -1 26 -23 -11 -3 27 -18 -28 -15
right_child=2 4 10 6 8 9 -8 12 11 24 17 13 -14 15 -16 -17 19 -19 -20 -21 -22 23 -24 -25 -26 -27 28 -29 -30 -31
leaf_value=0.0076941124146144742 0.0065417556878867786 -0.0043641599042502912 0.00051369223544487177 0.004981211053257815 0.0028499205029021975 0.00024336456351248432 -0.0077324360876363492 0.0085298170256589752 -0.0038076107346826983 0.0097107742195198729 -0.00057979949591408289 0.0084745817352108593 -0.0054439114372978603 0.0042919584691661333 -0.0073657950313351199 -0.013629037861423672 0.00051935470308721841 -0.0094272534898710743 0.010612287199597153 -0.0059962408947792385 -0.00084121710806129993 -0.0060813167529912178 0.00096323211736692625 4.0782438069970575e-05 -0.00068252468719844192 -0.009195159486444197 0.0061833860864805058 0.0058089325104079947 -0.0038786339052768633 -0.0029719469019066848
leaf_weight=323.98046652972698 2630.1674046069384 4387.0777423232794 3031.1686320602894 4224.6362641304731 1985.9185073524714 22287.145962372422 329.7710098773241 653.27476781606674 13699.885513707995 1045.459572583437 1049.9999807327986 1089.9573729485273 1761.4247440993786 978.58460433781147 326.68234968185425 376.99183298647404 2178.5396144837141 1393.5171505957842 2298.5122056305408 681.49634586274624 2518.9434281289577 3440.2132125645876 11448.395191818476 1485.3112250715494 530.15121650695801 2623.2263848632574 546.07561677694321 6850.7334716171026 1133.9543189555407 2183.5517316758633
leaf_count=1303 10564 17673 12150 16977 7962 89243 1327 2618 55089 4204 4202 4372 7057 3926 1310 1512 8729 5601 9317 2729 10099 13873 45887 5975 2127 10600 2186 27457 4544 8753
internal_value=-4.97204e-05 -0.00164986 0.00207582 0.00271039 -0.00327617 -0.000104531 0.00626045 0.00190841 -0.00228663 0.000641191 -0.00223963 -0.00283465 -0.00123659 -0.000142724 0.00479571 -0.00212742 0.00251787 -0.00564329 0.0069786 0.00205182 0.00110936 -0.00348914 0.00230194 -0.00423883 0.00623146 -0.00618242 0.0037308 0.00453468 -0.000590847 -0.000717546
internal_weight=99494.7 56764.1 42730.6 37255.9 27651.9 29112.3 6852.92 30403 20641.6 23862.8 5474.69 18655.7 4933.64 4955.77 1416.64 3539.13 25469.4 2443.52 6523.15 22839.2 3172.22 5249.5 22157.7 4925.52 1575.61 7010.3 10709.3 9029.27 1680.03 3162.14
internal_count=399366 227922 171444 149491 111197 116725 27621 121870 82924 95574 21953 74962 19774 19873 5682 14191 102096 9803 26294 91532 12717 21151 88803 19848 6331 28273 42916 36186 6730 12679
is_linear=0
shrinkage=0.05


Tree=24
num_leaves=31
num_cat=0
split_feature=84 72 61 94 46 20 20 25 97 91 20 55 48 93 93 65 65 21 36 92 49 21 50 25 36 44 57 47 33 35
split_gain=122.196 51.7274 43.9095 38.0788 37.4505 32.1951 38.7754 39.7371 30.2443 27.929 24.2753 22.2004 21.8651 30.6658 27.1771 21.6407 21.3227 20.1475 20.5037 20.1249 19.2721 18.808 18.0706 17.4741 17.3215 17.1736 16.6744 16.4325 16.4249 16.139
threshold=0.52663171872134718 3.5000000000000004 1.0000000180025095e-35 0.48556450000000007 1.9109416414618783 13.500000000000002 12.500000000000002 0.43485400000000002 1.0555003562381366 0.057349500000000005 13.500000000000002 1524.6393285662441 -0.4423261915225804 0.010423500000000004 -0.0038595000000000014 1.0000000180025095e-35 -1.0000000180025095e-35 1470.5000000000002 0.54780150000000016 0.048383500000000003 124.25724594028024 470.50000000000006 143.20436258397697 0.33778650000000005 0.60606400000000005 25.360883754945785 13.696805412636573 1.8435153006301881 1309.5000000000002 0.15361850000000002
decision_type=2 2 2 8 8 2 2 10 2 10 2 8 10 8 8 2 2 2 10 8 10 2 8 10 10 10 10 10 2 8
left_child=1 15 4 5 9 6 22 21 12 17 -11 -4 13 -7 20 -1 -16 26 23 -15 -14 -8 -3 -19 28 -23 -2 -18 -24 -26
right_child=2 3 11 -5 -6 8 7 -9 -10 10 -12 -13 14 19 16 -17 27 18 -20 -21 -22 25 24 -25 29 -27 -28 -29 -30 -31
leaf_value=-0.0033440278781175468 -0.0055966556802359057 -0.0060262101099094502 -0.0069296151047250586 -0.0062582036051922404 0.0061353273406261604 -0.0015885296714944132 -0.00048832860152156715 -0.0053685672153817952 0.005635456677888704 0.0053769008564810523 -0.0019518096019022957 0.00032630390834018444 -0.0051223168891006456 0.0062970754550830156 -0.00055573195041528462 -0.0089759744875141934 -0.0053925371435413561 0.0066229612750682738 0.0056512598243262952 -0.00094985270392805392 0.0011822037521948912 0.0095663953750031571 -0.0056354519189941218 0.0010986181345732351 -0.0094097329898960788 0.003995778601789372 0.0076227241894682041 -0.00057958402480266053 0.0046038899472353552 0.0036014774672058596
leaf_weight=6049.5835292339325 1073.6680039316416 1592.9220115691423 1627.0621005892754 2937.5991056710482 7234.0788881033659 7297.4228553771973 1146.8852617740631 984.39475037157536 1568.0143697112799 1386.6351458877325 5908.3741311579943 2958.3962202370167 1461.375719755888 2733.3326461613178 4681.1076543331146 2378.7883252203465 9912.6107907295227 1737.9102262556553 6998.4559530615807 1468.4331968426704 6871.0379329770803 2545.9938758462667 476.3667421489954 7940.064588278532 690.57131984829903 3072.2351458519697 296.55619516968727 2162.5508084893227 2018.6059358268976 354.5907963514328
leaf_count=24360 4303 6389 6530 11883 29130 29248 4599 3959 6302 5556 23663 11859 5859 10952 18775 9600 39776 7006 28090 5885 27575 10200 1910 31830 2772 12319 1188 8682 8092 1423
internal_value=4.98874e-05 -0.00130176 0.00231943 -0.000732475 0.00296423 -0.000413269 0.00174706 0.00397759 -0.00114293 0.00205694 -0.000553315 -0.0022578 -0.00143488 0.000370367 -0.00226212 -0.00494232 -0.003422 0.00311181 0.00359076 0.00376818 7.16742e-05 0.00534347 -0.00162162 0.00209646 0.000371664 0.00653271 -0.0027011 -0.00453177 0.00263419 -0.00500314
internal_weight=99565.6 62404.4 37161.2 53976.1 32575.7 51038.5 12882.6 7749.51 38155.9 25341.7 7295.01 4585.46 36587.9 11499.2 25088.7 8428.37 16756.3 18046.7 16676.4 4201.77 8332.41 6765.11 5133.06 9677.97 3540.13 5618.23 1370.22 12075.2 2494.97 1045.16
internal_count=399715 250560 149155 216600 130766 204717 51663 31077 153054 101636 29219 18389 146752 46085 100667 33960 67233 72417 66926 16837 33434 27118 20586 38836 14197 22519 5491 48458 10002 4195
is_linear=0
shrinkage=0.05


Tree=25
num_leaves=31
num_cat=0
split_feature=84 94 61 95 69 46 20 20 72 30 43 52 41 19 49 29 72 94 45 21 43 69 55 20 83 58 28 84 28 61
split_gain=104.379 50.5232 41.1207 38.3562 33.2763 33.6944 29.6381 33.3831 29.0471 28.6116 27.4776 26.6601 19.9562 19.1999 19.0376 18.4722 19.8286 18.3365 18.2878 18.2685 18.0973 17.9856 17.0724 16.0301 19.5995 16.4829 20.663 15.2737 14.449 14.185
threshold=0.52849242586772405 0.48556450000000007 1.0000000180025095e-35 0.057490999999999993 1.0000000180025095e-35 1.9109416414618783 13.500000000000002 12.500000000000002 3.5000000000000004 0.19597700000000004 2322.5392749546622 116.1173645782569 0.073917817292611751 17.500000000000004 132.37259777091901 0.40310550000000006 5.5000000000000009 0.36399750000000008 11.221238767565405 1332.5000000000002 2293.0066544130809 1.0000000180025095e-35 1485.3527171615281 13.500000000000002 0.55293430840046043 2490.5000000000005 0.61302050000000008 0.48399232214227256 0.29460000000000003 1.0000000180025095e-35
decision_type=2 8 2 10 2 8 2 2 2 10 10 8 10 2 10 8 2 10 10 2 8 2 8 2 2 10 10 2 8 2
left_child=1 3 4 8 5 9 7 13 -1 19 20 -8 -6 -5 15 16 -13 18 -17 -2 -10 27 -4 24 -11 -25 -27 -22 -3 -9
right_child=2 28 22 6 12 -7 11 29 10 23 -12 14 -14 -15 -16 17 -18 -19 -20 -21 21 -23 -24 25 -26 26 -28 -29 -30 -31
leaf_value=-0.0063377314665796882 -0.0029819200494736581 -0.018344164989885905 -0.0072850592766343022 0.0028454315974680948 -0.0082408118882999291 0.0062880762479037679 0.010006033371876746 0.0075669411950237755 -0.0017809215047489208 -0.0014253704263639359 -0.005741270627027068 -0.0023484347300283216 0.0053529136525507235 -0.0048047726043448976 0.0088885909469686181 0.0066831306427721174 -0.0151877447683227 -0.0010578359174671296 -0.0070106582841780833 0.0038628963003228692 0.011357260441412956 -0.01104690107450803 -0.00039709518348213929 -0.0073259876002308702 0.010793215770547922 -0.0011769095382137204 0.012815095475678724 0.0014656448240809631 -0.0059693934971406471 -0.0012490089834999163
leaf_weight=3797.4610780179501 1038.0563606917858 245.58546216785908 1278.0425024926662 1833.5944478064775 1038.1112283319235 6528.5778886824846 574.4075254201889 3226.8041517138481 15914.0971006006 669.85888908803463 3491.1435627490282 903.01069316267967 355.87264777719975 1467.553003564477 487.22309169173241 1403.9314655065536 444.36422045528889 21390.759175568819 286.07005003094673 14461.205618232489 419.27174519002438 254.27482980489731 2987.2753851264715 1020.5140217840672 629.64084704220295 4370.3317532688379 270.77996940910816 4353.2990921586752 3648.1007681638002 528.12912835180759
leaf_count=15331 4160 1002 5134 7351 4164 26310 2330 12929 63880 2683 14042 3628 1428 5879 1960 5637 1791 85708 1145 58055 1684 1021 11973 4090 2525 17498 1088 17460 14773 2116
internal_value=-9.43783e-05 -0.0012808 0.00211973 -0.000926465 0.00276511 0.00312835 0.00024342 0.00310881 -0.00227483 0.00220751 -0.00164101 -0.000550685 -0.00475704 -0.000559771 -0.00079798 -0.000994739 -0.00666353 -0.000661072 0.00433755 0.00340284 -0.000955021 0.00165798 -0.00247319 -0.000454996 0.00453206 -0.00160564 -0.000334766 0.00235656 -0.0067949 0.00632696
internal_weight=99317.3 64669.1 34648.3 60775.4 30382.9 28989 32545.8 7056.08 28229.5 22460.4 24432.1 25489.8 1393.98 3301.15 24915.4 24428.1 1347.37 23080.8 1690 15499.3 20940.9 5026.85 4265.32 6961.13 1299.5 5661.63 4641.11 4772.57 3893.69 3754.93
internal_count=398775 259667 139108 243892 122001 116409 130474 28275 113418 90099 98087 102199 5592 13230 99869 97909 5419 92490 6782 62215 84045 20165 17107 27884 5208 22676 18586 19144 15775 15045
is_linear=0
shrinkage=0.05


Tree=26
num_leaves=31
num_cat=0
split_feature=25 94 43 65 38 64 20 20 16 83 52 86 96 64 94 44 37 56 37 52 26 94 98 53 33 86 83 1 80 64
split_gain=99.3933 49.2071 38.4706 37.7061 36.9269 30.6028 33.1727 33.8486 21.7618 21.6384 19.103 18.3791 17.7003 16.6011 15.5082 16.857 15.3864 14.9334 20.0296 17.4149 19.0612 17.9047 14.8301 17.8374 14.6351 14.5175 14.4723 14.4452 16.1694 14.6973
threshold=0.37755550000000004 0.34596500000000002 1974.4745077655868 -1.0000000180025095e-35 0.16112100000000004 9.5000000000000018 13.500000000000002 12.500000000000002 0.97500000000000009 0.4470285129198967 117.44812538777613 -0.050342499999999978 0.50000001000000005 9.5000000000000018 0.48264250000000009 39.46057982217264 0.41026250000000003 2.1777651606268282 0.46440550000000008 127.20131845496103 0.41348100000000004 0.46119850000000007 -0.020131970824603825 2417.2348466087433 9925.5000000000018 -0.11580049999999996 0.47479881075638336 1.5000000000000002 8.4530812402649573 4.5000000000000009
decision_type=8 10 8 2 10 2 2 2 2 2 8 10 10 2 10 10 10 8 10 10 8 8 2 10 2 10 2 2 2 2
left_child=1 2 -1 4 -2 6 7 27 -7 25 -8 -4 24 -13 15 -12 -14 22 19 21 26 -19 23 -11 -9 -5 -21 -3 29 -29
right_child=3 5 11 9 -6 8 10 12 -10 17 14 13 16 -15 -16 -17 -18 18 -20 20 -22 -23 -24 -25 -26 -27 -28 28 -30 -31
leaf_value=-0.0063501229458585023 -0.0011755119408324495 -0.0061547155732878077 0.0018834890685735146 -0.016937421329554034 0.0055786380603088728 -0.0083868609791676509 0.0072906053637109367 0.0016794460981779267 0.00050278787005277395 0.0026161547742217686 -0.00030104076266136058 0.0060880753637238515 0.014158068236026611 -0.0024039662388793005 -0.0068881606952591601 0.0055260023206700109 0.0047693286526349467 -0.00047295322353394892 0.0050964107704936628 0.0026335158159082983 -0.0028011068710544883 -0.0062918115146763948 -0.008242715513696916 -0.0070240305412088968 0.010172880048407143 -0.0058330319773802139 -0.0098381972682471761 0.0075421905995596492 -0.0022769834714809214 -0.0023370424731702804
leaf_weight=903.15193182229996 7532.837537676096 730.38696999847889 5369.1335740834475 357.96980862319469 2755.8580414950848 1634.7235448211432 856.26816213130951 1996.770602285862 1182.2051339447498 967.31571492552757 28650.478511333466 8942.5613712519407 1054.3515655100346 609.91427187621593 842.42156887054443 1287.3280264437199 764.39277581870556 11704.061568334699 934.49463512003422 263.44743648171425 8205.4135279655457 1480.6565345972776 2090.2391440719366 934.57285159826279 672.39858061075211 1597.3891234844923 1763.8186389356852 1301.7875373959541 1496.85570050776 522.46928149461746
leaf_count=3616 30284 2926 21540 1462 11046 6555 3466 8002 4740 3894 114804 36081 4223 2455 3396 5174 3064 46945 3748 1063 32960 5983 8411 3763 2694 6498 7089 5218 6001 2094
internal_value=-7.45436e-05 0.00123876 0.00362156 -0.00197753 0.000637268 0.000361058 0.000714708 0.00347815 -0.00466748 -0.00286535 -3.20709e-05 0.00422896 0.00646405 0.00554392 -0.00023808 -4.87159e-05 0.0102598 -0.00251246 -0.00204618 -0.00233327 -0.00388017 -0.00113069 -0.00534455 -0.00213292 0.00384904 -0.00794176 -0.0082125 0.000162844 0.00156652 0.00471545
internal_weight=99405.7 58817.6 15824.8 40588.1 10288.7 42992.8 40175.9 8539.41 2816.93 30299.4 31636.5 14921.6 4487.91 9552.48 30780.2 29937.8 1818.74 28344 24351.9 23417.4 10232.7 13184.7 3992.13 1901.89 2669.17 1955.36 2027.27 4051.5 3321.11 1824.26
internal_count=399195 236049 63692 163146 41330 172357 161062 34222 11295 121816 126840 60076 17983 38536 123374 119978 7287 113856 97788 94040 41112 52928 16068 7657 10696 7960 8152 16239 13313 7312
is_linear=0
shrinkage=0.05


Tree=27
num_leaves=31
num_cat=0
split_feature=89 95 71 44 36 94 48 94 37 43 50 55 55 38 44 48 84 64 29 37 71 48 24 25 84 57 58 29 79 45
split_gain=99.0577 48.345 43.6205 37.9548 40.743 27.2975 28.1805 25.4369 25.2012 25.0061 24.8437 24.7017 22.8725 22.8593 20.7807 19.381 21.8269 20.0323 19.3751 19.1979 23.6443 21.7384 18.8559 18.4312 20.2368 16.7933 16.3107 16.541 15.932 15.741
threshold=0.53695540000000019 0.079777000000000001 1.0000000180025095e-35 26.426853997846219 0.51478250000000003 0.46430600000000005 -0.58684814521126871 0.42348750000000007 0.30122250000000006 2100.3128658256087 138.49258606848358 2188.7866949641207 1752.7463117077357 0.11538700000000002 29.084991735552531 0.3104735076448662 0.49632158867533388 10.500000000000002 0.34705450000000004 0.38603250000000006 1.0000000180025095e-35 0.88811692030491141 0.18327300000000002 0.42247150000000006 0.4929455410264667 10.64944454597288 2413.5000000000005 0.54361100000000018 56.350000000000001 -16.434370485902701
decision_type=10 10 2 10 8 10 8 10 10 10 10 10 10 10 8 8 2 2 10 10 2 10 10 10 2 10 8 8 2 8
left_child=2 15 5 7 9 6 25 -4 11 -5 -6 14 18 -9 -8 -2 -17 -18 -12 20 21 22 29 28 -25 -1 27 -10 -7 -3
right_child=1 19 3 4 10 23 8 13 26 -11 12 -13 -14 -15 -16 16 17 -19 -20 -21 -22 -23 -24 24 -26 -27 -28 -29 -30 -31
leaf_value=0.0012646872780892246 0.0029413499516382797 -0.0019100819588780283 0.00091484596804091442 0.0049297254970117879 -0.014405147199550198 -0.002278366708212807 0.0054157274649151441 -0.0058174151932415766 -0.0026707303649342175 -0.0023986299550538964 -0.016356074066394465 -0.0057365709046109199 -0.00081020558736352591 0.00084798441062427826 0.0010974088840475158 -0.0092368430473233482 0.00016818929207525307 -0.012056125085727204 -0.005576257769543117 -0.0014872811943844259 0.0026890025018083494 -0.0035551991904490842 -0.0028742985047796564 0.013955460257152889 -0.0028657922151760868 0.0087300872557528504 0.0001281446408724544 -0.015159261179550416 -0.0092801173082643802 0.0082835796101259507
leaf_weight=1365.6464543491602 4117.2476805895567 396.13379541039467 11163.726049900055 1611.9936912506819 723.00252386927605 2095.5415471941233 4058.5509314835072 3336.1275200247765 4886.7299700677395 4113.2811863124371 433.49986410140991 980.86734622716904 2636.1693645268679 2085.9144829809666 8859.8344767093658 767.18351942300797 6945.6089627444744 342.1154532879591 7946.8868786990643 1334.7878710478544 7492.6017501801252 496.11104722321033 436.92678073048592 281.73478883504868 455.01544451713562 1680.8043069392443 9606.9057219475508 271.12693104147911 1326.5161630511284 7204.2941348403692
leaf_count=5468 16501 1586 44751 6464 2918 8466 16248 13464 19579 16537 1762 3928 10629 8385 35480 3079 27856 1372 31994 5361 30160 1996 1752 1137 1836 6728 38469 1086 5360 29087
internal_value=0.000143665 0.00257119 -0.000881902 -0.00216341 -0.00378949 0.000334893 0.000834707 -0.00044989 0.000347933 -0.000330279 -0.0054748 0.00187529 -0.00487618 -0.00325633 0.00245723 0.000154789 -0.00127144 -0.000421404 -0.0061527 0.00426432 0.00474399 0.00654307 0.00717004 -0.00346899 0.00366743 0.00539863 -0.00109018 -0.00335526 -0.00501164 0.00775047
internal_weight=99452.9 29533 69919.9 34050.6 17464.8 35869.3 31710.5 16585.8 28664 5725.27 11739.6 13899.3 11016.6 5422.04 12918.4 12172.2 8054.91 7287.72 8380.39 17360.9 16026.1 8533.47 8037.35 4158.81 736.75 3046.45 14764.8 5157.86 3422.06 7600.43
internal_count=399439 118750 280689 136904 70304 143785 126986 66600 114790 23001 47303 55656 44385 21849 51728 48808 32307 29228 33756 69942 64581 34421 32425 16799 2973 12196 59134 20665 13826 30673
is_linear=0
shrinkage=0.05


Tree=28
num_leaves=31
num_cat=0
split_feature=84 71 86 94 83 42 35 48 25 53 58 74 58 41 20 79 31 1 24 74 33 40 91 99 97 96 97 70 34 31
split_gain=92.2151 52.8579 37.0588 34.5605 31.3451 26.5778 25.0335 21.2557 20.5986 20.3771 21.9155 20.963 19.8175 18.0726 17.7767 18.7488 17.2862 16.1264 18.8864 16.2447 15.6079 20.2458 17.2952 15.6656 15.3686 20.1637 24.4142 21.5722 15.2083 15.1397
threshold=0.53549913013533612 1.0000000180025095e-35 -0.049252499999999998 0.48556450000000007 0.49466704672422551 144.87125336367188 0.13557950000000005 0.31786643419623645 0.33629750000000008 2274.0687754477699 406.00000000000006 4.5000000000000009 10916.500000000002 0.080954668801683977 13.500000000000002 47.050000000000004 0.24957900000000002 1.5000000000000002 0.16580400000000003 4.5000000000000009 4896.5000000000009 0.042519810955698456 -0.090957049999999998 0.011850500000000002 0.8568240341923401 0.57274790000000009 1.066602075201841 2.5000000000000004 0.47538700000000006 0.16423250000000003
decision_type=2 2 10 8 2 10 8 10 10 8 8 2 10 8 2 2 10 2 10 2 2 10 8 8 2 8 2 2 8 10
left_child=1 3 13 5 17 6 7 -1 -4 20 -11 14 24 16 -12 29 -2 -3 -19 -20 21 23 -23 -6 -8 26 27 -26 -10 -16
right_child=2 4 8 -5 9 -7 12 -9 28 10 11 -13 -14 -15 15 -17 -18 18 19 -21 -22 22 -24 -25 25 -27 -28 -29 -30 -31
leaf_value=0.006940581575727996 -0.00095522044371235181 -0.00051663855621021909 0.0076622288165233924 -0.0060644054460314489 0.00080065079034386932 0.016209530997114897 -0.0022136731248723627 0.00034892427235795826 -0.004794999624989184 -0.012024531362677674 0.0043662558772477652 -0.0041719176910699936 0.010660032586531386 0.0061470095389761104 -0.0054010829037586597 0.0023606719257663498 0.005717060959923392 -0.0068361872545455284 -0.0039932136111900931 0.0038688082566104075 -0.0055765184705928936 0.0069477545987422038 -0.0038249522750295703 0.016392571055399218 0.0018641665538887881 -0.0041106548794450507 0.013275760867782017 -0.0016594255049683733 0.0034960181755362921 0.00072631740697669429
leaf_weight=2600.9724705517292 9911.3444708734751 2316.8360270112753 3112.517385289073 2005.812710031867 427.59430374205112 262.98212134838104 6922.8528881967068 2302.7237309366465 572.67998920381069 361.94250525534153 3109.1001885086298 2194.9421862363815 419.6510524302721 1195.3197535872459 2105.6294951289892 3945.7766638249159 1066.0163379609585 6499.0452751368284 3771.7376376539469 786.81550367176533 3754.1991121172905 409.90926644206047 3342.8323175311089 249.549047768116 13424.367187410593 2150.9523486346006 385.26109246909618 6410.221761956811 11453.590765506029 1921.6882480680943
leaf_count=10425 39737 9349 12649 8133 1715 1063 27761 9223 2298 1460 12470 8808 1706 4809 8450 15820 4269 26241 15210 3178 15083 1647 13439 1001 53773 8610 1568 25677 45988 7704
internal_value=-8.39018e-05 -0.00102135 0.00238977 0.00030129 -0.00240711 0.00066899 0.000546283 0.00385222 0.00404048 -0.00123807 -5.40595e-05 0.000281067 -4.20385e-07 0.000335205 0.00116599 -8.5854e-05 -0.000302659 -0.0043123 -0.0051064 -0.00263071 -0.00320879 -0.00119417 -0.00263292 0.00670171 -0.000156724 0.000480523 0.000970715 0.000725136 0.00309755 -0.00248276
internal_weight=99394.9 72083.4 27311.5 36885.8 35197.6 34880 34617 4903.7 15138.8 21823.2 13639.1 13277.1 29713.3 12172.7 11082.2 7973.09 10977.4 13374.4 11057.6 4558.55 8184.08 4429.88 3752.74 677.143 29293.7 22370.8 20219.9 19834.6 12026.3 4027.32
internal_count=399264 289514 109750 147939 141575 139806 138743 19648 60935 87597 54712 53252 119095 48815 44444 31974 44006 53978 44629 18388 32885 17802 15086 2716 117389 89628 81018 79450 48286 16154
is_linear=0
shrinkage=0.05


Tree=29
num_leaves=31
num_cat=0
split_feature=25 89 65 71 84 20 52 23 84 35 28 23 48 28 43 21 43 87 92 89 23 46 86 54 97 44 37 86 51 91
split_gain=86.3306 44.0197 33.53 31.9101 25.5619 23.7847 23.1185 22.749 19.3545 19.4834 17.5635 17.2147 21.1893 19.8392 16.9662 16.8526 25.5526 16.4744 18.6625 15.6102 15.5561 15.3734 15.184 20.4116 15.6847 15.1816 15.149 15.0813 15.211 15.0363
threshold=0.37577900000000003 0.52844840000000015 -1.0000000180025095e-35 1.0000000180025095e-35 0.45270495189356624 13.500000000000002 129.72799634467006 0.30229400000000006 0.52572278148814189 0.14195150000000004 0.45720400000000005 0.24157450000000005 0.75717479939447119 0.65599400000000008 2029.4419111431678 2973.5000000000005 2317.0092360143735 0.030862000000000004 -0.023705999999999987 0.59460130000000011 0.26698100000000008 1.9980657015509309 0.13488300000000009 129.16474661676224 0.72783497924581531 24.13154765806015 0.43595100000000003 0.0093004999999999911 2263.2364035745236 0.10935800000000002
decision_type=8 10 2 2 2 2 10 8 2 8 8 10 8 10 8 2 10 10 10 10 10 10 8 10 2 8 10 10 8 10
left_child=1 5 10 4 -4 25 11 22 9 -6 -2 13 -13 19 -11 -8 -17 -18 -19 27 21 -7 24 -24 -5 -1 -27 29 -29 -3
right_child=2 6 3 7 8 20 15 -9 -10 14 -12 12 -14 -15 -16 16 17 18 -20 -21 -22 -23 23 -25 -26 26 -28 28 -30 -31
leaf_value=0.0058831299936671312 -0.0015458706397345374 0.0051743854687440818 -0.012014624788959372 -0.0087064823320049094 0.0018449260745827792 -0.00010088451127605247 0.010007759823023267 -0.0083944686584847047 0.00292180080120239 0.0036227862081483877 0.0024944463880490148 -0.0071174092181692144 0.0022586646924746189 -0.0051495201568515425 -0.0033932259645833118 0.006188529452406789 0.0023843288118085919 0.0026241838504304877 -0.015223558098370624 0.0060568892058333965 -0.0029424541129167599 0.0088593044802065396 0.0076433185401623832 -0.0037212369231095347 -0.0030980104932683923 0.0019266297735867151 -0.0081841231799566188 -0.0033228393079069193 0.0023745078028835926 -0.0046994255584708218
leaf_weight=2495.5250126868486 4610.1171500980854 3909.5105653852224 481.87327475845814 1403.2997231185436 3391.8543764203787 19531.729706540704 1507.5172485113144 2431.0673901587725 3350.6391063034534 960.94110299646854 6430.1774661242962 1078.7512495815754 1341.5674037188292 760.65802320837975 7757.8812962025404 4435.9910665154457 1296.8319085985422 250.6521268337965 333.93001128733158 3321.2829378098249 5225.9711222797632 480.73752838373184 715.78491435945034 857.97478823363781 10887.94625172019 4330.3517792969942 395.17843303084373 1905.1861485689878 3007.1568435877562 419.87652342021465
leaf_count=9996 18572 15725 1974 5673 13600 78213 6078 9896 13412 3848 25784 4322 5372 3062 31129 17926 5220 1008 1340 13436 20995 1925 2876 3450 43804 17356 1586 7638 12074 1687
internal_value=0.000106945 0.00140252 -0.0015702 -0.00238442 -0.000793261 0.000208075 0.00304674 -0.00393969 -0.000435992 -0.00136663 0.000807451 0.00194069 -0.0019324 0.00264518 -0.00261669 0.00526683 0.00412147 -0.000759179 -0.00765553 0.00312085 -0.00051609 0.000118673 -0.00315311 0.00146327 -0.00374489 0.00273633 0.00106561 0.00206029 0.000162607 0.00420817
internal_weight=99308 56028.4 43279.6 32239.3 15943.2 32459.5 23568.9 16296.1 15461.3 12110.7 11040.3 15744 2420.32 13323.7 8718.82 7824.92 6317.41 1881.41 584.582 12563 25238.4 20012.5 13865 1573.76 12291.2 7221.06 4725.53 9241.73 4912.34 4329.39
internal_count=398977 224959 174018 129662 63963 130071 94888 65699 61989 48577 44356 63316 9694 53622 34977 31572 25494 7568 2348 50560 101133 80138 55803 6326 49477 28938 18942 37124 19712 17412
is_linear=0
shrinkage=0.05


Tree=30
num_leaves=31
num_cat=0
split_feature=22 72 48 25 26 67 45 61 51 64 88 34 25 58 64 20 27 35 20 29 26 40 42 83 31 27 45 15 0 45
split_gain=67.9679 44.2742 35.1675 31.4393 29.3645 28.2259 25.4224 24.6071 24.0449 22.8615 21.2023 20.8953 20.6323 23.3153 19.5588 19.2555 19.0309 20.052 19.0161 21.0517 19.9475 17.8264 17.2064 21.48 17.0251 16.5554 15.8767 15.7021 15.6322 15.3134
threshold=0.48306950000000004 3.5000000000000004 0.27575621653434773 0.33827550000000006 0.50002900000000017 1.0000000180025095e-35 28.748077810188789 1.0000000180025095e-35 2076.7318674099911 9.5000000000000018 0.014907499999999992 0.48038550000000008 0.40287850000000008 1056.5000000000002 9.5000000000000018 13.500000000000002 0.29442750000000006 0.13925750000000001 12.500000000000002 0.59306300000000012 0.43438950000000004 0.1505248893816919 134.31698499800117 0.54820223927392753 0.093836350000000013 0.60622200000000015 31.876373521978419 6.3500000000000005 9.5000000000000018 11.698241337845808
decision_type=10 2 10 10 10 2 10 2 8 2 8 8 10 8 2 2 8 10 2 10 10 10 10 2 8 8 10 2 2 10
left_child=6 7 5 4 27 12 16 9 -7 25 -8 -5 13 -3 15 18 -1 -18 19 22 -20 28 23 -13 -15 -2 -16 -4 -17 -10
right_child=1 2 3 11 -6 8 10 -9 29 -11 -12 14 -14 24 26 21 17 -19 20 -21 -22 -23 -24 -25 -26 -27 -28 -29 -30 -31
leaf_value=-0.0070154539076337993 -0.0022284159811126148 0.014726349244260282 -0.0039382843518268934 -0.0046915832737077041 -0.0048847826460406071 -0.010278183626042124 -0.00023748600005555912 -0.011619344854007325 -0.0001841947474107483 -0.011626343935387659 0.018126043737570069 -0.012993004076884111 -0.00058148689043896517 0.0095302393497828323 -0.0026963639476418211 -0.00068712609481680039 0.00081432672836949957 -0.0029987775612993726 0.0017876444499127795 0.011710098697029265 0.0082508700931852134 0.0094628779367564621 0.00078910709961077248 0.0030971918331845691 0.0036236563249001635 0.0038687737438064308 -0.015364249775364235 0.0053217037174867424 0.0056383678875246458 0.0067560822167496096
leaf_weight=2232.6506195366383 5978.2909611314535 546.4549668431282 489.34319008886814 2402.429233327508 926.59352135658264 510.83919815719128 376.49921818077564 690.82559998333454 4952.7818998247385 544.66053521633148 259.52731150388718 586.1656953394413 2150.8958416134119 1360.6007004678249 2329.3483340144157 23792.02357673645 4424.09104642272 15554.893930122256 2837.3226484358311 316.08523696660995 2060.1752705425024 454.10167348384857 2139.0419832468033 313.06518220901489 11536.876789197326 1358.0655759721994 267.85983629524708 5872.2010707259178 1008.5693619251251 936.61916391551495
leaf_count=9042 24009 2195 1968 9643 3711 2045 1511 2781 19857 2190 1045 2348 8615 5489 9344 95413 17826 62702 11380 1269 8263 1830 8578 1255 46271 5459 1074 23713 4044 3776
internal_value=2.9314e-05 0.000745214 0.00117341 0.000383943 0.00339288 0.00281617 -0.00236264 -0.00263853 1.99739e-05 -0.00183758 0.00742025 -0.000186297 0.00396301 0.00468998 0.000114711 0.000439171 -0.00264598 -0.00215443 0.0025345 -0.000365916 0.00451773 -0.000246201 -0.00165653 -0.00741879 0.00425366 -0.00109601 -0.00405677 0.00460434 -0.000427717 0.000929131
internal_weight=99208.9 76361.2 67789.4 45794.3 7288.14 21995.1 22847.7 8571.84 6400.24 7881.02 636.027 38506.2 15594.8 13443.9 36103.8 33506.6 22211.6 19979 8251.86 3354.36 4897.5 25254.7 3038.27 899.231 12897.5 7336.36 2597.21 6361.54 24800.6 5889.4
internal_count=398646 306520 272081 183833 29392 88248 92126 34439 25678 31658 2556 154441 62570 53955 144798 134380 89570 80528 33093 13450 19643 101287 12181 3603 51760 29468 10418 25681 99457 23633
is_linear=0
shrinkage=0.05


Tree=31
num_leaves=31
num_cat=0
split_feature=83 27 64 61 20 20 91 19 40 55 83 20 95 37 50 0 83 85 89 50 54 85 30 97 9 0 97 98 8 50
split_gain=70.3314 33.46 32.8696 30.6559 27.1039 51.3691 25.8136 24.9417 24.8301 22.2011 22.1452 21.7334 25.3621 22.0796 19.9996 17.6259 17.0774 17.6039 16.6064 26.813 16.1542 15.4246 15.3325 14.9483 22.028 14.0571 13.9761 13.9189 13.7696 13.4483
threshold=0.52355007663276198 0.29935050000000002 9.5000000000000018 1.0000000180025095e-35 13.500000000000002 12.500000000000002 0.06019950000000001 13.500000000000002 0.044493823323894142 1500.6071195345214 0.46124902386578454 15.500000000000002 -0.0078360000000000079 0.30625600000000003 145.90568889590506 4.5000000000000009 0.52940195124642253 0.50455268833110123 0.54728610000000011 141.51230138801586 128.72864045438243 0.52668523576366211 0.21231050000000004 0.91254608302981499 4.5000000000000009 5.5000000000000009 0.88980388745830108 0.0016023353838036383 1.0000000180025095e-35 144.85027948020678
decision_type=2 10 2 2 2 2 10 2 8 8 2 2 10 10 10 2 2 2 10 8 8 2 10 2 2 2 2 2 2 8
left_child=1 -1 3 4 5 21 7 -6 -9 -5 -3 12 -12 18 -4 -7 17 -10 -13 -20 -15 -2 -8 26 -25 -11 -24 -23 -19 -14
right_child=2 10 14 9 6 15 22 8 16 25 11 13 29 20 -16 -17 -18 28 19 -21 -22 27 23 24 -26 -27 -28 -29 -30 -31
leaf_value=-0.0050641818865631901 -0.0014164382453218643 -0.0039026710077289663 -0.0054006417704143984 -0.0069172753818691445 0.0052236522264131093 0.0027237073446979595 -0.0067359818342638675 -0.0045425922742787159 -0.012532200375103459 0.0039118801360908794 -0.0044059132024542999 -0.0008291489597531791 -2.4758498828962514e-05 -0.0078405485865760041 0.0063094522242354211 0.011821893737861661 0.0028664104986527586 0.0083959255760692325 0.01264259300568946 0.0004803754926300469 -0.002293459361315686 -0.0012174317522117377 -0.0012608567785162422 0.0021651108176360982 -0.011703051763292916 -0.0023461110677013832 -0.012004389552273389 0.0099553195891947631 -0.0024765571046161355 0.0027392776778061827
leaf_weight=5257.2879064977169 2271.5164901316166 5403.5670373141766 2495.9463053196669 1496.8129692673683 6111.5115016847849 689.16124288737774 969.30209341645241 1548.3042943030596 329.15074120461941 1541.4742664992809 2132.6108286082745 10828.852788507938 8810.3588741719723 1475.177587479353 418.07393769919872 2440.8054199963808 11450.663013920188 366.12879823148251 620.18614673614502 1616.2930920124054 11487.167502313852 451.3928896933794 1018.4763415008783 4598.0701599866152 295.40826404094696 2118.5242022275925 422.43736366927624 710.58136980235577 1279.8130604177713 8782.0051732063293
leaf_count=21220 9123 21919 10012 6018 24679 2769 3889 6200 1318 6180 8585 43445 35360 5929 1682 9812 45996 1466 2506 6482 46116 1810 4081 18442 1183 8495 1692 2858 5125 35218
internal_value=-0.000108302 -0.00126947 0.0014142 0.00178693 0.00231785 0.00521153 0.00164724 0.00253429 0.0014339 -0.00180916 -0.000878581 -0.000520649 0.000730946 -0.00146908 -0.00370476 0.00983369 0.00212599 -0.00215942 -1.82485e-05 0.00389428 -0.0029303 0.000981642 -0.000913587 -1.34188e-05 0.00130576 0.000293032 -0.0044716 0.00564168 -2.1949e-05 0.0013558
internal_weight=99437.1 56413.5 43023.6 40109.5 34952.7 6563.46 28389.3 21085.6 14974.1 5156.81 51156.2 45752.7 19725 26027.7 2914.02 3129.97 13425.8 1975.09 13065.3 2236.48 12962.3 3433.49 7303.69 6334.39 4893.48 3660 1440.91 1161.97 1645.94 17592.4
internal_count=399610 226780 172830 161136 140443 26372 114071 84784 60105 20693 205560 183641 79163 104478 11694 12581 53905 7909 52433 8988 52045 13791 29287 25398 19625 14675 5773 4668 6591 70578
is_linear=0
shrinkage=0.05


Tree=32
num_leaves=31
num_cat=0
split_feature=89 72 84 87 58 33 48 14 64 37 44 35 40 97 25 38 4 45 39 21 64 99 39 58 8 0 44 21 24 20
split_gain=58.7579 36.0046 32.4126 25.2764 24.3923 21.7008 21.2266 21.1915 28.9534 20.2043 19.4957 18.708 16.8551 16.6133 16.4251 16.3083 18.4567 20.0381 16.3018 18.1201 16.1592 15.923 15.7952 14.8069 14.966 14.9507 22.5024 20.4296 18.9363 16.4173
threshold=0.44918320000000006 3.5000000000000004 0.53549913013533612 -0.010392000000000011 2427.0000000000005 378.50000000000006 0.26581363946966791 1.0000000180025095e-35 4.5000000000000009 0.21700750000000005 19.20508993736134 0.14154550000000002 0.035500876933737067 0.99325837608131573 0.41686450000000003 0.043007500000000011 1.5000000000000002 -22.702692356513975 0.045610755026316958 2146.5000000000005 9.5000000000000018 0.020305000000000014 0.040839259866547982 10916.500000000002 12.500000000000002 4.5000000000000009 23.78518905108584 187.50000000000003 0.11884000000000002 13.500000000000002
decision_type=10 2 2 10 8 2 8 2 2 10 8 8 8 2 10 10 2 10 10 2 2 8 10 10 2 2 10 2 10 2
left_child=3 7 6 4 13 -4 14 8 10 -9 -2 21 -7 18 15 -3 -17 -18 -1 -20 -13 -6 -14 24 25 26 -8 -27 -29 -30
right_child=1 2 5 -5 11 12 23 9 -10 -11 -12 20 22 -15 -16 16 17 -19 19 -21 -22 -23 -24 -25 -26 27 -28 28 29 -31
leaf_value=-0.0024668871134310984 0.0085281285176533658 -0.002382115846038224 -0.0024763974014856815 -0.0062502293772735557 -0.00044954591908626134 -0.0048687690417898426 0.00024118646974736593 0.0077569825828448652 -0.0097308373658371739 -0.0012938411603000157 -0.0031333684034981196 -0.00058411087326938572 0.0045597738432993067 0.0026346659136646747 -0.0041186151186519302 0.0063977042732208588 -0.011210772677854025 0.0027734115893016725 -0.0085690021826772631 0.0030810338072754552 -0.0082884523667647175 0.0063026173226819445 0.0015792950198953021 0.0063069302016252023 0.0034183239165614244 -0.0073862980215280982 -0.0058303689166850255 0.0064020045246417166 0.0023537042741827415 -0.00079366692930308333
leaf_weight=5468.8567613065243 403.30615524947643 971.67588889598846 1810.3306546360254 3058.9242267310619 1660.5271214097738 614.11660088598728 3039.850029155612 760.09373924136162 1682.9505084007978 3084.5260078907013 2698.5971343964338 9244.4032995551825 12389.654517948627 1023.0209593474865 761.52196377515793 4099.6948572695255 305.31350377202034 1355.6617734879255 2582.3278530687094 377.94642771780491 724.88354258239269 1828.423325240612 6952.7301616221666 862.84957157075405 2516.4398474544287 906.87073707580566 3052.9156147092581 1167.6964786797762 5321.174651697278 18585.361034676433
leaf_count=22087 1618 3893 7268 12378 6669 2461 12195 3058 6768 12402 10849 37175 49948 4108 3053 16446 1222 5440 10431 1522 2920 7355 27897 3508 10090 3642 12239 4693 21327 74509
internal_value=5.51044e-05 0.000778803 0.0011834 -0.0019883 -0.00141678 0.00275473 0.000386546 -0.00225319 -0.00447065 0.000511018 -0.00159462 -4.90595e-05 0.00323027 -0.00336207 0.00280245 0.00359026 0.00460003 0.00015119 -0.00409214 -0.00707624 -0.00115205 0.0030969 0.00348979 -0.000124759 -0.000286972 -0.000578656 -0.00280567 -5.55258e-05 0.000212448 -9.24262e-05
internal_weight=99312.6 73343.3 64713.9 25969.3 22910.4 21766.8 42947 8629.47 4784.85 3844.62 3101.9 13458.2 19956.5 9452.15 7493.87 6732.35 5760.67 1660.98 8429.13 2960.27 9969.29 3488.95 19342.4 35453.2 34590.3 32073.9 6092.77 25981.1 25074.2 23906.5
internal_count=399171 294526 259831 104645 92267 87574 172257 34695 19235 15460 12467 54119 80306 38148 30054 27001 23108 6662 34040 11953 40095 14024 77845 142203 138695 128605 24434 104171 100529 95836
is_linear=0
shrinkage=0.05


Tree=33
num_leaves=31
num_cat=0
split_feature=84 35 94 49 68 44 57 87 47 49 30 4 30 35 47 24 38 25 57 38 98 64 43 22 24 32 15 48 23 35
split_gain=45.9925 30.6846 28.1634 28.1196 23.4757 27.3111 25.1354 20.4979 19.6831 19.3302 18.2605 15.8834 19.2744 18.9373 20.8802 15.0145 14.9844 14.9812 15.1804 14.8002 14.8502 14.789 14.2951 14.3033 13.9821 13.7808 13.6925 13.5649 14.8754 13.2213
threshold=0.52663171872134718 0.13982550000000002 0.48131550000000006 126.44276337683158 1.0000000180025095e-35 27.082594114546559 11.438891565494467 -0.079055999999999974 1.6442075134310821 125.29206100812907 0.41801100000000008 1.5000000000000002 0.24257100000000001 0.1487455 1.8259806361310476 0.11744050000000002 0.17579350000000002 0.41686450000000003 11.349566477417271 0.077491850000000015 -0.023018881872849169 10.500000000000002 1861.9211655589606 0.56033200000000016 0.20816350000000003 0.19492350000000003 95.950000000000017 -0.6726834771712874 0.16140050000000003 0.14625250000000004
decision_type=2 10 8 8 2 10 8 8 10 10 10 2 10 10 8 10 10 8 8 10 2 2 10 10 10 8 2 8 10 10
left_child=1 17 4 9 5 6 15 -4 24 21 19 12 27 -14 -15 -3 -13 -1 -19 20 -7 22 23 -2 -8 -21 -22 -5 -29 -10
right_child=3 2 7 11 -6 10 8 -9 29 -11 -12 16 13 14 -16 -17 -18 18 -20 25 26 -23 -24 -25 -26 -27 -28 28 -30 -31
leaf_value=0.0020642330734852925 -0.012534950044147543 0.007584590551527561 -0.017368243690550459 0.012729655934832421 0.0007563531291003325 -0.0023926083687628211 -0.0012229461514131161 -0.0044641437575059948 0.0089203101260642379 -0.003395357866710576 -0.015484725371947859 -0.001583272341564946 0.0051053684274340273 -0.01011641916964473 0.0057978593213744824 -0.0037593478876993742 0.0042638372667579165 -0.0066807237854767353 0.001004839660272808 -0.0010996844519454833 -0.011435547413737347 -0.0055709754566440018 0.0014436197093657828 0.0024327965862467943 0.0067366088843859228 -0.0049477042978693158 1.8217145865859632e-05 0.0085731730932954997 0.0034347356056081326 0.002097887989027459
leaf_weight=11149.480819031596 361.61293311417103 298.6295044273138 333.86255502700806 528.00552773475647 12584.30940361321 1438.1741853058338 7436.6121685653925 3110.7832372486591 904.7015233039856 3118.2320210039616 296.98019874095917 2934.1362438350916 761.23456212878227 678.48986704647541 286.4876064658165 5576.5166166722775 1735.5026485025883 1070.2374324053526 1580.1279408186674 7646.2377815693617 1389.0654683858156 844.20320618152618 16965.925352245569 274.89925932884216 585.96589325368404 3339.6488955318928 320.71372510492802 1780.5203165113926 6763.7549957185984 3221.8105126768351
leaf_count=44777 1447 1205 1373 2130 50505 5809 29819 12650 3636 12503 1197 11812 3058 2722 1152 22410 6994 4319 6369 30709 5599 3385 68107 1101 2349 13418 1292 7239 27209 12942
internal_value=1.128e-05 -0.00081836 -0.00141039 0.00140645 -0.00107641 -0.00178707 -0.000488707 -0.00576149 0.000809878 0.000239238 -0.00340729 0.00303252 0.00408535 -0.000753722 -0.0053807 -0.00317084 0.000594313 0.00126119 -0.00211209 -0.00314275 -0.00616158 0.000855139 0.00116632 -0.00613298 -0.000633921 -0.0022729 -0.00929948 0.00500591 0.00451429 0.00361159
internal_weight=99316.9 62283.9 48484 37033 45039.4 32455.1 18024.2 3444.65 12149.1 21564.9 14430.8 15468.1 10798.5 1726.21 964.977 5875.15 4669.64 13799.8 2650.37 14133.8 3147.95 18446.6 17602.4 636.512 8022.58 10985.9 1709.78 9072.28 8544.28 4126.51
internal_count=399237 250378 194913 148859 180890 130385 72361 14023 48746 86543 58024 62316 43510 6932 3874 23615 18806 55465 10688 56827 12700 74040 70655 2548 32168 44127 6891 36578 34448 16578
is_linear=0
shrinkage=0.05


Tree=34
num_leaves=31
num_cat=0
split_feature=89 49 56 64 94 65 41 21 35 97 57 96 21 95 21 51 88 51 58 35 93 95 54 53 97 52 10 97 87 46
split_gain=47.1838 35.6818 35.4306 31.5016 20.0864 19.6702 18.6494 17.2176 20.7466 16.5757 16.0015 15.7454 15.3061 14.9213 14.7509 20.6706 14.1542 18.5645 13.2193 17.9633 13.4414 13.4371 12.7835 12.5317 12.4032 12.2821 12.0589 11.978 16.2522 11.861
threshold=0.46321740000000006 132.09766945606785 2.0383018477309878 10.500000000000002 0.36653150000000007 1.0000000180025095e-35 0.080954668801683977 187.50000000000003 0.13557950000000005 1.066602075201841 12.751647794880071 0.30522695000000005 6714.5000000000009 0.09285000000000003 5451.5000000000009 2447.1283677734727 0.0088405000000000306 2410.7691733010702 2153.5000000000005 0.13407250000000001 0.098593500000000014 0.042840000000000024 131.45953758337171 2557.9247932308408 0.92819494628062105 122.89302905149268 1.0000000180025095e-35 0.8568240341923401 0.11053699999999998 1.654346801450896
decision_type=10 10 8 2 10 2 8 2 10 2 10 10 2 10 2 10 10 10 8 8 10 10 10 10 2 10 2 2 10 10
left_child=5 2 10 4 6 18 11 -6 13 14 26 -4 -11 29 15 27 17 -7 24 -20 21 -21 -16 -5 25 -1 -2 28 -10 -9
right_child=1 -3 3 23 7 16 -8 8 9 12 -12 -13 -14 -15 22 -17 -18 -19 19 20 -22 -23 -24 -25 -26 -27 -28 -29 -30 -31
leaf_value=0.0023126839127748287 -0.01041847878771527 0.0074281632193764768 -0.0085025361346243479 -0.0053280735887362906 -0.0073637834237691054 -0.0024020879460693451 0.0045326907483500484 -0.0048686669507584457 -0.001561857937530566 -0.0047542786187868636 9.9151387574253032e-05 0.0015135734570177967 0.0087193014914284626 0.007579839231681893 -0.00030164821359989348 0.006991978087132822 -0.010701816230251352 -0.011460549076522532 0.004270408662625313 -0.0035905123401235675 0.0057147124938395416 2.9649843243433247e-05 -0.0045835900512928279 0.0061716663022294968 0.00022938983995273896 -0.0049251870627882765 -0.0015769547511933889 0.00049442226477071371 -0.012731511497520654 0.0031343869901488061
leaf_weight=669.66046790778637 1269.5741977244616 1898.0267957150936 390.57717232406139 2671.0594143718481 728.17973455786705 8041.4449268728495 5803.9683093130589 583.32213899493217 3088.7101438492537 266.14068304002285 1006.6035861372948 19558.79915317893 912.72288869321346 1518.4699915796518 3638.5510818660259 1083.4257514029741 641.04246166348457 599.64750170707703 2124.7099567949772 3714.1745951026678 760.62426325678825 8222.1450944244862 3338.5820347368717 251.56087364256382 2686.2585615962744 4412.8056511729956 557.78888297080994 16369.830561757088 354.66560126841068 2103.4008608311415
leaf_count=2698 5109 7698 1570 10720 2923 32413 23417 2339 12398 1065 4041 78588 3701 6089 14578 4357 2599 2427 8539 14979 3054 33031 13383 1009 10807 17844 2242 65601 1425 8432
internal_value=-6.16693e-05 0.000687981 0.000491551 0.000739171 0.00098739 -0.00164651 0.00204033 0.000189143 0.000356678 -0.000118888 -0.00496693 0.00131331 0.0056631 0.00363473 -0.000365368 0.000299487 -0.00358309 -0.00304322 -0.000849563 2.64547e-05 -0.000686531 -0.00109888 -0.0023542 -0.00432058 -0.00251877 -0.00396886 -0.00774294 -6.9814e-05 -0.00274586 0.00138521
internal_weight=99266.5 67394 65495.9 62662 59739.3 31872.5 25753.3 33986 33257.8 29052.6 2833.97 19949.4 1178.86 4205.19 27873.8 20896.6 9282.13 8641.09 22590.4 14821.7 12696.9 11936.3 6977.13 2922.62 7768.72 5082.47 1827.36 19813.2 3443.38 2686.72
internal_count=399076 270685 262987 251595 239866 128391 103575 136291 133368 116508 11392 80158 4766 16860 111742 83781 37439 34840 90952 59603 51064 48010 27961 11729 31349 20542 7351 79424 13823 10771
is_linear=0
shrinkage=0.05


Tree=35
num_leaves=31
num_cat=0
split_feature=71 64 23 19 25 20 20 37 33 0 42 90 84 35 29 56 40 48 42 0 40 8 65 2 4 0 53 15 96 28
split_gain=60.6001 41.4099 37.2187 31.2995 25.1663 24.7246 35.4402 33.5066 32.3752 29.9591 22.671 21.7083 25.4832 21.0681 19.5606 18.4852 17.6903 17.1442 16.9604 16.7255 16.353 16.2566 16.0727 15.6531 15.5756 15.4688 20.5259 15.322 15.0923 14.9696
threshold=1.0000000180025095e-35 9.5000000000000018 0.25702350000000002 13.500000000000002 0.35117250000000005 13.500000000000002 12.500000000000002 0.36340250000000002 2632.5000000000005 4.5000000000000009 133.09818701660762 -0.092346849999999994 0.57450822925479128 0.15214250000000004 0.45133650000000008 2.525531969450979 0.078546706391391732 -0.44782859353978016 130.23189605993977 5.5000000000000009 0.035500876933737067 4.5000000000000009 -1.4999999999999998 3.5000000000000004 1.0000000180025095e-35 4.5000000000000009 2424.0929582768681 80.350000000000009 0.45833310000000005 0.31832650000000007
decision_type=2 2 8 2 8 2 2 10 2 2 8 8 2 8 8 8 8 10 8 2 8 2 2 2 2 2 10 2 10 8
left_child=3 2 11 4 -1 6 -5 14 17 21 13 -2 24 -4 28 19 -14 -8 23 -16 -17 -10 -20 -6 -13 -24 -27 -11 -7 -12
right_child=1 -3 10 5 18 7 8 -9 9 27 29 12 16 -15 15 20 -18 -19 22 -21 -22 -23 25 -25 -26 26 -28 -29 -30 -31
leaf_value=0.0080503312187290808 -0.0029370434790644898 -0.0066133930457550659 0.0053907797805797276 -0.0011581398971738817 0.018699781465123161 -0.0042486938642446346 0.005510677915591628 -0.0029060081239908617 -0.0069225304929987552 0.008054223984695302 -0.011870545426662837 -0.0012376962293181833 0.0029141055999449238 -0.0053927884410535859 0.0025779416584953184 -0.0087760470244469292 0.012703115747388721 -0.0036402857295642571 -0.0068507629987017262 -0.012686989899510271 0.0022683326934968308 0.0067198683829170734 -0.0019431251439676778 0.0021581683216678714 0.0013196932009574881 0.0019548696901584097 0.0086196667460968369 0.016673685997589748 0.0020706729874977788 -0.0034381590974614964
leaf_weight=2369.8504010289907 4913.1445247381926 3328.9744221568108 1373.3712351620197 3717.4975424110889 284.80079528689384 2830.6276925653219 842.2508886307478 8218.6987434774637 462.14010110497475 2494.3899980485439 544.28824384510517 10545.642950698733 1603.5116832703352 664.09270888566971 310.21459850668907 333.077218785882 643.21555706858635 1271.3579462170601 498.54029667377472 406.53027132153511 15177.525445923209 396.34269979596138 1723.7835571169853 283.4967772513628 13646.836354359984 5619.9237489700317 1447.4270624965429 660.2517079859972 1408.2886972427368 11297.374653920531
leaf_count=9641 19762 13422 5511 14926 1163 11406 3383 32983 1855 10014 2226 42348 6481 2665 1244 1334 2615 5096 1999 1631 60892 1590 6914 1152 54780 22535 5815 2649 5647 45656
internal_value=2.27729e-05 -0.0012398 -0.000842934 0.00123071 0.00343363 0.000530871 0.0026916 -0.000211338 0.00502558 0.00765789 -0.0029976 0.00011155 0.000678961 0.0018668 0.00087166 0.00166163 0.00576047 1.50551e-05 0.00231675 -0.00613561 0.00202566 -0.000619281 0.00179742 0.010628 0.000204861 0.00229508 0.0033301 0.00990522 -0.00214929 -0.00383543
internal_weight=99317.5 48560.5 45231.5 50757 12227.8 38529.2 9844.23 28685 6126.73 4013.12 13879.1 31352.4 26439.2 2037.46 20466.3 16227.3 2246.73 2113.61 9857.97 716.745 15510.6 858.483 9289.67 568.298 24192.5 8791.13 7067.35 3154.64 4238.92 11841.7
internal_count=399335 195466 182044 203869 49219 154650 39513 115137 24587 16108 56058 125986 106224 8176 82154 65101 9096 8479 39578 2875 62226 3445 37263 2315 97128 35264 28350 12663 17053 47882
is_linear=0
shrinkage=0.05


Tree=36
num_leaves=31
num_cat=0
split_feature=71 64 23 20 37 27 84 23 44 54 4 20 16 24 37 94 36 88 94 23 57 23 55 7 52 17 39 88 86 37
split_gain=64.0608 35.2498 32.1347 28.8195 29.6412 28.7737 28.0678 31.9346 27.3305 25.9506 23.5761 22.9388 23.0458 22.8931 23.3139 22.8851 19.7152 21.1528 19.4298 18.7828 18.0832 17.1151 17.0387 16.8925 16.4445 16.0293 18.9128 17.6691 17.4343 15.6793
threshold=1.0000000180025095e-35 8.5000000000000018 0.20979450000000002 13.500000000000002 0.30788250000000006 0.56543700000000008 0.56102403444822335 0.21048500000000003 27.380987387308977 131.86060202313868 1.5000000000000002 12.500000000000002 0.03500000000000001 0.12368750000000002 0.19298600000000002 0.37634100000000009 0.61783600000000016 -0.082480999999999957 0.38660500000000003 0.19524450000000002 6.6143298779611106 0.22355000000000003 2016.846847403958 1.0000000180025095e-35 124.00491619429262 1.5000000000000002 0.038285476233456982 -0.076682999999999987 -0.14571549999999997 0.22105650000000002
decision_type=2 2 8 2 8 10 2 10 10 8 2 2 2 10 10 10 8 10 10 10 8 10 10 2 10 2 8 8 10 10
left_child=2 6 9 11 5 13 8 19 -2 -1 16 -4 -13 -5 -15 23 18 -18 -10 24 -16 -7 -23 -11 -8 26 -6 -27 -29 -12
right_child=1 -3 3 4 25 21 7 -9 10 15 29 12 -14 14 20 -17 17 -19 -20 -21 -22 22 -24 -25 -26 27 -28 28 -30 -31
leaf_value=0.0015072709253190052 -0.00014896054419451197 -0.0058209884774582006 -0.0002375874131825502 0.0074270718366322933 -0.0027331536667711096 -0.0020826422560599077 -0.0056030295790541621 0.01232056448025211 -0.00032193652426369153 0.010304338571066038 0.0054692371230282474 0.017631959451073966 0.0042301356923557338 -0.0038977544160154459 -0.011008128213106247 -0.0037537477636792218 -0.014292653391960539 -0.0049617589965963048 -0.0048963381645673555 -0.011155868137210841 0.0017153720662555383 0.0081706448289841239 -0.0038860295053008143 0.0045517211329995887 0.0031948373232235164 0.0028810338774242789 0.0036324608694750377 -0.011554447761350353 -0.0033299375977860306 -0.0013658119131716255
leaf_weight=8658.8990318030119 22184.392416417599 3879.6774749308825 3230.0190643370152 935.99648812413216 2388.1284958571196 658.78136168420315 615.450200304389 717.45823010802269 4451.3441031128168 2090.8957327753305 1094.1337922364473 335.58154319226742 4762.7406745702028 3631.4429557621479 282.91631637513638 562.82626834511757 788.9441731274128 2628.2980046719313 4844.6469463557005 286.11069981753826 6013.8701628595591 2578.6577134281397 324.49540370702744 3332.4293645918369 3532.3911041021347 1019.5618521571159 2262.7770369052887 703.86714805662632 6879.5431002825499 3484.9433696717024
leaf_count=34729 89184 15648 12971 3766 9607 2647 2482 2893 17872 8479 4395 1346 19100 14563 1138 2255 3205 10610 19559 1148 24144 10388 1300 13456 14248 4091 9075 2825 27595 14041
internal_value=4.27742e-05 -0.00125575 0.00128629 0.000482804 -0.000293355 0.00127455 -0.000857661 0.00261019 -0.00131074 0.00326019 -0.00280024 0.0030597 0.00514506 -5.40252e-06 -0.000712877 0.00578903 -0.00390749 -0.00715141 -0.00270861 0.00101477 0.00112715 0.0051676 0.00681432 0.00678445 0.00187909 -0.00199961 0.000365019 -0.0032769 -0.00410752 0.000275727
internal_weight=99161.2 48507.8 50653.4 36008.4 27680 14426.2 44628.1 5151.41 39476.7 14645.1 17292.3 8328.34 5098.32 10864.2 9928.23 5986.15 12713.2 3417.24 9295.99 4433.95 6296.79 3561.93 2903.15 5423.33 4147.84 13253.9 4650.91 8602.97 7583.41 4579.08
internal_count=398760 195285 203475 144556 111139 57946 179637 20771 158866 58919 69682 33417 20446 43611 39845 24190 51246 13815 37431 17878 25282 14335 11688 21935 16730 53193 18682 34511 30420 18436
is_linear=0
shrinkage=0.05


Tree=37
num_leaves=31
num_cat=0
split_feature=72 89 97 64 21 35 88 29 5 64 63 45 54 7 4 46 3 93 34 97 32 50 97 8 54 53 40 21 30 56
split_gain=40.1413 34.5171 22.0298 21.9877 19.28 21.1096 20.8989 18.1679 18.3342 18.4106 16.7601 19.9456 16.3558 16.112 16.1078 19.969 15.2539 15.164 14.9859 14.6671 14.1332 13.9244 13.914 13.3736 16.9376 12.988 17.7542 12.9452 13.8059 13.655
threshold=3.5000000000000004 0.46321740000000006 0.98070412385645878 9.5000000000000018 448.50000000000006 0.14090950000000005 0.0038979999999999852 0.59022100000000011 1.5000000000000002 9.5000000000000018 1.0000000180025095e-35 -5.8145548717539191 123.65061208070169 9.5000000000000018 1.5000000000000002 1.6689888022720734 1.0000000180025095e-35 -0.013147499999999998 0.49984950000000006 0.92048644832970938 0.24404400000000001 140.71018043234801 1.0144115329966554 8.5000000000000018 130.19697139848725 2246.2390128522788 0.11889003474764386 5967.5000000000009 0.14009350000000004 2.1591527383043787
decision_type=2 10 2 2 2 10 10 10 2 2 2 8 10 2 2 10 2 10 8 2 10 8 2 2 8 8 10 2 10 8
left_child=3 2 18 10 6 25 -3 8 9 23 16 -12 -4 -10 15 -13 17 19 -2 -1 -14 22 -9 -7 -25 -6 27 29 -29 -27
right_child=1 4 12 -5 5 7 -8 21 13 -11 11 14 20 -15 -16 -17 -18 -19 -20 -21 -22 -23 -24 24 -26 26 -28 28 -30 -31
leaf_value=-0.0024026685757276116 -0.004962447688315638 0.0017200463867828725 0.0076062436024629783 -0.010284028502510749 0.00082871886977535069 0.00049671675687734923 -0.0047874398846018849 0.0014300622055590767 0.001645164205242914 -0.0055369659219517879 -0.0022092500774364334 -0.0022969891964738131 -0.00048028423974296743 0.012656796261781645 0.012665932044685458 0.011084819364483769 -0.0062347020371055105 -0.0035780120586364956 -0.0013746695807584739 0.010469034531974774 0.0065672923946281589 0.0043301064394248414 -0.011525014969892803 -0.0064139797061823003 0.00013294519807939331 -0.0021988631500645269 0.017062090532662427 -0.0047825150806067359 0.0040337317434983614 0.0058498098540802623
leaf_weight=423.45497225224972 3576.2282641679049 2185.1678639650345 843.53399606049061 876.06653276085854 3943.9165766984224 19026.985273584723 2811.7616796046495 793.59573291242123 11657.579820260406 1632.1395363509655 3519.7905133217573 958.95241990685463 6499.8053161948919 332.26054364442825 423.8293841034174 381.66116896271706 3234.7051893621683 2076.5398496538401 15529.511202171445 446.7275937795639 788.67728114128113 5210.4691281020641 269.6919956356287 1718.6722163408995 2304.494281694293 580.89794757962227 256.19069918990135 780.62641368806362 1003.0350710302591 5217.1096790730953
leaf_count=1707 14421 8772 3385 3547 15827 76350 11287 3194 46773 6548 14222 3865 26105 1333 1705 1534 13051 8367 62573 1800 3163 21149 1083 6893 9241 2331 1033 3146 4036 20951
internal_value=-2.5097e-05 0.000353707 -0.0011211 -0.00269236 0.00102638 0.00129789 -0.00194395 0.000783163 0.00035741 -0.00042185 -0.00210384 -3.5419e-05 0.00105757 0.00196061 0.00428905 0.00156656 -0.00386912 -0.00126005 -0.00204848 0.00424917 0.000290278 0.0032673 -0.00193262 -5.74141e-05 -0.00267283 0.00317186 0.00434834 0.00389683 0.000170115 0.00504102
internal_weight=99304.1 86962.4 27237.8 12341.7 59724.6 54727.7 4996.93 42945.9 36672.1 24682.3 11465.7 5284.23 8132.02 11989.8 1764.44 1340.61 6181.43 2946.72 19105.7 870.183 7288.48 6273.76 1063.29 23050.2 4023.17 11781.8 7837.86 7581.67 1783.66 5798.01
internal_count=399392 349594 109647 49798 239947 219888 20059 172564 147138 99032 46251 21326 32653 48106 7104 5399 24925 11874 76994 3507 29268 25426 4277 92484 16134 47324 31497 30464 7182 23282
is_linear=0
shrinkage=0.05


Tree=38
num_leaves=31
num_cat=0
split_feature=23 27 26 51 49 26 65 71 94 55 86 55 72 44 53 55 98 25 50 64 44 40 49 39 97 87 25 1 23 15
split_gain=39.5487 29.167 20.5552 20.3048 19.0117 17.6702 17.2959 23.7881 18.8199 21.0929 16.6147 21.8458 16.3038 16.1727 15.844 14.8599 15.1422 14.4499 14.2911 14.0032 13.8253 13.5288 15.6909 13.6351 16.3554 13.7204 15.057 14.5866 20.199 15.0009
threshold=0.24262850000000005 0.59906550000000014 0.41033650000000005 2243.0848893362995 132.1249544859914 0.49947450000000004 1.0000000180025095e-35 1.0000000180025095e-35 0.47059850000000009 2199.4571279702391 0.0049849999999999903 1500.6071195345214 3.5000000000000004 17.909735797643496 2013.8512879676834 1667.3532101488429 0.020799732785460382 0.43281950000000008 144.74630914847114 4.5000000000000009 38.398471897257288 0.044493823323894142 119.85556856020979 0.040839259866547982 0.785823628040761 -0.0067169999999999999 0.40130750000000009 4.5000000000000009 0.1621795 8.9500000000000011
decision_type=8 8 10 8 10 10 2 2 10 10 10 8 2 8 8 10 2 8 10 2 10 8 8 10 2 10 10 2 10 2
left_child=1 2 10 -3 6 12 17 8 9 20 11 -1 14 -5 -4 -13 -17 -2 -9 -7 -8 -14 -23 24 -24 27 -27 29 -29 -26
right_child=4 3 5 13 -6 19 7 18 -10 -11 -12 15 21 -15 -16 16 -18 -19 -20 -21 -22 22 23 -25 25 26 -28 28 -30 -31
leaf_value=-0.0089238690973970219 -0.00050343459551674028 8.3226523568668664e-05 0.0094692554840703283 -0.0040290460197559006 0.0061878471293325202 -0.0015454469896460886 0.00045830699307239733 -0.0068668302346998299 -0.0070446604604858867 -0.013382913683814883 -0.011055375165491889 0.0046225250146740195 -0.0015551147340620987 0.0044805281388489568 -0.0033058636263463476 -0.006806411635604497 0.0038006879893321232 -0.0052270544198144255 -0.0010469516551579565 -0.012570270380438099 0.012014400992899245 0.0059740708199677167 -0.0075159716802962939 -0.00069661820126844893 -0.0016242324421711311 0.00075657589513186913 -0.01105346200426968 0.010764812089956019 -0.00053279804032029237 0.0051819216022631811
leaf_weight=841.43389834463596 27610.8096614182 5104.1366770416498 250.64403161406517 586.64572466909885 826.10327844321728 842.83126692473888 4548.8230145573616 4189.5501070618629 1021.6145011484623 254.57760575413704 584.16866199672222 1118.8538328111172 4528.0810033679008 9248.9647448658943 3595.0834861248732 929.97969940304756 515.99409127235413 1710.1542107611895 1414.0172686874866 430.22551423311234 264.49971421062946 1738.1795775443316 451.33365814387798 7684.1457658410072 915.76744849979877 6943.5141208469868 270.78831054270267 432.91319791972637 3699.6461170017719 6709.8660745024681
leaf_count=3392 111062 20486 1005 2353 3328 3377 18239 16956 4153 1021 2345 4488 18165 37395 14434 3739 2072 6917 5726 1724 1061 6989 1813 30812 3671 27930 1085 1755 14832 26934
internal_value=-0.000108675 0.000743189 7.47639e-05 0.00264264 -0.00127771 0.000429172 -0.00142955 -0.0030547 -0.000888743 0.000363629 -0.0033365 -0.00198424 0.000627886 0.0039694 -0.00245085 0.000318237 -0.00302117 -0.000780629 -0.00540271 -0.00534018 0.00111693 0.000983278 0.00138214 0.00108561 0.00179066 0.0020159 0.0002986 0.0030684 0.000673831 0.00436351
internal_weight=99263.3 57423.2 42483.4 14939.7 41840.1 38493 41014 11693.1 6089.51 5067.9 3990.43 3406.26 37220 9835.61 3845.73 2564.83 1445.97 29321 5603.57 1273.06 4813.32 33374.2 28846.2 27108 19423.8 18972.5 7214.3 11758.2 4132.56 7625.63
internal_count=399259 230796 170562 60234 168463 154526 165135 47156 24474 20321 16036 13691 149425 39748 15439 10299 5811 117979 22682 5101 19300 133986 115821 108832 78020 76207 29015 47192 16587 30605
is_linear=0
shrinkage=0.05


Tree=39
num_leaves=31
num_cat=0
split_feature=29 21 69 38 89 37 14 31 15 65 21 44 9 28 44 57 39 43 95 31 15 31 23 93 28 2 87 38 87 43
split_gain=37.1375 27.5169 26.3579 22.1206 17.1427 21.7979 17.7138 13.7038 13.6201 13.1559 13.1376 18.9023 14.5067 14.0848 13.116 12.8654 12.7784 12.2094 11.8868 11.8236 11.7124 13.3271 11.6254 13.0874 11.4195 11.4081 11.3553 16.3825 14.8027 19.9988
threshold=0.53973400000000005 1442.5000000000002 1.0000000180025095e-35 0.16215000000000002 0.41604050000000009 0.37160500000000002 1.0000000180025095e-35 0.12912250000000003 31.050000000000004 1.5000000000000002 6811.5000000000009 18.958919017134903 1.0000000180025095e-35 0.48873100000000008 38.398471897257288 10.179460758226998 0.052697892917632265 2139.3962138599777 0.0030714999999999775 0.13308700000000004 98.65000000000002 0.19152350000000004 0.16624450000000005 -1.0000000180025095e-35 0.45840850000000005 3.5000000000000004 -0.0067169999999999999 0.006744125000000001 0.0019035000000000026 2296.9023470422853
decision_type=10 2 2 10 8 10 2 10 2 2 2 8 2 10 10 8 10 8 10 10 2 10 10 10 10 2 10 10 10 10
left_child=2 7 3 4 5 -1 9 22 17 26 11 12 -10 24 -5 -11 25 -8 20 -7 21 -13 -2 -24 -12 -9 -6 -28 -29 -30
right_child=1 -3 -4 14 6 19 8 16 10 15 13 18 -14 -15 -16 -17 -18 -19 -20 -21 -22 -23 23 -25 -26 -27 27 28 29 -31
leaf_value=-0.0046109126355061199 0.0058148721598953942 0.0024876718035901123 -0.0047979571495814569 0.0005619927568766321 -4.2619546672045637e-05 0.0074441927885367763 -0.0068662440036889351 -0.00067604584164101514 0.016758542388080399 -0.014459635937387451 -0.0038245677928904933 0.0025027842711727883 0.0038869753020405262 -0.00743565071520947 0.0061917224716771741 -0.0032965501354291168 0.0060589285899637756 -0.00032900993494088513 0.0025431673795897071 -0.00087709213488262471 -0.010758542474354165 -0.0094360938778686714 0.00098604961264919214 -0.0086530379385943278 0.007685798361817541 -0.0073346247189111525 -0.014310003904697 -0.0075510533971097672 -0.0030211679793641184 0.0039893939304878655
leaf_weight=6370.048331797123 885.8557456433773 20853.299606278539 3465.9098272621632 25673.649866700172 8668.5127152353525 487.2587443292141 868.27686254680157 1043.1868454217911 365.32296787202358 355.11413681507111 424.31822836399078 1055.7696397006512 545.14761218428612 755.29186578094959 1068.2220489084721 911.26812295615673 292.63541044294834 3830.380989998579 6927.2614504545927 3006.9325550943613 310.13186779618263 289.418203368783 1750.1329300999641 430.37031602859497 418.73630861938 1677.2083765268326 285.74482946097851 1079.0164226144552 3759.1974123865366 1383.8116455674171
leaf_count=25808 3567 84140 13959 102936 34800 1966 3489 4202 1466 1428 1709 4258 2188 3027 4285 3667 1175 15393 27817 12171 1250 1167 7035 1728 1678 6747 1152 4334 15100 5565
internal_value=4.05235e-05 0.001625 -0.00054982 -0.000335269 -0.00104954 -0.00287235 -0.000490983 -0.00133331 0.000704928 -0.00163916 0.00166032 0.00236642 0.0091776 -0.00252206 0.000789107 -0.00651562 -0.00372255 -0.00154906 0.00163403 0.000301228 -0.00216301 -0.00011655 0.00101884 -0.000947254 0.00191559 -0.00479309 -0.00122822 -0.00280498 -0.00225451 -0.00113078
internal_weight=99237.4 26932.7 72304.7 68838.8 42097 9864.24 32232.7 6079.39 15790.1 16442.7 11091.4 9493.05 910.471 1598.35 26741.9 1266.38 3013.03 4698.66 8582.58 3494.19 1655.32 1345.19 3066.36 2180.5 843.055 2720.4 15176.3 6507.77 6222.03 5143.01
internal_count=399207 108594 290613 276654 169433 39945 129488 24454 63442 66046 44560 38146 3654 6414 107221 5095 12124 18882 34492 14137 6675 5425 12330 8763 3387 10949 60951 26151 24999 20665
is_linear=0
shrinkage=0.05


Tree=40
num_leaves=31
num_cat=0
split_feature=71 45 19 20 20 38 0 16 26 42 46 22 49 33 74 21 47 41 41 44 46 88 23 91 49 51 20 44 69 48
split_gain=44.0151 36.6349 28.7583 30.4535 38.2681 35.2981 30.1334 25.9219 26.3035 21.3673 25.0909 25.9829 24.6202 20.8902 22.0891 19.0461 20.6549 19.6734 23.5285 20.0776 17.1528 25.6194 16.9033 24.6907 17.22 16.8752 16.7266 16.3672 16.1664 16.6712
threshold=1.0000000180025095e-35 -8.7075194900437953 13.500000000000002 13.500000000000002 12.500000000000002 0.13956000000000002 4.5000000000000009 0.37500000000000006 0.42627850000000006 133.19301475363878 1.7886188053930572 0.47346450000000007 121.68017774331422 11261.500000000002 1.0000000180025095e-35 1387.5000000000002 1.8448003901397925 0.063783842543042993 0.077785135868772573 39.259710174087225 1.733262782324668 -0.060313000000000026 0.19257000000000002 -0.028309499999999998 126.59567929913679 2421.5612377147895 19.500000000000004 32.717266140251134 1.0000000180025095e-35 -0.39954725367982591
decision_type=2 8 2 2 2 8 2 2 8 8 10 10 10 2 2 2 10 10 10 10 8 10 10 10 8 10 2 8 2 8
left_child=2 26 6 4 -4 13 -1 -6 -9 12 11 -11 -3 14 20 16 -12 -17 19 -19 -5 -22 23 -7 -25 -13 -2 -8 29 -16
right_child=1 9 3 5 7 22 27 8 -10 10 15 25 -14 -15 28 17 -18 18 -20 -21 21 -23 -24 24 -26 -27 -28 -29 -30 -31
leaf_value=-0.001879921604623647 -0.0035815053012520381 0.001032946124473343 -0.001341659279680903 -0.0049727371109545516 0.01113904557516494 -0.0030450783194474304 0.0057919169493131544 -0.0018450631996690431 0.0059912464364586335 -0.0035178099099717635 -0.011030735555094066 0.00032119803087924878 0.011493730369913765 -0.014369261321089774 0.00085582496695419329 0.0018464966556039936 0.0036347726197568878 -0.0041071892670740346 0.0017663605907351405 -0.01778826568114732 0.016413902982008944 0.0014547055806127763 0.00015147804318390405 0.0026426945709844196 0.011296474385923934 0.0073520878353831656 -0.010570141251485124 0.0014908593261221664 -0.012773114534269412 -0.0042793766895250617
leaf_weight=2469.9911629855633 5255.8490707278252 5268.0287749171257 3709.7757805287838 707.93142066895962 1365.5539169758558 851.09421743452549 6356.9359214156866 1615.6886279284954 3143.1937102228403 4633.4278166741133 1216.1358640491962 18624.150772839785 620.09723579883575 358.4976292848587 2109.9848853200674 2351.313479155302 293.33355924487114 6342.0921874940395 1784.3017403185368 271.27320162951946 336.06702221930027 1669.3621384203434 13598.515627190471 1183.711117580533 1122.5435335785151 884.48297564685345 1018.939271479845 3402.8319201469421 435.56403331458569 6253.0233810096979
leaf_count=9941 21252 21156 14899 2840 5480 3432 25645 6480 12628 18759 4919 74845 2498 1441 8494 9468 1191 25539 7206 1094 1352 6718 54502 4757 4542 3559 4119 13682 1752 25115
internal_value=-9.37602e-05 -0.00116937 0.00093675 0.0002649 0.00266387 -0.000559881 0.00304766 0.00508839 0.00333245 -0.000639849 -0.00109196 -0.000156224 0.00215222 -0.00264473 -0.00226746 -0.00293319 -0.00817564 -0.00219008 -0.00332116 -0.00469438 0.00167191 0.00403055 0.000917797 0.00420739 0.00688541 0.000643568 -0.00473138 0.00429537 -0.00348283 -0.00298429
internal_weight=99253.7 48563.4 50690.3 38460.5 9834.21 28626.3 12229.8 6124.44 4758.88 42288.6 36400.5 24142.1 5888.13 11870.4 11511.9 12258.5 1509.47 10749 8397.67 6613.37 2713.36 2005.43 16755.9 3157.35 2306.25 19508.6 6274.79 9759.77 8798.57 8363.01
internal_count=399305 195605 203700 154432 39487 114945 49268 24588 19108 170234 146580 97163 23654 47712 46271 49417 6110 43307 33839 26633 10910 8070 67233 12731 9299 78404 25371 39327 35361 33609
is_linear=0
shrinkage=0.05


Tree=41
num_leaves=31
num_cat=0
split_feature=72 84 49 94 48 26 26 52 61 99 84 8 27 58 93 98 35 34 90 35 45 65 49 48 23 86 37 78 26 47
split_gain=40.2386 27.4699 20.647 20.4335 22.3555 19.5017 18.2096 16.2255 16.2059 16.1002 15.8298 15.782 18.5117 18.0673 18.8682 17.7603 15.9599 15.9282 15.5808 15.4053 15.6719 15.067 17.4703 17.266 15.6827 14.8658 14.8281 15.7632 14.5077 15.6555
threshold=3.5000000000000004 0.54374906536594059 127.33054752342117 0.49580650000000009 0.31897529322080292 0.41033650000000005 0.49845100000000003 126.29282990751889 1.0000000180025095e-35 -0.00026699999999999635 0.55102244768930897 6.5000000000000009 0.5022525000000001 2021.5000000000002 -0.015722999999999997 -0.031255214141506303 0.15928550000000005 0.54987600000000014 -0.01379334999999998 0.13982550000000002 -8.9250458258758076 -1.0000000180025095e-35 132.37259777091901 0.50113818374461372 0.26618950000000002 0.039120500000000009 0.21700750000000005 0.75376903420262753 0.42194950000000003 1.9000205043185825
decision_type=2 2 8 10 10 8 8 8 2 8 2 2 10 8 10 2 8 10 8 10 8 2 10 10 10 10 10 2 8 10
left_child=8 3 9 4 6 -6 11 -5 19 -3 -4 13 17 14 -2 -14 -17 -13 -8 20 25 24 23 28 -7 -1 27 -21 -23 -30
right_child=1 2 10 7 5 21 18 -9 -10 -11 -12 12 15 -15 -16 16 -18 -19 -20 26 -22 22 -24 -25 -26 -27 -28 -29 29 -31
leaf_value=0.00077605329111232117 0.01428909836589628 2.6168435616752754e-05 0.011420558662358499 0.0061966712724628309 -0.0035463811116866724 0.0024615619322416629 0.0057859622652104859 -0.0063290052013632945 -0.0089389888147921922 0.0034185796555877795 0.0035462272317077917 -0.0038378494388027133 -0.0057514884078994763 0.0016171998260121152 0.0038502078887191976 0.0067550937229946817 -0.0027730434266086791 0.005160086705857163 -0.0063254639112097794 -0.0019898089713081451 0.0058506844619440812 0.005462934214816635 0.0070869317466600301 -0.0024782801956277911 -0.0023272544396952775 -0.012968195097151592 -0.0040539334998809327 0.008439605214439835 -0.0010004852972214345 0.0061373005851793963
leaf_weight=755.0327150374651 552.64546923339367 10402.492803186178 819.15858171880245 287.62847353518009 5425.6507664769888 7385.9548917859793 322.80087752640247 2045.6323920488358 967.03783102333546 5259.1050983965397 2850.2659057527781 3644.3360828459263 516.03700394928455 14793.737733215094 1935.0738791227341 1774.2392579764128 576.90236434340477 559.46538889408112 1330.1784838438034 1225.30047775805 1070.1984021961689 1174.5908923894167 642.50091749429703 12513.167926922441 2215.018477126956 255.58583296835423 7522.2449170798063 502.86148172616959 9017.7105737030506 829.69662860035896
leaf_count=3052 2218 41830 3308 1171 21859 29628 1294 8331 3913 21175 11601 14644 2071 59421 7768 7124 2316 2247 5336 4942 4310 4725 2589 50238 8903 1032 30383 2025 36200 3369
internal_value=-8.10076e-05 0.000298037 0.00195946 -0.000177687 -1.28409e-05 -0.000766773 0.0011236 -0.00476507 -0.00275662 0.00116678 0.00533035 0.00146876 -0.000520634 0.00228259 0.00621713 0.00257186 0.00441532 -0.00263095 -0.00393972 -0.00222158 0.00165937 -0.000319384 -0.000984757 -0.00120803 0.00135547 -0.00279288 -0.00309542 0.00107604 0.000235018 -0.000393473
internal_weight=99172.3 86874 19331 67543 65209.7 39204.3 26005.4 2333.26 12298.3 15661.6 3669.42 24352.4 7070.98 17281.5 2487.72 2867.18 2351.14 4203.8 1652.98 11331.2 2080.82 33778.6 24177.7 23535.2 9600.97 1010.62 9250.41 1728.16 11022 9847.41
internal_count=399023 349366 77914 271452 261950 157511 104439 9502 49657 63005 14909 97809 28402 69407 9986 11511 9440 16891 6630 45744 8394 135652 97121 94532 38531 4084 37350 6967 44294 39569
is_linear=0
shrinkage=0.05


Tree=42
num_leaves=31
num_cat=0
split_feature=3 89 21 20 20 52 0 54 35 79 23 89 89 24 42 56 72 48 24 96 65 1 33 36 55 32 16 16 46 23
split_gain=40.4837 31.7091 20.9301 21.663 22.8037 20.8245 18.5194 16.9334 17.9394 16.7305 16.4851 16.4248 16.2632 16.3653 15.7695 23.5724 18.6203 17.4911 16.7191 15.1492 17.1305 14.6031 14.4634 14.0906 13.3418 12.9038 12.8488 12.7843 14.5409 12.6321
threshold=2.5000000000000004 0.44631340000000003 328.50000000000006 13.500000000000002 12.500000000000002 131.79855817941279 4.5000000000000009 129.52334683722432 0.18183550000000001 1.5499999999999974 0.25975850000000006 0.43250910000000004 0.35731735000000003 0.17542850000000001 145.09249437257921 2.4224810300040196 3.5000000000000004 0.23807794440659219 0.18435900000000002 0.55873450000000013 -1.4999999999999998 4.5000000000000009 5497.5000000000009 0.62500900000000004 1650.3533416385353 0.20770050000000004 1.135 0.83500000000000008 1.6302124421114739 0.16624450000000005
decision_type=2 10 2 2 2 10 2 8 10 2 10 8 8 10 10 8 2 10 10 10 2 2 2 10 10 10 2 2 10 10
left_child=1 7 -3 4 10 12 -6 9 -9 -1 -4 -11 -2 -14 15 -5 23 18 19 20 22 -12 -18 -17 27 -20 -25 -19 -29 -30
right_child=5 2 3 14 6 -7 -8 8 -10 11 21 -13 13 -15 -16 16 17 24 25 -21 -22 -23 -24 26 -26 -27 -28 28 29 -31
leaf_value=-0.0069317389902254188 -0.015866825946609289 -0.0026198106331329568 0.0018157802474015423 -0.002963968959712189 -0.00027383790879024599 0.0027899945472707726 0.0058605254393227545 -0.0018655544858617115 -0.010864422462741824 0.0033188417094582321 -0.0085426946057703471 -0.0027766526005389507 -0.0027796933233773012 -0.0093851468428645113 0.0067063088150330092 -0.0033024773366842268 0.0023948267713288767 -0.0024551948157921213 -0.0044985033479452395 -0.0032226662777311483 0.0045832237291245402 0.0029191082606492384 -0.012499446667365452 -0.00051396336814415794 0.0014317674302890969 0.0043987599055846753 0.012377525536041305 0.011288618150777498 0.0078872685188657535 -0.00046533564622953418
leaf_weight=610.18981425464153 286.79753378033638 4125.7441453784704 5118.032448887825 4606.3957853317261 1539.1173553466797 1171.1723729521036 6105.6523914039135 15711.297579795122 564.68061478435993 4190.8562121987343 801.83915823698044 1491.1509315371513 5662.6587794274092 1118.3357678204775 1014.1341160535812 4127.5330093353987 391.43529506027699 5909.6231997460127 1264.0726378113031 772.83885881304741 9077.7014349997044 416.28460863232613 266.17160323262215 594.10797283053398 15157.878125846386 589.90648455917835 275.95414248108864 303.42927238345146 484.07455371320248 5391.0870954245329
leaf_count=2460 1170 16580 20559 18518 6183 4715 24537 63452 2282 16889 3221 5998 22795 4507 4160 16597 1573 23716 5066 3093 36489 1671 1070 2393 60973 2366 1110 1216 1963 21613
internal_value=-1.278e-05 0.000291543 0.000828207 0.00105014 0.00279018 -0.00336668 0.00462675 -0.00133304 -0.00218424 0.000868714 0.000570496 0.00171711 -0.00438937 -0.00388129 0.000565325 0.000437439 0.000789284 0.00115224 0.00271133 0.00348327 0.00401838 -0.00463384 -0.00373067 -0.00208387 0.000444114 -0.00165913 0.00366896 -0.000794503 0.000795296 0.000235096
internal_weight=99140.2 90901.2 68333 64207.3 13980.9 8238.96 7644.77 22568.2 16276 6292.2 6336.16 5682.01 7067.79 6780.99 50226.3 49212.2 44605.8 39608.2 12362.1 10508.1 9735.31 1218.12 657.607 4997.6 27246.1 1853.98 870.062 12088.2 6178.59 5875.16
internal_count=398935 365748 274667 258087 56171 33187 30720 91081 65734 25347 25451 22887 28472 27302 201916 197756 179238 159138 49657 42225 39132 4892 2643 20100 109481 7432 3503 48508 24792 23576
is_linear=0
shrinkage=0.05


Tree=43
num_leaves=31
num_cat=0
split_feature=20 20 21 0 71 37 26 27 43 32 85 33 47 39 21 34 54 5 89 45 92 27 21 39 54 39 31 79 86 68
split_gain=34.5823 34.9837 41.4622 25.1163 24.5921 26.0869 27.6296 22.0795 20.3051 19.5189 19.0075 18.6031 18.4961 21.1336 17.9852 17.86 16.4028 16.0494 17.9747 16.0007 17.5253 15.2832 14.952 18.434 15.1035 14.0483 13.8559 13.8371 14.9917 13.6468
threshold=13.500000000000002 12.500000000000002 448.50000000000006 4.5000000000000009 1.0000000180025095e-35 0.3070190000000001 0.41280950000000005 0.59906550000000014 2354.2359745031567 0.18004750000000003 0.52218741643292133 3344.5000000000005 1.431787723283408 0.044543212439123979 8213.5000000000018 0.50281650000000011 137.42979213124553 1.0000000180025095e-35 0.32455215000000009 1.1934451101361527 0.053812500000000006 0.66501650000000012 6995.5000000000009 0.031850802410912614 134.4649159881279 0.045044343409780717 0.18007350000000003 92.550000000000011 0.05466900000000003 1.0000000180025095e-35
decision_type=2 2 2 2 2 10 10 8 10 10 2 2 8 10 2 8 10 2 8 8 10 10 2 10 10 10 10 2 10 2
left_child=1 7 -3 10 5 8 -7 27 9 14 -4 -5 21 16 -2 -8 17 -14 -19 20 -13 29 24 -24 -17 -15 -10 28 -1 -6
right_child=4 2 3 11 12 6 15 -9 26 -11 -12 19 13 25 -16 22 -18 18 -20 -21 -22 -23 23 -25 -26 -27 -28 -29 -30 -31
leaf_value=-0.00026289774403900781 0.0025859436370761811 -0.0015754180508990433 -0.0035380033705604171 0.0031169411878414228 0.0012355588174869133 -0.0067850119467008198 -0.0035802862992270119 0.0040549126692710595 -0.0067609689690088298 -2.4445190898561594e-05 0.0066149869352285715 0.0061984044344359952 -0.0030408249700581581 -0.011643434532785397 0.0083638886344212324 0.0024438944465395638 0.0075317061458823487 -0.013215369587720486 -0.00021609802293978317 0.0094816042241860337 -0.0066975279860952133 -0.0058485252217869779 0.0034083097156460602 -0.0046318072202825708 -0.0028886289660295245 -0.0035843029137669585 0.0020923639652844815 -0.008011146435732008 -0.0078076487271042262 0.0087467540071496045
leaf_weight=6025.6471253484488 10783.900854036212 3331.9742979258299 1387.4458400607109 3585.2317924201488 1876.3980242013931 1814.4513361603022 3289.8810187131166 2009.9625898748636 1135.0621759444475 6806.6286748498678 677.89829657971859 1206.0923301279545 8773.6477441638708 593.70954942703247 1533.1096995770931 7959.8001527488232 526.82807159423828 260.13256430625916 17118.44430629909 3877.2121798247099 327.44799470901489 488.6361511349678 998.5646134018898 2431.3827952295542 1584.5535213947296 5460.3397420495749 713.50056178867817 798.75266395509243 729.29917939007282 885.18714171648026
leaf_count=24228 43352 13426 5581 14415 7529 7295 13219 8091 4585 27335 2725 4866 35346 2403 6220 31966 2145 1066 68932 15588 1320 1963 4034 9769 6359 22061 2864 3212 2934 3550
internal_value=0.00010037 0.00175387 0.0033105 0.00478237 -0.000427724 0.000441148 -0.000950469 -0.000589869 0.00164064 0.00212464 -0.000189718 0.00592283 -0.00137053 -0.00172782 0.00331133 -0.000295791 -0.00112172 -0.00129885 -0.000418167 0.00777286 0.00341926 0.00222207 0.000539171 -0.00228798 0.00155649 -0.00439254 -0.00335092 -0.00182953 -0.00108781 0.00366604
internal_weight=98991.1 23957 14393.3 11061.3 75034.2 39050.8 18078.6 9563.66 20972.2 19123.6 2065.34 8995.98 35983.3 32733.1 12317 16264.2 26679.1 26152.2 17378.6 5410.75 1533.54 3250.22 12974.3 3429.95 9544.35 6054.05 1848.56 7553.7 6754.95 2761.59
internal_count=398379 96386 57921 44495 301993 156998 72642 38465 84356 76907 8306 36189 144995 131953 49572 65347 107489 105344 69998 21774 6186 13042 52128 13803 38325 24464 7449 30374 27162 11079
is_linear=0
shrinkage=0.05


Tree=44
num_leaves=31
num_cat=0
split_feature=71 65 24 88 94 46 36 37 27 26 65 30 25 20 8 26 85 21 40 87 27 88 84 46 89 27 44 0 30 8
split_gain=33.1978 25.1452 21.6571 23.6875 20.4827 23.1827 20.9133 18.9603 18.3101 18.9958 17.9126 17.0923 16.4955 16.8246 26.1402 18.9105 19.8096 17.5476 14.3754 14.0731 17.504 14.0222 23.1573 13.9541 13.6334 18.5929 13.306 16.9946 21.0484 14.4633
threshold=1.0000000180025095e-35 -1.0000000180025095e-35 0.18376750000000003 0.041698499999999979 0.37985150000000006 1.7886188053930572 0.64932150000000011 0.3070190000000001 0.52020400000000011 0.49947450000000004 -1.4999999999999998 0.40370350000000005 0.34022000000000002 13.500000000000002 1.5000000000000002 0.41630200000000001 0.50994299542334021 6995.5000000000009 0.11889003474764386 0.016685500000000051 0.53804800000000008 -0.02202699999999996 0.45955111115523511 1.7133443356614453 0.58661830000000015 0.63976750000000016 26.181877527083756 5.5000000000000009 0.091326100000000007 4.5000000000000009
decision_type=2 2 8 10 8 10 10 10 10 10 2 10 10 2 2 10 2 2 10 10 10 8 2 10 8 10 10 2 8 2
left_child=2 -2 7 -4 5 -3 24 8 9 21 -10 26 19 14 -14 -15 18 -18 -17 20 -9 22 -1 -16 25 -7 29 28 -28 -6
right_child=1 4 3 -5 11 6 -8 12 10 -11 -12 -13 13 15 23 16 17 -19 -20 -21 -22 -23 -24 -25 -26 -27 27 -29 -30 -31
leaf_value=-0.01126532745390681 0.0008805701903533943 0.0012785936260290695 -0.0011326718760122014 -0.013414969243031205 0.00052336884416323071 -0.0023211997780134531 -0.01275940989543318 0.0043321576719755504 -0.0040005001240535744 -0.007239272360058723 0.004255778039639134 -0.013890613913248001 -0.0035686199836867196 -0.0054138047573786367 0.00072816211591599216 -0.0026333220666743757 0.0021553497112212507 -0.0025832185754638259 -0.013572575174839632 0.0082929821398573713 -0.0070590575287276941 -0.00054757317387435825 0.0034833724190226896 0.0074730703623621473 0.0026982814904732465 -0.016095676004136677 0.00086773434468392788 -0.0023207520358632305 -0.0089041413377177608 -0.0034878028390999739
leaf_weight=267.77879622578621 13904.243030264974 9365.0567449182272 4749.452518671751 418.20678804814816 5301.7032128572464 4203.0074020177126 463.78148023784161 1099.3066729009151 693.90462659299374 661.49384570121765 10316.897491514683 327.89314392209053 1310.6576694101095 2181.4514055252075 1275.4297159612179 2802.3944490253925 6657.0448104739189 2754.0850518941879 327.74606144428253 1069.418517768383 474.66621722280979 5226.8114210218191 6571.3204922229052 1921.8335564881563 1285.4492500722408 250.68959639966488 701.60646690428257 6268.5855528712273 2530.0014792531729 3887.9909501075745
leaf_count=1111 55957 37655 19082 1679 21338 16881 1883 4410 2800 2652 41606 1330 5261 8762 5118 11250 26720 11063 1315 4348 1912 20991 26344 7716 5210 1006 2840 25373 10241 15680
internal_value=2.08668e-05 -0.000914734 0.000914281 -0.00215064 -0.00163653 -0.000291309 -0.00265976 0.00126192 0.00224018 0.000947387 0.00373231 -0.002737 0.000199747 -0.000310007 0.00235945 -0.00112841 -0.00037928 0.000767379 -0.00381831 0.00389539 0.000874008 0.00140183 0.0028903 0.0047931 -0.00182283 -0.00313086 -0.002534 -0.00384536 -0.00678646 -0.00117563
internal_weight=99269.9 48490 50779.9 5167.66 34585.8 15568 6202.93 45612.2 23738.2 12727.4 11010.8 19017.8 21874 19230.6 4507.92 14722.7 12541.3 9411.13 3130.14 2643.39 1573.97 12065.9 6839.1 3197.26 5739.15 4453.7 18689.9 9500.19 3231.61 9189.69
internal_count=399534 195394 204140 20761 139437 62635 24980 183379 95504 51098 44406 76802 87875 77205 18095 59110 50348 37783 12565 10670 6322 48446 27455 12834 23097 17887 75472 38454 13081 37018
is_linear=0
shrinkage=0.05


Tree=45
num_leaves=31
num_cat=0
split_feature=64 20 94 20 61 0 49 27 79 0 21 55 47 68 27 71 19 25 17 28 52 45 32 54 37 79 43 57 71 28
split_gain=28.1014 25.9955 30.0975 24.0511 43.9169 23.9712 21.8268 18.7407 24.9238 17.2476 16.2732 15.7651 14.9803 14.5938 17.4083 14.86 17.8522 19.7381 14.6356 13.4566 13.311 13.6982 14.4711 12.4198 12.3797 14.1339 12.5952 12.2656 12.1743 12.1538
threshold=9.5000000000000018 13.500000000000002 0.37634100000000009 12.500000000000002 1.0000000180025095e-35 4.5000000000000009 127.07579687664376 0.59906550000000014 92.550000000000011 8.5000000000000018 2010.5000000000002 1975.1100108807775 1.7665960777608956 1.0000000180025095e-35 0.33184500000000006 1.0000000180025095e-35 13.500000000000002 0.35280650000000008 1.5000000000000002 0.63070000000000015 132.0677087772448 31.876373521978419 0.16878250000000003 128.88517200572855 0.22353350000000002 51.95000000000001 2272.35835884168 14.937758461742122 1.0000000180025095e-35 0.40435700000000002
decision_type=2 2 10 2 2 2 8 10 2 2 2 10 8 2 10 2 2 10 2 8 10 10 10 10 10 2 10 10 2 10
left_child=1 3 6 7 5 -5 10 8 9 11 -3 27 19 14 -4 16 17 -16 -19 29 21 22 28 -12 26 -26 -17 -1 -2 -6
right_child=20 2 13 4 12 -7 -8 -9 -10 -11 23 -13 -14 -15 15 24 -18 18 -20 -21 -22 -23 -24 -25 25 -27 -28 -29 -30 -31
leaf_value=0.00063778609226402324 0.001842083458734832 -0.0026223184696493058 -0.0052380784147678609 0.00012998417770331992 -0.0033542195080183169 0.0067544154488587069 0.0029867560738097831 0.004476180780417712 -0.0097704405085939586 -0.0058559744657045122 0.002764931607422381 -0.0074492557772817608 -0.0028683025461127267 0.00035392482862385338 0.016296052588932002 -0.001498474198555752 -0.0010576640621707796 0.0086300865625586216 -0.00018922702792615378 -0.0053437825248784541 0.0026913435632181428 -0.014755813829327528 -0.0060603064078627701 -0.00019769882726620392 -0.0019423495314627511 -0.0061724668748884192 0.0061948714334255977 0.0074472918479517609 -0.0042799326643119624 0.00656983789189532
leaf_weight=4046.7650220543146 1700.6287535279989 4351.981989055872 3102.6925122141838 1728.2052832841873 386.48377637565136 6506.3633798062801 9517.6825384050608 1693.2699540704489 774.1404725164175 1150.7063459903002 5413.0634207725525 505.13245330750942 2922.1719920635223 12290.37284219265 260.74482351541519 2847.8321691155434 10519.359991580248 621.32272754609585 1844.0518807917833 426.46720841526985 889.48143245279789 264.91942985355854 2630.1364889591932 10170.90229909122 5011.8406653702259 3264.2392374575138 643.69666528701782 781.03271369636059 1537.094664439559 1421.8801840692759
leaf_count=16283 6836 17488 12574 6952 1564 26189 38460 6820 3113 4624 21801 2027 11768 49406 1057 11445 42226 2491 7413 1713 3583 1064 10600 40828 20246 13183 2580 3137 6216 5708
internal_value=4.5348e-05 0.000277688 -0.000197155 0.00176183 0.00310223 0.00536598 0.0010182 -0.000244756 -0.00135081 -0.00033202 7.73661e-05 0.000868633 -0.000515853 -0.00108311 -0.00171119 -0.00127179 -0.000122736 0.00347558 0.0020593 0.00255919 -0.00300134 -0.00383003 -0.00331249 0.000832479 -0.00256394 -0.00361622 -6.64912e-05 0.00175253 -0.00106855 0.00444208
internal_weight=99224.7 92202.4 69859.8 22342.6 13391.6 8234.57 29453.6 8951.05 7257.78 6483.64 19935.9 5332.93 5157 40406.2 28115.8 25013.1 13245.5 2726.12 2465.37 2234.83 7022.26 6132.78 5867.86 15584 11767.6 8276.08 3491.53 4827.8 3237.72 1808.36
internal_count=399395 371096 281198 89898 53894 33141 118577 36004 29184 26071 80117 21447 20753 162621 113215 100641 53187 10961 9904 8985 28299 24716 23652 62629 47454 33429 14025 19420 13052 7272
is_linear=0
shrinkage=0.05


Tree=46
num_leaves=31
num_cat=0
split_feature=64 84 52 38 49 52 89 2 31 15 0 48 55 34 10 44 6 34 65 43 93 34 87 93 33 39 31 89 46 89
split_gain=24.5723 25.1141 20.8941 19.6993 19.4429 18.3661 17.8196 17.8246 14.8557 17.5764 13.2911 12.6903 13.0759 11.8346 21.1915 11.7219 11.2735 13.4647 12.2323 13.6828 11.6296 12.8361 11.1444 13.162 12.2042 11.6144 10.9447 10.9121 10.4406 12.2651
threshold=10.500000000000002 0.56102403444822335 132.0677087772448 0.048854050000000003 132.1249544859914 127.81486239418365 0.56796585000000011 2.5000000000000004 0.21353250000000004 79.950000000000017 8.5000000000000018 0.45101756227338208 1481.4078284635057 0.46193350000000005 1.5000000000000002 27.759826301906795 4.5000000000000009 0.57364050000000011 -1.0000000180025095e-35 2100.3128658256087 -0.038018500000000004 0.52372050000000014 0.015208500000000015 -0.028449499999999985 4078.5000000000005 0.046666352232463397 0.21440350000000002 0.61091165000000014 1.840218765549102 0.4577672000000001
decision_type=2 2 10 10 10 8 8 2 10 2 2 10 10 8 2 8 2 8 2 8 10 10 8 8 2 10 8 10 10 8
left_child=1 3 -2 4 5 8 13 15 28 -10 26 -9 -13 14 -5 -8 -15 18 19 -18 21 -20 -14 24 -24 27 -7 -25 29 -1
right_child=2 -3 -4 6 -6 10 7 11 9 -11 -12 12 22 16 -16 -17 17 -19 20 -21 -22 -23 23 25 -26 -27 -28 -29 -30 -31
leaf_value=0.0049456613844659769 -0.0047750347204563622 0.00246712952742624 0.0052272604979807808 -0.00059123816992692865 0.0068971172206271818 -0.0063297835535294196 0.010226976523760228 0.0024969705124657034 0.013173123113476296 -0.003194134232982654 0.00071486685711566206 -0.0070516643129024366 0.0085507841185260679 0.0003198939501907738 -0.012679668992867755 0.0028403425660627358 0.0060112987096698029 0.0053492975747714147 0.0084224106104060347 -0.0012971457445831417 -0.0035470675769197681 -0.0048534149291338084 0.013097010565473103 0.0041764192209140932 -0.0010781738127087059 -0.0091998304061516843 -0.00130701692563264 -0.0061140910927964635 -0.0087266341314848443 -0.0021947036291005127
leaf_weight=834.72318288683891 4118.912883669138 10661.15376034379 589.30633260309696 1212.3500713258982 569.88770112395287 4273.8983173370361 949.31347467005253 5564.8010106235743 415.51564630866051 261.58402363955975 1205.1695323586464 774.29078431427479 345.29712487757206 47927.153595328331 507.85940730571747 1245.5038726776838 885.75180895626545 681.09739157557487 436.39163558185101 2238.1495059728622 6987.4826871752739 298.96807473897934 263.51593220233917 590.10152751207352 338.20706678926945 548.15290234982967 1460.4321870356798 441.41226214170456 392.89012506604195 2078.0097874850035
leaf_count=3374 16603 43083 2373 4876 2303 17250 3863 22480 1675 1056 4871 3105 1388 192589 2045 5030 3554 2738 1755 8992 28103 1202 1061 2373 1365 2199 5900 1774 1587 8357
internal_value=6.71042e-06 0.000182714 -0.00351467 -0.000108423 -0.00203029 -0.00250198 0.000197569 0.0020435 0.000204665 0.0068955 -0.00405343 0.00104169 -0.00141175 -0.000136459 -0.00421278 0.00606714 -1.78299e-05 -0.00142098 -0.00185064 0.000787662 -0.00291748 0.00303229 0.000337555 -0.000995623 0.00524226 -0.00338977 -0.00505508 -0.000243588 -0.0011825 -0.000138517
internal_weight=99097.3 94389.1 4708.22 83727.9 11492.1 10922.2 72235.8 11060.6 3982.72 677.1 6939.5 8865.78 3300.98 61175.2 1720.21 2194.82 59455 11527.8 10846.7 3123.9 7722.84 735.36 2526.69 2181.39 601.723 1579.67 5734.33 1031.51 3305.62 2912.73
internal_count=398924 379948 18976 336865 46373 44070 290492 44638 16049 2731 28021 35745 13265 245854 6921 8893 238933 46344 43606 12546 31060 2957 10160 8772 2426 6346 23150 4147 13318 11731
is_linear=0
shrinkage=0.05


Tree=47
num_leaves=31
num_cat=0
split_feature=71 65 51 19 56 39 83 55 48 24 85 43 97 52 24 43 50 99 83 24 86 93 58 8 58 44 79 40 50 54
split_gain=35.8973 28.6253 22.4024 20.0072 21.0092 17.2978 16.7971 15.7254 19.3571 18.3853 16.4302 18.8052 15.6905 15.0732 16.4942 14.7734 35.6331 14.7448 24.4478 17.0733 13.9816 14.094 13.9593 13.3366 14.7349 13.3038 15.6065 13.0088 12.9275 12.751
threshold=1.0000000180025095e-35 1.0000000180025095e-35 2477.3267169214528 13.500000000000002 2.1777651606268282 0.036503553809810484 0.57030769959877781 1640.077016229008 -0.63126534077532526 0.11175450000000002 0.57961006452214525 2155.8654263536105 0.68269979657390978 128.43611493405226 0.16903700000000002 2218.6549269623611 140.83887908414766 0.0098474999999999969 0.46630216133229258 0.18376750000000003 0.026824000000000018 -0.011403000000000002 985.00000000000011 5.5000000000000009 2766.0000000000005 34.07438895481986 56.350000000000001 0.054172170011291688 146.32572711261932 131.47882059696198
decision_type=2 2 10 2 8 8 2 8 8 8 2 10 2 10 10 10 10 8 2 10 10 10 10 2 10 8 2 8 10 10
left_child=3 7 5 12 20 28 17 9 -9 -2 11 -11 -1 -7 22 -10 -17 -6 -19 -20 -5 -22 -15 -24 -25 26 -14 -27 -3 -23
right_child=1 2 -4 4 6 13 -8 8 15 10 -12 -13 25 14 -16 16 -18 18 19 -21 21 29 23 24 -26 27 -28 -29 -30 -31
leaf_value=0.010130345844210943 -0.01258278668522698 -0.0017005067659823605 0.0073584006851323911 -0.0014188683738692938 -0.00072594287977176231 -0.0031129547788792452 0.0040704907577798653 -0.0039901884611838702 -0.00012367031577396379 0.00023220694247479308 0.010491276806227568 -0.0035624877004504455 0.0048285840102960777 -0.015840890426182544 -0.014677886540970254 0.0084395386637398304 0.00071386231260559593 -0.0038866885087288647 0.0032712092440167042 -0.0007899452047111493 -0.00013687856112558656 -0.004668295007866816 -0.00048779208825492726 -0.0028062653408182417 -0.014322507571266511 -0.0096636172904377739 0.00028661266501341115 0.00055078233177958209 0.0069248606539190904 -0.019698033856726128
leaf_weight=645.67042918503284 364.39515720307827 2848.5132989883423 487.18356330692768 1749.9156926125288 17590.423701867461 6073.3823672831059 3156.7798697054386 2142.0359179526567 11655.849582031369 6745.1662471443415 277.06143754720688 6315.5214542299509 5371.1488439291716 284.5226469039917 614.92877548933029 1992.3954789787531 5870.0850313603878 1895.8050155639648 9570.8402806818485 3541.1224870383739 293.56713654100895 249.82296238839626 1172.0412528514862 612.78135764598846 507.58542843163013 339.23658952116966 2918.2807364165783 2893.5035049319267 502.28452472388744 339.70397771894932
leaf_count=2607 1468 11490 1959 7034 70589 24519 12793 8671 46899 27138 1116 25504 21672 1165 2483 8008 23638 7691 38370 14202 1179 1003 4738 2484 2047 1359 11775 11654 2033 1365
internal_value=-9.56765e-05 -0.00106787 -0.00306315 0.000836355 0.000276105 -0.0034711 0.000593931 -0.000327887 0.000510703 -0.00165294 -0.00134512 -0.00160405 0.00260219 -0.00458347 -0.00736308 0.00100644 0.00267982 0.000256119 0.0014069 0.00217465 -0.00402573 -0.0091177 -0.00556756 -0.00422922 -0.00810428 0.00217192 0.00323186 -0.000547589 -0.000390807 -0.013513
internal_weight=99021.6 48465.7 13103.2 50555.8 38388 12616 35755 35362.5 21660.4 13702.1 13337.7 13060.7 12167.8 9265.24 3191.86 19518.3 7862.48 32598.2 15007.8 13112 2633.01 883.094 2576.93 2292.41 1120.37 11522.2 8289.43 3232.74 3350.8 589.527
internal_count=398653 195360 52918 203293 154226 50959 143645 142442 87216 55226 53758 52642 49067 37436 12917 78545 31646 130852 60263 52572 10581 3547 10434 9269 4531 46460 33447 13013 13523 2368
is_linear=0
shrinkage=0.05


Tree=48
num_leaves=31
num_cat=0
split_feature=86 49 22 51 88 86 36 55 29 38 20 32 16 88 40 49 27 31 27 25 64 62 87 87 93 51 88 27 21 32
split_gain=28.1807 24.2065 21.4511 13.9873 16.4082 15.3592 16.3708 13.8765 13.3237 13.19 13.8061 17.6841 12.7626 12.4743 13.6165 13.4027 16.7258 19.1313 18.42 14.8314 13.7611 13.6159 15.1426 12.7945 12.8611 12.5225 12.0552 18.5229 20.3094 13.125
threshold=-0.12902999999999998 132.9014309569998 0.49943550000000009 2336.6391044105872 -0.066645999999999997 -0.22016449999999999 0.62635550000000018 1055.0290312337813 0.47064550000000005 0.048854050000000003 13.500000000000002 0.13205700000000001 0.83500000000000008 0.040725499999999977 0.067904319140620006 127.1085244321455 0.4748735 0.20653950000000001 0.48499850000000005 0.3086965000000001 10.500000000000002 1.0000000180025095e-35 0.058269000000000022 -0.0067169999999999999 0.042240999999999994 2098.010221027012 0.034739499999999986 0.4208070000000001 6096.5000000000009 0.14716350000000003
decision_type=8 10 10 10 10 10 10 8 10 10 2 8 2 8 8 8 10 10 10 10 2 2 10 10 10 8 10 10 2 8
left_child=3 2 9 -1 5 6 -5 12 -6 -2 11 -11 -4 15 -15 20 17 23 -18 -20 -9 25 -23 24 -17 -21 29 -28 -29 -12
right_child=1 -3 7 4 8 -7 -8 13 -10 10 26 -13 -14 14 -16 16 18 -19 19 21 -22 22 -24 -25 -26 -27 27 28 -30 -31
leaf_value=-0.0012172126860329796 -0.0031006130453662098 0.0074738383312078702 -0.013661452511074576 0.0039260750569632104 0.005492046324207002 -0.012562342185690781 -0.011553637186552345 0.00020406619938973761 -0.0042924037435706679 -0.0038316462458093956 0.0019304062327541241 0.0031328546690355418 0.00096255162651625041 0.0044874971537511828 0.0003140269452649243 0.0011550277324336084 0.01159656633846397 0.0050619028643144014 -0.0072711923051998559 0.010906147390443389 -0.0049225716562181039 0.0051172707754672773 -0.0042785207576619393 -0.0094355256846509229 -0.010076594569242854 0.00020886808184343472 0.0066430199016289035 -0.0037574182660441951 -0.017733322995671628 -0.0013500685121104247
leaf_weight=12835.15557564795 5342.1951366215944 1157.7170246392488 305.28297616541386 394.03607420623302 490.02331928908825 936.68229582905769 286.75132568180561 27692.27759256959 1135.8474369347095 1123.9769706875086 4202.0725568234921 4652.0202284455299 280.86634501814842 4633.4286159873009 3377.6009293049574 1168.5912324488163 539.82786041498184 797.13503743708134 388.01249606907368 279.02708075940609 1363.8869328051805 5009.1617983281612 461.40149854123592 705.19974607229233 315.41665464639664 5127.1750921756029 363.43359886109829 2495.0914672613144 281.77941551804543 11035.306952133775
leaf_count=51661 21604 4762 1225 1585 1977 3784 1159 111230 4560 4532 16966 18736 1127 18764 13585 4686 2165 3197 1556 1119 5479 20163 1853 2826 1269 20632 1469 10029 1135 44479
internal_value=-4.51525e-05 0.000325648 0.000223753 -0.00196056 -0.00488947 -0.00843938 -0.00266693 0.000830405 -0.00132791 -0.000854804 -0.000357009 0.00177332 -0.00675544 0.000917433 0.00273047 0.000585638 0.00181031 -0.00152867 0.00265559 0.00221722 -3.81873e-05 0.00256207 0.00431844 -0.00394054 -0.00128365 0.000780097 -0.00102716 -0.00384286 -0.00523415 -0.000444726
internal_weight=99176.4 83097.9 81940.2 16078.5 3243.34 1617.47 680.787 52444.3 1625.87 29495.9 24153.7 5776 586.149 51858.1 8011.03 43847.1 14790.9 2986.34 11804.6 11264.8 29056.2 10876.8 5470.56 2189.21 1484.01 5406.2 18377.7 3140.3 2776.87 15237.4
internal_count=399314 334588 329826 64726 13065 6528 2744 210876 6537 118950 97346 23268 2352 208524 32349 176175 59466 11978 47488 45323 116709 43767 22016 8781 5955 21751 74078 12633 11164 61445
is_linear=0
shrinkage=0.05


Tree=49
num_leaves=31
num_cat=0
split_feature=20 61 20 0 72 89 35 2 3 33 72 49 19 93 89 27 35 44 99 90 48 52 62 99 54 23 23 27 25 37
split_gain=28.6054 29.8469 46.1202 23.9603 19.3802 18.019 17.6594 17.2776 16.7305 16.6783 15.4493 14.0148 13.8498 16.3715 15.5072 13.3613 13.206 12.9832 16.8724 12.7756 12.7315 12.4699 12.4353 16.5971 12.2715 11.7231 12.8734 11.7013 16.6941 12.445
threshold=13.500000000000002 1.0000000180025095e-35 12.500000000000002 4.5000000000000009 3.5000000000000004 0.46666315000000008 0.13631750000000001 3.5000000000000004 1.5000000000000002 11173.500000000002 3.5000000000000004 132.9014309569998 15.500000000000002 0.062188500000000001 0.57643035000000009 0.61577350000000008 0.12581400000000004 30.653069496385331 0.054209500000000015 0.016406050000000009 0.53638322278429607 117.44812538777613 1.0000000180025095e-35 0.0073394999999999997 136.26963952213535 0.20021550000000002 0.15838800000000003 0.56185150000000006 0.41994750000000008 0.25994950000000006
decision_type=2 2 2 2 2 8 8 2 2 2 2 10 2 10 10 8 10 10 10 8 10 8 2 8 10 10 8 10 10 10
left_child=1 2 12 6 8 -6 16 21 -2 -8 -3 20 15 14 24 22 -4 18 -5 -10 27 -7 -1 -24 -14 26 -12 29 -29 -9
right_child=4 10 3 17 5 7 9 11 19 -11 25 -13 13 -15 -16 -17 -18 -19 -20 -21 -22 -23 23 -25 -26 -27 -28 28 -30 -31
leaf_value=-0.0020916013744082256 -0.0012564914929811969 -0.010733862502671915 0.00036413826464057027 0.0092871918558584191 -0.0012747289585468347 0.0097399313053856615 -0.0070721956011264298 0.001570680203891246 -0.0039461401874583647 0.0051302748783423925 0.00033902855729597706 0.0067019085314628975 -0.0042154888934466551 0.0055880209669448115 0.0047018653454861644 0.010527577358594754 0.014921371357563615 0.0032401928893023325 0.0014133376217095107 -0.012528073181737551 -0.0019443875338434205 0.0015971628359147283 0.0098854766209278411 -0.0020914295518218435 0.0044681108313316944 0.00072739657548206397 -0.0084395476046029826 0.0021622849112998069 -0.008235189928142022 -0.0019162739349951438
leaf_weight=1222.6681804060936 6806.6369016319513 393.16346243023872 337.44566069543362 4122.1541195362806 20159.231802642345 475.42495658993721 857.30843712389469 3867.5262626111507 1661.4605960100889 404.98428571224213 808.24714684486389 709.40332755446434 4003.13701364398 753.29582658410072 683.76569183170795 477.24404014647007 280.2341401129961 2059.79637414217 819.23201166093349 585.19522476196289 8841.846276268363 15493.4644318223 706.9765435308218 479.88010010123253 444.58346997201443 4402.3973456174135 852.46834355592728 8466.2776458114386 394.76535715162754 7517.9137671887875
leaf_count=4920 27494 1595 1358 16589 81252 1948 3451 15516 6744 1629 3246 2913 16102 3027 2758 1929 1127 8308 3293 2370 35514 62337 2845 1928 1785 17734 3423 34106 1586 30170
internal_value=0.000154135 0.00165194 0.00271547 0.0052532 -0.00032763 -2.95919e-05 0.000239378 0.000519023 -0.00249551 -0.0031477 -0.00125565 -0.000192246 0.000142965 -0.00124838 -0.00226087 0.00297378 0.00710109 0.00659727 0.00798728 -0.00622712 -0.000362626 0.00184553 0.00144031 0.00506586 -0.00333942 -0.00062437 -0.00419068 0.000328765 0.00169031 -0.00073145
internal_weight=99088.1 24109 17652.7 8881.16 74979.1 65925.9 1879.97 45766.6 9053.29 1262.29 6456.28 29797.7 8771.55 5884.78 5131.49 2886.77 617.68 7001.18 4941.39 2246.66 29088.3 15968.9 2409.52 1186.86 4447.72 6063.11 1660.72 20246.5 8861.04 11385.4
internal_count=398997 97047 71049 35755 301950 265342 7565 184090 36608 5080 25998 119805 35294 23672 20645 11622 2485 28190 19882 9114 116892 64285 9693 4773 17887 24403 6669 81378 35692 45686
is_linear=0
shrinkage=0.05


Tree=50
num_leaves=31
num_cat=0
split_feature=64 84 41 84 27 44 31 79 31 5 31 14 34 20 39 20 39 97 90 22 51 29 85 10 47 22 0 22 24 19
split_gain=23.8104 23.5474 17.8086 17.2847 16.6184 14.1352 17.1758 15.3839 16.4176 14.1301 13.9747 13.9266 13.7385 15.6534 19.0101 18.2966 16.5036 15.0223 13.7103 17.6904 14.3303 12.7292 12.6256 12.3982 14.5788 13.1881 12.5802 13.259 12.6467 12.346
threshold=9.5000000000000018 0.53120150023852897 0.080954668801683977 0.46976423968189646 0.52793400000000001 23.78518905108584 0.19734600000000002 45.250000000000007 0.10265200000000001 1.5000000000000002 0.12760550000000001 1.0000000180025095e-35 0.46193350000000005 13.500000000000002 0.044877404522006538 12.500000000000002 0.02807954440775742 1.0484537734811179 -0.019450100000000022 0.57187700000000008 2344.2649794397043 0.43029300000000004 0.50855365862393642 3.5000000000000004 1.6930871733399668 0.53228950000000019 8.5000000000000018 0.4375130000000001 0.16259900000000002 17.500000000000004
decision_type=2 2 8 2 10 10 10 2 10 2 10 2 8 2 10 2 8 2 10 10 8 10 2 2 8 10 2 8 10 2
left_child=1 12 4 -2 5 7 -7 -3 -9 -5 -4 -8 21 14 15 23 -15 -18 19 -12 -20 -1 -6 24 -14 26 27 -26 -28 -17
right_child=3 2 10 9 22 6 11 8 -10 -11 18 -13 13 16 -16 29 17 -19 20 -21 -22 -23 -24 -25 25 -27 28 -29 -30 -31
leaf_value=-0.010480767964793398 -0.015094436233819068 0.005251291015032758 0.00859686189579025 -0.00397981314066124 -0.00081656958883755582 -0.0031743446028682136 -0.0016264048100050382 0.010348426842286575 -0.0031788796579971311 0.00080141846983975383 0.014809050718945305 0.0053742108911575687 -0.006282570325856815 0.005317885994204549 -0.0022636327495741209 0.0018453024266292092 -0.0010660352872850518 0.0026818518229996015 -0.008910836457864205 0.0019262185186718331 0.0019933233720698103 -0.0018001047004586176 0.0029346714167493432 -0.0068672031488920503 -0.0057713916497458924 -0.0084213878893139044 0.0026403570526410663 0.0053112012228486412 -0.011615943145177944 0.0060471519241773273
leaf_weight=593.97121953964233 265.62299999594688 1892.4174366891384 1328.9574331194162 4412.7780861258507 2875.2456001937389 5659.2266846895218 1543.4549430608749 252.73884272575378 1526.8334922790527 2370.6359347552061 410.47482481598854 1300.80625616014 629.84572568535805 1110.850408539176 3171.0155615061522 3962.4139166027308 41633.982594743371 2847.6331121474504 375.80916945636272 737.42815986275673 1365.9657545089722 1422.6992704123259 10131.877334520221 609.45060227811337 293.62689971923828 277.04456482827663 344.15687799453735 2535.6118209213018 269.54082371294498 3137.076389208436
leaf_count=2412 1095 7586 5395 17785 11608 22724 6193 1014 6120 9551 1649 5218 2535 4488 12770 15935 167562 11475 1511 3002 5566 5719 40900 2452 1200 1111 1381 10181 1083 12616
internal_value=-1.38255e-05 0.000200341 0.00136801 -0.00281261 0.000863455 -0.000464028 -0.00158314 0.00212485 -0.00121061 -0.00231017 0.00437073 0.0015829 -0.000346123 -0.000211144 0.00117622 0.0020819 -0.000674737 -0.000825553 0.0024042 0.00662106 -0.000396819 -0.00439592 0.00210546 -0.000248568 0.000692387 0.00188702 0.0027385 0.00414474 -0.00370697 0.00370788
internal_weight=99289.2 92240.2 29401.2 7049.04 25182.6 12175.5 8503.49 3671.99 1779.57 6783.41 4218.64 2844.26 62838.9 60822.2 15229.8 12058.8 45592.5 44481.6 2889.68 1147.9 1741.77 2016.67 13007.1 4959.28 4349.83 3719.98 3442.94 2829.24 613.698 7099.49
internal_count=399837 371406 118486 28431 101363 48855 34135 14720 7134 27336 17123 11411 252920 244789 61264 48494 183525 179037 11728 4651 7077 8131 52508 19943 17491 14956 13845 11381 2464 28551
is_linear=0
shrinkage=0.05


Tree=51
num_leaves=31
num_cat=0
split_feature=20 20 26 74 29 38 50 65 38 54 23 36 16 54 91 88 97 85 51 47 85 55 67 72 16 54 21 33 33 26
split_gain=20.5826 26.4914 27.4088 18.7033 17.446 17.1768 15.3001 13.9403 19.116 16.88 17.0513 17.2569 15.7546 14.9852 14.2967 13.9412 13.526 14.9023 15.2658 13.2994 12.88 12.8089 17.9094 13.5278 12.8066 12.3228 11.8638 11.7731 11.6524 11.232
threshold=13.500000000000002 12.500000000000002 0.40199100000000004 1.0000000180025095e-35 0.59639650000000011 0.24260450000000003 141.21798917147751 -1.0000000180025095e-35 0.22644200000000003 136.54069999733829 0.22233650000000002 0.70108100000000018 0.24500000000000002 134.96842887361683 0.23297450000000003 0.013210000000000029 0.93775767487150019 0.52378793619547925 2327.6265065292864 1.6863474283051176 0.52102067933024021 1387.829764569628 1.0000000180025095e-35 3.5000000000000004 0.97500000000000009 128.06986462435893 1903.5000000000002 172.50000000000003 172.50000000000003 0.44931950000000004
decision_type=2 2 10 2 10 10 8 2 10 10 10 10 2 8 10 10 2 2 8 8 2 10 2 2 2 8 2 2 2 10
left_child=1 4 -3 28 6 -4 -1 8 20 10 13 14 -13 -9 16 -15 17 -12 -19 -14 -5 23 -23 -18 -10 -26 -17 -8 -2 -22
right_child=3 2 5 7 -6 -7 27 9 24 -11 11 12 19 15 -16 26 21 18 -20 -21 29 22 -24 -25 25 -27 -28 -29 -30 -31
leaf_value=-0.0052178681277956218 -0.0053394708166670775 -0.0021539236702027768 0.0028055708756133508 0.00094096449548631037 0.0062535149218632879 0.0083125732900392445 -0.01077488839052064 -0.0010410676602166636 0.001383617022294173 0.0032872791816015625 -0.0053491786211724204 -0.0050797109275532021 0.015388002063917289 0.0052521825435859482 -0.01108983613249068 -0.0090212900531161551 -0.008258021553849592 0.0011695288090286481 -0.0050828405672945463 0.0026278819229898828 -0.0041775136152098812 -0.0013762017173152034 -0.0076133414186096418 0.0023425076579965533 0.014861253364742739 0.0040847684945046663 0.0049068496168862396 0.00010615439011698878 0.0011180266356343156 0.00027748413301607601
leaf_weight=2059.9987845867872 716.08811491727829 2531.199831917882 10297.545167639852 6536.5083657056093 790.51342049241066 1637.0867156088352 248.40536783635616 12035.559107154608 2180.0091822147369 1805.2799483984709 6646.0601138472557 439.5443499237299 273.09800264239311 1932.9929493963718 502.05834454298019 363.44314213097095 325.88816012442112 2300.4215502440929 1682.3340941369534 753.14194418489933 3338.3841013908386 6451.4650817066431 1392.727016299963 2897.2140484899282 401.26495388150215 780.48482604324818 250.51103943586349 6542.9280915111303 18569.782395988703 2448.0383546054363
leaf_count=8276 2885 10222 41453 26311 3205 6575 1002 48376 8763 7310 26853 1779 1106 7797 2030 1461 1313 9276 6798 3034 13422 25978 5611 11638 1621 3133 1018 26323 74803 9864
internal_value=-5.7744e-05 0.00121292 0.00256542 -0.000466168 -0.0008168 0.0035673 -0.00145459 -0.000930524 0.000332926 -0.00142526 -0.0016485 -0.00247698 0.00276341 -0.000303302 -0.0028241 0.00317343 -0.00262781 -0.00390121 -0.00147762 0.00613927 -0.00057941 -0.00140245 -0.00249188 0.00124846 0.003669 0.00783794 -0.00335065 -0.000307097 0.000875616 -0.00229553
internal_weight=99130 24107.7 14465.8 75022.3 9641.85 11934.6 8851.33 55736.4 15684.7 40051.7 38246.5 23664 1465.78 14582.5 22198.2 2546.95 21696.1 10628.8 3982.76 1026.24 12322.9 11067.3 7844.19 3223.1 3361.76 1181.75 613.954 6791.33 19285.9 5786.42
internal_count=399236 97056 58250 302180 38806 48028 35601 224492 63114 161378 154068 95416 5919 58652 89497 10276 87467 42927 16074 4140 49597 44540 31589 12951 13517 4754 2479 27325 77688 23286
is_linear=0
shrinkage=0.05


Tree=52
num_leaves=31
num_cat=0
split_feature=38 21 69 20 44 87 56 36 23 23 49 65 88 72 72 97 92 20 30 47 43 16 72 87 91 43 28 50 87 10
split_gain=18.946 21.584 19.4604 18.3941 20.4318 15.9527 14.8969 14.0695 14.0629 13.0834 17.9385 23.5009 12.7152 12.8385 11.7937 11.5616 11.4248 15.6023 14.5383 14.107 11.987 12.1371 11.8345 12.4792 11.4227 11.2806 12.1571 11.1538 10.9102 10.7928
threshold=0.048854050000000003 1703.5000000000002 1.0000000180025095e-35 13.500000000000002 24.619540225890091 -0.0061589999999999692 2.7003885487945687 0.68814450000000005 0.29280450000000008 0.21504600000000001 126.44276337683158 -1.4999999999999998 -0.11207849999999996 3.5000000000000004 3.5000000000000004 1.0555003562381366 -0.054177549999999998 17.500000000000004 0.11791450000000002 1.7506147532885257 2234.5888388845729 0.64500000000000013 3.5000000000000004 -0.011491499999999958 0.019495000000000002 2095.1209755861205 0.39960450000000008 150.53244845359293 -0.062710500000000016 -1.0000000180025095e-35
decision_type=10 2 2 2 8 8 10 10 10 10 8 2 8 2 2 2 10 2 10 10 8 2 2 10 10 10 10 10 8 2
left_child=1 16 3 4 5 25 -7 9 -3 10 -5 -12 -4 -14 -13 -11 17 19 22 -1 21 -20 -18 -24 -9 -2 -27 29 -15 -6
right_child=2 8 12 7 27 6 -8 24 -10 15 11 14 13 28 -16 -17 18 -19 20 -21 -22 -23 23 -25 -26 26 -28 -29 -30 -31
leaf_value=-0.00068866305802672064 0.001109176439636661 -0.00047164093129384408 -0.013816552396858792 -0.00058947135948021799 0.0025186397656562836 -0.0098252823297883679 0.0026780138083052391 0.0062147792841076533 0.0067945172042326923 -0.00085326262813210745 -0.0060453216504875815 -0.0029084846840866669 -0.010382184942426816 0.0046987408657714813 0.0034699560072816906 0.0029879890540433413 -0.017330155577786305 -0.008776115440584464 0.0061166685639260712 0.012240352477871981 -0.004431160645424718 -0.0045181845818333651 -0.0022560620181798301 -0.010669433733492981 -0.00091158806106069259 -0.00098232871993985489 0.0096333383647315002 0.010353611702312785 -0.0026490371673983265 -0.00047732889710594873
leaf_weight=555.53762692213058 704.09245607256889 5353.6942056417465 249.69991560280323 10419.129980936646 4598.9773328304291 261.368403211236 1946.2344346344471 1603.8434648364782 750.32735678553581 37305.581029519439 769.93564738333225 779.06899371743202 431.31082037091255 609.20807559788227 9211.4901299476624 2057.7464120537043 280.47833468019962 302.33224378526211 639.99031186103821 329.19673365354538 2798.6134045869112 447.6121461391449 919.73852474987507 848.58607493340969 859.46011163294315 306.37552206218243 2139.9873356223106 287.6110372543335 2743.1097052693367 8636.598731353879
leaf_count=2243 2825 21545 1008 41835 18513 1049 7836 6459 3046 150100 3113 3135 1753 2453 37266 8318 1147 1221 2588 1328 11338 1810 3713 3422 3463 1232 8607 1167 11044 34755
internal_value=1.02724e-05 -0.00175065 0.000281509 0.000448657 0.00181713 0.00442718 0.00116006 3.83399e-05 0.000431192 -0.000112646 0.00088914 0.00232006 -0.00310475 -0.00236327 0.00297015 -0.000651751 -0.00361859 0.000853218 -0.00451293 0.00420507 -0.00270447 0.00173852 -0.00791344 -0.00633078 0.00373472 0.00670562 0.00830528 0.000780484 -0.00130374 0.000564799
internal_weight=99146.9 13226.1 85920.8 81887.5 18881.2 5358.06 2207.6 63006.3 6104.02 60543 21179.6 10760.5 4033.33 3783.63 9990.56 39363.3 7122.09 1187.07 5935.02 884.734 3886.22 1087.6 2048.8 1768.32 2463.3 3150.46 2446.36 13523.2 3352.32 13235.6
internal_count=399332 53401 345931 329673 75984 21549 8885 253689 24591 243767 85349 43514 16258 15250 40401 158418 28810 4792 24018 3571 15736 4398 8282 7135 9922 12664 9839 54435 13497 53268
is_linear=0
shrinkage=0.05


Tree=53
num_leaves=31
num_cat=0
split_feature=64 20 91 22 52 61 20 95 38 74 89 88 53 85 1 47 15 31 49 19 29 53 48 53 5 88 47 25 33 31
split_gain=21.3276 19.5644 19.6229 20.9659 19.0208 16.6751 28.0999 16.4432 16.307 15.8533 15.6707 14.1519 15.9944 15.0404 17.5889 13.3169 13.2043 14.0985 15.9104 14.504 13.4566 14.375 12.8594 14.8176 12.7202 12.7119 13.7772 12.6974 12.2653 12.2268
threshold=9.5000000000000018 13.500000000000002 0.055972500000000015 0.58178000000000007 132.0677087772448 1.0000000180025095e-35 12.500000000000002 0.17262000000000002 0.16112100000000004 1.0000000180025095e-35 0.52844840000000015 0.06190799999999997 2212.5896396465341 0.52157382845431222 3.5000000000000004 1.6965928533251817 96.750000000000014 0.17814300000000002 120.9743946618446 13.500000000000002 0.51650650000000009 2393.4687869861514 0.51655841793245327 2016.002319237238 1.5000000000000002 -0.017973999999999987 1.8870820024992059 0.37712150000000005 498.50000000000006 0.28989850000000006
decision_type=2 2 10 10 10 2 2 10 10 2 8 10 8 2 2 10 2 10 10 2 10 8 10 8 2 8 10 10 2 10
left_child=1 5 3 9 -2 6 11 8 -4 28 -8 12 -1 -14 -15 -11 17 20 -19 -20 21 -10 23 -17 -25 26 -24 -16 -3 -21
right_child=4 2 7 -5 -6 -7 10 -9 16 15 -12 -13 13 14 27 22 -18 18 19 29 -22 -23 25 24 -26 -27 -28 -29 -30 -31
leaf_value=-0.0041773363045886627 -0.0036985032821308752 -0.0040611291217475254 -0.0027109125331101127 0.0032043051056709114 0.0042109818059592801 -0.00083807148305196683 0.002982564870144957 -0.0088107047560340521 -0.0024631931747123369 0.00049097106871946251 0.0079222827292366651 0.0083831543587041309 -0.0011654750377314658 -0.00016857130707119641 0.012078499528246335 0.0058965120464550555 -0.0068405890417133665 0.0085145604651625031 0.011743111806443451 -0.00059620867393276938 -0.0065696138564180738 0.0096985091207682436 -0.0028301390365355721 -0.0022070094569116212 0.0010703899276368329 -0.006245086351267146 0.0066157163868761498 0.00068611879426908442 0.0019221701728887768 0.0082671612779549198
leaf_weight=2017.9421411901712 6149.5615275800228 919.77907948195934 9915.9939028769732 5300.9580935388803 858.65067498385906 5978.1755632311106 6066.0839097797871 761.22777986526489 780.29014177620411 14306.567810937762 2186.1749509871006 481.4688770622015 3307.0827419310808 1193.0650696307421 773.1041691750288 787.40623435378075 587.65003979206085 844.76161892712116 287.24520765244961 3782.7400860488415 1044.4085039496422 341.06976354122162 2455.6586336642504 8916.5140885263681 4422.3318724483252 2452.1125368922949 447.97258086502552 357.49349276721478 10956.770764008164 423.5917851626873
leaf_count=8113 24818 3707 39953 21501 3461 24069 24396 3084 3130 57587 8842 1947 13304 4801 3109 3183 2359 3398 1156 15170 4195 1367 9877 35935 17821 9851 1803 1445 44116 1699
internal_value=-6.78714e-05 0.000134588 -0.000278113 0.00023093 -0.00272481 0.00142121 0.00224566 -0.00165977 -0.00135277 -0.000114856 0.00429919 0.000158566 -0.000369425 0.00100024 0.00407431 -0.000667191 0.000312857 0.000881405 0.00226085 0.0010689 -0.00251352 0.00128891 -0.0015175 -0.000725416 -0.00112044 -0.00360145 -0.00135513 0.00851384 0.00145577 0.000313853
internal_weight=99103.9 92095.6 69735.1 50966.1 7008.21 22360.6 16382.4 18769 18007.8 45665.1 8252.26 8130.16 7648.69 5630.75 2323.66 33788.6 8091.76 7504.11 5338.34 4493.58 2165.77 1121.36 19482 14126.3 13338.8 5355.74 2903.63 1130.6 11876.5 4206.33
internal_count=399197 370918 280892 205381 28279 90026 65957 75511 72427 183880 33238 32719 30772 22659 9355 136057 32474 30115 21423 18025 8692 4497 78470 56939 53756 21531 11680 4554 47823 16869
is_linear=0
shrinkage=0.05


Tree=54
num_leaves=31
num_cat=0
split_feature=72 14 39 89 45 85 29 44 45 85 4 51 27 79 54 57 89 39 56 99 92 77 93 49 65 52 27 57 57 49
split_gain=25.5223 17.1941 16.609 16.4627 13.6695 14.6608 13.2749 13.238 12.7615 18.1831 15.5122 22.5613 12.3864 12.0755 16.5683 12.3199 11.9552 11.6439 11.2036 12.135 11.1773 11.1604 14.9933 11.0474 11.0355 11.5403 10.6707 16.3344 12.6155 10.6529
threshold=3.5000000000000004 1.0000000180025095e-35 0.035564706961301394 0.46321740000000006 -5.8145548717539191 0.51962147716512164 0.47138350000000001 33.343409380222035 -7.278829282425832 0.52636161928899394 1.5000000000000002 2085.8955288162219 0.35330000000000006 49.850000000000001 129.44208633023453 16.185586851337572 0.46162590000000009 0.031850802410912614 2.3492719391444381 0.011850500000000002 0.11283050000000003 1.0000000180025095e-35 0.0241765 131.51278955039868 -1.0000000180025095e-35 128.5088424324253 0.42713350000000005 8.6914825552378634 9.079093271108599 126.17187604067912
decision_type=2 2 10 8 10 2 8 10 8 2 2 10 10 2 8 10 10 8 10 10 10 2 10 10 2 10 10 8 8 10
left_child=1 2 7 13 12 -6 18 -1 9 10 -5 -12 -3 15 20 16 -2 -16 -4 -20 -15 23 -23 26 25 -14 27 -19 -28 -11
right_child=3 4 6 8 5 -7 -8 -9 -10 29 11 -13 24 14 17 -17 -18 21 19 -21 -22 22 -24 -25 -26 -27 28 -29 -30 -31
leaf_value=-0.0024459272584957579 0.00034954163864322422 -0.0065891817094620234 -0.012140314496754534 0.007512164892641413 0.00065983334066814546 0.013938538066673814 -0.0090433436833885043 0.0066460741158770181 0.00067483450620195895 0.0014881907499245332 -0.012526607465745347 0.0045549672323718501 0.0076641260139812461 0.00051456884138113086 -0.0075174448403736369 0.0080227035620222872 -0.0094157739025101349 -0.010498408854060608 0.0030904549072446625 -0.0067515546483002207 0.011170318391041684 0.011518927436329309 -0.0020379799765260684 -0.01081218651550399 -0.0014526398719450415 -0.0037108935420031527 0.0055764537327383842 0.00023093142250666388 -0.0060937992582518891 -0.0067049024131264137
leaf_weight=2787.0802835524082 13186.404024481773 812.59531572461128 252.57445913553238 2492.677532479167 541.44377329945564 328.47461557388306 1821.855685159564 457.44621503353119 54955.151058465242 1811.7089774608612 251.61948345601559 730.32388707995415 773.67422515153885 2711.7275889217854 1140.4657215774059 501.57643032073975 311.04400873184204 380.69261927902699 783.15388691425323 507.74699975550175 260.79667475819588 325.64976452291012 513.57349397242069 393.8593218177557 2910.9568374156952 304.60886779427528 250.61864170432091 3849.424021974206 2217.5776649713516 497.23176126182079
leaf_count=11244 53171 3320 1035 10005 2184 1323 7347 1841 221163 7266 1008 2930 3116 10908 4588 2019 1250 1534 3195 2062 1047 1311 2067 1594 11777 1230 1008 15555 8954 2002
internal_value=0.000157399 -0.001975 -0.00370597 0.000459374 4.52452e-05 0.0057752 -0.00616183 -0.00114756 0.000910274 0.00314238 0.00542253 9.57176e-05 -0.00100266 -0.000592164 -0.00175222 0.000406455 0.000117699 -0.00281301 -0.0027243 -0.000802821 0.00148378 -0.00212794 0.0032963 -0.00277353 0.000148928 0.00444618 -0.00228544 -0.000757146 -0.00489109 -0.000297502
internal_weight=99063.7 12281.6 6609.86 86782.1 5671.75 869.918 3365.33 3244.53 60738.7 5783.56 3474.62 981.943 4801.84 26043.4 12044.4 13999 13497.4 9071.86 1543.48 1290.9 2972.52 7931.4 839.223 7092.17 3989.24 1078.28 6698.31 4230.12 2468.2 2308.94
internal_count=399054 49674 26724 349380 22950 3507 13639 13085 244374 23211 13943 3938 19443 105006 48566 56440 54421 36611 6292 5257 11955 32023 3378 28645 16123 4346 27051 17089 9962 9268
is_linear=0
shrinkage=0.05


Tree=55
num_leaves=31
num_cat=0
split_feature=72 64 33 20 20 79 57 46 50 36 61 0 32 46 2 38 24 91 51 45 83 44 32 39 28 38 74 55 83 55
split_gain=19.1295 16.5782 15.7895 14.9576 15.639 17.3057 17.5492 17.1561 19.7551 16.6359 16.6234 33.3459 17.3622 14.6808 14.0421 14.7399 14.1655 17.0387 15.5456 13.953 13.8537 13.075 12.9249 12.8933 13.0442 20.1577 12.029 11.7721 11.7177 11.6435
threshold=3.5000000000000004 9.5000000000000018 130.50000000000003 13.500000000000002 12.500000000000002 92.550000000000011 12.052908581865653 1.8425935745076594 142.33181319208623 0.59949500000000011 1.0000000180025095e-35 4.5000000000000009 0.19296400000000002 1.7741544966581215 3.5000000000000004 0.072666250000000016 0.11671650000000001 -0.030829949999999991 2285.2430949665745 14.823718097509634 0.57160755185978929 30.477544050833512 0.25887650000000006 0.044877404522006538 0.43177600000000005 0.11755050000000002 5.5000000000000009 1707.0520155173447 0.47479881075638336 1434.3904570551429
decision_type=2 2 2 2 2 2 8 10 10 10 2 2 8 10 2 10 10 8 10 8 2 8 8 10 8 10 2 10 2 8
left_child=1 23 13 4 5 7 -7 8 20 -10 11 12 19 -2 15 -5 17 -16 26 -6 21 -4 -17 -1 -25 -26 -19 -12 -23 -13
right_child=2 -3 3 14 10 6 -8 -9 9 -11 27 29 -14 -15 16 22 -18 18 -20 -21 -22 28 -24 24 25 -27 -28 -29 -30 -31
leaf_value=-0.00054004177237624022 -0.00057371509631188341 -0.008378493212148742 -0.0066131883947803758 -0.0022108333466739987 0.0013707496556993083 0.0013993170687768527 -0.012217341059423528 -0.0035133347465041024 0.0072090699808035098 -0.0028128425110604746 -0.0014476043410646391 0.011149254491862499 0.0066421880643113516 -0.0079489671345094031 0.0090824006688381628 0.0014485905237781073 -0.00068158851291342734 -0.00023141650213190308 -0.010968269283459411 -0.010215949558687428 0.0085920825916103883 -0.0085877540160886733 0.011016717239452078 0.00040648402778873836 -0.014234480337138504 -0.0010391849111510184 0.010807862482123429 0.0036062816137328586 0.0024781600123052741 0.005095485327004122
leaf_weight=9578.6123670041561 1816.2867703437805 876.79702240228653 929.29110650718212 2869.9600783288479 429.94267845153809 414.09383754432201 536.35872881114483 1751.0750297307968 2137.6504576653242 507.24386520683765 2896.5288984030485 973.60415226221085 387.99817611277103 1065.1744100153446 816.24846090376377 18012.353157028556 40191.529485985637 1044.2958840429783 249.78368790447712 638.57025173306465 349.87775951623917 275.27860459685326 350.30424818396568 679.93769405782223 633.81112043559551 528.88008818030357 312.95905131101608 1899.3690019994974 1473.4217983037233 4416.4188630282879
leaf_count=38676 7309 3577 3726 11571 1731 1667 2156 7055 8590 2055 11673 3917 1558 4295 3296 72575 161746 4211 1005 2568 1415 1115 1408 2782 2584 2133 1259 7633 5915 17794
internal_value=5.29926e-05 -0.00179169 0.000314691 0.000439892 0.00163211 -1.60507e-05 -0.00633202 0.000799995 0.00213528 0.00528369 0.0028166 0.00439611 -0.0023042 -0.00331815 6.59254e-05 0.00111612 -0.000457467 0.00324724 0.000245596 -0.00558427 -0.000623251 -0.00185471 0.00163702 -0.00127914 -0.00509755 -0.0082923 0.00237448 0.000557277 0.00069725 0.0062076
internal_weight=99043.7 12298 86745.6 83864.2 20016.7 8374.29 950.453 7423.84 5672.76 2644.89 11642.4 6846.53 1456.51 2881.46 63847.4 21232.6 42614.8 2423.29 1607.04 1068.51 3027.87 2677.99 18362.7 11421.2 1842.63 1162.69 1357.25 4795.9 1748.7 5390.02
internal_count=398995 49752 349243 337639 80568 33694 3823 29871 22816 10645 46874 27568 5857 11604 257071 85554 171517 9771 6475 4299 12171 10756 73983 46175 7499 4717 5470 19306 7030 21711
is_linear=0
shrinkage=0.05


Tree=56
num_leaves=31
num_cat=0
split_feature=3 25 84 65 24 97 88 85 84 49 91 0 39 54 39 84 23 36 46 36 37 57 29 87 43 83 98 88 87 16
split_gain=16.8346 16.7789 15.4539 17.4156 16.5154 15.085 17.4009 16.6656 13.4284 16.3368 14.0113 13.4187 12.432 14.5546 13.0545 15.7973 12.9605 15.0012 12.054 11.7161 11.6679 11.3353 11.1194 12.6629 15.2722 12.2159 10.8483 10.7396 10.6765 11.3445
threshold=2.5000000000000004 0.35714600000000002 0.57450822925479128 1.5000000000000002 0.15486750000000002 1.0208965347519714 -0.090153500000000011 0.5090648263976606 0.46976423968189646 127.40614847516197 -0.0070899999999999982 9.5000000000000018 0.045610755026316958 126.68194827449189 0.052352049304599566 0.49668067953438816 0.34225750000000005 0.60428300000000013 1.7551331810794024 0.50948250000000017 0.29730100000000004 7.8410758897106279 0.39532150000000005 -0.15528449999999999 2173.719887332461 0.4470285129198967 0.063062242576910635 0.014907499999999992 -0.12055350000000002 1.0750000000000004
decision_type=2 8 2 2 8 2 8 2 2 10 8 2 10 8 10 2 8 8 10 8 10 8 10 10 8 2 2 10 10 2
left_child=1 2 3 18 -5 11 -7 -8 -2 -10 -11 12 13 -3 15 27 22 -18 -1 -17 -13 -20 -15 24 -24 -25 -4 -14 -27 -30
right_child=8 5 26 4 -6 6 7 -9 9 10 -12 20 14 16 -16 19 17 -19 21 -21 -22 -23 23 25 -26 28 -28 -29 29 -31
leaf_value=0.0018848878572152224 -0.011916915433629563 -0.0029399051696034398 0.0091518480624292343 0.00050722254195705648 -0.01279761286628036 0.010328641004886558 -0.0028561019555213949 0.0023492798956862831 -0.0028239287232131021 0.008256702539320631 -0.00128043452042825 0.0075616786509788876 0.002068050588622276 0.0030640927596606487 -0.00052106865139379575 0.00094935362737557239 0.0046159190167158887 -0.0082962382351501884 0.0077279707976493379 -0.0072298396642955761 -0.00036692466793038377 -0.00054181598305520675 0.001928216806847544 -0.0056460522728485479 -0.011301870108364089 0.0048614035577882611 0.0021942849470426413 -0.0068361109157026789 -0.00069219481057400758 0.0014984474173686398
leaf_weight=17453.17154610157 326.15591937303543 4711.0291709303856 951.57725907862186 484.97374638915062 438.05582597851753 530.97960956394672 2029.8045752495527 6242.983641281724 6394.3116661906242 672.71990603208542 878.2233599871397 911.56731748580933 1318.3764257878065 3088.9170159846544 5221.781917899847 511.56156849861145 292.6077858954668 890.28844487667084 421.06983715295792 2941.0607191324234 932.83614401519299 10687.451688304543 363.79149796068668 885.48683740198612 525.40043465793133 1209.5238085538149 1363.3003067970276 444.52151380479336 16878.59437943995 9081.3879991918802
leaf_count=70278 1348 18966 3886 1955 1760 2130 8168 25138 25776 2715 3545 3668 5346 12516 21022 2052 1198 3662 1711 11868 3759 42913 1462 3618 2110 4858 5623 1799 67843 36491
internal_value=3.38775e-05 0.000230655 0.00115632 0.000846537 -0.00587654 -0.00026826 0.00163967 0.00107019 -0.00212422 -0.00170775 0.00288268 -0.000603064 -0.000762962 -0.000342174 -0.00229023 -0.00405712 2.70361e-05 -0.0050903 0.00106579 -0.00601872 0.00357131 -0.00022168 0.000217535 -8.72024e-05 -0.00592785 9.99609e-05 0.00508139 -0.000203063 0.000289239 7.44232e-05
internal_weight=99083.5 90812.1 31799.6 29484.7 923.03 59012.5 8803.77 8272.79 8271.41 7945.25 1550.94 50208.7 48364.3 37927 10437.3 5215.52 33216 1182.9 28561.7 3452.62 1844.4 11108.5 32033.1 28944.2 889.192 28055 2314.88 1762.9 27169.5 25960
internal_count=399184 365800 128126 118617 3715 237674 35436 33306 33384 32036 6260 202238 194811 152724 42087 21065 133758 4860 114902 13920 7427 44624 128898 116382 3572 112810 9509 7145 109192 104334
is_linear=0
shrinkage=0.05


Tree=57
num_leaves=31
num_cat=0
split_feature=71 23 45 42 35 51 46 23 34 63 49 48 28 54 20 31 4 44 79 97 87 84 27 50 34 49 7 79 27 32
split_gain=17.7972 18.9641 16.7654 19.2137 16.26 15.9717 14.7653 16.446 17.8298 15.4668 18.9933 17.8577 17.8222 14.7085 13.9147 13.5224 13.3202 20.2058 17.0864 13.9037 12.7709 13.1354 12.4652 11.8591 14.3972 13.1924 13.4253 16.2377 15.8412 11.7991
threshold=1.0000000180025095e-35 0.16888150000000005 -8.7075194900437953 133.19301475363878 0.14898450000000005 2030.9436262041575 1.7886188053930572 0.30229400000000006 0.5465715000000001 1.0000000180025095e-35 125.92800047979482 0.45299100993923658 0.43371350000000003 125.49396385022645 19.500000000000004 0.30569050000000003 1.0000000180025095e-35 24.037863814132841 4.049999999999998 1.0472027930140204 0.04092699999999997 0.55415895235236767 0.22474750000000002 135.97916660813632 0.57145000000000012 121.36626274676793 2.5000000000000004 50.850000000000001 0.49509800000000004 0.12768850000000001
decision_type=2 8 8 8 8 10 10 8 10 2 10 10 10 10 2 8 2 10 2 2 10 2 8 10 10 10 2 2 10 10
left_child=1 -1 -2 5 16 -4 7 15 14 10 11 -8 -11 -7 -9 -5 17 19 -18 -3 22 -22 -6 -15 25 26 27 28 -25 -14
right_child=2 4 3 6 20 13 9 8 -10 12 -12 -13 29 23 -16 -17 18 -19 -20 -21 21 -23 -24 24 -26 -27 -28 -29 -30 -31
leaf_value=0.0035619917149018404 -0.0032168242085741012 0.0046302743888410255 -0.009099393871036714 4.9353512671935036e-06 -0.0088397780718403457 -0.00088520426785065876 -0.0039937577156263157 -1.0136653764006021e-05 -0.014784737733383728 -0.0051224536401246745 -0.0018134420723699624 -0.012813059226121895 -0.0028872794192229497 0.011418513879915227 -0.012479887143366624 0.0071600613189831772 0.0062910944285557453 0.00069382391033869786 -0.00036131419268210086 0.016505020900978159 0.0025826626646370688 -0.0088309906442547211 -0.00099018742554030505 0.017943761548152595 0.014722674383624512 0.0071186053077194698 -0.0043452097994434542 -0.004347052346130505 0.0024307511368293813 0.0027557831338489141
leaf_weight=4706.0323507636786 6232.5435946732759 3494.0917719751596 286.9628122895956 21591.820176914334 509.6103847026825 1816.7649087458849 1468.2012874782085 1229.9714000374079 343.76835529506207 1527.0741470009089 3770.1485578864813 947.69617161154747 1296.8373307287693 535.43089143931866 263.45920529961586 671.15827445685863 1041.0124711245298 5297.8366447985172 11817.457809880376 257.6212919652462 3894.9979978501797 259.77085709571838 19296.292306512594 257.78631579875946 249.68597513437271 989.25977843999863 916.15813444554806 382.94064950942993 436.75502450764179 3175.8957281112671
leaf_count=19091 25276 14056 1151 86923 2053 7287 5920 5016 1402 6197 15243 3820 5222 2152 1076 2702 4180 21288 47508 1043 15717 1052 77523 1036 1005 3984 3689 1545 1765 12812
internal_value=-0.000113073 0.000542745 -0.000798466 -0.000440261 0.000232268 0.0022109 -0.000869758 -0.000152298 -0.00468584 -0.0022874 -0.00403962 -0.00749191 -0.00047708 0.00280728 -0.00227833 0.000223758 0.0012165 0.00268498 0.00018173 0.00548739 -0.00066778 0.00184955 -0.00119652 0.00458526 0.0034217 0.00242972 7.91355e-05 0.00384642 0.00836153 0.00111683
internal_weight=98965 50574.7 48390.3 42157.8 45868.7 5871.74 36286 24100.2 1837.2 12185.9 6186.05 2415.9 5999.81 5584.78 1493.43 22263 21908 9049.55 12858.5 3751.71 23960.7 4154.77 19805.9 3768.02 3232.59 2982.9 1993.64 1077.48 694.541 4472.73
internal_count=398734 203511 195223 169947 184420 23614 146333 97119 7494 49214 24983 9740 24231 22463 6092 89625 88075 36387 51688 15099 96345 16769 79576 15176 13024 12019 8035 4346 2801 18034
is_linear=0
shrinkage=0.05


Tree=58
num_leaves=31
num_cat=0
split_feature=20 25 20 86 61 79 92 30 84 27 44 40 23 19 32 28 20 43 84 65 45 24 89 22 94 90 57 90 49 57
split_gain=16.9531 23.3967 21.4884 19.2784 15.7753 15.6532 15.3518 17.9485 15.8627 14.183 13.2012 14.9515 12.906 13.3301 14.7056 16.0298 14.9628 17.3108 14.8568 14.1951 12.5051 12.4536 12.6945 13.8306 17.4351 16.0142 14.2347 15.0819 13.8299 12.7255
threshold=13.500000000000002 0.43485400000000002 12.500000000000002 -0.12902999999999998 1.0000000180025095e-35 0.59999999999999731 -0.024921999999999989 0.11558700000000001 0.5260040990829542 0.59906550000000014 24.757465181154945 0.042065838133175805 0.17476000000000003 16.500000000000004 0.21545100000000003 0.35855600000000004 15.500000000000002 2239.002018239667 0.49382133313440157 1.5000000000000002 14.744959882252671 0.19789000000000004 0.56445355000000019 0.55546150000000016 0.38944450000000008 -0.01077929999999999 10.25580180285113 -0.039801599999999958 124.71285177735898 13.314712654090128
decision_type=2 8 2 8 2 2 8 8 2 10 8 8 8 2 8 10 2 10 2 2 10 10 10 10 10 10 10 10 10 8
left_child=1 2 9 -2 5 -4 8 -8 -6 -1 -7 -12 -5 -14 15 -15 -16 18 -18 21 -19 22 23 24 29 26 -26 28 -28 -17
right_child=3 -3 4 12 6 10 7 -9 -10 -11 11 -13 13 14 16 19 17 20 -20 -21 -22 -23 -24 -25 25 -27 27 -29 -30 -31
leaf_value=-0.0011281576187585382 -0.0022214728701196867 -0.0040816766808903148 0.014185121976938296 0.0020188556436234353 0.011213005355516281 0.0067290321534078691 -0.0068193905890844122 0.0012589709957726339 -0.0025411176738071436 0.0038016959248908574 0.010992870200716837 0.0016252736419382454 0.00046117351051969786 -0.012507307457682576 -0.0028251279548770309 -0.0063068294342439159 -0.0072954818032334064 0.005183714693322251 0.0030845344051306941 -0.0061952864974715123 0.017989988551249739 -0.0079723849113444243 -0.0037063328372072715 0.0040359028532791054 0.002328708350263681 0.0019794180542669049 -0.0047533611916006809 -0.006983153130002146 0.0054399059201667953 -0.00074186008486810679
leaf_weight=7555.9440374672413 11546.2380066365 1931.7084686756134 366.66062313318253 7021.6006583571434 566.98779046535492 2541.3536479473114 965.6581818908453 2320.881743311882 324.29436196386814 1797.5162313431501 454.41591727733612 5230.7274570018053 30299.476986393332 322.6546994894743 1347.8960514366627 2056.4692085385323 418.42906780540943 611.38744112849236 1757.114670664072 1454.5765188783407 276.02573099732399 627.25775994360447 3261.8839908093214 1647.9748023748398 1312.4899368733168 6006.4413495659828 683.67823459208012 1703.3561492860317 629.56411677598953 2048.7924019396305
leaf_count=30406 46529 7822 1475 28487 2276 10245 3882 9340 1302 7250 1832 21075 122121 1313 5422 8248 1699 2466 7057 5858 1108 2526 13114 6619 5277 24146 2763 6860 2533 8215
internal_value=2.72396e-05 0.00118199 0.00164321 -0.00034309 0.00297594 0.00420009 0.000454032 -0.00112812 0.00623588 -0.000177707 0.00373836 0.00239202 -1.17688e-06 -0.000252685 -0.00107917 -0.00161286 0.00155074 0.00347933 0.00106387 -0.00144309 0.00932312 -0.00109416 -0.000867196 -0.000289637 -0.000785716 0.000309891 -0.00200574 -0.00389307 0.000137439 -0.0035381
internal_weight=99089.5 24056.1 22124.4 75033.3 12771 8593.16 4177.82 3286.54 891.282 9353.46 8226.5 5685.14 63487.1 56465.5 26166 21755.1 4410.85 3062.96 2175.54 21432.5 887.413 19977.9 19350.7 16088.8 14440.8 10335.5 4329.09 3016.6 1313.24 4105.26
internal_count=399266 96905 89083 302361 51427 34627 16800 13222 3578 37656 33152 22907 255832 227345 105224 87472 17752 12330 8756 86159 3574 80301 77775 64661 58042 41579 17433 12156 5296 16463
is_linear=0
shrinkage=0.05


Tree=59
num_leaves=31
num_cat=0
split_feature=71 87 34 19 19 61 65 34 31 58 31 63 52 53 3 32 5 53 36 35 43 91 55 29 34 40 84 40 40 29
split_gain=19.2823 20.9641 17.3976 16.0051 26.8209 18.149 26.3515 21.2945 16.0005 16.7057 15.3163 14.2245 17.1443 14.969 16.2391 14.4228 15.2047 14.6083 14.2848 13.4056 19.2419 13.3499 12.8818 15.5314 12.5968 13.2534 12.5715 17.8319 18.8871 15.2318
threshold=1.0000000180025095e-35 -0.15090599999999993 0.48585050000000002 13.500000000000002 12.500000000000002 1.0000000180025095e-35 1.0000000180025095e-35 0.50161650000000002 0.12912250000000003 9047.5000000000018 0.14821200000000004 1.5000000000000002 124.92601790239547 2322.69945793744 2.5000000000000004 0.12907650000000004 1.5000000000000002 2031.6477643145602 0.61783600000000016 0.13557950000000005 2137.0065408890528 0.018082000000000004 1790.6107999211251 0.45659450000000007 0.52523650000000011 0.11889003474764386 0.53549913013533612 0.079117720044025217 0.035500876933737067 0.48707100000000003
decision_type=2 8 8 2 2 2 2 8 10 8 10 2 8 8 2 8 2 10 10 8 10 8 10 10 8 10 2 10 8 10
left_child=3 -2 -3 4 8 -6 7 -7 -1 10 -10 13 15 18 24 16 -13 -17 -4 20 -5 -22 23 -16 -15 -26 -21 28 -28 -29
right_child=1 2 11 19 5 6 -8 -9 9 -11 -12 12 -14 14 22 17 -18 -19 -20 26 21 -23 -24 -25 25 -27 27 29 -30 -31
leaf_value=-0.0047664482886844986 -0.0052184511923621564 -0.0039665373985435601 -0.0013078330890101105 0.005573012203100876 0.0060387740580754232 0.0084829298957823495 0.0083707738359605037 -0.005096226085030387 0.008654694554511809 -0.0071745072358740062 0.00053276286870625655 -0.0067860290743046369 0.00022502107853173957 -0.00065715178484186329 0.0022258756380067065 0.01803973209593623 0.0068516777181884857 0.0054386373064653631 -0.0054174677258662686 -0.00084540324790281394 -0.0038113140971586025 0.0033703543479071969 0.0028942705852033129 -0.012255778812123641 0.0016762310798256169 0.012403621045321058 -0.0084324904268965988 0.0049439070273362322 0.0029673531913350292 -0.0078845881090161881
leaf_weight=1592.5065186470747 2554.8875164240599 3479.9298995882273 10199.134176924825 2507.6693114042282 4521.6043034791946 348.31532762944698 792.56756517291069 1485.0804616361856 781.3063038289547 491.22053922712803 2184.0420854240656 431.23133812844753 9509.3305393606424 9635.3785358667374 249.53796373307705 275.20234827697277 370.77711318433285 1286.191823631525 2661.255213573575 25114.477813333273 1419.5201054364443 1172.4683417826891 341.53705328702927 678.11931729316711 6463.2368942052126 291.7711518406868 374.71279223263264 311.74589620530605 6669.0490553081036 828.65177072584629
leaf_count=6416 10347 14055 41143 10082 18344 1398 3181 5956 3162 1970 8813 1740 38377 38844 1020 1106 1497 5178 10756 100883 5708 4715 1385 2736 26038 1182 1502 1249 26913 3328
internal_value=-0.000106176 -0.000819256 -0.000573158 0.000576383 0.00215349 0.00412203 0.000811243 -0.00248438 -0.000635859 0.00127544 0.00269462 -0.000293733 0.00117408 -0.000864932 8.01899e-05 0.00497566 -0.000474437 0.0077603 -0.00216181 7.50083e-05 0.00245965 -0.000562267 -0.00534578 -0.00837805 0.000503355 0.00215723 -0.000290827 0.00140994 0.00234981 -0.00436522
internal_weight=99022.5 48427.5 45872.6 50594.9 12196.6 7147.57 2625.96 1833.4 5049.08 3456.57 2965.35 42392.7 11872.7 30520 17659.6 2363.4 802.008 1561.39 12860.4 38398.3 5099.66 2591.99 1269.19 927.657 16390.4 6755.01 33298.6 8184.16 7043.76 1140.4
internal_count=399024 195404 185057 203620 49240 28879 10535 7354 20361 13945 11975 171002 47898 123104 71205 9521 3237 6284 51899 154380 20505 10423 5141 3756 66064 27220 133875 32992 28415 4577
is_linear=0
shrinkage=0.05


Tree=60
num_leaves=31
num_cat=0
split_feature=72 63 26 25 37 48 84 7 52 25 95 32 21 39 64 48 57 61 24 42 95 20 92 37 32 35 89 21 30 28
split_gain=17.4619 18.8669 15.9447 20.0257 14.2478 13.8439 19.1205 16.7375 16.1209 12.8013 12.7816 12.7727 17.3682 12.6507 12.6899 12.3151 12.0775 11.4399 16.7543 18.343 16.4708 14.4556 13.0349 13.9365 13.598 12.8735 12.3408 11.3814 14.3049 11.6367
threshold=3.5000000000000004 1.0000000180025095e-35 0.50002900000000017 0.33392200000000005 0.22035000000000002 0.31897529322080292 0.46813914649182348 1.0000000180025095e-35 127.29396964521128 0.37931500000000001 0.12350050000000003 0.17396950000000003 3059.5000000000005 0.044972037409449848 4.5000000000000009 -0.58359280163115235 15.208581039479768 1.0000000180025095e-35 0.12418450000000002 142.99611680863333 0.060807500000000021 13.500000000000002 -0.066053849999999983 0.23683700000000002 0.16303250000000002 0.13688150000000002 0.60740100000000019 1875.5000000000002 0.061381500000000012 0.52640900000000013
decision_type=2 2 8 10 8 8 2 2 10 10 10 8 2 10 2 10 10 2 10 8 10 2 8 10 10 8 10 2 10 10
left_child=1 13 3 10 9 6 -5 8 16 -3 -2 12 -10 14 -1 -6 -8 18 19 27 22 -22 -19 24 -24 26 -20 28 -7 -29
right_child=2 4 -4 5 15 17 7 -9 11 -11 -12 -13 -14 -15 -16 -17 -18 20 25 -21 21 -23 23 -25 -26 -27 -28 29 -30 -31
leaf_value=-0.00096413031397480677 -0.0053216813466568967 0.010205193998717811 -0.0035579219941392023 -0.0047381990718597129 -0.003379665601673635 0.0064872180439762466 0.0053645650445447793 0.0006138383909901115 0.0062507994159561658 -0.00051706206121917664 0.0034566762381652728 0.004533929550224706 -0.0050403392399231833 -0.0090765606355914363 -0.0058968131348192303 0.0018100508355870671 0.016214043603856431 0.0080695440679352491 0.0025674707111761228 0.008558198382788193 -0.0032774001170103595 -0.015216377494100156 -0.00019749051023472354 -0.0032647050783678614 0.010522371418908981 -0.00058537376892997908 -0.0086452053969092429 0.005932046427633288 -0.0070961055343571463 -0.0012948415495615817
leaf_weight=3698.1014353632927 433.54430392384529 609.22589506208897 2663.2675561457872 1236.9653424918652 2377.2344056814909 256.71586337685585 2704.9647638201714 12662.889864176512 470.27011017501354 504.03363919258118 6628.1522742956877 1560.6501083672047 1163.8464127033949 896.98006334900856 2008.1408065408468 2184.5201301276684 277.53980600833893 354.49653735756874 5076.9610207676888 1088.2770695984364 688.44310465455055 398.41721893846989 1466.8689222037792 4166.6790401190519 360.44437989592552 39930.814386919141 248.19338297843933 1359.0802111029625 707.87654368579388 933.95921984314919
leaf_count=14929 1743 2455 10701 5084 9640 1032 10907 50897 1900 2041 26952 6256 4670 3659 8134 8843 1112 1425 20410 4404 2763 1607 5914 16823 1450 160637 1002 5450 2851 3748
internal_value=-5.85882e-06 -0.00177001 0.00024375 0.00036444 0.000344357 0.000130896 0.00125972 0.00165583 0.00378737 0.00538926 0.00291098 0.00131264 -0.00177269 -0.00358493 -0.00270732 -0.000895906 0.00642498 -0.000266603 7.71474e-06 0.00296943 -0.00209416 -0.00775277 -0.00111473 -0.00167045 0.0019628 -0.00027729 0.00202965 0.00108191 -0.00345158 0.00299568
internal_weight=99117.6 12278.2 86839.3 84176 5675.01 77114.4 20077.1 18840.2 6177.27 1113.26 7061.7 3194.77 1634.12 6603.22 5706.24 4561.75 2982.5 57037.2 49601.9 4345.91 7435.35 1086.86 6348.49 5993.99 1827.31 45256 5325.15 3257.63 964.592 2293.04
internal_count=399439 49701 349738 339037 22979 310342 80826 75742 24845 4496 28695 12826 6570 26722 23063 18483 12019 229516 199534 17485 29982 4370 25612 24187 7364 182049 21412 13081 3883 9198
is_linear=0
shrinkage=0.05


Tree=61
num_leaves=31
num_cat=0
split_feature=21 41 90 24 20 20 98 44 99 91 38 1 19 58 5 26 20 9 34 90 64 96 38 87 24 29 30 40 20 39
split_gain=14.2843 18.6405 17.9372 18.1477 16.4091 21.1213 16.5309 15.9706 16.8312 15.8488 13.9798 13.9222 25.7101 18.1636 18.1414 19.0177 16.4686 14.9077 14.8862 14.353 13.0409 12.9611 12.913 12.7839 22.4756 17.5766 18.4429 16.2686 15.0885 12.6212
threshold=1652.5000000000002 0.080129457541379193 -0.0093415000000000008 0.19193300000000002 13.500000000000002 12.500000000000002 -0.059326389074547063 24.619540225890091 -0.013473999999999991 -0.011677999999999992 0.12424300000000001 3.5000000000000004 13.500000000000002 1901.5000000000002 1.5000000000000002 0.42414800000000003 15.500000000000002 -4.4999999999999991 0.51067150000000006 0.019630399999999996 3.5000000000000004 0.27371775000000004 0.27886200000000011 -0.058170499999999979 0.14501350000000005 0.57951100000000011 0.090454550000000009 0.074980321073169168 14.500000000000002 0.029883237417579336
decision_type=2 8 10 10 2 2 2 10 10 10 10 2 2 10 2 10 2 2 10 10 2 8 10 10 10 10 10 10 2 8
left_child=1 10 -3 -4 5 6 -2 -7 -9 -5 21 18 16 -14 15 19 -13 -18 -6 20 -15 -1 -19 24 27 26 -25 -17 -26 -8
right_child=4 2 3 9 11 7 29 8 -10 -11 -12 12 13 14 -16 23 17 22 -20 -21 -22 -23 -24 25 28 -27 -28 -29 -30 -31
leaf_value=0.0022354869342840374 -0.011866542348924213 0.0019427970322603368 -9.2326884781738011e-05 -0.0010268372301656381 -0.0010348470101316366 0.0064793127949709685 -0.0080189642881384436 0.012576581922905403 0.00093534226933855334 -0.0092154332363360222 -5.835494816030971e-05 0.0063754627903843484 0.0017862455184860825 -0.0065103260434528814 -4.4231102607839885e-05 0.0019172614155323208 0.010621259119537303 -0.00083421718975899254 0.0015387274857853745 0.00077033256125173929 -0.017494581286684772 -0.0042176687738386329 0.0092697257538366627 -0.011024457085587957 -0.013674273159308218 0.0026730350354544166 -0.0036170342110092048 0.015729911800746062 -0.0012726542079063241 0.000949347072393807
leaf_weight=860.62085297703743 278.26536922156811 7698.2136579602957 7821.7851114273071 1195.770816385746 7948.6790634393692 3057.6424913853407 409.42103999853134 325.52611288428307 4195.6286482661963 1163.6610138565302 4303.9926245808601 1520.2679341286421 3095.9284140616655 620.54243214428425 5597.5225651264191 733.70644769072533 331.39229683578014 4793.51976531744 19112.983202517033 300.14649724960327 497.20110116899014 7590.2884686887264 328.50290584564209 999.05191069841385 281.23941005766392 886.24592493474483 5170.4939562529325 292.47869376838207 1570.8593446165323 6061.481913626194
leaf_count=3483 1138 31066 31516 4815 32038 12324 1653 1311 16912 4691 17296 6164 12480 2500 22505 2945 1337 19394 77012 1208 2006 30684 1338 4021 1134 3571 20765 1174 6311 24380
internal_value=-2.18832e-05 -0.000919012 0.000122893 -0.00125373 0.000379938 0.00188378 -0.00015092 0.00369356 0.00179943 -0.00508726 -0.00237847 -1.87592e-05 -0.000821476 -0.00173103 -0.00237416 -0.00352197 0.00179172 0.000504568 0.000782702 -0.00892183 -0.0115082 -0.00355863 -0.000169397 -0.00274305 6.55989e-05 -0.00388726 -0.00483244 0.00596789 -0.00321915 0.000370415
internal_weight=99043.1 30634.3 17879.4 10181.2 68408.7 14328 6749.17 7578.8 4521.15 2359.43 12754.9 54080.8 27019.1 20045.4 16949.5 11352 6973.68 5453.41 27061.7 1417.89 1117.74 8450.91 5122.02 9934.08 2878.28 7055.79 6169.55 1026.19 1852.1 6470.9
internal_count=399172 123551 72088 41022 275621 57718 27171 30547 18223 9506 51463 217903 108853 80620 68140 45635 28233 22069 109050 5714 4506 34167 20732 39921 11564 28357 24786 4119 7445 26033
is_linear=0
shrinkage=0.05


Tree=62
num_leaves=31
num_cat=0
split_feature=34 27 94 43 69 14 91 29 50 18 87 50 57 27 1 90 48 50 22 56 93 88 87 25 45 28 93 93 85 70
split_gain=15.7546 16.2105 13.9476 13.4272 12.6726 15.2981 14.9069 14.9146 13.677 15.7124 16.0731 17.7853 13.7453 12.3283 11.9462 13.9114 11.3055 13.4832 12.2306 11.8557 14.5611 11.2713 16.6301 11.2654 12.2277 11.2145 11.1788 11.0086 13.6081 13.3423
threshold=0.48038550000000008 0.61057250000000007 0.29797350000000006 2155.4398407849412 1.0000000180025095e-35 1.0000000180025095e-35 -0.14024599999999995 0.38536900000000007 141.7105098504862 1.5000000000000002 -0.0017495000000000147 138.83118526207335 8.3417497401651399 0.50641150000000013 1.5000000000000002 -0.007310650000000001 0.45101756227338208 147.28699662917995 0.49641650000000009 2.9951871657754014 -0.027839999999999986 -0.11207849999999996 -0.049278999999999983 0.33392200000000005 -6.8140556106400298 0.49827600000000005 0.1072355 -0.018629499999999983 0.5147019151484018 2.5000000000000004
decision_type=8 8 8 8 2 2 10 10 10 2 10 10 10 10 2 10 10 10 10 10 8 10 10 8 8 10 10 10 2 2
left_child=3 4 -3 -1 5 8 -7 -8 9 -2 11 14 13 -10 -11 -16 18 19 -4 20 -18 -6 -23 -5 -25 -13 -9 -21 -29 -30
right_child=1 2 16 23 21 6 7 26 12 10 -12 25 -14 -15 15 -17 17 -19 -20 27 -22 22 -24 24 -26 -27 -28 28 29 -31
leaf_value=-0.0058804011362736421 -0.0033295558160550635 0.0054696968264379749 -0.0012499980609701848 0.0079940323571175143 -0.012564704806130388 0.008008520086872797 -0.0032744003063709492 0.00075436591540513603 0.0014862633203816095 0.010622608226448352 -0.003042546987728525 -0.0039051312067478251 -0.00016794165195465076 0.012330053361230449 0.0041372043390711143 -0.0057480235764445151 0.0029434723082779118 0.0071082729893046231 0.0032650095965065574 -0.0045346534640114877 -0.0078596833321619413 0.0031593204045907808 -0.0044959799677795923 0.005345574064114217 -0.0028568268291110049 0.0039967378424012696 0.0082927747471156343 -0.0032256909664481813 0.0012194119359486904 0.010006276051588776
leaf_weight=1969.4941554516554 8256.1530362516642 2003.1608169078827 1950.6368223428726 322.11227506399155 276.35588309168816 681.18090789020061 2316.2590266913176 31506.458799049258 714.65659910440445 537.83665338158607 3253.8418324291706 1731.1354419440031 20235.695769131184 406.91405799984932 2063.7783880382776 420.53606277704239 419.16816711425781 505.28547428548336 6417.0030285716057 949.89109228551388 1160.5818326622248 1002.6542960107327 2368.5987611860037 524.7020630389452 3031.7495494931936 596.06621365249157 489.71904799342155 968.97243025898933 1391.8062553107738 618.70219860970974
leaf_count=7932 33265 8164 7872 1304 1120 2747 9423 126807 2887 2161 13101 6971 81518 1640 8302 1694 1697 2045 25929 3819 4664 4053 9564 2122 12231 2393 1968 3898 5602 2489
internal_value=-1.4131e-05 0.000143871 0.0015712 -0.0025293 -0.000160585 -1.70851e-05 0.00073813 0.000591505 -0.000708622 -0.00177278 -0.00027668 0.00140825 0.000131861 0.00549467 0.00393264 0.00244753 0.00102479 -0.000628221 0.00221225 -0.00134939 -0.00499271 -0.0030328 -0.00221658 -0.000816894 -0.00163509 -0.00187278 0.0008723 0.000124312 0.00161984 0.00395957
internal_weight=99091.1 93243 16385.2 5848.06 76857.8 73210.2 34993.6 34312.4 38216.6 16859.3 8603.19 5349.35 21357.3 1121.57 3022.15 2484.31 14382 6014.41 8367.64 5509.12 1579.75 3647.61 3371.25 3878.56 3556.45 2327.2 31996.2 3929.37 2979.48 2010.51
internal_count=399382 375793 66179 23589 309614 294877 140945 138198 153932 67887 34622 21521 86045 4527 12157 9996 58015 24214 33801 22169 6361 14737 13617 15657 14353 9364 128775 15808 11989 8091
is_linear=0
shrinkage=0.05


Tree=63
num_leaves=31
num_cat=0
split_feature=71 3 37 98 26 45 44 8 8 46 55 52 44 87 4 39 94 45 26 46 29 26 50 10 42 31 47 57 51 20
split_gain=14.9548 17.1912 16.2325 25.5287 20.0047 17.388 17.3231 16.6688 16.0851 15.3836 15.1579 13.7452 13.6612 13.6225 13.1573 14.2487 14.1512 13.1207 17.0282 12.9306 12.7251 12.2647 14.2679 12.1928 11.9654 11.9353 11.8302 11.708 11.5439 10.8331
threshold=1.0000000180025095e-35 2.5000000000000004 0.3070190000000001 0.025832194998259842 0.46550600000000003 16.801500761027494 31.022163866934509 15.500000000000002 9.5000000000000018 1.7589845276208933 1527.8550540974854 131.75389813149175 8.8045104611201275 0.13126300000000005 1.5000000000000002 0.027280636296430943 0.37943150000000009 -19.089530268219963 0.45910050000000008 1.5811023709173957 0.35613600000000006 0.43389650000000007 136.66931559261224 1.5000000000000002 133.18970304506698 0.20477000000000004 0.58571548841795662 8.818987579331365 2303.2667894925221 16.500000000000004
decision_type=2 2 10 2 10 10 10 2 2 10 10 10 8 8 2 8 10 8 10 8 10 10 10 2 10 10 8 10 10 2
left_child=2 9 3 4 12 7 23 13 24 17 -8 -3 -1 14 15 -4 25 18 -2 27 -11 -22 -23 -5 -7 -16 -19 -17 -25 -9
right_child=1 11 5 6 -6 8 10 29 -10 20 -12 -13 -14 -15 16 19 -18 26 -20 -21 21 22 -24 28 -26 -27 -28 -29 -30 -31
leaf_value=0.012133707203582624 -0.010225225250889015 -0.005044757069478616 0.010851373290761836 0.0080376735148128993 -0.0018847496174595674 -0.011910990740660595 -0.002545974457038616 -0.0016579044233807644 0.005108357409580086 -0.0090418944081068972 0.004334255788658696 0.0033068713434445556 0.0013534215714574391 -0.0078771620761251132 -0.0059300189419375727 -0.0022026104441580422 0.00088862346479662313 0.0093675883052944126 0.0019298210716945409 0.00079847800159631448 -0.0028124662391143616 0.0081666893966553938 -0.00053569569601241511 0.0058968685273669691 -0.003417830055690851 0.0034248233728997796 0.00063639022055266817 0.0095250579555045106 -0.0046764990357491274 -0.01557586911789666
leaf_weight=290.49699278175831 619.51253850758076 3264.8809675425291 390.4485001116991 2796.8951419144869 5884.3750215023756 482.58433702588081 1406.0296248346567 302.27577966451645 469.19315513968468 512.46790236234665 1833.69882799685 572.7505609691143 13793.991673886776 461.58668680489063 1923.2312143743038 283.8182987421751 3021.8044270277023 384.67394150793552 526.33446775376797 12015.471541270614 6963.8494604676962 480.20080813765526 12020.585536688566 642.40268117189407 2740.8662715852261 407.05630587041378 23068.91623044014 803.13796828687191 417.89727015793324 254.50811231136322
leaf_count=1186 2528 13254 1598 11341 23642 1937 5707 1215 1884 2103 7390 2311 55465 1856 7749 1139 12150 1544 2109 48345 28161 1930 48446 2601 11004 1633 93019 3220 1696 1024
internal_value=4.19172e-05 -0.000586291 0.000642727 0.00147779 0.000561561 -0.000316974 0.00405138 0.000269278 -0.00346273 -0.000309438 0.00134962 -0.00379296 0.00158422 0.000517128 0.000726805 0.00155859 -0.00136917 0.00052754 -0.00467352 0.00127361 -0.00133983 -0.00113251 -0.000195145 0.00631129 -0.00472225 -0.00428826 0.000783526 0.00647065 0.00172482 -0.00818243
internal_weight=99035.9 48414.2 50621.8 27065.8 19968.9 23556 7096.92 19863.3 3692.64 44576.5 3239.73 3837.63 14084.5 19306.6 18845 13492.9 5352.09 24599.4 1145.85 13102.4 19977.1 19464.6 12500.8 3857.2 3223.45 2330.29 23453.6 1086.96 1060.3 556.784
internal_count=399187 195405 203782 109028 80293 94754 28735 79929 14825 179840 13097 15565 56651 77690 75834 54302 21532 99200 4637 52704 80640 78537 50376 15638 12941 9382 94563 4359 4297 2239
is_linear=0
shrinkage=0.05


Tree=64
num_leaves=31
num_cat=0
split_feature=86 65 72 48 95 20 20 80 27 1 89 96 46 54 47 54 28 27 45 16 30 80 28 39 65 91 39 30 54 52
split_gain=15.9516 12.9946 12.4931 18.0299 12.1424 15.6977 16.4505 16.2044 13.7812 13.7659 21.3241 14.3979 13.1752 11.9752 11.7819 11.5168 14.9251 11.3486 10.7925 11.3264 10.5909 10.561 10.2215 9.81658 9.54147 9.48779 9.47306 10.5339 9.44399 13.2632
threshold=-0.12712949999999998 -1.0000000180025095e-35 3.5000000000000004 -0.75353307788511159 -0.023370999999999999 13.500000000000002 12.500000000000002 6.1559185398009868 0.46190100000000006 3.5000000000000004 0.56669245000000013 0.38636355000000006 1.9016388611798598 133.62545738367552 1.8210791985367181 128.93005855264991 0.35855600000000004 0.37232100000000007 15.982756032326387 0.79500000000000015 0.27223300000000006 5.5471267646873921 0.58347550000000015 0.03445879175474037 1.0000000180025095e-35 0.054729500000000014 0.031781600733493828 0.20442300000000005 126.68194827449189 127.73315603441635
decision_type=8 2 2 10 10 2 2 2 10 2 8 10 10 10 10 8 10 10 10 2 10 2 10 10 2 10 8 10 8 10
left_child=1 20 3 -3 15 6 9 8 -8 10 11 -6 28 18 -11 -2 -17 24 -13 -20 -1 -4 -14 -16 -5 -18 27 -23 -9 -30
right_child=4 2 21 17 5 -7 7 12 -10 14 -12 13 22 -15 23 16 25 -19 19 -21 -22 26 -24 -25 -26 -27 -28 -29 29 -31
leaf_value=-0.00094367829062457029 0.0025257166035752227 -0.018310032647628909 0.0054001103013210615 0.0027775059457865654 -0.011881866593004669 -7.6430922799887189e-05 0.004266238837785658 -0.0017922258635011371 -0.0055507948112402013 0.00038280171274258533 0.0047818888637032658 -0.0017088952669354438 0.011494925120849578 0.0056638616446926006 0.00011928108661092363 0.0022316174638154032 -0.0038772394631022759 -0.012524626058564348 -0.016547066474499241 -0.0030899121668902206 0.004215186097215236 -0.00094905985864946146 0.00035425481541041624 0.010648191975357962 -0.0074034201508526064 -0.011084096524665625 -0.001598867813741126 -0.010779821888493073 0.0060210600487042949 0.001440224621193101
leaf_weight=3058.3829340040684 944.4317996352911 263.6380106061697 476.47469314932823 562.15944965183735 502.37095935642719 60751.047798275948 569.34866872429848 881.73700666427612 925.85278016328812 2837.3526801764965 829.15557809174061 1453.5212739855051 855.9471370279789 360.40120486915112 348.99592237174511 820.71605014801025 2164.8106442689896 290.02458539605141 292.80835448205471 335.13269834220409 1462.6280023604631 485.49035158753395 270.96207386255264 596.48392373323441 375.4571448713541 577.15710142254829 8811.722378179431 617.27642074227333 3132.7357030957937 3194.7496122419834
leaf_count=12310 3820 1076 1923 2291 2025 244860 2292 3547 3719 11432 3353 5843 3461 1445 1412 3338 8755 1169 1176 1346 5883 1954 1109 2400 1542 2341 35481 2485 12612 12870
internal_value=-0.000125629 -0.0015494 -0.00241691 -0.00668266 0.000157109 0.00030278 0.001627 0.00297423 -0.00180912 -0.000127481 -0.00226128 -0.00425425 0.00383333 -0.00264294 0.00200134 -0.00236343 -0.00366294 -0.0040579 -0.00410145 -0.00952599 0.000730926 -0.00179886 0.00884286 0.00680368 -0.00133443 -0.00542898 -0.00214993 -0.00649928 0.0030391 0.00371412
internal_weight=99049 16403.3 11882.2 1491.28 82645.7 78138.6 17387.6 9831.33 1495.2 7556.22 3773.39 2944.23 8336.13 2441.86 3782.83 4507.12 3562.68 1227.64 2081.46 627.941 4521.01 10391 1126.91 945.48 937.617 2741.97 9914.49 1102.77 7209.22 6327.49
internal_count=399270 66114 47921 6078 333156 314902 70042 39610 6011 30432 15188 11835 33599 9810 15244 18254 14434 5002 8365 2522 18193 41843 4570 3812 3833 11096 39920 4439 29029 25482
is_linear=0
shrinkage=0.05


Tree=65
num_leaves=31
num_cat=0
split_feature=34 65 37 53 23 45 2 18 29 51 55 58 20 61 44 28 79 0 54 28 42 28 80 85 92 89 48 38 98 98
split_gain=14.8066 14.2705 20.1692 15.8191 14.8462 16.4581 14.8069 21.2467 24.1771 18.6841 18.4562 16.2243 14.354 14.2751 13.4594 12.0943 11.7367 11.6558 14.0923 11.6535 14.4956 11.6278 11.468 16.9395 11.9543 13.7871 11.2622 11.2345 11.1991 17.4114
threshold=0.44307300000000005 -1.0000000180025095e-35 0.12904900000000002 2502.685395602487 0.28823650000000006 21.510213016837138 4.5000000000000009 1.5000000000000002 0.58214100000000013 2301.8203891505277 2066.7774478506904 2831.5000000000005 13.500000000000002 1.0000000180025095e-35 24.619540225890091 0.52905100000000005 49.850000000000001 5.5000000000000009 135.11517031039281 0.50358400000000014 139.46160161773153 0.47546700000000003 9.1532937151958382 0.51868269763834773 0.050917500000000011 0.5387476000000001 0.51655841793245327 0.034919800000000008 0.012151867785623551 -0.004664630733932861
decision_type=8 2 10 10 8 10 2 2 8 8 8 10 2 2 8 8 2 2 10 10 10 8 2 2 10 10 10 10 2 2
left_child=-1 2 -2 13 6 16 7 8 11 10 19 17 14 -4 15 28 -6 18 -3 20 21 -9 -13 24 25 -24 -14 -28 29 -8
right_child=1 4 3 -5 5 -7 12 9 -10 -11 -12 22 26 -15 -16 -17 -18 -19 -20 -21 -22 -23 23 -25 -26 -27 27 -29 -30 -31
leaf_value=-0.0042158209308180575 0.0064386041384393482 0.0015352541838522041 0.001714009111775671 -0.0021954202213062698 -0.0012340664927121363 0.0026717974787531531 0.0089977247482057581 0.0019474978907995785 0.0049158947513694437 0.004311809575214454 -0.012405258243699438 -0.0051478310004485018 -0.00049639885578453525 -0.0025372787320341599 -6.610979217885184e-05 -3.638676720718772e-05 -0.0052733684587091831 -0.0012155209803004414 0.012636488032429255 -0.00099546536365843221 -0.0058201592529759389 0.0080569615422775003 0.003947425058024377 0.0066079353787934243 -0.012482574999241602 -0.010085885423588818 0.0035446650115348033 -0.0032290379487776993 0.013744339824618104 -0.0058341843918661984
leaf_weight=1980.2883053421974 1657.9742676913738 1672.0250750929117 19556.834270730615 3830.9946525841951 3803.2709483355284 1451.1270475834608 584.41496905684471 2320.7764745354652 1737.7728351354599 6204.2033381909132 252.58798463642597 3407.8935734927654 17634.239340364933 2187.3514801412821 5866.6274159401655 885.18781568109989 3415.2168160825968 3991.7274772524834 335.80693063139915 3534.7977860867977 411.00479692220688 1169.3635993003845 529.56626684963703 595.33156585693359 282.12191306054592 249.09332387149334 655.34399227797985 7900.4961291253567 458.84365764260292 288.29451391100883
leaf_count=7996 6668 6724 78767 15428 15505 5863 2348 9336 7103 25016 1013 13699 71028 8807 23615 3571 13936 16053 1350 14242 1662 4693 2123 2396 1133 1009 2640 31766 1844 1158
internal_value=5.31678e-05 0.000140864 0.00111108 0.000763326 -0.000238666 -0.00217342 3.67685e-05 0.000919506 -0.000549877 0.00227288 0.000624114 -0.00141206 -0.000650824 0.00128538 0.00118998 0.0044996 -0.0031498 0.000347436 0.00344534 0.00108277 0.00296357 0.00401163 -0.00349319 -7.78639e-05 -0.00385674 -0.000612797 -0.00121921 -0.00270667 0.00749283 0.0040875
internal_weight=98850.6 96870.3 27233.2 25575.2 69637.1 8669.61 60967.5 26694.1 12801.3 13892.7 7688.53 11063.6 34273.4 21744.2 8083.37 2216.74 7218.49 5999.56 2007.83 7435.94 3901.14 3490.14 5064.01 1656.11 1060.78 778.66 26190.1 8555.84 1331.55 872.709
internal_count=398492 390496 109670 103002 280826 35304 245522 107552 51590 55962 30946 44487 137970 87574 32536 8921 29441 24127 8074 29933 15691 14029 20360 6661 4265 3132 105434 34406 5350 3506
is_linear=0
shrinkage=0.05


Tree=66
num_leaves=31
num_cat=0
split_feature=69 52 80 34 56 23 93 91 91 92 10 36 93 65 23 26 93 48 27 80 30 35 27 45 26 97 33 31 16 22
split_gain=12.5589 13.7402 15.5839 13.0177 11.6414 16.63 13.8481 13.395 12.9729 18.6511 22.4207 14.9719 19.0088 13.6071 13.5893 12.9581 12.8694 12.8091 12.1981 12.6825 16.0623 12.195 13.5807 13.1619 12.0359 11.7835 11.6419 11.5153 11.4127 17.4931
threshold=1.0000000180025095e-35 131.84487778465248 8.4756417588247359 0.45055700000000004 2.1777651606268282 0.32893600000000006 0.0472565 0.035280500000000013 0.053508500000000021 0.016544 1.0000000180025095e-35 0.51165450000000012 0.00030750000000000227 1.0000000180025095e-35 0.14339250000000001 0.45567050000000003 0.062188500000000001 0.3104735076448662 0.52020400000000011 6.3162613441348103 0.22271800000000003 0.14890450000000002 0.59776350000000011 17.665189922579923 0.43542150000000007 1.0046374124121749 3290.5000000000005 0.11463100000000002 1.1850000000000003 0.52438050000000003
decision_type=2 10 2 8 8 10 8 8 10 10 2 10 10 2 10 10 10 10 10 2 10 8 10 8 10 2 2 8 2 10
left_child=3 -2 -3 27 5 6 -5 -8 14 11 21 12 15 -12 -6 -10 -9 -15 19 -13 -21 28 23 25 -20 -23 -27 -1 -11 -30
right_child=1 2 -4 4 8 -7 7 16 9 10 13 18 -14 17 -16 -17 -18 -19 24 20 -22 22 -24 -25 -26 26 -28 -29 29 -31
leaf_value=0.0029567647774758972 -0.0035106965646581065 0.0099760756435823047 -0.005531805085459013 -0.0033970520472274925 0.0045272467095016722 0.0071622325799178491 -0.0050205170771646119 0.012408428970952987 0.0095952138555522593 0.0050406467948532182 -0.00063024484425320106 -0.012983955341499917 -0.0040397381040754316 -0.00053312770162732253 0.00073155509230485728 -0.002584540505858858 0.00018350634457328804 -0.0094157262551533161 0.0070475273049179672 -0.011713532312596331 -0.0022164153292589333 0.00087171165062902923 -0.010564714975402918 -0.0024321562922160547 -0.0040155488023324469 6.4188800369654182e-05 0.011894979265990459 -0.0054022708849778322 -0.0059972952580253534 0.0053785295047046504
leaf_weight=529.59984412789345 4015.7568951398134 420.1989653557539 251.68856000900269 5304.4739352166653 2446.9227113723755 492.27702765166759 401.92202696204185 397.30600363016129 652.1193173378706 3611.5540149658918 5314.6723526716232 573.54324647784233 1058.3609239757061 687.36662574112415 58929.3249720186 320.51609726250172 457.28087238967419 985.47154168784618 371.03189417719841 593.38750927150249 1724.1526240110397 2458.3343475759029 269.34648424386978 2024.590489551425 682.96225495636463 327.83567179739475 559.09431244432926 1763.449146464467 672.80331791937351 659.13787403702736
leaf_count=2135 16237 1692 1016 21442 9989 2013 1627 1605 2624 14538 21384 2318 4251 2776 237442 1286 1852 3966 1492 2393 6936 9907 1082 8137 2769 1315 2243 7123 2707 2650
internal_value=0.000120048 -0.00240315 0.0041709 0.000245759 0.000338694 -0.00161178 -0.00228 0.00242534 0.000500862 -0.000496726 0.000324304 -0.00290714 0.000579641 -0.0018722 0.000883593 0.00559612 0.00594478 -0.00579074 -0.00469912 -0.00637283 -0.00468795 0.001775 0.00018464 0.000742452 -9.14395e-05 0.00266528 0.00757144 -0.00346722 0.00358514 -0.00036961
internal_weight=98956.5 4687.64 671.888 94268.8 91975.8 7053.26 6560.98 1256.51 84922.5 23546.3 17570.2 5976.07 2031 6987.51 61376.2 972.635 854.587 1672.84 3945.08 2891.08 2317.54 10582.7 5639.2 5369.85 1053.99 3345.26 886.93 2293.05 4943.5 1331.94
internal_count=398947 18945 2708 380002 370744 28539 26526 5084 342205 94774 70705 24069 8161 28126 247431 3910 3457 6742 15908 11647 9329 42579 22684 21602 4261 13465 3558 9258 19895 5357
is_linear=0
shrinkage=0.05


Tree=67
num_leaves=31
num_cat=0
split_feature=86 51 48 28 58 8 28 87 47 34 37 51 54 80 48 79 49 36 57 97 52 52 86 97 54 44 93 31 32 48
split_gain=15.8815 14.6626 12.8577 13.9863 13.0589 13.7058 11.7521 10.9408 15.6842 13.5655 12.6251 12.4525 13.3237 12.6513 11.7117 13.4116 13.6932 12.4883 13.7332 11.447 14.6362 11.3765 11.4733 17.4987 13.7078 15.8289 14.0854 20.2384 13.6276 10.931
threshold=-0.12902999999999998 2323.7453185958925 0.45101756227338208 0.34226400000000007 2121.5000000000005 13.500000000000002 0.29460000000000003 -0.0054414999999999871 1.8448003901397925 0.45835500000000001 0.47714300000000004 2208.0227217325096 139.02706556102476 8.2608805703621719 0.3437179638945525 24.550000000000004 125.92200827017056 0.53361000000000014 12.679751691234172 0.91341040565874032 129.40870168520388 137.03644583082453 -0.047402999999999994 0.86530228752372629 133.12639210270734 34.471895301387754 0.060181000000000005 0.11883200000000001 0.13779900000000003 0.79940791240415654
decision_type=8 10 10 10 8 2 8 8 8 10 10 10 10 2 10 2 10 10 10 2 10 8 10 2 8 10 10 10 10 10
left_child=1 2 4 -4 -1 -6 -2 8 9 -8 21 -9 13 14 17 16 -16 18 -13 20 -15 22 23 29 25 -24 27 -26 -29 -11
right_child=6 -3 3 -5 5 -7 7 11 -10 10 -12 12 -14 19 15 -17 -18 -19 -20 -21 -22 -23 24 -25 26 -27 -28 28 -30 -31
leaf_value=-0.0048415414774213581 -0.0082997978929572648 -0.004398731739432735 0.0095090174319154216 0.00032289644621543546 -0.0013162262665960733 0.0084799035262066013 -0.0062539193881223799 -0.001317849691058184 0.0022987067608747115 -0.0041997108033166568 0.0054223628240203867 0.003780576948406918 -0.0082863972498655632 7.5469340997544326e-06 0.002116618129141639 0.0017920915319460139 -0.0067503589417223413 0.0013741283495607931 0.012632257249518561 0.00017271953997417773 -0.0084014774515203793 0.0078557229646418272 -0.0024425432720246508 0.0020859855951880809 -0.0060250738608152721 0.0025070813181339809 -0.0060402179905757513 0.013775743196688046 0.003519081030369001 0.0057482654183884504
leaf_weight=2746.7305457442999 400.37815940380096 3568.1325536072254 443.54217624664307 4806.0004081428051 4125.4572312533855 380.8235389739275 796.33373002707958 19353.475322797894 11775.081256836653 1943.6483562588692 1154.1044747084379 1397.1618836969137 420.2661450356245 1088.2755185365677 712.89874818921089 4749.4691432267427 1093.347738519311 2598.678897947073 638.09091648459435 8077.2653003484011 976.52194964885712 455.75504189729691 10406.140287235379 9539.4298730045557 467.00162927806377 1903.3400074392557 456.81050823628902 384.78095610439777 1878.6207228004932 312.6706360578537
leaf_count=11121 1645 14396 1793 19336 16610 1533 3211 77918 47421 7850 4646 5620 1703 4401 2870 19133 4408 10486 2590 32791 3920 1867 41852 38400 1890 7672 1842 1555 7594 1256
internal_value=-0.000138121 -0.00157626 -0.000767874 0.00111565 -0.00213078 -0.000471417 0.00014056 0.000182482 0.000755351 0.000142865 0.000321215 -0.000395562 0.000425257 0.000600691 0.00175924 0.00039775 -0.00325831 0.00368037 0.00660394 -0.000678003 -0.00399073 0.000107171 -2.50512e-05 0.00114944 -0.000919214 -0.0016758 0.00199893 0.00336105 0.00531565 -0.00280188
internal_weight=99050.2 16070.7 12502.6 5249.54 7253.01 4506.28 82979.5 82579.2 41473.7 29698.6 28902.3 41105.5 21752 21331.7 11189.6 6555.72 1806.25 4633.93 2035.25 10142.1 2064.8 27748.2 27292.4 11795.7 15496.7 12309.5 3187.21 2730.4 2263.4 2256.32
internal_count=399330 64789 50393 21129 29264 18143 334541 332896 167056 119635 116424 165840 87922 86219 45107 26411 7278 18696 8210 41112 8321 111778 109911 47506 62405 49524 12881 11039 9149 9106
is_linear=0
shrinkage=0.05


Tree=68
num_leaves=31
num_cat=0
split_feature=28 45 26 31 45 30 26 55 23 21 46 79 51 47 46 90 21 26 35 35 55 3 14 25 46 9 83 51 79 31
split_gain=13.1251 15.4615 11.8592 13.1956 13.2025 11.8474 11.0668 12.9055 14.4489 11.5659 14.9643 12.2991 11.3867 18.9484 10.7043 10.2268 14.2995 12.6795 11.5 12.3305 11.317 9.96091 13.3355 15.1472 11.489 9.90329 12.0272 11.9736 12.7563 9.85223
threshold=0.29460000000000003 -1.6617719984746888 0.50002900000000017 0.17477700000000004 30.423256693363111 0.21760650000000001 0.41033650000000005 1513.3473095534171 0.17104800000000003 4441.5000000000009 1.9109416414618783 97.550000000000011 2385.6021014499479 1.6321055212321027 1.7044067716946523 -0.036558749999999994 10871.500000000002 0.43562450000000003 0.14438350000000003 0.14833150000000003 1732.721168519033 2.5000000000000004 1.0000000180025095e-35 0.36347650000000004 1.8024356169666051 1.5000000000000002 0.48758540057345651 2190.3387033031208 61.45000000000001 0.28653500000000004
decision_type=8 10 8 10 8 10 10 8 10 2 10 2 10 10 10 10 2 10 10 10 10 2 2 10 10 2 2 8 2 10
left_child=1 -1 6 4 -4 -5 7 -2 14 12 11 21 -8 -14 -9 20 17 -17 -19 -20 -12 29 23 -23 -24 27 -27 28 -10 -11
right_child=2 -3 3 5 -6 -7 9 8 25 10 15 -13 13 -15 -16 16 -18 18 19 -21 -22 22 24 -25 -26 26 -28 -29 -30 -31
leaf_value=-0.010792000770510835 -0.004321799266957093 0.00083822426187087561 -0.015094924283632067 0.0053466457780880433 -0.0038101143837327997 -0.0037483078539011176 0.00058894987090150419 0.0089365281289090145 0.001402881075116984 -0.00052310295801443981 0.00928027760243119 -0.0056307668921439132 -0.0050831654920525564 0.0048858697925754126 -0.00088925244997371453 -0.0047090648100779177 -0.0098937929326048599 0.0080473240623444107 -0.0058507925510597504 0.0031293143753725232 0.0015180220246459545 -0.012517444059257161 -0.0042991893134178691 -5.6182842442619691e-05 0.0071373146942201281 0.00095425354551183792 -0.0062004869280648722 -0.0015313385160198377 0.012369352092972973 0.007145760919508329
leaf_weight=599.4694616496563 2710.1114307045937 535.52261874079704 321.95960070192814 651.39435367286205 1237.7971062213182 770.84864661097527 48077.950761854649 659.10673224925995 1333.1624115854502 22172.72663128376 819.7301499247551 1308.970567792654 550.08651553094387 3244.0055911689997 470.36403258144855 688.2932945638895 300.41445636749268 754.77828496694565 504.70035347342491 1476.8423334658146 1092.8231885880232 652.89472678303719 526.1938286870718 385.92989379167557 361.95720884203911 901.18281315267086 1664.0531422644854 3581.0827657729387 322.06694722175598 416.88981878757477
leaf_count=2475 10971 2173 1292 2615 4984 3097 193596 2643 5369 89320 3318 5268 2211 13164 1894 2789 1211 3076 2053 6001 4405 2628 2123 1562 1460 3665 6709 14481 1297 1674
internal_value=-2.28473e-05 -0.00534512 3.93584e-05 -0.00306009 -0.00622081 0.000425473 0.000136985 -0.00130642 -0.000387599 0.000338747 -0.000417501 -0.000927041 0.000797444 0.00343095 0.00487272 0.00191419 0.000384556 0.00131238 0.00283864 0.000824181 0.00487593 -0.00067371 -0.00411488 -0.00793268 0.000389218 -0.00115443 -0.00369304 9.3892e-05 0.00359815 -0.000378475
internal_weight=99093.3 1134.99 97958.3 2982 1559.76 1422.24 94976.3 11641.1 8931.02 83335.2 31463.1 25825.6 51872 3794.09 1129.47 5637.58 3725.03 3424.61 2736.32 1981.54 1912.55 24516.6 1926.98 1038.82 888.151 7801.55 2565.24 5236.31 1655.23 22589.6
internal_count=399524 4648 394876 11988 6276 5712 382888 47029 36058 335859 126888 104035 208971 15375 4537 22853 15130 13919 11130 8054 7723 98767 7773 4190 3583 31521 10374 21147 6666 90994
is_linear=0
shrinkage=0.05


Tree=69
num_leaves=31
num_cat=0
split_feature=28 86 63 95 23 51 34 90 91 51 86 51 38 49 34 36 54 38 24 48 15 29 39 32 30 54 15 65 86 59
split_gain=10.7199 12.529 11.1067 14.9067 15.0096 12.0812 11.2883 12.9105 13.8385 14.3988 11.0743 17.064 12.1192 14.928 11.0432 10.6226 15.6048 14.8599 11.6232 11.9389 16.8603 11.3351 10.706 10.03 15.0054 9.85126 12.2551 9.79184 9.73896 9.62604
threshold=0.30830000000000007 -0.20820299999999994 1.0000000180025095e-35 0.077476000000000031 0.12263750000000002 2059.6526691102313 0.52621750000000012 -0.014379950000000028 -0.052899999999999989 2095.9695412939141 -0.28960699999999995 2214.863193933666 0.046878050000000011 126.79862750168694 0.52040850000000016 0.54874100000000003 128.78392498160761 0.21388750000000004 0.13080150000000004 0.47232158813032571 55.95000000000001 0.46279350000000002 0.031662524389294754 0.11351900000000002 0.098955500000000016 130.43909015579405 16.150000000000002 2.5000000000000004 0.2710105000000001 7.4801414441967742
decision_type=8 10 2 10 8 8 8 10 8 10 8 8 10 8 8 10 8 10 10 10 2 8 8 10 10 8 2 2 10 2
left_child=1 -1 14 4 -4 -6 15 8 -8 -10 11 -7 13 25 -2 16 21 18 -18 23 -21 -5 -19 -20 -25 26 -12 28 -14 -9
right_child=2 -3 3 6 5 10 7 29 9 -11 12 -13 27 -15 -16 -17 17 22 19 20 -22 -23 -24 24 -26 -27 -28 -29 -30 -31
leaf_value=0.0012315641780373725 -0.0010432902836593663 -0.0079638897070335394 0.0085939422956432601 0.015003515568026669 0.0036179190339091882 0.002856472490804379 -0.0058894153441446809 -0.0051453210338146468 0.010497560028131781 0.0017291492007690239 0.012507276765733445 -0.01353589406585351 0.00018937698033812976 -0.0062965492204638531 0.00043010617781366481 0.0040683160682501432 -0.0058483860253450391 0.0033401229641489534 0.009169804381487871 0.016409020742216531 -0.00031168435661592668 0.0036831012629754802 -0.0053473742582053774 -0.0096952156514448096 0.0018311884333434198 -0.0037428205366141776 0.00029946496383976163 0.0090114143307177316 -0.0080874992336889846 0.00013424442041696589
leaf_weight=639.10289998352528 26597.275923863053 863.48941530287266 481.38676674664021 249.85948160290718 1881.9661434292793 261.29788587987423 419.61355644464493 1436.9063358455896 604.49287059903145 1990.0061719417572 248.69413480162621 383.16354958713055 18460.820645719767 1751.2688587158918 24352.911219760776 6274.7477376908064 422.54628129303455 448.79969470202923 354.70991219580173 338.14730554819107 265.27081352472305 1577.7178490012884 1582.3350883424282 316.80154444277287 2066.5423138737679 1045.0361261665821 1003.8243208527565 298.45547161996365 352.37443439662457 2139.4782891720533
leaf_count=2598 107246 3547 1936 1003 7576 1055 1686 5798 2430 7997 1004 1550 74352 7104 98149 25340 1704 1799 1446 1360 1067 6380 6345 1274 8304 4224 4056 1204 1418 8656
internal_value=0.000106556 -0.00407047 0.000171269 0.00072856 -6.23277e-05 -0.000227832 0.00173826 3.37202e-05 0.00243999 0.00380456 -0.00053326 -0.00694749 -0.000351857 -0.00283323 -0.000339098 0.00254598 0.00128917 1.60795e-05 0.00187485 0.00286603 0.00917312 0.00530401 -0.00342082 0.00144773 0.000264955 -0.000177524 0.00280326 0.00017503 3.01354e-05 -0.00199539
internal_weight=99109 1502.59 97606.5 46656.3 26168.3 25686.9 20488 6590.5 3014.11 2594.5 23804.9 644.461 23160.5 4048.82 50950.2 13897.5 7622.73 5795.15 3764.02 3341.47 603.418 1827.58 2031.13 2738.05 2383.34 2297.55 1252.52 19111.7 18813.2 3576.38
internal_count=399608 6145 393463 188068 105479 103543 82589 26567 12113 10427 95967 2605 93362 16388 205395 56022 30682 23299 15155 13451 2427 7383 8144 11024 9578 9284 5060 76974 75770 14454
is_linear=0
shrinkage=0.05


Tree=70
num_leaves=31
num_cat=0
split_feature=20 25 25 20 79 33 40 52 23 46 1 24 85 47 94 0 16 89 58 93 57 56 51 51 48 32 28 19 40 7
split_gain=13.4418 15.821 15.0872 17.6329 15.8508 14.3948 19.2121 15.2363 15.0241 13.9393 16.2869 17.8899 14.6905 16.1644 14.6667 14.8237 17.8801 13.9184 12.4381 12.4303 14.6629 12.4012 12.1244 17.4631 10.9927 10.8717 13.9833 10.6804 11.9883 12.5664
threshold=13.500000000000002 0.47111400000000009 0.43485400000000002 12.500000000000002 0.20000000000000145 5560.5000000000009 0.044571490529101095 117.44812538777613 0.20817950000000005 1.6962932441173193 3.5000000000000004 0.18720550000000005 0.51838760781031579 1.7640388782313321 0.46119850000000007 5.5000000000000009 1.2750000000000001 0.5244593500000001 2363.5000000000005 -0.021377999999999991 13.446252805355785 2.6476021763131254 2287.5587980334926 2377.0147320737265 0.68409804106045413 0.20550650000000001 0.48345750000000004 17.500000000000004 0.066933190505847812 1.5000000000000002
decision_type=2 10 8 2 2 2 8 8 8 8 2 10 2 8 10 2 2 10 10 10 10 10 10 10 8 10 10 2 10 2
left_child=2 5 3 9 -5 7 25 -2 -8 21 14 12 13 18 15 16 17 -11 -12 -14 -21 -1 -17 -24 -4 -7 -27 -6 -29 -30
right_child=1 -3 24 4 27 6 8 -9 -10 10 11 -13 19 -15 -16 22 -18 -19 -20 20 -22 -23 23 -25 -26 26 -28 28 29 -31
leaf_value=-0.0044720024313852661 0.0072001529035592982 -0.0096083658334178753 -0.0066519020448248577 0.013277179705847342 0.00095577709552198983 -0.0054135306014034892 0.0012408638796135934 0.00010221966147546313 -0.0014032153030392219 -0.016306815816531341 0.010117372397751748 0.01324821708271795 -0.0048953306059521268 -0.007708626586078772 -0.014385459615684116 0.0021906277418434917 0.0029206095429014432 -0.0037885957003613601 -0.0025417514509448159 0.0020261690112385656 0.013236383815990675 0.0056756495943546641 -0.011877834368161158 0.0043300326096460551 0.00088946956380118016 0.0071203847574368489 -0.0074018119865175841 0.005515553757074413 0.00593713646894071 -0.0029705696365862145
leaf_weight=372.0302376896143 759.81462101638317 455.80514799058437 1069.2451844960451 323.62176561355591 7117.5481453835964 3551.567169547081 7349.1546992659569 42341.026247695088 19901.072278887033 489.93983794748783 286.75819800794125 267.42973379790783 356.22664408385754 916.82547853887081 282.81314995884895 1540.7179950326681 323.46482171118259 413.40397675335407 552.34792177379131 953.38715817034245 413.28366422653198 1438.6968661099672 426.64803196489811 261.55619820952415 871.16723808646202 415.34462423622608 261.88889141380787 3655.4538377523422 626.27189809083939 1038.3134576827288
leaf_count=1504 3095 1854 4342 1304 28691 14318 29693 170674 80209 1968 1157 1075 1438 3694 1156 6193 1302 1664 2228 3846 1661 5790 1718 1057 3528 1673 1053 14717 2529 4189
internal_value=-9.26621e-05 -0.00042209 0.00093716 0.00130938 0.00251522 -0.000364667 -0.00117731 0.000228989 -0.000689936 -0.000346961 -0.0012999 0.00102919 5.45864e-05 -0.00315498 -0.00363032 -0.00271116 -0.00710103 -0.0106822 0.00185261 0.00332503 0.00548768 0.00357761 -0.000274034 -0.00574414 -0.00327893 -0.00430889 0.00147861 0.00222476 0.00391752 0.000396244
internal_weight=99032.8 75035.7 23997.2 22056.7 12761.2 74579.9 31479 43100.8 27250.2 9295.53 7484.8 3746.26 3478.83 1755.93 3738.54 3455.73 1226.81 903.344 839.106 1722.9 1366.67 1810.73 2228.92 688.204 1940.41 4228.8 677.234 12437.6 5320.04 1664.59
internal_count=399320 302569 96751 88881 51430 300715 126946 173769 109902 37451 30157 15099 14024 7079 15058 13902 4934 3632 3385 6945 5507 7294 8968 2775 7870 17044 2726 50126 21435 6718
is_linear=0
shrinkage=0.05


Tree=71
num_leaves=31
num_cat=0
split_feature=65 28 55 71 61 53 89 39 61 93 43 38 32 7 92 57 99 51 37 0 93 37 61 40 46 38 92 0 34 33
split_gain=17.0639 15.7317 13.6233 14.5066 19.6767 19.3673 16.5661 14.3318 14.1101 13.2181 12.9916 12.0837 11.6872 11.4805 12.7924 11.6836 11.6813 14.3186 11.8398 16.9831 11.4195 11.3157 11.0672 17.5938 13.4285 13.0316 12.3411 12.0076 11.8609 12.0947
threshold=1.0000000180025095e-35 0.30830000000000007 2219.7151344015879 1.0000000180025095e-35 1.0000000180025095e-35 2555.9413637718117 0.46084325000000009 0.036550133422956092 1.0000000180025095e-35 0.098593500000000014 2219.6108622149291 0.037041950000000011 0.12365350000000001 9.5000000000000018 -0.021661999999999997 15.280632655702465 0.00023900000000000313 2346.3254130160399 0.30882450000000006 4.5000000000000009 0.033786500000000004 0.46017400000000003 1.0000000180025095e-35 0.088140040184394627 2.0601088169748039 0.15947850000000005 -0.045989949999999988 4.5000000000000009 0.44307300000000005 5828.5000000000009
decision_type=2 8 10 2 2 10 10 10 2 10 8 10 10 2 10 8 10 10 10 2 10 10 2 8 10 10 10 2 8 2
left_child=1 -1 3 4 12 7 -7 8 -5 22 -11 -6 -2 14 15 -14 18 -18 20 -20 -16 -9 24 27 28 26 -25 -24 -3 -30
right_child=2 9 -4 5 11 6 -8 21 -10 10 -12 -13 13 -15 16 -17 17 -19 19 -21 -22 -23 23 25 -26 -27 -28 -29 29 -31
leaf_value=-0.0055268539091382022 0.0027212290956109596 -0.006405446442698819 -0.0095402105510261574 0.00018881706440886613 0.012719355222969533 -0.0038893101211304685 0.008088018907352194 -0.0046995099729741667 -0.0082034973679483755 0.0015721876426216027 0.010473712755806643 0.0027671722129245821 -0.0019860418020103024 -0.010779500781256756 0.0040656852667589581 -0.01155182561420947 0.0025213175272302325 -0.0061749356573374348 -0.014058643653319583 -0.0024526626537516587 -0.0043606505187890705 0.0052455055305817575 0.0061369182580918915 0.0011550041715136022 0.0081171987693228007 0.002089314915728674 -0.008348215502501536 -0.00060171350350846759 0.0013660864468239429 -6.0317302788770597e-05
leaf_weight=1048.4208725392818 2519.4893694967031 579.37748853862286 443.1622367054224 4687.3262115120888 432.81298415362835 438.1058770865202 809.83496242761612 6090.2492066174746 550.71531255543232 1106.6288848668337 645.15684135258198 1006.0978868305683 991.54148225486279 286.00125923752785 1051.652376383543 464.64186185598373 4309.9895660430193 521.99900150299072 387.86903342604637 1548.0106931179762 637.4644638299942 292.09578630328178 776.95966739952564 427.07731665670872 598.81362961232662 571.19757816195488 1653.7598923295736 4124.7370302081108 32943.544887334108 27066.554857701063
leaf_count=4280 10176 2335 1789 18943 1740 1790 3262 24677 2244 4451 2598 4038 3994 1152 4250 1870 17343 2108 1559 6224 2565 1186 3127 1723 2413 2293 6684 16608 132741 109093
internal_value=0.000117226 0.000523951 -0.000941879 -0.00079741 0.000307019 -0.00201178 0.00388573 -0.00264793 -0.000707481 0.000614713 0.00489133 0.00582783 -0.00032166 -0.00107527 -0.000784716 -0.00509628 -3.71785e-05 0.00157105 -0.00217931 -0.00483831 0.000878679 -0.00423687 0.000505034 -0.00129945 0.000727975 -0.0045718 -0.00640155 0.000476735 0.000653619 0.000722828
internal_weight=99011.3 71542.2 27469.1 27025.9 14157.6 12868.3 1247.94 11620.4 5238.04 70493.8 1751.79 1438.91 12718.7 10199.2 9913.17 1456.18 8456.99 4831.99 3625 1935.88 1689.12 6382.34 68742 7553.73 61188.3 2652.03 2080.84 4901.7 60589.5 60010.1
internal_count=399256 288346 110910 109121 57019 52102 5052 47050 21187 284066 7049 5778 51241 41065 39913 5864 34049 19451 14598 7783 6815 25863 277017 30435 246582 10700 8407 19735 244169 241834
is_linear=0
shrinkage=0.05


Tree=72
num_leaves=31
num_cat=0
split_feature=71 19 19 86 28 45 41 32 57 88 36 36 44 52 37 41 52 98 40 1 32 33 93 88 40 51 15 47 15 25
split_gain=15.1442 18.2226 18.8246 13.2412 16.8376 11.9166 15.6331 12.0237 11.7222 13.1842 11.4629 19.1684 12.7347 12.0641 12.5433 13.8162 15.7017 12.0407 11.7788 11.4134 11.3261 11.239 12.0841 11.1635 12.4041 10.8044 12.3375 12.9938 13.1717 10.2723
threshold=1.0000000180025095e-35 13.500000000000002 12.500000000000002 0.040312999999999967 0.51067600000000013 -8.7075194900437953 0.057930461248216963 0.14541100000000004 11.24815337137654 0.055484500000000055 0.50847550000000019 0.51057500000000011 35.843655517633429 126.01100865334213 0.093097050000000015 0.059887057088774849 127.9636236367494 0.055012880548484251 0.14686474076476502 3.5000000000000004 0.15155200000000005 306.50000000000006 0.01454825 -0.014759999999999994 0.040729806322362658 2015.2295426602343 0.65000000000000002 0.91064404091182183 1.0500000000000003 0.35280650000000008
decision_type=2 2 2 10 8 8 10 10 10 8 8 10 10 10 10 10 10 2 10 2 10 2 10 8 10 8 2 8 2 10
left_child=1 2 8 4 -4 6 -2 -8 -1 -10 12 -12 13 17 -15 19 -17 23 21 -16 -9 22 -13 24 -7 -3 -27 -28 -29 -20
right_child=5 25 3 -5 -6 10 7 20 9 -11 11 18 -14 14 15 16 -18 -19 29 -21 -22 -23 -24 -25 -26 26 27 28 -30 -31
leaf_value=-0.0036332198783001653 0.0045618423258469622 0.0060614172948667477 0.0051288504259601186 0.0072678511285957405 -0.00074797406412758117 0.011484844881305479 -0.0066303160282336323 0.0068030021857886577 0.0025667680242681943 -0.0080866767212518335 -0.012193021537848302 -0.0011075718247857995 0.011354882641371215 0.0083367841539576954 -0.00088678392340328215 -0.004107363106634801 0.0011061635849348101 -0.006697329599917228 0.01330734174734265 -0.013594087609435566 -0.0026374294367894459 -0.00050008367971435372 -0.0085356993156746105 0.0008313062450539696 0.0034036263640711117 0.0050973078452185832 -0.0085598802821388893 -0.009176691962042384 0.00010560346579273439 -0.00066125933734630896
leaf_weight=1497.7563042193651 678.99829278886318 756.14603379368782 2827.1154809892178 2201.1361914128065 2132.7654495090246 605.91533157229424 1913.0077908635139 341.65689651668072 3256.6701674312353 309.02857266366482 355.73157800734043 1327.3251489549875 275.96368524432182 370.13667917251587 336.26848365366459 1972.1834442317486 5311.4321707487106 335.945436835289 269.36467254161835 365.90089926123619 3318.336705878377 24219.042174383998 926.15938028693199 3062.5288500785828 2144.8070720136166 1169.2855274677277 438.18252038955688 376.31371606886387 35727.961441993713 247.14248406887054
leaf_count=6010 2733 3036 11343 8993 8634 2436 7797 1393 13174 1250 1433 5374 1111 1489 1351 7944 21370 1355 1098 1472 13476 97822 3756 12336 8614 4702 1760 1514 143738 998
internal_value=0.000113938 0.000717781 0.00239859 0.00404665 0.00260538 -0.000518812 -0.00255397 -0.00342756 6.44321e-05 0.00162343 -0.000216235 -0.000822537 0.000905213 0.00069872 -0.000538273 -0.000959539 -0.000309198 0.00237777 -0.000668207 -0.00760647 -0.00174004 -0.000815198 -0.00418468 0.00291282 0.00521887 0.000183162 6.37235e-05 -9.86915e-05 6.34017e-06 0.00673792
internal_weight=99070.2 50692.4 12224.5 7161.02 4959.88 48377.8 6252 5573 5063.46 3565.7 42125.8 27344.8 14781.1 14505.1 8355.92 7985.78 7283.62 6149.2 26989 702.169 3659.99 26472.5 2253.48 5813.25 2750.72 38467.9 37711.7 36542.5 36104.3 516.507
internal_count=399512 204154 49404 28970 19977 195358 25399 22666 20434 14424 169959 110481 59478 58367 33626 32137 29314 24741 109048 2823 14869 106952 9130 23386 11050 154750 151714 147012 145252 2096
is_linear=0
shrinkage=0.05


Tree=73
num_leaves=31
num_cat=0
split_feature=14 72 41 65 45 50 46 57 90 40 90 40 50 93 54 44 65 10 57 18 91 41 41 56 6 32 43 83 58 15
split_gain=11.0154 12.3402 16.828 16.2961 15.8951 14.1026 18.068 12.1054 11.7441 15.0699 11.5914 11.5276 11.3234 11.1831 13.3718 11.7547 11.9047 11.0118 10.9431 10.6124 10.7904 10.7283 15.1123 10.5127 11.023 10.5984 10.3509 17.3719 10.8021 13.9366
threshold=1.0000000180025095e-35 3.5000000000000004 0.05641622889863699 1.5000000000000002 -0.62017195743542397 142.45534937012931 1.7886188053930572 6.6143298779611106 0.054039499999999997 0.048020301923535853 -0.12655834999999999 0.035500876933737067 146.92604373144943 -0.023104000000000003 126.37433258424834 28.153586922726092 -1.0000000180025095e-35 1.5000000000000002 15.075915049202818 1.5000000000000002 -0.11528749999999999 0.072008892338117761 0.066916412581970799 2.8718987510003378 3.5000000000000004 0.13728400000000002 2317.0092360143735 0.56631160978871387 1262.5000000000002 9.3500000000000032
decision_type=2 2 8 2 8 8 10 8 10 10 8 8 10 10 10 10 2 2 10 2 8 10 10 10 2 8 10 2 10 2
left_child=1 2 -1 12 7 8 -7 -3 13 -10 -2 -12 -4 14 -6 -15 17 -17 -9 20 -8 22 23 24 -21 -25 -13 28 -28 -30
right_child=10 4 3 -5 5 6 19 18 9 -11 11 26 -14 15 -16 16 -18 -19 -20 21 -22 -23 -24 25 -26 -27 27 -29 29 -31
leaf_value=0.0063544230986366723 -0.0024944778280745856 0.0099617679744684381 -0.0032572529053434733 -0.012910079102847562 -0.016691466776872093 0.00081217155327901092 -0.0099612348080738849 0.00051621402670692495 -0.0087102290770817905 0.0042540381787420471 -0.0064961681993480919 0.0010416205305845752 0.0056534124042174234 -0.0005812134472507201 -0.0044401214514259357 -0.0027813878130177575 -0.0060471400122414374 0.0088255696769039445 0.0068681787754748596 -0.0025591046719351512 0.00048038299550533041 -0.0010046601961890209 -0.011413808430523796 0.0085545943801191831 -0.016062852142813343 -0.0029411250387024069 0.0028128749928639728 0.0054470884799038728 -0.010164661346574237 -0.0020095680881875989
leaf_weight=470.70947843790054 3193.4058060497046 434.51160384714603 5333.4953170418739 407.7379362732172 269.70159409940243 18149.515647664666 253.49851387739182 4934.7557068169117 263.16254268586636 1246.5484254062176 551.92624934017658 36901.784688785672 373.04413633048534 5269.5255042463541 1162.3455472439528 764.77268333733082 2630.6497972905636 267.55670389533043 776.45176410675049 374.31034874916077 4046.2716967612505 2118.1390738636255 809.91304202377796 262.34382389485836 248.88079971075058 750.01895536482334 946.97854362428188 876.60643590986729 586.73885080218315 4373.1632925719023
leaf_count=1892 12903 1752 21608 1666 1084 73129 1019 19888 1057 5049 2218 148742 1517 21170 4678 3072 10586 1075 3123 1509 16345 8567 3271 1060 1006 3041 3838 3569 2366 17645
internal_value=-0.000139948 -0.000645336 -0.00266536 -0.00336899 -0.000349429 -0.00072297 -9.1453e-05 0.00201149 -0.00215833 0.00195175 0.000410076 0.000620267 -0.00266588 -0.00275831 -0.0068472 -0.00209586 -0.00426731 0.000282687 0.00139027 -0.00194063 -0.000156901 -0.00361722 -0.00586679 -0.00306728 -0.00812054 9.24135e-05 0.000711643 -0.00108231 -0.00205886 -0.0029928
internal_weight=99048.5 51617.9 6584.99 6114.28 45032.9 38887.2 27012.9 6145.72 11874.3 1509.71 47430.6 44237.2 5706.54 10364.6 1432.05 8932.5 3662.98 1032.33 5711.21 8863.38 4299.77 4563.61 2445.47 1635.55 623.191 1012.36 43685.3 6783.49 5906.88 4959.9
internal_count=399445 208164 26683 24791 181481 156718 108947 24763 47771 6106 191281 178378 23125 41665 5762 35903 14733 4147 23011 35818 17364 18454 9887 6616 2515 4101 176160 27418 23849 20011
is_linear=0
shrinkage=0.05


Tree=74
num_leaves=31
num_cat=0
split_feature=71 64 84 46 0 83 63 24 34 23 84 55 30 94 6 20 51 36 52 51 53 85 91 43 31 4 83 40 53 51
split_gain=14.0363 17.1214 18.1755 15.5786 15.1041 16.6841 14.6052 16.5182 13.0442 12.8385 12.8232 12.2215 13.0944 12.7061 11.9205 11.6238 14.9821 13.918 12.5021 11.2625 13.3707 11.7287 11.1928 12.4899 11.0947 11.0774 14.1934 14.0956 14.3815 14.5469
threshold=1.0000000180025095e-35 10.500000000000002 0.57219885289179906 1.7886188053930572 4.5000000000000009 0.61030011219314206 1.5000000000000002 0.1321475 0.51397050000000011 0.30229400000000006 0.58515836630818607 2199.4571279702391 0.18379050000000002 0.47059850000000009 4.5000000000000009 13.500000000000002 2359.6272928191979 0.41129300000000008 119.22959420969836 2552.2769404749174 2517.6781974777041 0.52378793619547925 0.053508500000000021 2512.6797399220236 0.30569050000000003 1.5000000000000002 0.46741336367880543 0.042410487818435004 2406.2368282539974 2102.4086157344532
decision_type=2 2 2 10 2 2 2 10 10 8 2 10 10 10 2 2 10 10 8 10 10 2 8 10 10 2 2 8 8 8
left_child=11 2 3 9 -4 8 19 14 -6 15 -10 13 -13 22 -8 16 -2 -17 -19 20 -5 -22 23 25 -24 -1 -27 -28 -29 -30
right_child=1 -3 4 6 5 -7 7 -9 10 -11 -12 12 -14 -15 -16 17 -18 18 -20 -21 21 -23 24 -25 -26 26 27 28 29 -31
leaf_value=0.0021038639705494556 0.0014786257935071054 -0.0049243652395467288 0.0098865013767318356 -0.0027955081200329987 -0.0021782972631484076 -0.0065463667785376368 -0.0017959999755357246 0.0020453040557482181 0.0099152766545879765 -0.0035003456598207486 0.00033528479900984698 -0.0095977322210898334 0.0012760421186292868 -0.0022928317924230854 -0.014731036851687944 0.0054417953021994999 0.010928387467551117 -0.011374073876996758 -0.00046158963457510534 0.0054875843096642077 -0.013980629082922136 -0.0010425618607907878 -0.00060906122912275814 -0.0062134328015630942 0.0070757628870521715 0.0090556302312941733 -0.0067176816333820071 0.0020723557988757816 -0.013113861043936234 -0.0012160044474475581
leaf_weight=23028.386701598763 6162.7714130580425 2201.9848523885012 654.02747112512589 9356.2674295455217 702.93337489664555 515.54882444441319 584.49506244063377 3355.2937443852425 865.16808842122555 2397.9726400077343 582.53107821941376 593.94554011523724 507.35349820554256 3341.0770597904921 248.3523415774107 988.37417711317539 440.60201592743397 256.4009899944067 17918.661461889744 367.22469188272953 508.75099205970764 267.05348278582096 12817.33248603344 521.59662403166294 477.5319490134716 408.79332837462425 784.81006643176079 4653.7963469773531 269.7221697717905 3190.3976282030344
leaf_count=92762 24803 8949 2654 37813 2849 2087 2360 13553 3506 9841 2376 2386 2037 13609 1005 3969 1775 1032 72208 1473 2046 1077 51494 2093 1919 1647 3150 18752 1082 12840
internal_value=-1.81655e-05 -0.000627063 -0.000421101 -0.000697471 0.00313725 0.00145087 -0.00201703 0.000478673 0.00338939 -8.87194e-06 0.00608919 0.00056402 -0.00462193 0.000680325 -0.0057822 0.000317292 0.00212472 -0.000306299 -0.000621705 -0.00301207 -0.00332524 -0.00959693 0.000896009 0.00139119 -0.000327923 0.00151574 5.99158e-05 -0.000363034 0.000259125 -0.00217858
internal_weight=98969.2 48374.4 46172.4 42852.2 3320.21 2666.18 14687.4 4188.14 2150.63 28164.8 1447.7 50594.7 1101.3 49493.4 832.847 25766.8 6603.37 19163.4 18175.1 10499.3 10132.1 775.804 46152.4 32857.5 13294.9 32335.9 9307.52 8898.73 8113.92 3460.12
internal_count=399147 195376 186427 172955 13472 10818 59327 16918 8731 113628 5882 203771 4423 199348 3365 103787 26578 77209 73240 42409 40936 3123 185739 132326 53413 130233 37471 35824 32674 13922
is_linear=0
shrinkage=0.05


Tree=75
num_leaves=31
num_cat=0
split_feature=71 36 55 45 27 36 94 84 96 40 44 50 21 31 31 91 53 53 34 47 25 99 90 65 15 24 94 54 90 27
split_gain=10.6533 12.4754 13.4258 12.4135 11.819 11.9004 11.6596 14.4371 17.0928 16.7255 16.6128 14.1227 15.2275 13.8374 15.3555 15.8449 13.2931 13.0521 13.9473 12.5979 19.1009 18.7739 14.7241 12.5554 12.4498 13.4615 11.9143 12.9257 11.8156 13.6679
threshold=1.0000000180025095e-35 0.68814450000000005 2199.4571279702391 20.328159155655232 0.34222350000000007 0.70108100000000018 0.38158500000000006 0.51548740478318522 0.56208050000000009 0.071875044149229086 39.984839343985719 142.0139395424591 3086.5000000000005 0.20555450000000003 0.21571950000000004 0.10935800000000002 1991.2034002318012 2409.034826746491 0.50583950000000011 1.4435224635926291 0.351829 -0.017694999999999985 -0.073852050000000016 1.0000000180025095e-35 98.350000000000009 0.22389100000000003 0.37357350000000006 133.29236280820763 -0.033180149999999957 0.44136700000000006
decision_type=2 8 10 10 10 10 8 2 10 10 10 8 2 8 10 10 8 10 8 8 10 8 10 2 2 10 10 8 10 10
left_child=1 2 -1 4 -3 -6 13 8 9 11 -11 23 24 16 -15 -16 -2 -9 -19 20 -18 -21 26 -8 25 -13 27 -23 -24 -30
right_child=6 3 -4 -5 5 -7 7 17 -10 10 -12 12 -14 14 15 -17 19 18 -20 21 -22 22 28 -25 -26 -27 -28 -29 29 -31
leaf_value=0.0004270634466631689 0.0059529636576361664 0.0081320791325006549 -0.0052616908967433058 0.011315022238462169 0.00837171884666074 -0.0013228071363078134 0.005023432542458026 -0.0050099454906506495 0.0034859618215137634 -0.0029416492058527946 -0.016022532711015124 0.0012191839505340514 -0.0040658262035715214 0.0079925243425402748 -0.0021915581735037302 0.0052905289014964349 0.0088993371894279926 -0.0091595110317270866 0.0028908757550839955 -0.0038041560497314563 -0.0012739708153751835 -0.0070742605500688982 0.0041669944921294685 -0.0021631492387118307 -0.0072214989003535623 -0.0087912579479977725 0.0061847417634808251 0.0045614332027121294 -0.0093976617143524867 0.00042634070801749575
leaf_weight=46410.605152383447 809.2410207092762 645.81993773579597 1050.8885342776775 431.77350445091724 376.99856203794479 1729.7180079370737 2015.6848750114441 4004.6797245293856 2223.3427437841892 4712.695409938693 246.72368235886097 6555.4179814457893 3020.1720037609339 1093.5357719361782 1627.5721812397242 1236.5811228603125 832.60771311819553 290.26534326374531 1189.1650559902191 4367.2995382547379 1015.0554578751326 1501.6814390569925 2108.4628499597311 861.49524301290512 523.20128594338894 343.99581684172153 252.4731912612915 276.28622563183308 363.03380914032459 6947.7356584668159
leaf_count=186931 3261 2601 4221 1757 1517 6959 8168 16114 8932 19185 1018 26532 12221 4397 6547 4974 3371 1165 4769 17615 4078 6057 8475 3519 2131 1396 1020 1111 1460 28059
internal_value=-3.27701e-06 0.000503651 0.000300022 0.00352827 0.00227027 0.00044339 -0.00053352 -0.00125419 -0.000643897 -0.00114785 -0.00362334 -0.000224124 -0.00107897 0.000301563 0.00298065 0.00104596 -0.000273684 -0.0035305 0.000480958 -0.000562142 0.00333363 -0.00101905 4.56836e-05 0.00287156 0.000140176 0.000708075 -0.00380546 -0.00525074 0.000879005 -7.36643e-05
internal_weight=99064.2 50645.8 47461.5 3184.31 2752.54 2106.72 48418.4 25986.8 20502.7 18279.4 4959.42 13320 10442.8 22431.6 3957.69 2864.15 18473.9 5484.11 1479.43 17664.6 1847.66 15817 11449.7 2877.18 7422.62 6899.41 2030.44 1777.97 9419.23 7310.77
internal_count=399561 203986 191152 12834 11077 8476 195575 105150 83102 74170 20203 53967 42280 90425 15918 11521 74507 22048 5934 71246 7449 63797 46182 11687 30059 27928 8188 7168 37994 29519
is_linear=0
shrinkage=0.05


Tree=76
num_leaves=31
num_cat=0
split_feature=26 55 95 20 20 15 0 61 97 44 79 8 57 21 84 0 55 42 29 47 72 2 26 1 8 43 55 46 16 98
split_gain=11.5493 13.0581 11.9445 13.2153 24.6777 19.26 13.4005 14.4266 14.4123 14.3739 13.3728 12.7638 14.4443 12.9248 13.5611 14.9487 12.7503 12.0859 11.9291 13.8909 11.7121 11.2927 11.7801 11.6353 14.58 19.7152 13.2973 12.8797 12.389 16.1607
threshold=0.40769350000000004 1417.3408565364887 -0.023370999999999999 13.500000000000002 12.500000000000002 79.15000000000002 4.5000000000000009 1.0000000180025095e-35 0.88980388745830108 26.232762596974592 62.750000000000007 7.5000000000000009 14.966900802277719 4113.5000000000009 0.54106702608195123 8.5000000000000018 1914.3936723107452 136.16999272552752 0.57158650000000011 1.8247349986820331 3.5000000000000004 2.5000000000000004 0.49845100000000003 2.5000000000000004 1.5000000000000002 2101.1159542930127 1519.3190400796473 1.9977292927289625 1.2650000000000003 -0.030249988661023876
decision_type=10 8 10 2 2 2 2 2 2 8 2 2 10 2 2 2 10 8 10 10 2 2 10 2 2 8 8 10 2 2
left_child=1 -1 -2 4 11 6 8 9 -6 -8 -11 12 13 14 15 -4 -13 -10 19 20 -7 -5 23 24 25 -23 -27 -25 29 -26
right_child=2 -3 3 21 5 18 7 -9 17 10 -12 16 -14 -15 -16 -17 -18 -19 -20 -21 -22 22 -24 27 28 26 -28 -29 -30 -31
leaf_value=-0.0062952340865486791 -0.0075188718794454521 -0.00082288726319718172 0.001345787172645847 0.0011828480659754293 0.0044976704227665072 -0.0030571922399999243 0.0076843932757309002 -0.0010335719323603765 0.0014812537326231855 0.004092277364707228 -0.0030916470770137893 -0.002473150859551894 0.0054474781316770169 -0.0036684378313415612 0.007160013930535631 -0.0082884271913073009 -0.014339839919390552 -0.0092054575177107946 -0.0011827594237529644 0.015717887620774487 0.0079570971423471668 -0.011802441210376796 -0.0039876658159794937 -0.00092184799607476515 -0.0037736797286302137 0.0083124331965008583 -0.002108376730955258 0.0042588575691437655 0.0039408945075298267 0.0015033458222398078
leaf_weight=1237.1953324526548 477.47623459994793 8693.5925343632698 2278.9429851323366 15594.292897224426 546.09419724345207 286.14387960731983 1866.1183101683855 1773.4441190361977 411.97014108300209 2439.9317846894264 872.37601007521152 1714.6909280270338 1204.6512027382851 2091.8557567745447 758.31681732833385 478.59621262550354 252.10144849121571 717.22525334358215 390.4291862398386 481.10389021039009 1387.921452447772 455.88315035402775 2122.8500974029303 32631.557855457067 1731.7788882106543 349.76343183219433 2044.6195716559887 1235.6801899522543 3847.5224310010672 8680.9411178231239
leaf_count=5033 1937 35155 9165 62924 2198 1160 7546 7131 1656 9841 3521 6908 4855 8433 3072 1925 1017 2890 1575 1938 5584 1832 8545 131573 7023 1420 8254 4973 15503 34961
internal_value=0.000106231 -0.00151029 0.000286504 0.000329389 0.00146182 0.00301952 0.00188755 0.00285431 -0.0021173 0.00418521 0.00219661 -0.000521752 0.000503954 -0.000565823 0.00128533 -0.000350226 -0.00405906 -0.00532779 0.00683344 0.00828441 0.00606748 3.16371e-07 -0.00034712 -0.000194766 0.000867655 -0.00239137 -0.000557899 -0.000731623 0.00152027 0.000622925
internal_weight=99055.1 9930.79 89124.3 88646.8 19951.9 11172.8 8627.16 6951.87 1675.29 5178.43 3312.31 8779.16 6812.36 5607.71 3515.86 2757.54 1966.79 1129.2 2545.6 2155.17 1674.07 68694.9 53100.6 50977.7 17110.5 2850.27 2394.38 33867.2 14260.2 10412.7
internal_count=399548 40188 359360 357423 80415 45040 34783 28039 6744 20908 13362 35375 27450 22595 14162 11090 7925 4546 10257 8682 6744 277008 214084 205539 68993 11506 9674 136546 57487 41984
is_linear=0
shrinkage=0.05


Tree=77
num_leaves=31
num_cat=0
split_feature=65 32 45 32 50 51 7 34 80 31 4 87 49 45 46 41 26 19 80 9 53 49 53 37 52 40 31 51 79 86
split_gain=11.7218 18.3002 14.6567 14.6922 13.2161 12.3254 13.3523 13.4691 10.5473 10.7328 10.6677 10.4993 10.4886 11.2784 10.7027 10.3652 10.2769 9.6761 12.0934 9.22502 9.01734 11.5026 8.91067 14.3962 12.6249 14.8461 9.87051 9.97975 12.2345 10.781
threshold=1.0000000180025095e-35 0.16878250000000003 19.419556528416887 0.17653850000000001 144.09927269172633 2214.1223108709219 1.0000000180025095e-35 0.56639650000000008 8.4203518338981294 0.17148100000000002 1.5000000000000002 0.030181500000000031 123.56042618250223 2.8189398001419272 1.7081454240605563 0.074902402734475224 0.42272150000000003 15.500000000000002 6.8747152913649368 1.0000000180025095e-35 2194.5175110120831 126.38947222621486 2060.3827601265102 0.12501650000000003 124.52004441325965 0.074261089936850516 0.24957900000000002 2192.3426920722241 10.700000000000003 0.012322000000000001
decision_type=2 10 10 10 10 8 2 10 2 10 2 10 10 10 10 10 10 2 2 2 8 8 8 8 10 10 10 10 2 10
left_child=22 4 3 11 5 12 20 -8 9 -6 15 -3 -2 -14 -15 19 -4 -5 -19 -10 -7 -22 23 -1 25 -25 -24 29 -29 -28
right_child=1 2 16 17 8 6 7 -9 10 -11 -12 -13 13 14 -16 -17 -18 18 -20 -21 21 -23 26 24 -26 -27 27 28 -30 -31
leaf_value=0.0067113968844338401 -0.00023256550265468874 -0.0037751288031159661 0.0030766525781831203 0.0020576871689750595 0.0033561539655081588 0.006933865484736278 -0.0043964148359311997 0.0043466161176275034 0.00026814222602013162 0.012937371779744798 -0.0080811048276258207 -0.014341892809803712 -0.00034102176577682639 0.017098888470307681 0.0046476334726650113 -0.0073873292632429784 -0.0068325061417021729 -0.006455868944966592 -0.00055528718654889342 0.0089367471032333664 -0.0050861417820543646 0.0028375322060579262 0.00011124075262227524 0.0019384060072357712 -0.0016926545757644648 0.014657061676243241 0.0076323468002022768 0.0077721958526697707 -0.00075838895149779031 -0.0014201036512292366
leaf_weight=1415.9860324263573 2381.947402536869 1149.6573690623045 291.30665425956249 2506.012764826417 2496.4741319268942 518.1243222206831 4046.8567157685757 486.12459743022919 899.66244751214981 323.69039845466614 347.95465260744095 289.88400922715664 513.50880651175976 267.65565901994705 486.06501878798008 266.68759821355343 2182.5241093635559 1060.1448978036642 4617.7157661765814 456.32464155554771 774.9802110940218 1089.8191862255335 61648.006958544254 1318.1150342822075 2148.5290620923042 268.91961655020714 1341.1237249076366 496.56963863968849 2460.5389374494553 431.01237154006958
leaf_count=5709 9595 4640 1176 10128 10097 2098 16361 1963 3656 1309 1411 1167 2084 1076 1956 1072 8788 4295 18638 1852 3135 4400 248566 5303 8661 1082 5396 2006 9915 1736
internal_value=9.88712e-05 -0.000779234 -0.00223283 -0.0013474 0.000366607 -0.000621333 -0.00186098 -0.00345129 0.00254206 0.00449769 -0.000265222 -0.00598725 0.00172671 0.00538243 0.00923522 0.00144999 -0.00565796 -0.000524936 -0.00166643 0.00322942 0.00116602 -0.000464982 0.000435954 0.00243711 0.00080333 0.00417184 0.0002803 0.00247919 0.000695468 0.00543503
internal_weight=98981.9 27453.1 12097.2 9623.41 15355.9 10565.1 6915.91 4532.98 4790.79 2820.16 1970.63 1439.54 3649.18 1267.23 753.721 1622.67 2473.83 8183.87 5677.86 1355.99 2382.92 1864.8 71528.8 5151.55 3735.56 1587.03 66377.3 4729.24 2957.11 1772.14
internal_count=399271 110897 48832 38868 62065 42668 27957 18324 19397 11406 7991 5807 14711 5116 3032 6580 9964 33061 22933 5508 9633 7535 288374 20755 15046 6385 267619 19053 11921 7132
is_linear=0
shrinkage=0.05


Tree=78
num_leaves=31
num_cat=0
split_feature=72 45 37 7 86 34 79 38 52 40 79 91 33 25 34 89 30 28 4 73 89 64 52 0 15 88 15 89 93 35
split_gain=11.5156 14.0597 15.3446 14.9045 16.1604 11.8001 11.8907 11.289 10.8254 10.4026 9.98084 16.4112 13.0913 9.94605 10.8951 10.6413 10.4756 9.78052 14.9797 9.76766 11.4693 11.2399 11.0102 9.62321 9.72748 9.55032 9.53286 9.46806 9.11424 10.6559
threshold=3.5000000000000004 -7.4743260393310154 0.39654150000000005 1.0000000180025095e-35 0.032594499999999978 0.56639650000000008 99.250000000000014 0.27886200000000011 127.13809897097595 0.055841714733959741 92.550000000000011 0.15149150000000003 2796.5000000000005 0.34068650000000006 0.50583950000000011 0.35731735000000003 1.0000000180025095e-35 0.51067600000000013 1.5000000000000002 1.0000000180025095e-35 0.41604050000000009 3.5000000000000004 128.6255077787757 6.5000000000000009 68.850000000000009 -0.09168649999999999 26.050000000000004 0.39476575000000008 0.030893499999999994 0.15906350000000005
decision_type=2 8 10 2 8 10 2 10 10 10 2 10 2 10 8 8 8 8 2 2 10 2 8 2 2 10 2 10 10 8
left_child=7 2 3 4 9 6 17 19 -6 -2 13 -12 -13 16 15 -15 -3 25 23 21 22 -1 -21 -19 -25 -5 -4 -27 29 -22
right_child=1 10 26 5 8 -7 -8 -9 -10 -11 11 12 -14 14 -16 -17 -18 18 -20 20 28 -23 -24 24 -26 27 -28 -29 -30 -31
leaf_value=-0.00094031644575826305 0.0032662529261795179 0.0108626507556186 -0.0010510791862396339 -0.0061895399247416001 0.0038738430571365482 0.0075287075599065993 0.0091682403225537609 0.005769881203218895 -0.0076748246607481856 0.01048684499952781 -0.00077046137656971243 -0.0143617157371323 -0.002423783595403062 0.0060268544871198634 0.00036819040707419945 -0.0015546820737400947 0.0013007928775630399 -0.0068391674175759323 -0.013142339683134753 0.0012109035264934321 -0.0015758624470473531 -0.0045802587321075545 -0.01112480380191966 -0.0039432031820351432 0.0089674398005215299 -0.0061243249530452959 0.0098228157624925191 0.0030824073132533826 0.007786951266181963 0.007069351623920939
leaf_weight=4785.0408053100109 1111.3899940252304 283.33916930854321 255.03252924978733 483.27417968213558 402.90656416118145 416.61314277350903 250.05542774498463 521.12078028917313 389.96101523935795 915.48720249533653 8434.4507192820311 406.26651990413666 523.40944020450115 470.6778903901577 42545.611547872424 12664.957629904151 12641.67523907125 512.47354643046856 405.24715982377529 365.23573732376099 1397.0244200974703 3808.7952103018761 344.97594273090363 283.15153802931309 281.96147753298283 324.77148765325546 919.68325950205326 1684.2732180058956 572.45291176438332 467.45177288353443
leaf_count=19374 4495 1149 1022 1948 1619 1676 1006 2098 1582 3686 33977 1637 2106 1915 171299 50997 51219 2059 1628 1495 5648 15477 1424 1140 1138 1335 3689 6779 2311 1892
internal_value=6.96628e-05 0.00027275 0.00218572 0.00134441 0.00420465 -0.000398396 -0.00119595 -0.00136379 -0.00183106 0.00656308 6.06097e-05 -0.00146971 -0.00773796 0.000269669 -2.04697e-05 -0.00127864 0.00151864 -0.00186928 -0.00506983 -0.00168506 0.000696474 -0.00255699 -0.00485227 -0.00194108 0.00254244 4.75761e-05 0.00747313 0.00157113 0.00232681 0.000617771
internal_weight=98868.8 86606.7 8636.28 7461.57 2819.74 4641.82 4225.21 12262.1 792.868 2026.88 77970.4 9364.13 929.676 68606.3 55681.2 13135.6 12925 3975.15 1482.83 11741 3147.14 8593.84 710.212 1077.59 565.113 2492.32 1174.72 2009.04 2436.93 1864.48
internal_count=398820 349101 34802 30091 11382 18709 17033 49719 3201 8181 314299 37720 3743 276579 224211 52912 52368 16027 5965 47621 12770 34851 2919 4337 2278 10062 4711 8114 9851 7540
is_linear=0
shrinkage=0.05


Tree=79
num_leaves=31
num_cat=0
split_feature=5 65 93 46 39 94 84 53 71 55 21 40 55 33 91 54 46 86 64 33 95 42 47 21 40 29 53 20 20 29
split_gain=11.1353 18.838 20.5146 15.7966 15.7328 14.1016 13.6442 13.2617 11.7893 15.3994 14.2804 16.4704 18.9254 13.788 13.8886 13.315 13.5892 13.0112 12.2202 12.1153 11.5958 11.4601 13.7294 15.1369 12.0828 11.3786 11.1052 10.8254 19.2009 17.5071
threshold=1.5000000000000002 -1.0000000180025095e-35 0.095194000000000015 1.7886188053930572 0.03363095765820006 0.48942050000000009 0.5037457850224305 2495.0532790075144 1.0000000180025095e-35 2188.7866949641207 1304.5000000000002 0.096065611856200883 2066.7774478506904 10724.500000000002 0.052291500000000012 130.8922263833025 1.8373005431276794 -0.21462600000000001 8.5000000000000018 1462.5000000000002 0.078552500000000011 129.7093087329545 1.740433108233143 2858.5000000000005 0.099928005682173013 0.60019900000000004 2494.3420370361673 18.500000000000004 14.500000000000002 0.48504450000000005
decision_type=2 2 10 10 8 10 2 8 2 10 2 10 10 2 10 8 10 10 2 2 10 10 10 2 10 10 8 2 2 10
left_child=1 2 7 4 6 26 -3 21 9 13 15 12 18 14 17 16 -10 -5 -12 -13 -7 -1 -23 25 -25 -24 -6 28 -8 -30
right_child=-2 3 -4 8 5 20 27 -9 10 -11 11 19 -14 -15 -16 -17 -18 -19 -20 -21 -22 22 23 24 -26 -27 -28 -29 29 -31
leaf_value=-0.0053383748544265234 0.00065776831793867439 -0.0035326823063240829 0.0099648012264479183 0.012434991550274006 -0.0014680349342958818 -0.0023045685650568137 0.00078944636235723598 -0.0013332232695952905 0.0031790138944419971 -0.012431161915622603 -0.003725120502045032 -0.0061483839336577417 0.0056615943223906166 -0.0077003990747662315 -0.003292421883700586 -0.016792633271903088 -0.010974278187481959 0.00082954091667320298 -0.011233360458380351 0.0063407047673680206 -0.011835515556918553 0.0039788286372469629 -0.0034522857782831266 0.002996860708822535 -0.0076261100593552292 0.0074387753957100696 0.00065396082223767886 -0.00024211876152249878 -0.0017589953392428887 0.012471839106417094
leaf_weight=572.68957035243511 32184.794861495495 781.28096933662891 588.80452354252338 243.06890432536602 13694.942618712783 921.48954531550407 1134.5317978858948 6150.6247253268957 295.24533520638943 271.82670019567013 5256.3626043349504 252.26506647467613 487.49254521727562 614.22419884800911 2244.3477421849966 353.8971803188324 377.44862994551659 5343.6038410961628 598.57348351180553 747.54485990107059 483.55175027251244 4586.7816767394543 2503.9123121351004 4079.8463098406792 276.96512508392334 255.71430742740631 11199.861931681633 1171.9664780050516 267.48828259110451 1067.5472407191992
leaf_count=2296 129818 3157 2370 976 55141 3809 4580 24784 1206 1096 21249 1024 1960 2482 9031 1457 1534 21585 2431 3032 1968 18498 10076 16460 1113 1027 45127 4724 1075 4311
internal_value=-0.00010616 -0.000474139 0.000856688 -0.00100353 -0.000325508 -0.000789691 0.00243027 0.000560399 -0.0022218 -0.000933249 -0.00356125 -0.00278102 -0.00372103 -0.000548901 2.11298e-05 -0.00906084 -0.00480682 0.0013558 -0.00451056 0.00315986 -0.00564515 0.00150948 0.00184884 0.000472342 0.00230563 -0.00241988 -0.000513496 0.00371577 0.00558744 0.00962866
internal_weight=99008.7 66823.9 19015.3 47808.6 30722.7 26299.8 4422.81 18426.5 17085.9 8717.07 8368.83 7342.24 6342.43 8445.24 7831.02 1026.59 672.694 5586.67 5854.94 999.81 1405.04 12275.9 11703.2 7116.44 4356.81 2759.63 24894.8 3641.53 2469.57 1335.04
internal_count=399397 269579 76624 192955 123892 106045 17847 74254 69063 35170 33893 29696 25640 34074 31592 4197 2740 22561 23680 4056 5777 49470 47174 28676 17573 11103 100268 14690 9966 5386
is_linear=0
shrinkage=0.05


Tree=80
num_leaves=31
num_cat=0
split_feature=20 33 45 93 34 37 26 0 2 57 98 89 90 29 86 78 29 28 34 0 93 1 99 93 36 89 36 1 95 63
split_gain=14.2735 14.3076 14.125 12.898 10.2713 10.038 14.2177 13.6495 13.5454 11.0873 19.3473 11.8169 11.654 11.1339 10.3186 12.6202 10.2961 13.3359 14.9306 14.9284 13.232 13.1141 12.2257 16.1696 14.0688 12.2044 11.9686 13.6187 11.7614 10.7488
threshold=13.500000000000002 2632.5000000000005 27.251591174329587 -0.038815499999999989 0.61164650000000009 0.30882450000000006 0.50002900000000017 5.5000000000000009 3.5000000000000004 13.910462123907896 -0.0043624248402357726 0.70739075000000018 -0.043690000000000027 0.43505650000000001 -0.034212499999999972 0.16125909364361909 0.41184100000000007 0.51067600000000013 0.53503250000000013 9.5000000000000018 0.011308500000000015 5.5000000000000009 -0.021307500000000004 0.041718999999999999 0.55275650000000009 0.49501850000000008 0.49084450000000007 2.5000000000000004 -0.018863999999999988 1.5000000000000002
decision_type=2 2 10 8 10 8 10 2 2 10 2 8 10 10 10 2 10 10 8 2 10 2 8 10 10 10 10 2 10 2
left_child=1 2 3 -1 -3 6 9 8 -8 11 -11 16 13 -12 -14 -16 21 19 25 22 -20 29 -18 -24 -25 -19 27 -27 -28 -2
right_child=5 4 -4 -5 -6 -7 7 -9 -10 10 12 -13 14 -15 15 -17 17 18 20 -21 -22 -23 23 24 -26 26 28 -29 -30 -31
leaf_value=0.0047534720557936829 0.00074181584473354966 0.0017830969384611062 0.005749477791461074 -0.0017370508190599954 0.010213303368859521 -0.0010069550347072144 0.0090299790231506815 -0.0080013760879226025 -0.0047053948665572685 0.0044396542797358763 -0.0030526465729870484 0.0075919207350861649 -0.004978010433944303 0.0051303194587707206 0.008288712780120451 -0.00083311119720473224 0.0040437076341586255 -0.0088320599979917046 -0.0082015197710834566 0.0098415166195834 0.0005115642016331087 -0.010651982076023109 0.0010779794677156852 -0.0080154865839211758 0.00053351527238889229 0.0039887125603422866 -0.0080435018852613813 -0.0086144497912455306 0.00092266800212557258 -0.0066217021825753127
leaf_weight=839.47844606637955 1542.4814746975899 14317.150676235557 815.35466009378433 7754.9383422881365 361.25717389583588 34272.848698943853 295.88162268698215 1007.1676695495844 424.7055254727602 4032.0024747103453 540.95277018845081 468.58790212869644 1302.04306460917 1708.0097077637911 414.17895326018333 3564.238688826561 2333.1968327760696 403.0149562805891 1255.5916558653116 467.71671476960182 662.81539127230644 479.93375565111637 7264.3713543862104 1031.0568626224995 892.7613345682621 291.18878321349621 372.21080945432186 753.26606884598732 8501.8598766177893 719.03235065937042
leaf_count=3382 6295 57757 3284 31291 1459 138233 1190 4049 1707 16250 2185 1892 5260 6873 1674 14489 9401 1623 5057 1885 2669 1957 29221 4138 3594 1171 1502 3026 34294 2934
internal_value=-3.64214e-05 0.00102222 -0.000499456 -0.00109829 0.00199739 -0.000376518 0.000154112 -0.00427108 0.000980914 0.000351196 0.00164923 -0.000196131 0.000151055 0.00315723 -0.00113283 0.000134931 -0.000334205 -5.05265e-06 -0.00116554 0.0011797 -0.00520408 -0.00323268 0.000819839 -2.31756e-06 -0.00406602 -0.000410609 -5.98734e-05 -0.00509625 0.000537964 -0.00161821
internal_weight=99089.3 24088.2 9409.77 8594.42 14678.4 75001.1 40728.3 1727.75 720.587 39000.5 11561.4 27439.1 7529.42 2248.96 5280.46 3978.42 26970.5 24229.1 12239.9 11989.1 1918.41 2741.45 11521.4 9188.19 1923.82 10321.5 9918.53 1044.45 8874.07 2261.51
internal_count=399742 97173 37957 34673 59216 302569 164336 6946 2897 157390 46731 110659 30481 9058 21423 16163 108767 97581 49342 48239 7726 11186 46354 36953 7732 41616 39993 4197 35796 9229
is_linear=0
shrinkage=0.05


Tree=81
num_leaves=31
num_cat=0
split_feature=35 81 92 14 46 42 40 53 30 40 86 53 99 51 81 55 34 80 52 30 92 28 4 36 99 39 29 51 36 52
split_gain=13.1081 16.5685 16.2731 13.6445 13.6266 14.4119 14.9171 12.2423 19.4743 11.6889 11.5942 14.776 13.5473 11.99 11.4061 11.6994 11.3696 11.3683 13.5914 13.7648 15.4501 11.7046 10.8192 15.8815 15.8661 12.188 10.6363 10.612 11.7634 10.4958
threshold=0.14090950000000005 5.9976943252828532 -0.060430649999999995 1.0000000180025095e-35 1.8081332316873895 135.33417565320704 0.052034081855258867 2297.4613216175662 0.41801100000000008 0.035937644210548104 -0.013830000000000007 2274.0687754477699 0.025977500000000004 2209.0626778225383 8.272698306037654 2211.5161517988909 0.52305250000000003 7.426251364737424 128.07762635276188 0.14155100000000001 0.045498000000000004 0.49827600000000005 1.0000000180025095e-35 0.57923350000000007 0.023985000000000003 0.044484211869444075 0.47654400000000002 2108.9765676837101 0.42477850000000006 126.95900466888166
decision_type=10 2 10 2 8 10 10 10 10 10 10 10 10 8 2 10 10 2 10 10 10 10 2 10 10 10 10 8 8 8
left_child=1 2 -1 4 5 6 -2 8 10 -9 11 29 13 -12 -6 -16 -15 -11 19 20 21 -19 23 25 -24 -20 -27 28 -3 -5
right_child=3 27 -4 7 14 -7 -8 9 -10 17 12 -13 -14 16 15 -17 -18 18 22 -21 -22 -23 24 -25 -26 26 -28 -29 -30 -31
leaf_value=0.0070782568066264893 -0.0051858240359605422 0.014564013615987413 -0.0031480674348043944 0.0019856692365060598 -0.00053335771798209677 0.00082981475197182401 -0.00013966086083715086 -0.010777357379572597 -0.01137771276795782 -0.0034309023611623795 0.00052611607819472118 0.0098227411012061158 -0.0012856554732016755 0.0062906282507198766 -0.0027132058102094254 -0.013035044649188567 0.0013604343840934573 0.0065037283932390388 -0.0031616003016882825 0.0044758294584237475 -0.011745192265616244 -0.0019469439502756208 -0.00052723561311984724 0.0026599983596367165 0.0096492978644792254 -0.0035958741290198683 -0.016337919278824761 0.001081094799468498 0.0033537570798761076 -0.0015100120038556916
leaf_weight=428.33333423733711 2376.3381053209305 249.80747945606709 3478.6041171699762 3329.9089810848236 8263.2102918326855 13400.687816143036 3792.8608729094267 272.95443341135979 295.18793430924416 2758.8239610344172 2402.6673102080822 367.90094108879566 1838.976621389389 3774.9331117868423 11238.885975465178 272.26643255352974 1701.797742113471 596.57956805825233 1836.9564035385847 2784.4923374354839 272.8758504986763 1253.5301389843225 4289.8924728780985 824.46862532198429 410.47943906486034 291.0567718744278 386.45713613927364 17148.5850956738 2514.058572947979 6003.9288993924856
leaf_count=1728 9554 1002 14033 13407 33376 54070 15249 1094 1195 11163 9665 1483 7406 15274 45391 1102 6887 2397 7405 11199 1096 5052 17313 3351 1656 1174 1553 69193 10128 24228
internal_value=-5.98579e-05 0.000961806 -0.00201171 -0.00038425 -0.00102633 -9.08e-05 -0.00208866 0.000323581 0.00115695 -0.000704756 0.00135323 0.000130036 0.00257295 0.003474 -0.00195167 -0.00296844 0.00476393 -0.000522954 9.88687e-05 0.00216986 -0.000861433 0.000798343 -0.00116646 -0.00333822 0.000380071 -0.00530772 -0.0109959 0.00154594 0.00441583 -0.000262114
internal_weight=98857.5 23819.4 3906.94 75038.1 39344.2 19569.9 6169.2 35693.9 19715.3 15978.6 19420.1 9701.74 9718.37 7879.4 19774.4 11511.2 5476.73 15705.6 12946.8 4907.48 2122.99 1850.11 8039.31 3338.94 4700.37 2514.47 677.514 19912.5 2763.87 9333.84
internal_count=398824 96084 15761 302740 158742 78873 24803 143998 79545 64453 78350 39118 39232 31826 79869 46493 22161 63359 52196 19744 8545 7449 32452 13483 18969 10132 2727 80323 11130 37635
is_linear=0
shrinkage=0.05


Tree=82
num_leaves=31
num_cat=0
split_feature=26 52 33 34 87 87 29 15 15 47 45 16 94 74 92 95 28 86 79 19 20 0 19 54 41 90 47 86 33 31
split_gain=9.94794 13.8572 13.6172 12.4745 12.3563 12.3196 12.7696 11.4955 16.8043 11.4914 11.3515 10.4608 10.2318 9.32543 9.18796 12.0746 11.1026 12.3789 13.3405 9.06276 8.82747 16.4772 16.2595 18.7294 12.2965 15.3947 14.6351 12.6066 10.5373 15.9907
threshold=0.40334200000000003 121.12542775807599 1462.5000000000002 0.45835500000000001 -0.071310999999999999 -0.14044649999999997 0.49126900000000001 21.550000000000004 46.550000000000004 1.7522854682894577 15.121300749035429 0.19500000000000003 0.37291650000000004 1.5000000000000002 0.12768800000000005 0.10190050000000002 0.30830000000000007 -0.21462600000000001 34.45000000000001 17.500000000000004 20.500000000000004 7.5000000000000009 16.500000000000004 131.92652559645745 0.076342257106047556 -0.12083594999999998 1.8545613388000635 -0.12114700000000002 4769.5000000000009 0.17580250000000003
decision_type=10 10 2 8 8 10 10 2 2 10 10 2 10 2 10 10 8 10 2 2 2 2 2 10 10 8 10 10 2 10
left_child=1 4 3 -3 -1 -4 -7 11 -9 -8 13 -6 -12 -5 16 -16 17 -2 -19 -10 -18 24 23 -23 25 -22 -26 -27 -24 -30
right_child=14 2 5 10 7 6 9 8 19 -11 12 -13 -14 -15 15 -17 20 18 -20 -21 21 22 28 -25 26 27 -28 -29 29 -31
leaf_value=0.0094264701164922596 0.002097020769178554 -0.0090932708869355446 -0.014652928773780455 0.0054289829607753592 -0.00081423856691483767 -0.0012481598952508658 -0.002549200310314568 -0.011121495464396558 -0.0023305479848349047 -0.013469474249406622 0.00044799040023935473 0.011101737957446131 0.013865716688317362 -0.0056659041075538359 0.0059071410326671514 -0.0022185194317014914 0.00041935284778685819 -0.018155870940750763 -0.0031214053143339849 0.0056405303897322174 0.0063275948889473174 0.0014367179661216457 0.0045135235354635808 0.012453756941763892 0.0046977558857560281 -0.010918313611352341 -0.0073380938235029078 -0.0035501557855050236 -0.012037089031644925 0.0010677781967419796
leaf_weight=364.45486111938953 369.579634308815 291.16498605906963 324.01204492151737 286.94619010388851 367.06307311356068 1391.4179178476334 436.06638549268246 406.81452023983002 1156.2690052241087 544.33002291619778 270.15716019272804 357.11484198272228 291.31606362760067 514.61935856938362 1517.2910605370998 646.24785852432251 79198.629953175783 246.43081545829773 359.75354526937008 503.63426895439625 331.04430964589119 1300.5403060168028 364.94296249747276 540.37880140542984 957.19900670647621 684.01002648472786 332.14358353614807 3699.0693338960409 451.09387943148613 467.08592677116394
leaf_count=1476 1504 1184 1319 1163 1488 5644 1756 1648 4693 2197 1087 1442 1180 2089 6122 2601 319359 1011 1488 2039 1335 5245 1468 2192 3867 2758 1338 14902 1814 1881
internal_value=0.0001253 -0.00162342 -0.0034501 0.000122923 0.000897817 -0.00563491 -0.00434662 -0.000245594 -0.00214592 -0.00868707 0.00214353 0.00513308 0.00753049 -0.00167618 0.000268957 0.00348097 0.000190758 -0.0050863 -0.00942879 0.000107266 0.000249624 -0.00122195 0.0017194 0.00472044 -0.00275286 -0.00393453 0.00156462 -0.00472224 -0.00258946 -0.00543085
internal_weight=98970.8 7505.38 4350.03 1654.2 3155.35 2695.83 2371.81 2790.9 2066.72 980.396 1363.04 724.178 561.473 801.566 91465.4 2163.54 89301.9 975.764 606.184 1659.9 88326.1 9127.51 3124.04 1840.92 6003.47 4714.12 1289.34 4383.08 1283.12 918.18
internal_count=399290 30405 17619 6703 12786 10916 9597 11310 8380 3953 5519 2930 2267 3252 368885 8723 360162 4003 2499 6732 356159 36800 12600 7437 24200 18995 5205 17660 5163 3695
is_linear=0
shrinkage=0.05


Tree=83
num_leaves=31
num_cat=0
split_feature=20 20 61 0 93 45 93 72 79 23 1 85 0 19 15 35 29 51 49 27 20 31 40 1 23 23 96 23 97 99
split_gain=12.2171 13.0066 23.3413 25.9037 15.0978 13.029 12.2942 11.9491 11.6864 15.6509 14.1484 20.7542 14.8223 12.8715 14.1681 12.2524 11.6568 12.4668 10.5071 10.3368 10.2027 12.0737 13.912 17.4045 13.0888 13.2064 12.414 12.8141 11.6651 15.7159
threshold=13.500000000000002 12.500000000000002 1.0000000180025095e-35 4.5000000000000009 0.049293999999999998 15.864103260536439 -0.055500799999999996 3.5000000000000004 92.550000000000011 0.31497850000000005 3.5000000000000004 0.52116535169170086 6.5000000000000009 19.500000000000004 54.050000000000004 0.14335750000000005 0.48144300000000007 2209.0626778225383 124.00954454633174 0.57076100000000007 14.500000000000002 0.19360500000000003 0.049675336660277965 3.5000000000000004 0.26943300000000009 0.25582750000000004 0.43891585000000005 0.25938350000000004 0.84326459174975843 0.0012714999999999951
decision_type=2 2 2 2 8 10 8 2 2 8 2 2 2 2 2 10 8 8 8 10 2 10 8 2 10 10 8 8 2 8
left_child=1 8 3 4 5 -3 -4 -8 9 10 13 12 -12 16 -15 -13 -1 -18 -5 -10 21 22 -2 26 25 -23 -24 -28 -25 -30
right_child=20 2 6 18 -6 -7 7 -9 19 -11 11 15 -14 14 -16 -17 17 -19 -20 -21 -22 24 23 28 -26 -27 27 -29 29 -31
leaf_value=-0.0036287522228740203 -0.0047866005828922555 -0.00047311984072890656 0.0096548855500926886 0.0084354271736938827 0.0078130266649629136 -0.010159591320628358 -0.010527428509614155 -0.00053252204539675494 -0.0085073346195352739 -0.0082249797354221697 0.003812745764977199 0.00298924790959191 -0.0043885791695168468 -0.0011810559859964593 -0.01506326418257118 0.011510950433764076 0.0079140184774374577 -0.00036555539784596233 0.0038494524335732612 0.0016679309774465798 -7.6834658832641088e-05 -0.004204151273385753 -0.0061823132908617176 -0.0038351774884236873 -0.010703623432058945 0.0064795955319120468 -0.0023461983850002442 0.0077170157137410496 0.0087903436858071619 -0.00014984555768962778
leaf_weight=1311.9896144419909 1524.493193179369 1018.9493216872215 267.89216113090515 1638.802978143096 333.49848809838295 517.36647215485573 308.29335498809814 4967.0284056514502 755.67326687276363 506.80954471230507 1084.1152891069651 901.97162054479122 1099.7360264360905 426.16340114176273 315.68606103956699 798.55897071957588 672.1025088429451 1361.0015957504511 5343.4018865972757 366.03817842900753 65306.467964023352 2025.8359514921904 1110.6728332042694 423.51768845319748 645.4393872320652 328.01722037792206 996.96289953589439 451.37906946241856 1218.5158713907003 818.91301570832729
leaf_count=5290 6155 4112 1076 6621 1343 2083 1258 20031 3048 2075 4366 3634 4431 1714 1272 3213 2700 5489 21576 1475 263453 8153 4484 1716 2629 1322 4024 1825 4926 3303
internal_value=1.46389e-05 0.000996172 0.0019463 0.00353815 -0.00168149 -0.00377972 -0.000597523 -0.00113544 -0.00042912 0.000207685 0.000753459 0.00291055 -0.000318427 -0.00129882 -0.00721026 0.00703489 2.97524e-05 0.00239684 0.00493636 -0.00520153 -0.000300107 -0.00182625 -0.00061991 0.000652457 -0.00444766 -0.00269422 -0.00223059 0.000821436 0.00364729 0.00521379
internal_weight=98845.3 23995.1 14395.2 8852.02 1869.81 1536.32 5543.21 5275.32 9599.85 8478.13 7971.33 3884.38 2183.85 4086.94 741.849 1700.53 3345.09 2033.1 6982.2 1121.71 74850.2 9543.75 6544.45 5019.96 2999.29 2353.85 2559.01 1448.34 2460.95 2037.43
internal_count=398797 96807 58100 35735 7538 6195 22365 21289 38707 34184 32109 15644 8797 16465 2986 6847 13479 8189 28197 4523 301990 38537 26433 20278 12104 9475 10333 5849 9945 8229
is_linear=0
shrinkage=0.05


Tree=84
num_leaves=31
num_cat=0
split_feature=98 55 98 49 56 21 41 86 98 94 21 30 2 99 91 35 46 35 43 37 95 30 26 86 29 91 28 86 31 2
split_gain=10.3459 13.2039 9.15988 13.2753 9.96789 13.3825 12.6523 15.8209 11.9475 14.0439 11.2603 14.9467 13.4683 10.2242 10.1347 14.0484 15.2711 15.6612 11.5458 10.9364 19.5106 10.0279 9.85216 9.55132 10.4541 9.51527 11.5753 9.47884 12.4711 13.7784
threshold=-0.08441540370361085 1423.6528106036533 -0.044386788393512615 131.95746482065434 2.7018061440331107 1549.5000000000002 0.077785135868772573 -0.054426499999999982 -0.025761880027644842 0.32365900000000009 650.50000000000011 0.070751800000000017 3.5000000000000004 -0.028052999999999998 0.053508500000000021 0.12350850000000001 1.5811023709173957 0.12788550000000001 2168.1944040629946 0.41361350000000002 0.025490500000000003 0.23112500000000002 0.49384150000000004 -0.099319499999999991 0.43029300000000004 -0.066190499999999972 0.52981300000000009 -0.080984500000000001 0.24729250000000003 8.5000000000000018
decision_type=2 8 2 10 8 2 10 10 2 10 2 10 2 10 8 8 8 10 10 10 10 10 10 10 10 10 10 8 10 2
left_child=1 -1 3 -2 5 6 10 -8 -7 25 11 -4 -12 -13 19 18 -17 -18 21 -6 -21 -16 27 -22 -25 -10 -27 28 -19 -30
right_child=2 -3 4 -5 14 8 7 -9 9 -11 12 13 -14 -15 15 16 17 22 -20 20 23 -23 -24 24 -26 26 -28 -29 29 -31
leaf_value=0.014049141017667303 -0.0020889347671038984 0.0019564688440254869 -0.011163214568035108 0.0082395119243795934 0.00091615686351568517 0.0033371096246467245 0.0096078833998543972 -0.0036328445806542899 0.011333105120851304 -0.0018980911427391768 1.2289825239430799e-06 -0.0060924419082084473 -0.0087518919839258708 0.0053596291445450837 0.0018587630696607295 0.0054314318063349758 -0.011783477037562882 -0.0028767486356745886 -0.0022870285361610695 0.0068530826644152198 -0.0085084667769807602 0.014561223486129546 -0.0051027530604657034 0.0075088789442116837 -0.0023357659875071703 0.0062138254777241823 -0.0041035373874750512 0.00044243905202812127 0.0034075215699788026 -0.0074441211564943684
leaf_weight=252.18958035111427 7901.5335550159216 1660.6189101189375 259.04751877486706 314.13201910257339 47097.849846825004 1995.9222797453403 375.21106870472431 535.64192777872086 300.88063983619213 6814.1519217342138 576.49209766089916 261.20943729579449 1838.8789663761854 687.16741062700748 274.60518558323383 902.1621395200491 332.70107659697533 6827.6413808614016 329.80868712067604 619.65151385962963 573.1569879502058 358.0423471480608 1349.923731803894 279.25057500600815 4037.3929040133953 569.24598902463913 502.91047601401806 9132.0248351246119 1706.248422652483 342.91566379368305
leaf_count=1017 32072 6751 1052 1271 189975 8067 1523 2173 1213 27464 2334 1062 7465 2792 1107 3630 1341 27461 1330 2493 2306 1443 5442 1128 16222 2288 2025 36766 6877 1381
internal_value=-1.62876e-05 0.00361557 -8.8201e-05 -0.00168448 5.95248e-05 -0.00112869 -0.00338513 0.00186656 -0.000121754 -0.000968019 -0.00470703 -0.00075504 -0.00667134 0.00217475 0.00029543 -0.000617479 -0.000894387 -0.00118681 0.00525577 0.000669545 -0.00143647 0.00916235 -0.000998708 -0.00249879 -0.00168302 0.00362812 0.00138112 -0.000688412 -0.00185097 0.00156423
internal_weight=99008.6 1912.81 97095.8 8215.67 88880.1 14716.8 4533.65 910.853 10183.1 8187.19 3622.8 1207.42 2415.37 948.377 74163.4 21556.1 20593.6 19691.5 962.456 52607.3 5509.45 632.648 19358.8 4889.8 4316.64 1373.04 1072.16 18008.8 8876.81 2049.16
internal_count=399471 7768 391703 33343 358360 59458 18401 3696 41057 32990 14705 4906 9799 3854 298902 86778 82898 79268 3880 212124 22149 2550 77927 19656 17350 5526 4313 72485 35719 8258
is_linear=0
shrinkage=0.05


Tree=85
num_leaves=31
num_cat=0
split_feature=33 22 28 35 85 24 48 28 89 31 33 99 94 24 74 28 98 39 90 88 23 32 6 39 79 53 46 41 22 13
split_gain=7.99742 13.7027 12.1503 12.056 14.4529 10.9123 10.55 10.3335 10.2048 11.929 10.0354 9.83192 10.8343 13.7261 11.3136 10.8193 10.2562 11.9184 10.0588 11.2142 9.51464 9.44083 9.92778 10.9417 23.7511 9.39451 9.23881 8.91594 9.00912 8.75657
threshold=5760.5000000000009 0.5417550000000001 0.40037450000000008 0.14090950000000005 0.52319122912801497 0.17788600000000002 0.60185798780417366 0.37547000000000003 0.44918320000000006 0.18443150000000003 9359.5000000000018 0.035249000000000009 0.3975395000000001 0.11541200000000001 1.0000000180025095e-35 0.36201600000000006 -0.01893072529094211 0.045318378098756294 -0.095430699999999966 -0.02202699999999996 0.24262850000000005 0.20674650000000003 1.5000000000000002 0.038740853156936102 51.95000000000001 2302.5178661082577 1.6302124421114739 0.0623063548587715 0.47209800000000007 1.0000000180025095e-35
decision_type=2 8 10 10 2 10 10 8 10 10 2 10 8 10 2 10 2 8 10 10 10 10 2 10 2 10 8 8 8 2
left_child=2 3 11 4 -2 21 -5 -6 9 -8 -7 12 13 -1 15 -14 -15 -18 -13 -20 -10 22 23 -3 -25 27 -9 -16 -29 -24
right_child=1 5 -4 6 7 10 8 26 20 -11 -12 18 14 16 25 -17 17 -19 19 -21 -22 -23 29 24 -26 -27 -28 28 -30 -31
leaf_value=0.008870688178566153 0.0040920086399431925 -0.00019735680273447808 0.00066739888156215372 -0.0011409718683674647 0.0082236552841678124 0.013127659053721813 0.0056592162740313418 -0.010314394775143256 -0.013847178648088439 -0.0046316094067097189 0.00025536087698567158 -0.002165033354153694 0.0086945310874461234 0.0054634010873604796 -0.00045915215127139672 -0.0035017232577836989 0.00033845536202665587 -0.0078239755222519764 0.011186748054951475 -0.0012816462496486175 -0.0046261442349816153 0.0044675529373622656 -0.0024209402741863818 0.0086893233678797775 -0.0043124696349387268 -0.0018219154670352034 -0.0010449064394237172 -0.0058103909874731166 -0.013688037108407125 0.0040000793639346048
leaf_weight=380.43871854245663 2238.8167529404163 2892.9399072676897 50502.258884489536 20192.917619645596 260.50508919358253 332.26538474857807 492.68392559885979 289.57843410968781 315.91179658472538 630.32555446028709 272.26255510747433 648.33080185949802 305.47069410979748 446.17241396009922 372.25188302993774 420.3190034776926 1124.8959965854883 731.48852752149105 449.30491003394127 293.82282193005085 2183.4027411192656 1349.1590528637171 4125.411045730114 1182.2432044893503 490.766705930233 1244.4037009179592 2651.4146090149879 909.56167739629745 626.5751935094595 599.9958071410656
leaf_count=1532 9020 11759 203533 81469 1057 1339 1986 1165 1268 2545 1100 2626 1251 1801 1517 1710 4527 2961 1820 1198 8775 5437 16668 4768 1979 5089 10677 3731 2541 2424
internal_value=7.16782e-06 -0.000532772 0.000381291 -0.00110287 0.00101936 0.000950073 -0.00158789 -0.00113541 -0.00406927 -0.000106743 0.00742883 -0.00143407 -0.00224344 0.00019994 -0.00392981 0.00167984 -0.00126484 -0.00290255 0.00237141 0.00630535 -0.00584222 0.000575361 5.99688e-06 0.00166683 0.00487237 -0.00522241 -0.00198947 -0.00741872 -0.00909135 -0.00159892
internal_weight=98955.9 40500.6 58455.3 29255.6 5440.31 11245 23815.2 3201.5 3622.32 1123.01 604.528 7953.04 6561.58 2683 3878.58 725.79 2302.56 1856.38 1391.46 743.128 2499.31 10640.5 9291.36 4565.95 1673.01 3152.79 2940.99 1908.39 1536.14 4725.41
internal_count=399273 163436 235837 117962 21919 45474 96043 12899 14574 4531 2439 32304 26660 10821 15839 2961 9289 7488 5644 3018 10043 43035 37598 18506 6747 12878 11842 7789 6272 19092
is_linear=0
shrinkage=0.05


Tree=86
num_leaves=31
num_cat=0
split_feature=52 35 16 61 46 56 33 38 87 22 24 96 33 47 31 89 24 14 33 24 98 9 87 90 87 54 16 16 85 34
split_gain=9.44326 9.82578 10.8623 10.5531 11.8828 9.75212 12.5658 11.2084 10.1369 11.4442 10.9622 8.781 8.71728 11.9058 9.78786 9.64181 8.8805 9.51089 10.9422 15.7975 15.7926 15.1793 14.0734 13.8254 12.3744 14.7827 12.2704 10.6202 10.3023 15.2739
threshold=131.79855817941279 0.17872850000000004 0.015000000000000001 1.0000000180025095e-35 1.7886188053930572 2.1777651606268282 1609.5000000000002 0.0079691850000000019 -0.15090599999999993 0.45516150000000005 0.17480350000000003 0.47168530000000009 172.50000000000003 1.8574385523954664 0.11632150000000001 0.41473415000000002 0.074108400000000019 1.0000000180025095e-35 5760.5000000000009 0.17542850000000001 -0.021725884436698924 -7.4999999999999991 -0.065315999999999999 -0.011843800000000041 -0.064403499999999989 127.3755276673149 0.40500000000000008 0.055000000000000007 0.55586741385384297 0.53320850000000009
decision_type=10 8 2 2 10 8 2 8 8 8 8 10 2 10 8 8 10 2 2 10 2 2 8 10 10 8 2 2 2 10
left_child=5 2 -2 -4 -5 6 7 -1 -8 -10 -11 -3 13 14 -7 -16 -14 18 19 -18 26 -20 -22 -24 27 -26 -21 -23 29 -19
right_child=1 11 3 4 -6 12 8 -9 9 10 -12 -13 16 -15 15 -17 17 28 21 20 22 24 23 -25 25 -27 -28 -29 -30 -31
leaf_value=0.0098615908986578685 0.010645871966635731 -0.010519955105711565 0.0016031701471342836 -0.011562508730020779 0.0028375080767237874 0.00054745831400957281 -0.013179365983482752 -0.0005251311289267282 0.0036659700301454167 -0.0031430354113754578 -0.012226174778061882 0.0013692743469303397 -0.0067342474828830587 0.0063238226201294935 -0.01366872443754359 -0.004108453858969424 0.00093492589948129172 0.00097403656580979329 -0.012214087382445046 0.0080335288851776619 -0.016193166596471322 -0.0080370058860697209 0.0016315116331381077 -0.0068878542350062667 -0.0059548986512472472 -0.0011652217170803056 -0.0015869294518440014 0.0022700489854165277 0.0039979166110279572 -0.0019149930344223996
leaf_weight=291.65925173461437 308.86654272675514 318.64874413609505 12664.095607116818 318.49791970849037 248.30241496860981 883.67937463521957 262.29348039627075 1862.7648948282003 518.3691146671772 2561.9249483346939 374.44164972007275 290.55162341892719 462.53503187000751 320.20672708749771 316.90964587032795 1461.6348247379065 18558.810605615377 28428.427266046405 305.80749082565308 462.66247323155403 249.89723691344261 260.87047943472862 743.12334215641022 1299.9219046831131 1870.9420722126961 11285.483182132244 1101.3393860012293 3256.5029295682907 2247.8590404391289 5442.4673779606819
leaf_count=1182 1247 1288 51198 1282 1000 3562 1070 7566 2114 10354 1516 1171 1865 1292 1291 5884 74831 114644 1234 1870 1008 1052 2991 5228 7552 45525 4446 13127 9062 21935
internal_value=4.78225e-05 0.00124318 0.00152387 0.00130304 -0.00531436 -0.000151676 -0.00211583 0.000920057 -0.00387321 -0.00313066 -0.00433887 -0.00491898 -5.37023e-06 -0.00265241 -0.00375168 -0.00587885 9.88737e-05 0.000141614 -0.000395634 0.000329604 -0.00257797 -0.00135269 -0.00521176 -0.00379622 -0.00114629 -0.00185036 0.00129195 0.001485 0.000727547 0.000509391
internal_weight=98979.5 14149 13539.8 13230.9 566.8 84830.5 5871.45 2154.42 3717.03 3454.74 2936.37 609.2 78959.1 2982.43 2662.22 1778.54 75976.6 75514.1 39395.4 22415.8 3856.94 16979.6 2292.94 2043.05 16673.8 13156.4 1564 3517.37 36118.8 33870.9
internal_count=399387 57186 54727 53480 2282 342201 23802 8748 15054 13984 11870 2459 318399 12029 10737 7175 306370 304505 158864 90374 15543 68490 9227 8219 67256 53077 6316 14179 145641 136579
is_linear=0
shrinkage=0.05


Tree=87
num_leaves=31
num_cat=0
split_feature=98 34 65 94 59 15 98 97 28 98 80 10 41 91 41 97 24 48 38 48 97 16 44 6 34 34 28 43 91 91
split_gain=11.1738 13.8358 10.4633 14.474 14.3168 22.8008 11.9412 12.439 11.5209 11.3391 9.96872 12.7783 13.3277 12.5522 13.158 11.6833 10.5645 11.2714 10.1213 12.7158 9.8271 10.2486 9.75508 9.97242 9.67227 13.1102 9.93011 11.2242 15.6485 11.2875
threshold=-0.094672302168551117 0.61624850000000009 1.0000000180025095e-35 0.50865900000000008 8.4123414045199834 7.4500000000000011 -0.033926289862868934 0.76791479132116824 0.30830000000000007 -0.021313831408126257 7.5371635830763397 1.0000000180025095e-35 0.057930461248216963 -0.08749549999999999 0.097657463282056781 1.0431597065689202 0.13708350000000005 0.62878247131403231 0.11981450000000002 -0.36651129122652681 0.74057046471448496 1.8150000000000002 16.090538865685222 8.5000000000000018 0.62352650000000009 0.56940050000000009 0.51067600000000013 2512.6797399220236 0.018082000000000004 0.14495450000000001
decision_type=2 10 2 10 2 2 2 2 8 2 2 2 8 8 10 2 10 10 10 10 2 2 10 2 10 8 8 10 10 8
left_child=1 -1 6 4 10 -6 8 9 -2 -8 13 15 -13 18 16 -12 -15 -18 19 -4 -10 22 -22 -24 25 26 -9 29 -29 -28
right_child=2 -3 3 -5 5 -7 7 24 20 -11 11 12 -14 14 -16 -17 17 -19 -20 -21 21 -23 23 -25 -26 -27 27 28 -30 -31
leaf_value=0.011593595200142677 -0.010780667280076733 0.00051417611017498565 -0.018697842565910647 -0.0082757197686084312 -0.013567880162804698 -0.0019121563617971083 0.0029035681290286337 0.0013714895050883653 0.0030273439970089867 -0.0027950308173922724 0.0029923254734703936 0.0076188035801896953 -0.0020428893693957557 0.0016552818549535478 0.010352306325871374 -0.0067567342607382343 -0.0015953471161199669 -0.010919477371746738 -5.1711144916994637e-05 -0.0043236632797709652 0.0022156375593107582 -0.0060568335911727065 -0.0014413813785780494 -0.010472942931142315 -0.0071055580225339978 0.0059168519782001475 0.00041866408083004016 -0.013717248177620892 0.0022838970537222406 -0.0041690881658259151
leaf_weight=450.77133895456791 300.50214739143848 727.91761113703251 253.48947831988335 639.27323806285858 439.16874159872532 6481.5676088929176 1070.6509810686111 26871.083932906389 1310.4410573244095 4555.9632671028376 5850.7585987299681 385.03311949968338 3705.3457172960043 2644.7927131354809 257.52965162694454 315.04155112802982 4963.8841260075569 337.35023976862431 395.46876454353333 389.71419039368629 1848.8577458709478 1115.3038154989481 5724.1682709008455 313.35907438397408 378.18122506141663 1221.305356502533 24029.865311235189 335.70798763632774 269.3596818447113 1409.9161076694727
leaf_count=1845 1246 2934 1033 2645 1772 26187 4336 107997 5309 18418 23599 1547 14947 10709 1044 1268 20051 1365 1592 1578 7456 4508 23155 1268 1521 4923 97081 1347 1084 5676
internal_value=-5.31444e-06 0.00481322 -6.38659e-05 -0.000899923 -0.000718385 -0.0026703 0.000255946 0.00052884 -0.00128959 -0.00170745 -2.45607e-05 0.00104817 -0.00111706 -0.00121483 -0.000555664 0.00248406 -0.000921757 -0.00220814 -0.00636603 -0.0101881 -0.00100284 -0.00159225 -0.000953992 -0.00192668 0.000759922 0.000816169 0.000697349 1.56359e-06 -0.00667265 0.000162865
internal_weight=98991.8 1178.69 97813.1 27058.4 26419.1 6920.74 70754.7 60142 10612.6 5626.61 19498.4 10256.2 4090.38 9242.23 8203.56 6165.8 7946.03 5301.23 1038.67 643.204 10312.1 9001.69 7886.39 6037.53 54515.4 54137.2 52915.9 26044.8 605.068 25439.8
internal_count=399441 4779 394662 109337 106692 27959 285325 242383 42942 22754 78733 41361 16494 37372 33169 24867 32125 21416 4203 2611 41696 36387 31879 24423 219629 218108 213185 105188 2431 102757
is_linear=0
shrinkage=0.05


Tree=88
num_leaves=31
num_cat=0
split_feature=23 33 92 56 20 44 90 64 90 44 92 41 21 28 74 65 89 40 90 94 91 42 88 23 40 8 55 0 93 92
split_gain=10.5722 9.15089 12.0887 10.5377 9.48718 13.0698 12.0722 10.1744 14.7082 12.8444 9.91857 12.1231 11.4657 9.68917 9.44643 14.5479 10.1334 12.8517 9.31841 9.23768 11.5946 10.9615 10.6514 10.3082 9.01733 16.808 12.9781 11.6082 9.80476 13.2425
threshold=0.12263750000000002 172.50000000000003 -0.035887999999999996 2.9836167028581495 13.500000000000002 24.757465181154945 0.090417550000000027 1.0000000180025095e-35 0.038757750000000042 30.18072867398087 0.02229200000000001 0.074229644070494885 1414.5000000000002 0.51379750000000013 1.0000000180025095e-35 -1.4999999999999998 0.5118921500000001 0.0577058728968367 -0.14570234999999992 0.41580950000000005 0.020323499999999984 128.83058711586713 -0.012846499999999981 0.27471750000000006 0.049365767680636753 3.5000000000000004 1872.8698606450878 5.5000000000000009 0.053247500000000024 0.0051280000000000084
decision_type=8 2 10 8 2 8 10 2 8 10 10 8 2 10 2 2 10 10 10 8 8 10 10 10 8 2 8 2 8 10
left_child=-1 2 3 -2 5 6 19 8 9 10 12 -12 -7 -11 15 16 17 -6 -17 21 22 -3 -21 -22 25 26 -9 -26 29 -27
right_child=1 4 -4 -5 14 7 -8 24 -10 13 11 -13 -14 -15 -16 18 -18 -19 -20 20 23 -23 -24 -25 27 28 -28 -29 -30 -31
leaf_value=0.0046128431987566268 0.010933910966004941 -0.0038373883549587661 -0.0038416994513048273 -0.0013751031870919079 -0.0064602523217194008 -0.0025733166060833527 -0.0059827654342383295 0.0023301725547496118 0.0045784171383642823 -0.0039532708033859333 -0.012538487484385045 0.00082391334444815219 0.0072940764830524548 -0.012478678371095314 -0.00055571972611438681 0.0076307099656489647 -0.0096823054965495137 0.0076522352991558323 0.00091772787194179374 0.0015324547059173551 -0.003095737021197312 0.0050352712591553387 -0.011735246579911339 0.008530067038321926 -0.0022377501490000698 0.010283605164478585 -0.0085933831868931134 0.0014932518594692106 0.015996101979683073 -0.00043295989429392007
leaf_weight=1231.4637684673071 270.736960247159 369.9449333101511 3017.8190747052431 451.79366746544838 362.54205852746964 585.37265913188457 358.44009138643742 1058.1283110976219 704.17223504185677 1095.0501428246498 300.78796824812889 371.47936598956585 574.54641573131084 479.5322117805481 52929.785411834717 523.75984339416027 527.41283543407917 274.55186033248901 16696.018286660314 282.35069786012173 318.48934558033943 4513.3334931433201 310.81470516324043 450.27305343747139 3236.0365354418755 597.44542203843594 354.79548151791096 5817.4219350069761 253.9704851359129 547.14540503919125
leaf_count=4962 1093 1487 12198 1825 1458 2360 1449 4268 2839 4424 1211 1496 2317 1941 213567 2114 2131 1103 67368 1141 1280 18209 1256 1818 13056 2411 1437 23486 1025 2209
internal_value=2.7808e-05 -3.04898e-05 -0.00245242 0.00332346 6.62412e-05 0.000959209 0.00282845 0.000185272 -0.00195547 -0.00331545 -0.000461876 -0.00525088 0.0023349 -0.00661201 -0.000216586 0.000759578 -0.00462548 -0.000354288 0.00112622 0.00334292 -0.000297087 0.00435663 -0.00549903 0.00373573 0.000928012 0.00339612 -0.000453927 0.000158658 0.00726131 0.00520142
internal_weight=98865.4 97634 3740.35 722.531 93893.6 22579.5 6603.65 15975.9 4110.94 3406.77 1832.19 672.267 1159.92 1574.58 71314.1 18384.3 1164.51 637.094 17219.8 6245.21 1361.93 4883.28 593.165 768.762 11864.9 2811.49 1412.92 9053.46 1398.56 1144.59
internal_count=398939 393977 15116 2918 378861 91120 26640 64480 16588 13749 7384 2707 4677 6365 287741 74174 4692 2561 69482 25191 5495 19696 2397 3098 47892 11350 5705 36542 5645 4620
is_linear=0
shrinkage=0.05


Tree=89
num_leaves=31
num_cat=0
split_feature=26 37 88 5 86 33 37 95 52 89 27 55 40 33 1 80 88 36 16 49 58 58 28 86 50 0 33 20 90 39
split_gain=11.1985 11.287 13.0812 11.027 13.9515 12.064 9.85987 24.3608 16.8556 10.7767 11.1006 11.2987 10.1825 9.76527 9.42072 15.5923 12.0986 10.7 10.4823 16.109 11.752 13.5295 10.5798 17.3866 9.12448 9.20521 8.89159 13.4508 12.6263 12.477
threshold=0.50002900000000017 0.31654800000000011 0.11791100000000003 1.5000000000000002 0.11392050000000005 10305.500000000002 0.34163400000000005 0.073467500000000005 131.79855817941279 0.53695540000000019 0.39810300000000004 1739.7827543139513 0.046896411118327472 1522.5000000000002 2.5000000000000004 5.1387309967764621 -0.11695000000000001 0.50734000000000012 1.3250000000000004 120.9743946618446 1222.0000000000002 1409.5000000000002 0.46596800000000005 -0.023952499999999984 143.24402819405535 6.5000000000000009 4959.5000000000009 13.500000000000002 -0.099483950000000002 0.043118566384517616
decision_type=10 10 10 2 10 2 8 10 10 8 10 8 10 2 2 2 10 10 2 8 8 8 10 10 10 2 2 2 8 8
left_child=1 3 6 5 -5 -1 7 8 9 10 11 -3 -9 -6 15 -8 17 -17 20 -20 22 -22 -18 -24 25 -15 28 -28 -16 -29
right_child=-2 2 -4 4 13 -7 14 12 -10 -11 -12 -13 -14 24 26 16 18 -19 19 -21 21 -23 23 -25 -26 -27 27 29 -30 -31
leaf_value=0.00031106782003507928 -0.0030759344635265719 -0.007093723883640048 -0.0089531326290911012 0.0010338282720517339 -0.00065041098535580869 -0.0027473569508841156 -0.010221950153841189 0.0034359010873688776 0.0053376029802891314 0.0013380139379868051 -0.0094815872642185425 0.002681415259183955 -0.0015793276543461397 0.0058023544917557941 -0.0038925990822723136 -0.00025015280959969735 -0.003057023733625533 0.012823030186128638 0.015555176393711904 0.0023793272433877818 -0.0096708475107007141 -0.00012141037473731504 0.018794181729781423 0.0017287117300738954 0.0033010190057354751 0.01682890988221384 0.0013524290613170353 -0.0041100158376030363 0.00089695036734367586 0.00030003321999244175
leaf_weight=33213.094629794359 2966.508203715086 749.94660699367523 451.75936202704906 15925.289094850421 487.72368949651718 3560.8532998561859 287.58213995397091 1789.2237727791071 355.71372251212597 437.5462416857481 1831.51586766541 476.85085162520409 2304.1490358859301 409.33411067724228 1585.4534750729799 250.29101295769215 249.46842215955257 406.08337803184986 248.57548674941063 2322.3044633120298 383.72152817249298 6406.2502682358027 252.44682900607586 351.30500048398972 707.01439926028252 370.32468312978745 2566.9743337780237 5470.183908328414 9996.5603646785021 2265.6155601590872
leaf_count=134077 11937 3052 1822 64276 1967 14384 1166 7245 1435 1760 7397 1936 9268 1652 6392 1013 1006 1640 999 9360 1551 25841 1014 1414 2851 1499 10346 22063 40309 9144
internal_value=-5.54637e-05 3.80727e-05 -0.00058422 0.000509756 0.00152717 1.42515e-05 -0.000489818 -0.00207014 -0.00491899 -0.00597487 -0.00702206 -0.00330321 0.000615873 0.00548113 -0.000109327 0.00107246 0.00138037 0.00790897 0.000953509 0.00370862 2.31595e-05 -0.000674506 0.00551871 0.00905426 0.00748357 0.0111866 -0.000712077 -0.0017799 0.00023852 -0.00281971
internal_weight=99079.7 96113.2 41439.5 54673.6 17899.7 36773.9 40987.8 7944.95 3851.57 3495.86 3058.31 1226.8 4093.37 1974.4 33042.8 11158 10870.4 656.374 10214.1 2570.88 7643.19 6789.97 853.22 603.752 1486.67 779.659 21884.8 10302.8 11582 7735.8
internal_count=399816 387879 167173 220706 72245 148461 165351 32093 15580 14145 12385 4988 16513 7969 133258 45004 43838 2653 41185 10359 30826 27392 3434 2428 6002 3151 88254 41553 46701 31207
is_linear=0
shrinkage=0.05


Tree=90
num_leaves=31
num_cat=0
split_feature=72 19 29 29 79 37 0 34 35 21 21 79 37 69 87 21 94 88 86 37 35 24 71 33 24 56 86 6 79 41
split_gain=11.9933 12.3601 15.6769 15.3811 12.451 13.4751 10.7213 12.1182 16.2555 15.2686 14.4159 11.0618 10.7149 11.1167 10.5409 9.9718 13.6691 9.274 9.20092 19.8329 9.19532 13.1409 10.1151 15.5366 12.5389 10.6419 10.6012 10.0565 9.98655 9.26709
threshold=3.5000000000000004 13.500000000000002 0.41682050000000009 0.40687850000000003 45.250000000000007 0.32815300000000008 4.5000000000000009 0.57364050000000011 0.14809850000000005 2943.5000000000005 3564.5000000000005 17.250000000000004 0.21931350000000002 1.0000000180025095e-35 -0.0061589999999999692 1034.5000000000002 0.41666615000000007 -0.017024499999999994 -0.16504949999999999 0.32097050000000005 0.14625250000000004 0.14334550000000004 1.0000000180025095e-35 10418.500000000002 0.16621650000000002 2.8311090924504154 0.080710000000000073 2.5000000000000004 47.45000000000001 0.074313774300172789
decision_type=2 2 10 8 2 10 2 8 10 2 2 2 8 2 10 2 10 10 10 10 8 10 2 2 10 8 10 2 2 10
left_child=12 2 3 4 5 -2 7 8 9 17 -10 -8 -1 15 -11 16 -14 -4 19 -13 21 -20 23 25 27 -22 28 -24 -27 -23
right_child=1 -3 6 -5 -6 -7 11 -9 10 14 -12 18 13 -15 -16 -17 -18 -19 20 -21 22 29 24 -25 -26 26 -28 -29 -30 -31
leaf_value=0.0014714714020201299 -0.00056254509628459067 -0.00020784684106252673 -0.016777973584098431 -0.0090868667676045883 -0.0037941262814679107 0.011507895026240222 0.0051083696373702961 0.0067228362493561749 0.0061987334680352882 0.0060290472131394731 -0.0030969777272820617 0.0020134536470875187 -0.010705317631690053 -0.0096666974190724314 -0.0051555861031405796 -0.0011379821716875562 -0.0013945695930789896 -0.0058196009028121725 0.0014550849044179398 -0.012422294738463787 0.0077487975666615432 0.0045944798794508943 -0.00019775107987798541 -0.007713458299227211 0.007458634688280715 0.0075628296547589546 -0.0048103135761748649 -0.006812071557582013 0.00071729128179191229 0.012336815482558786
leaf_weight=2382.8984913378954 636.10649344325066 65181.192623317242 300.02907177805901 636.19808727502823 1155.7871773838997 352.48450188338757 2827.9349032044411 475.19107791781425 868.87995031476021 360.72217074036598 785.10659337043762 707.53216791152954 691.59521667659283 472.32488657534122 477.94253170490265 7821.969020023942 907.71190205216408 561.1843227148056 2326.605796456337 346.80323979258537 1030.5000927895308 1197.8648035675287 1580.8316108137369 331.07074148952961 343.89106950163841 834.26322942972183 488.53791317343712 893.4516496360302 1450.5027235895395 576.96869440376759
leaf_count=9633 2591 262486 1207 2576 4696 1423 11397 1912 3496 1460 3200 2848 2812 1948 1948 31697 3717 2257 9412 1395 4193 4858 6419 1342 1381 3380 1996 3614 5878 2347
internal_value=-7.17385e-05 0.000135368 0.00117326 -0.00232464 -0.000285546 0.00381334 0.00169252 -0.000666538 -0.00173037 -0.00515022 0.00179419 0.00229731 -0.00153377 -0.00225834 -0.000330553 -0.00187708 -0.00546236 -0.00978603 0.00163713 -0.00280701 0.00206315 0.00393799 0.000953156 0.00252512 -0.00135403 0.00343414 0.00180882 -0.00260396 0.00323895 0.0071664
internal_weight=99004.1 86727.6 21546.4 2780.58 2144.38 988.591 18765.8 3829.06 3353.86 1699.88 1653.99 14936.8 12276.5 9893.6 838.665 9421.28 1599.31 861.213 12108.8 1054.34 11054.5 4101.44 6953.05 4134.87 2818.17 3803.8 2773.3 2474.28 2284.77 1774.83
internal_count=399519 349712 87226 11286 8710 4014 75940 15480 13568 6872 6696 60460 49807 40174 3408 38226 6529 3464 49063 4243 44820 16617 28203 16789 11414 15447 11254 10033 9258 7205
is_linear=0
shrinkage=0.05


Tree=91
num_leaves=31
num_cat=0
split_feature=40 87 27 88 51 44 28 85 15 85 39 45 50 92 24 92 2 34 95 16 91 26 32 72 32 97 33 86 51 45
split_gain=8.32343 7.98294 14.2842 12.8317 13.7689 13.4465 14.8356 21.1 11.6474 11.2573 14.0329 13.0261 10.794 10.2016 9.58149 11.6309 9.54016 11.1456 11.4815 10.6472 11.3158 9.51979 9.41759 11.2506 10.5462 10.5652 9.72469 9.1346 10.3211 15.1722
threshold=0.18020126718577298 -0.0067169999999999999 0.50581450000000017 0.0067495000000000202 2364.4450117781303 15.850330266593826 0.46167200000000003 0.54100743929145567 1.0500000000000003 0.53057707368129725 0.084344808958391679 -0.64270263653654813 148.6652848639456 -0.090468299999999974 0.14197000000000004 0.029084500000000003 1.5000000000000002 0.44307300000000005 0.042840000000000024 0.025000000000000005 -0.034136999999999994 0.49016250000000006 0.19492350000000003 5.5000000000000009 0.17305750000000003 0.91905942262973028 5083.5000000000009 0.083986000000000047 2191.8262040087811 15.709541067521373
decision_type=10 8 8 10 10 10 10 2 2 2 10 10 10 10 10 10 2 8 8 2 8 10 10 2 10 2 2 10 8 10
left_child=1 3 -3 5 8 6 -1 21 -5 10 16 -11 13 -7 -14 -16 -4 18 -18 20 -19 22 24 -24 25 -8 -27 28 29 -10
right_child=-2 2 9 4 -6 12 7 -9 27 11 -12 -13 14 -15 15 -17 17 19 -20 -21 -22 -23 23 -25 -26 26 -28 -29 -30 -31
leaf_value=0.00026016963408696553 0.0065700177748463226 -0.0019234808984822998 0.0033111204710906334 0.0071297767700622058 0.0053591650450405381 0.009518523688082885 0.0013039495638746319 0.01548905196259618 0.0060615768791620582 -0.0048054661451556284 -0.0088580732256718191 -0.00010943705563701896 0.011710245737030717 -7.8335598585834221e-05 -0.0040895129200252166 0.0062465715388677519 0.00058671286405400237 0.011250690596983909 -0.014184973878108194 0.00022016893778271167 -0.00015278529836546174 -0.0014317192607099817 0.0041143225486399643 0.016663612259299913 -0.0023674105160460105 0.014411763484385959 0.0035866634507053154 -0.011316612708088047 -0.0046244318840825529 -0.0065278905014031774
leaf_weight=4460.1061988472939 457.94056215882301 14152.163607314229 2974.7946610748768 251.76164180040359 530.2717132717371 268.88540348410606 928.84264114499092 378.56366492807865 623.64376302063465 2349.8250292092562 382.69548818469048 3947.1988802403212 331.33632957935333 39256.742320999503 446.0420056283474 667.58365854620934 258.03345490992069 451.08954432606697 256.74635097384453 18564.642460599542 411.36780270934105 846.20814198255539 435.07202917337418 304.18140877783298 661.00983062386513 413.71075165271759 423.85653774440289 356.25151132047176 2678.4729529768229 374.83906862139702
leaf_count=17975 1854 57093 12038 1016 2144 1085 3732 1524 2510 9481 1543 15947 1346 158359 1808 2707 1043 1819 1035 75007 1657 3415 1756 1221 2655 1663 1705 1437 10804 1509
internal_value=-8.26675e-05 -0.000114297 -0.000617549 0.0002887 -0.00217336 0.000527043 0.00229309 0.00435252 -0.00311583 7.34945e-06 0.000514416 -0.00186667 0.000145027 -1.06589e-05 0.00437449 0.00210709 0.000674727 0.000279985 -0.00691058 0.000473978 0.00587215 0.00326604 0.00452194 0.00943148 0.00299422 0.00500263 0.0090406 -0.00377143 -0.00301169 0.00131752
internal_weight=98843.9 98385.9 43748.6 54637.4 4815.24 49822.1 8851.55 4391.45 4284.97 29596.4 23299.4 6297.02 40970.6 39525.6 1444.96 1113.63 22916.7 19941.9 514.78 19427.1 862.457 4012.88 3166.67 739.253 2427.42 1766.41 837.567 4033.21 3676.96 998.483
internal_count=398888 397034 176663 220371 19420 200951 35646 17671 17276 119570 94142 25428 165305 159444 5861 4515 92599 80561 2078 78483 3476 16147 12732 2977 9755 7100 3368 16260 14823 4019
is_linear=0
shrinkage=0.05


Tree=92
num_leaves=31
num_cat=0
split_feature=93 45 59 23 37 91 31 33 92 38 22 47 24 21 21 21 54 99 33 5 33 31 50 99 93 29 15 18 48 87
split_gain=11.2447 9.91126 10.8768 7.95855 7.89895 7.86289 8.19573 7.72699 13.0846 14.0694 9.84692 8.06317 7.67042 7.1019 8.95544 7.59199 6.99302 9.66954 6.98395 11.2417 9.815 16.5011 13.1106 11.2825 9.30468 12.8032 10.9329 10.1186 13.5288 11.3698
threshold=0.10219050000000005 24.141410156504278 8.4484190781895805 0.12263750000000002 0.26107050000000004 0.085382500000000014 0.26678550000000006 130.50000000000003 -0.023705999999999987 0.11981450000000002 0.64292150000000003 1.9861738143165237 0.074108400000000019 4271.5000000000009 1442.5000000000002 2620.5000000000005 129.16474661676224 -0.0044035000000000038 5760.5000000000009 1.5000000000000002 7414.5000000000009 0.1053525 144.59996703562317 -0.014466499999999992 -0.045595299999999991 0.60019900000000004 54.750000000000007 1.5000000000000002 -0.72387651780317641 -0.13411650000000003
decision_type=10 10 2 8 10 10 8 2 10 8 8 10 10 2 2 2 10 10 2 2 2 10 10 10 8 10 2 2 8 8
left_child=3 2 4 -1 -2 -6 -7 8 9 -5 11 12 -9 14 16 -16 17 -10 -14 20 21 22 -20 -23 -22 27 -27 28 -26 -29
right_child=1 -3 -4 7 5 6 -8 10 13 -11 -12 -13 18 -15 15 -17 -18 -19 19 -21 24 23 -24 -25 25 26 -28 29 -30 -31
leaf_value=0.003845573741006152 0.0084891787539502755 -0.0035331703332604041 0.012863561685865794 0.0088399481473169488 -0.0050533624785482388 0.010938235034524896 -0.0001988792685989725 -0.0075198929360527763 0.0032221116414525028 -0.0047499328006868537 -0.0086983113991277294 -0.0073995366797377192 0.0003591683509700642 -0.010645998999151108 0.0044571568828016515 -0.0044255095057816893 -0.013006376720911296 -0.0098712702680770047 -0.00038716757151552696 0.00070363198071396764 -0.0044784725629485149 -0.0088659686894795777 0.012815282642916004 -0.0028445098055512995 -0.010228846768558925 0.00054222252194036254 0.010532965400979654 -0.0072774628428750312 -0.0013120022964278491 0.0010797217921041163
leaf_weight=1229.711153447628 462.40767966210842 415.30799068510532 342.99856376647949 426.7544886469841 373.68246413767338 248.33902812004089 457.1675071567297 331.95370361208916 268.29408499598503 329.16775438189507 322.25773853063583 364.23215335607529 52487.786689519882 396.37951020896435 478.01159048080444 464.39242118597031 299.80747547745705 278.74804623425007 682.0488937497139 12610.559293448925 1412.2070032954216 947.19801308214664 249.32592749595642 4269.4052054136992 437.05174747109413 627.75650958716869 477.27340480685234 418.98675517737865 8928.7934250235558 7946.1052043884993
leaf_count=4956 1861 1669 1384 1725 1514 1001 1853 1342 1090 1327 1299 1473 211789 1599 1934 1871 1216 1132 2756 50890 5719 3821 1009 17226 1780 2575 1949 1696 35991 32023
internal_value=-5.24874e-05 0.00339515 0.00493253 -0.000134842 0.00309638 0.000728961 0.00381948 -0.000186518 -0.00270496 0.00293746 -0.000106157 -7.51827e-05 -4.53279e-05 -0.00466093 -0.00328323 7.94999e-05 -0.00698266 -0.00350712 -1.73904e-05 -0.000524053 -0.00111062 -0.00285871 0.00324567 -0.00395272 -0.000578688 -0.000284085 0.00491309 -0.000610571 -0.00173857 0.000652941
internal_weight=98984.1 2299.9 1884.6 96684.2 1541.6 1079.19 705.507 95454.5 2941.56 755.922 92512.9 92190.7 91826.5 2185.63 1789.25 942.404 846.85 547.042 91494.5 39006.7 26396.2 6147.98 931.375 5216.6 20248.2 18836 1105.03 17730.9 9365.85 8365.09
internal_count=399470 9282 7613 390188 6229 4368 2854 385232 11894 3052 373338 372039 370566 8842 7243 3805 3438 2222 369224 157435 106545 24812 3765 21047 81733 76014 4524 71490 37771 33719
is_linear=0
shrinkage=0.05


Tree=93
num_leaves=31
num_cat=0
split_feature=65 53 40 85 47 47 23 5 96 21 55 52 23 39 16 16 85 57 29 37 32 32 33 1 0 87 32 40 33 55
split_gain=9.82498 12.7617 20.0745 17.6114 12.8929 11.9608 10.7714 11.6562 16.4452 12.8462 12.8194 15.0065 11.4544 11.4279 11.1149 12.6695 11.1335 10.474 10.5027 10.4444 9.96261 16.1064 10.9361 9.93486 10.8861 10.4201 9.66394 9.27174 13.2873 9.19057
threshold=-1.0000000180025095e-35 2502.685395602487 0.047040625693326281 0.52089612309149691 1.7506147532885257 1.848170682946767 0.1621795 1.5000000000000002 0.30522695000000005 120.50000000000001 1328.4990616552325 125.12928766027009 0.25660950000000005 0.045610755026316958 1.0650000000000002 1.1150000000000004 0.56031893804234811 12.952941318019516 0.59639650000000011 0.18076000000000003 0.12717050000000005 0.10942450000000002 3080.5000000000005 4.5000000000000009 6.5000000000000009 -0.038937999999999993 0.22287400000000004 0.074261089936850516 4239.5000000000009 1683.1492968401881
decision_type=2 8 8 2 10 10 8 2 8 2 8 8 10 10 2 2 2 8 10 10 8 10 2 2 2 10 10 8 2 8
left_child=1 3 -3 -1 26 19 17 8 12 -9 -11 -12 27 20 -10 -16 -17 18 -2 -6 21 22 -13 24 -15 -26 -5 -8 -29 -22
right_child=6 2 -4 4 5 -7 7 9 14 10 11 13 -14 23 15 16 -18 -19 -20 -21 29 -23 -24 -25 25 -27 -28 28 -30 -31
leaf_value=0.0029653804360988763 -0.0040270219639353295 -0.008201285976764108 2.6921409479035738e-07 0.0011602396127424991 0.0032754551929482334 0.0013829244350656409 -0.0066489716110104307 -0.0065104020011413927 -0.0018105690221367301 -0.0028098173424072606 0.00378200335156607 -0.0050172425454219289 0.0059737648406172107 -0.0013240598452283578 0.0056988728614094661 -0.00077831151407821951 0.0056014500303174803 0.003801793678310194 0.0031460934480740861 -0.0049486813715988349 -0.001881722138438134 0.0084613294856058993 0.0041715883420652125 0.0014862768183117312 -0.0030411840914311775 -0.015142986652263693 0.0091713725448806394 0.0083134642751897646 -0.0045260948907590338 0.0013827009284497725
leaf_weight=10108.418275415897 1134.1576351374388 813.29204103350639 7956.7112317830324 3732.5265211164951 446.09579887986183 1817.9230585843325 412.61461707949638 627.77064907550812 25925.344091102481 2315.3184234648943 4134.4884752929211 563.24257455766201 1399.7830244600773 900.70823465287685 871.06787687540054 14195.580667853355 708.49760274589062 3001.7137026637793 911.56349341571331 2593.563017308712 3209.2046369016171 1060.5809118747711 734.16909091174603 913.0327453315258 338.46680518984795 379.99425394833088 409.29745905101299 433.4672414958477 360.56040263175964 6519.7536315321922
leaf_count=40756 4585 3302 32040 15052 1789 7331 1675 2545 104637 9344 16666 2281 5681 3634 3514 57253 2857 12236 3703 10451 12926 4285 2976 3686 1368 1535 1647 1752 1457 26291
internal_value=1.43738e-05 0.000809687 -0.000768782 0.00153419 -7.4882e-05 -0.0018207 -0.000297748 -0.000468085 -0.000932986 0.000481283 0.000692597 0.00112627 0.00291287 0.000373123 -0.00117401 -0.000127376 -0.000471483 0.00192621 -0.000830961 -0.00373494 0.0010133 0.00392181 0.000174597 -0.0026746 -0.0050156 -0.00956184 0.00197209 -0.000657872 0.00249936 0.000305068
internal_weight=98928.9 27877.8 8770 19107.8 8999.41 4857.58 71051.1 66003.6 44306.9 21696.7 21069 18753.6 2606.43 14619.2 41700.5 15775.1 14904.1 5047.43 2045.72 3039.66 12087 2357.99 1297.41 2532.2 1619.17 718.461 4141.82 1206.64 794.028 9728.96
internal_count=399255 112368 35342 77026 36270 19571 286887 266363 178826 87537 84992 75648 10565 58982 168261 63624 60110 20524 8288 12240 48759 9542 5257 10223 6537 2903 16699 4884 3209 39217
is_linear=0
shrinkage=0.05


Tree=94
num_leaves=31
num_cat=0
split_feature=89 30 88 80 52 86 84 14 79 47 52 27 86 56 7 50 86 33 26 27 53 92 80 78 87 98 8 34 94 26
split_gain=7.28511 15.5671 8.46558 17.1569 16.29 13.1577 13.134 12.8819 12.7591 12.5012 13.7179 11.1783 11.7057 16.651 10.415 10.2601 15.2113 11.6204 10.9304 9.84165 12.1969 9.90823 26.7728 10.9705 15.8984 10.377 10.3378 10.2755 10.9784 9.85265
threshold=0.70739075000000018 0.05517505000000001 0.004791500000000005 7.1743413147965862 131.75389813149175 -0.0273545 0.52463980104709595 1.0000000180025095e-35 0.29999999999999866 1.9406502467064548 129.33689369553446 0.74744900000000014 -0.16246499999999997 2.873849164588361 10.500000000000002 141.92765203092929 0.026824000000000018 2088.5000000000005 0.41855750000000008 0.59605700000000017 2267.1857561377205 -0.012171499999999986 8.6615532381769658 0.69064090964817326 -0.017810500000000003 -0.011716871688724454 4.5000000000000009 0.52271450000000008 0.29797350000000006 0.46416450000000004
decision_type=10 10 10 2 8 8 2 2 2 10 10 10 10 8 2 8 10 2 10 10 10 10 2 2 8 2 2 10 10 10
left_child=2 -2 4 6 5 9 15 -7 -6 10 -1 12 13 -5 -14 16 17 -4 -18 21 -21 22 23 24 29 -26 -25 -23 -29 -10
right_child=1 -3 3 11 8 7 -8 -9 19 -11 -12 -13 14 -15 -16 -17 18 -19 -20 20 -22 27 -24 26 25 -27 -28 28 -30 -31
leaf_value=0.00078324025520190999 -0.0044447761103938886 0.010939719624955607 0.0038565108885971339 0.0026849327187234129 0.010689041835500394 -0.0026569066371173091 -0.0065425141891096595 -3.0524764583780567e-05 0.010282099085526327 0.0076352468460870286 -0.0018180804930849896 -0.0050007609762072287 0.0001944433989018615 -0.011235145694657901 0.0088985874537947703 -0.0026400023467463046 0.012627214634929582 -0.009824278918061799 -1.7557549824641435e-06 0.0066815938585046896 -0.00076018387197685693 0.00022852969946117409 -0.015431764334189194 0.0058632429657575688 -0.0093122996460159348 -0.0015000689186272101 -0.0034962956227445464 -0.0052900250438798497 0.0039070949711789834 -0.0022725438039449255
leaf_weight=21417.45686288178 262.01352323591709 412.42283707857132 282.25905264914036 359.0069554746151 352.15185679495335 9655.2325389534235 1782.0364418327808 9031.8306398242712 332.61498393118382 561.94328737258911 6628.1499633938074 1116.3455543071032 21126.237534031272 513.24296893179417 339.36921873688698 5885.5655919909477 394.49625761806965 323.95375755429268 297.22742076218128 1609.6273141652346 831.32746627926826 6711.6706522256136 302.38690213859081 1033.5459576398134 713.29693882167339 1042.4429311156273 403.6066559702158 341.07639189064503 4499.3154835253954 281.78868588805199
leaf_count=86299 1060 1664 1141 1448 1424 38921 7192 36406 1342 2263 26886 4507 85410 2067 1369 23753 1591 1309 1196 6532 3378 27039 1215 4164 2881 4199 1626 1388 18116 1135
internal_value=-0.0001553 0.00498534 -0.000191121 -0.000852218 0.000134932 -0.000356721 -0.0027113 -0.00138822 0.00139441 0.000317326 0.000168029 -0.000140718 0.000104294 -0.00554033 0.000336135 -0.0017531 0.00225804 -0.00349515 0.00727797 0.0012078 0.00415435 0.00074621 -0.00136001 -0.000204889 -0.00229171 -0.00470867 0.00322874 0.00149603 0.00324945 0.00457989
internal_weight=98843.6 674.436 98169.2 32419.7 65749.5 47294.6 8965.54 18687.1 18454.9 28607.6 28045.6 23454.2 22337.9 872.25 21465.6 7183.5 1297.94 606.213 691.724 18102.7 2440.95 15661.7 4109.68 3807.3 2370.14 1755.74 1437.15 11552.1 4840.39 614.404
internal_count=398921 2724 396197 130983 265214 190775 36182 75327 74439 115448 113185 94801 90294 3515 86779 28990 5237 2450 2787 73015 9910 63105 16562 15347 9557 7080 5790 46543 19504 2477
is_linear=0
shrinkage=0.05


Tree=95
num_leaves=31
num_cat=0
split_feature=52 87 43 16 20 23 15 88 35 54 10 28 22 98 65 97 81 54 25 48 28 35 21 93 83 97 92 95 1 25
split_gain=7.82196 8.67878 12.9273 8.60744 8.39848 8.885 8.35341 14.2648 8.0288 11.0866 9.63019 10.2275 12.1084 10.436 9.51589 9.08907 14.0272 12.5887 10.2 10.071 9.1829 9.00126 13.3756 12.9893 13.0264 11.4329 11.1016 10.254 11.3328 10.0941
threshold=136.7478671395352 -0.15528449999999999 2263.7306742316205 0.045000000000000005 18.500000000000004 0.20560150000000002 32.250000000000007 -0.09799349999999997 0.14090950000000005 120.67191882630667 5.5000000000000009 0.57978550000000006 0.46993950000000007 -0.012725560003645218 2.5000000000000004 0.91470773633045688 9.2352768560770286 124.49507326606044 0.35714600000000002 0.27049269790746427 0.42316650000000006 0.14390450000000002 1601.5000000000002 0.034349000000000011 0.55293430840046043 0.79184029980085291 0.029767000000000005 0.039869500000000009 5.5000000000000009 0.38725050000000005
decision_type=10 8 8 2 2 10 2 10 10 8 2 10 8 2 2 2 2 8 10 8 10 10 2 10 2 2 10 10 2 10
left_child=1 2 3 -1 5 -4 7 -5 9 -3 14 12 -12 -14 15 19 17 -17 -18 20 -11 22 25 26 29 -10 27 -24 -29 -25
right_child=-2 8 4 6 -6 -7 -8 -9 21 10 11 -13 13 -15 -16 16 18 -19 -20 -21 -22 -23 23 24 -26 -27 -28 28 -30 -31
leaf_value=-0.0068964480678533578 0.0039533796606606789 -0.0052364708539708741 -0.014106434047527034 0.00096611089511396261 -9.9151126853968952e-05 -0.0046098614670147461 0.003105791721737135 -0.012805019136574447 0.0014832887597532503 0.012150318915495558 -0.010202209639384665 -0.011943008711860778 0.0075290781916774203 -0.003991549755183006 0.010722757419537036 0.0073161549669963424 0.00059683159899720929 0.00034361133244344578 -0.0091981684568868665 0.0013767884744542973 0.0037617934097383282 -6.0630999328268886e-05 -0.0072763747914933608 -0.011224701977250116 0.0047064740722323195 -0.0076895158570981434 0.0071852573743398096 0.002765554438967463 -0.0063482177222912994 0.00044692195890855382
leaf_weight=411.75236944854259 1208.3440631181002 713.91250903904438 411.64291709661484 664.59964972734451 420.55910210311413 629.88055762648582 1518.4834852963686 251.57560044527054 439.40394157171249 386.73387241363525 250.57753697037697 252.77033667266369 416.96775484085083 355.57592903077602 255.72268614172935 685.51972068846226 452.32852572202682 9366.6204297542572 630.50982721149921 6573.5363635122776 1954.164431989193 64820.630922451615 430.48867850005627 638.09408201277256 257.81951236724854 1444.8500752002001 597.75656451284885 1818.5187270343304 409.53025019168854 258.33931937813759
leaf_count=1670 4964 2890 1661 2688 1701 2560 6136 1017 1780 1572 1020 1019 1680 1431 1033 2763 1835 37764 2542 26517 7876 261532 1737 2565 1040 5826 2409 7345 1654 1043
internal_value=-2.81757e-05 -7.78092e-05 -0.0022692 -0.000300792 -0.00607325 -0.00846166 0.000838321 -0.00291278 2.34992e-05 0.000851178 0.00105489 -0.00314278 -0.000874058 0.00224327 0.00132007 0.00119486 0.0002418 0.000825912 -0.00513853 0.00238372 0.00519343 -0.000236064 -0.00203962 -0.000529103 -0.00506269 -0.0055539 0.00108849 -0.000304122 0.0010695 -0.00789328
internal_weight=98927.2 97718.9 4308.49 2846.41 1462.08 1041.52 2434.66 916.175 93410.4 22294.9 21581 1275.89 1023.12 772.544 20305.1 20049.4 11135 10052.1 1082.84 8914.43 2340.9 71115.4 6294.8 4410.55 1154.25 1884.25 3256.29 2658.54 2228.05 896.433
internal_count=399270 394306 17433 11511 5922 4221 9841 3705 376873 89942 87052 5150 4131 3111 81902 80869 44904 40527 4377 35965 9448 286931 25399 17793 4648 7606 13145 10736 8999 3608
is_linear=0
shrinkage=0.05


Tree=96
num_leaves=31
num_cat=0
split_feature=71 55 67 53 37 39 90 26 45 37 41 44 95 44 52 94 29 92 32 50 58 34 15 79 95 2 23 88 33 23
split_gain=8.40556 11.0246 13.0514 13.8882 18.3947 16.2872 12.71 12.5047 12.4522 16.4135 14.5993 13.477 15.0835 11.1385 11.499 10.8824 13.8462 10.8141 10.6496 10.6424 13.8222 11.3581 13.043 11.4363 10.4338 10.1058 9.93709 17.3722 10.5103 10.2105
threshold=1.0000000180025095e-35 2199.4571279702391 1.0000000180025095e-35 2404.6463153288973 0.30625600000000003 0.031552763938744677 0.057462300000000029 0.43510650000000006 4.9904578339587955 0.39473900000000006 0.076130982624331364 27.710472033485704 -0.021122999999999999 19.337595821183928 127.73315603441635 0.38202350000000007 0.53026800000000007 0.02229200000000001 0.13518300000000003 143.17836604821471 1235.0000000000002 0.50491350000000013 50.750000000000007 43.150000000000013 0.038993499999999993 8.5000000000000018 0.30229400000000006 0.021750500000000037 1964.5000000000002 0.3077005000000001
decision_type=2 10 2 8 10 8 10 10 8 10 8 10 10 10 10 10 10 10 10 10 10 8 2 2 10 2 8 8 2 10
left_child=1 2 8 4 7 -5 25 24 13 11 -11 -10 -13 14 -1 16 -6 -3 -18 20 -14 22 -22 -23 -4 -7 -2 29 -29 -28
right_child=26 17 3 5 15 6 -8 -9 9 10 -12 12 19 -15 -16 -17 18 -19 -20 -21 21 23 -24 -25 -26 -27 27 28 -30 -31
leaf_value=0.0020327410588461456 -0.0001485843247335719 -0.010303994915266103 0.0020263912927112374 -0.014355005937737274 -0.0088235264256958917 -0.0006700383918351034 -0.0097891010363083449 0.0049341917632028595 0.0021252255871179889 0.00021762260844033107 -0.0065361771482233448 -0.0093587365753626754 0.0040156757442510026 0.0020264242284456012 0.011564547970527521 0.00077691998692277792 -0.0047912607807144543 -0.00025628000708388768 0.0074356491800741352 0.0016268977044824038 -0.015185187804137036 0.0024951497336629003 -0.0024770369040438443 -0.0044582902784887401 -0.0069830684764280232 -0.01008188228001336 -0.0065615625113742016 -0.013700373971257472 -0.0041594347992249033 0.00069819477146544975
leaf_weight=609.96901054680347 43857.912521600723 445.29650431871414 1049.30724132061 260.58175113797188 933.56386137008667 5423.7711088657379 452.35138785839081 2807.2964644134045 12805.017619490623 1829.8798444122076 1411.0774790644646 434.28307503461838 800.65008267760277 8551.162819519639 659.16453818976879 1776.4759678244591 408.35004758834839 651.52166543900967 300.13505211472511 4962.5545653253794 368.90522949397564 1008.1964094638824 442.36115865409374 1403.2998741716146 451.4223785251379 291.17898096144199 583.57047006487846 439.49234074354172 846.47224941849709 2623.9383550733328
leaf_count=2445 176991 1791 4211 1048 3744 21867 1823 11341 51662 7352 5679 1750 3212 34514 2662 7134 1661 2619 1210 20020 1482 4050 1776 5634 1812 1171 2397 1797 3458 10810
internal_value=9.29574e-05 0.0005438 0.000654159 -0.000628191 0.000800037 -0.00234355 -0.00181362 0.00297022 0.00116858 0.000584835 -0.00273397 0.00106981 -0.000365568 0.00268022 0.00703509 -0.00193552 -0.00485696 -0.00439179 0.000419816 7.89837e-05 -0.00182954 -0.00328964 -0.00837032 -0.0015529 -0.000711956 -0.00116635 -0.000378287 -0.00261496 -0.00750071 -0.000638925
internal_weight=98889.2 50537.8 49441 14154.4 7726.55 6427.88 6167.3 4308.03 35286.5 25466.2 3240.96 22225.3 9420.25 9820.3 1269.13 3418.52 1642.05 1096.82 708.485 8985.97 4023.41 3222.76 811.266 2411.5 1500.73 5714.95 48351.4 4493.47 1285.96 3207.51
internal_count=399123 203670 199260 57022 31113 25909 24861 17364 142238 102617 13031 89586 37924 39621 5107 13749 6615 4410 2871 36174 16154 12942 3258 9684 6023 23038 195453 18462 5255 13207
is_linear=0
shrinkage=0.05


Tree=97
num_leaves=31
num_cat=0
split_feature=30 94 32 87 79 1 0 62 28 96 28 32 32 37 32 97 0 87 50 58 86 86 90 83 83 47 37 32 32 37
split_gain=6.96583 11.2465 7.21288 12.6207 14.5887 12.0218 9.15426 10.535 9.14228 10.1168 11.7937 10.5418 10.0458 12.1252 10.0198 9.68003 13.7077 9.34993 8.87031 11.9732 8.76116 8.71055 15.3722 8.30756 13.8126 8.15292 8.60614 8.00541 13.0263 17.2457
threshold=0.41801100000000008 0.40357350000000008 0.24832950000000001 -0.05398049999999998 90.65000000000002 1.5000000000000002 6.5000000000000009 1.0000000180025095e-35 0.30830000000000007 0.27371775000000004 0.56672100000000014 0.23290900000000003 0.21841400000000002 0.18262250000000005 0.19296400000000002 0.78355413289751052 4.5000000000000009 -0.0071874999999999847 144.97944445965797 4667.0000000000009 0.073571999999999985 -0.20312749999999996 -0.11359574999999995 0.49174583874041222 0.52355007663276198 1.8357476492355589 0.33099600000000001 0.16924800000000004 0.17125900000000002 0.34043250000000008
decision_type=10 10 10 10 2 2 2 2 8 8 10 8 10 10 10 2 2 10 10 10 10 10 10 2 2 8 10 10 10 10
left_child=2 -2 8 5 25 -4 -7 -8 21 10 14 12 27 17 23 -15 -17 -14 19 -13 -12 -1 -23 -10 -25 -5 -27 -11 29 -29
right_child=1 -3 3 4 -6 6 7 -9 9 11 20 18 13 15 -16 16 -18 -19 -20 -21 -22 22 -24 24 -26 26 -28 28 -30 -31
leaf_value=0.001150294103029972 0.00021149735931431284 -0.0095779045370104204 -0.0044051743936641807 -0.0069556223478476724 0.0095281552893189177 0.0094450963552487627 -0.0031414913317273719 0.0074103133850071294 0.010262872978606759 0.0003098416911475096 -0.0089932966457785934 -0.0023105972208008986 0.01177679483825096 0.0087154962077948938 -0.0036646870198174144 -0.0076490778006181245 0.0015641803754595726 0.00050724016686512182 0.0035971463802359433 -0.010690141270183466 0.0022554262003380079 -0.014013284367415921 0.00065283027387588212 -0.0003476972458608279 0.010598678006089593 -0.0056855926595190112 0.0066493831743441858 -0.0017014840271122875 -0.00047005974630844288 -0.013087464506791208
leaf_weight=435.76927873492241 727.456014752388 481.22040550410748 310.4506529122591 716.77782587707043 249.56493064761162 980.0511449277401 435.15074680745602 497.34045769274235 706.47606360912323 51182.118566051126 304.37075799703598 2399.3302665799856 522.41888085007668 367.28950797021389 306.97804705798626 460.31350043416023 2841.5014241784811 282.70989006757736 460.51539766788483 510.98231874406338 378.27239675819874 408.61925937235355 310.21072979271412 825.12398447096348 432.3675461858511 248.26876153051853 302.89152628183365 1116.9074909389019 29196.132369190454 465.84830579161644
leaf_count=1780 2930 1957 1256 2891 1006 3947 1758 2007 2864 206709 1232 9680 2098 1485 1241 1852 11453 1139 1859 2053 1538 1686 1286 3333 1747 1006 1224 4505 117639 1878
internal_value=2.41636e-05 -0.00373265 7.10393e-05 0.00222123 -0.00128962 0.00461291 0.00609206 0.00250518 -1.48277e-05 4.04415e-05 0.00291475 -5.44041e-05 5.27211e-05 0.00235709 0.00464264 0.00112828 0.000260521 0.00787441 -0.00279336 -0.00381342 -0.00281748 -0.00441733 -0.00776201 0.00595311 0.00346996 -0.00347675 0.00109082 -7.33459e-05 -0.000710441 -0.00511382
internal_weight=98863.4 1208.68 97654.8 3740.5 1517.5 2222.99 1912.54 932.491 93914.3 92759.7 2953.59 89806.1 86435.2 4474.23 2270.95 3669.1 3301.81 805.129 3370.83 2910.31 682.643 1154.6 718.83 1963.97 1257.49 1267.94 551.16 81961 30778.9 1582.76
internal_count=399039 4887 394152 15095 6127 8968 7712 3765 379057 374305 11955 362350 348758 18027 9185 14790 13305 3237 13592 11733 2770 4752 2972 7944 5080 5121 2230 330731 124022 6383
is_linear=0
shrinkage=0.05


Tree=98
num_leaves=31
num_cat=0
split_feature=88 52 24 68 46 23 91 31 44 26 36 36 78 88 58 83 29 98 31 89 23 88 91 27 31 28 46 81 15 30
split_gain=8.86613 18.2711 17.886 12.4976 18.991 11.2972 12.9576 10.5249 13.1393 9.81483 9.74249 9.37024 9.34304 10.1374 14.5783 9.11112 9.35309 8.91753 9.31344 9.16151 15.9968 11.7263 12.5029 13.3625 10.5048 8.90498 10.4417 10.1992 9.65963 8.96013
threshold=0.0062475000000000178 131.75389813149175 0.19463250000000001 1.0000000180025095e-35 1.4824576969433065 0.20457100000000003 -0.071899249999999984 0.13050950000000003 34.652066935469655 0.44048850000000006 0.63066300000000008 0.73897400000000013 0.02468071476886206 0.045059500000000037 2021.5000000000002 0.49894539247175579 0.49126900000000001 0.020375916565617051 0.13800300000000001 0.50884930000000017 0.2209865 -0.024309999999999967 0.063127000000000016 0.51123750000000012 0.15566550000000004 0.48281800000000002 1.7995429385473527 9.1338372245334032 63.600000000000009 0.23271750000000002
decision_type=10 8 10 2 10 10 8 10 10 8 10 10 2 10 10 2 10 2 10 10 10 10 10 10 10 8 8 2 2 10
left_child=1 3 12 4 -1 6 -3 -7 17 -8 -10 -6 13 -2 -15 16 -4 18 -9 21 -21 22 23 24 -20 -11 28 29 -27 -28
right_child=2 5 15 -5 11 7 9 8 10 25 -12 -13 -14 14 -16 -17 -18 -19 19 20 -22 -23 -24 -25 -26 26 27 -29 -30 -31
leaf_value=0.0067393969670774094 -5.4898204838621178e-05 0.01127227440987448 -0.0068723153802597303 0.0012206595714547921 -0.00085065895276062594 -0.0016571106047836397 0.0069883799460137147 0.0088759366567736069 0.0035356779832475364 0.0070228139260803601 0.015523146437637067 0.007174636467841479 -0.00049914286475007791 0.015329330663544189 0.00028313616604871901 -0.012110957292409685 0.0023486628713438578 -0.004247900167216003 -1.473188691798607e-05 -0.0059124943588045485 0.0080463667453211079 -0.0011628517717804537 -0.0010671297190073834 -0.0011096675866422128 0.0094052243113917511 -0.00039398889661898138 0.0024978914559105245 -0.0043905784340133478 -0.011486261944047707 0.012331918866166282
leaf_weight=854.95617550611496 841.44591102004051 506.57015044987202 727.36496293544769 13393.533401310444 33482.110304266214 2913.2783845514059 1110.9814454764128 416.53257028758526 447.43438798189163 616.67943100631237 271.1343235373497 357.8071870803833 28848.873794719577 333.2467542886734 303.90741573274136 407.58536645770073 432.10541328787804 677.10518714785576 382.36195504665375 249.24480652809143 1008.6470782011747 4119.837788566947 1378.6030271202326 657.27744898200035 1299.206287458539 590.23268522322178 1352.5248723775148 428.30668732523918 284.61595779657364 271.71642400324345
leaf_count=3433 3399 2047 2958 53940 135165 11771 4461 1676 1799 2475 1091 1454 116595 1342 1226 1636 1736 2722 1543 1000 4046 16590 5553 2640 5234 2380 5543 1750 1146 1104
internal_value=0.000116121 0.000442456 -0.000570052 -7.61157e-05 -0.000576928 0.00175552 0.00374938 0.00100869 0.00172158 0.00290832 0.00820984 -0.000763709 -0.000299986 0.003563 0.00826792 -0.00576163 -0.00344519 0.00125639 0.00165227 0.00131206 0.00525567 0.000673218 0.00270569 0.00492461 0.00727585 0.00161326 0.000453668 0.00240146 -0.00409168 0.0042084
internal_weight=98965.2 67070.7 31894.5 48088.4 34694.9 18982.3 5161.63 13820.7 10907.4 4655.06 718.569 33839.9 30327.5 1478.6 637.154 1567.06 1159.47 10188.8 9511.71 9095.18 1257.89 7837.29 3717.45 2338.85 1681.57 3544.08 2927.4 2052.55 874.849 1624.24
internal_count=399455 270563 128892 193992 140052 76571 20906 55665 43894 18859 2890 136619 122562 5967 2568 6330 4694 41004 38282 36606 5046 31560 14970 9417 6777 14398 11923 8397 3526 6647
is_linear=0
shrinkage=0.05


Tree=99
num_leaves=31
num_cat=0
split_feature=34 90 90 79 2 46 27 93 83 55 46 98 64 14 55 45 85 55 93 29 27 22 88 55 16 57 24 85 2 39
split_gain=8.75619 14.109 8.83067 8.70351 12.162 10.9429 16.5676 14.8908 9.49968 8.43971 6.96667 6.70205 9.41902 11.9903 10.317 8.86296 8.66328 13.1278 9.93693 9.31613 15.0159 10.8576 11.1849 8.37178 9.92693 11.8627 9.59665 7.95874 10.0203 16.847
threshold=0.47822750000000008 0.11033010000000006 0.070869249999999925 25.600000000000001 7.5000000000000009 1.7741544966581215 0.35330000000000006 0.053247500000000024 0.49304588809221811 1500.6071195345214 1.834709700729461 0.026898485896528049 9.5000000000000018 1.0000000180025095e-35 1639.9640046757663 15.982756032326387 0.50517132730494396 2031.7752418845528 -0.060494749999999993 0.53026800000000007 0.63686350000000014 0.49572650000000001 0.02433250000000001 1839.3574824443774 1.0050000000000001 14.510267694605071 0.16831850000000001 0.50150144644644656 4.5000000000000009 0.05551600522450615
decision_type=8 8 10 2 2 10 10 10 2 10 10 2 2 2 8 8 2 10 8 8 10 10 10 10 2 10 10 2 2 10
left_child=1 2 3 4 8 6 -5 9 -1 -7 -11 16 27 14 -14 -15 17 18 -2 20 23 -21 -23 24 -20 26 -26 -13 29 -29
right_child=11 -3 -4 5 -6 7 -8 -9 -10 10 -12 12 13 15 -16 -17 -18 -19 19 21 -22 22 -24 -25 25 -27 -28 28 -30 -31
leaf_value=-0.003196998779786903 0.0079571092137235913 -0.012498326583402712 0.0075413818680553236 -0.01249564256470332 -0.0057864514492814954 -0.0092678672841852005 0.00081233134561277441 -0.016277535348094885 0.0082617339153860814 -0.0071663898317964828 0.0027812749562206684 0.0033377796444757132 -0.00013346582808226556 0.0071812381110008018 -0.01254058030248865 -0.0048699292740866278 0.00011997383458124352 -0.0086471755511017805 -0.000271061730378822 -0.01223086062994137 0.010698463291978414 -0.010520642676282069 0.0019921442279672583 0.0034769116606550238 0.00030950431109196273 -0.014529538187614502 -0.0075084681871294273 0.0012159398290803689 -0.00051164923788348134 0.0089755270382507902
leaf_weight=246.41920651495457 286.13542084395885 287.75891703367233 258.14309883117676 255.14043490588665 359.15605686604977 431.52993839979172 1975.3723443448544 289.581941857934 626.42357917129993 255.69927316904068 511.66489014029503 3707.8955848515034 279.24617321789265 344.00351312756538 409.71748948097229 258.96720337867737 66069.101795732975 600.34165632724762 3377.6618601977825 384.17822353541851 270.31981237232685 253.67578181624413 546.04670225083828 836.63424269855022 885.6930780261755 260.04266934096813 693.8777129650116 5700.2576245218515 7491.4461004734039 788.15806286036968
leaf_count=1003 1158 1168 1041 1040 1453 1750 7969 1172 2526 1031 2067 14971 1127 1385 1650 1045 266463 2418 13637 1550 1089 1018 2200 3387 3571 1047 2801 23157 30273 3189
internal_value=2.73019e-05 -0.0019102 -0.00130247 -0.00177786 0.00185353 -0.00298259 -0.000758898 -0.00628753 0.00502716 -0.00375984 -0.00058301 0.000141469 0.000979945 -0.00312594 -0.00758567 0.00201043 -7.23485e-05 -0.00158435 -0.00102996 -0.00138259 -0.000616811 -0.00543383 -0.00205788 -0.00113887 -0.00188429 -0.0048288 -0.00315042 0.00128144 0.000734039 0.00217087
internal_weight=98940.3 5496.89 5209.13 4950.99 1232 3718.99 2230.51 1488.48 872.843 1198.89 767.364 93443.4 18979.7 1291.93 688.964 602.971 74463.7 8394.61 7794.27 7508.13 6324.23 1183.9 799.722 6053.91 5217.28 1839.61 1579.57 17687.8 13979.9 6488.42
internal_count=399356 22220 21052 20011 4982 15029 9009 6020 3529 4848 3098 377136 76797 5207 2777 2430 300339 33876 31458 30300 25532 4768 3218 24443 21056 7419 6372 71590 56619 26346
is_linear=0
shrinkage=0.05


end of trees

feature_importances:
batter_team_id=101
asof_pitcher_ball_rate=67
asof_pitcher_reverse_rate=65
platoon=65
form_blend=64
asof_pitcher_prev5_game_success_rate=62
asof_pitcher_breaking_rate=62
asof_pitcher_n=57
asof_pitcher_strike_rate=56
asof_pitcher_prev3_game_success_rate=53
tm_m_induced_vert_break=53
tm_m_rel_height=53
tm_sp_offspeed=53
asof_pitcher_success_rate=52
rev_plus_mid=52
tm_m_horz_break=51
asof_pitcher_prev1_game_success_rate=50
tm_v_breaking=50
tm_m_rel_side=48
asof_batter_middle_rate=46
hand_combo=46
asof_pitcher_offspeed_rate=45
tm_m_extension=45
cnt_diff=45
form_dev1=45
form_dev3=45
asof_batter_n=43
asof_batter_success_rate=43
tm_rel_var_rel_side=43
tm_sp_fastball=43
tm_v_offspeed=43
p_succ_eb1000=43
cnt_code=42
asof_pitcher_middle_rate=41
asof_pitcher_prev3_game_middle_rate=41
mix_entropy=41
asof_pitcher_prev5_game_middle_rate=40
form_dev5=40
mid_dev1=40
mid_dev5=40
game_month=39
tm_rel_var_rel_height=39
tm_m_zone_speed=37
tm_prior_n=37
p_succ_eb200=36
strike_minus_ball=35
pitcher_team_id=34
asof_pitcher_fastball_rate=34
tm_sp_breaking=34
tm_velo_sep=34
tm_rel_var_extension=33
we_pitcher=32
tm_m_spin_rate=31
tm_v_fastball=29
form_blend_dev=29
li=27
asof_pitcher_prev1_game_middle_rate=27
is_F=27
home_win_expectancy=26
pb_succ_gap=26
b_succ_eb500=25
mid_dev3=23
tm_m_rel_speed=21
game_dayofweek=20
tm_n_types=20
breaking_plus_off=20
pb_mid_gap=19
inning=16
log_pitcher_n=16
run_total_before=15
strikes_before=14
num_runners_on=12
balls_before=10
outs_before=10
run_bot_before=10
score_diff_pitcher_team=10
abs_score_diff=9
is_full=8
base_code=7
pitcher_ahead=7
run_top_before=6
score_diff_home=6
pitcher_hand=6
batter_hand=5
log_li=4
log_batter_n=4
tm_log_n=3
is_bottom=3
is_2strike=3
pitch_of_pa_est=3
runner_on_3b=2
runner_on_1b=1
scoring_pos=1
late_close=1

parameters:
[boosting: gbdt]
[objective: binary]
[metric: binary_logloss]
[tree_learner: serial]
[device_type: cpu]
[data_sample_strategy: bagging]
[data: ]
[valid: ]
[num_iterations: 100]
[learning_rate: 0.05]
[num_leaves: 31]
[num_threads: 6]
[seed: 2]
[deterministic: 0]
[force_col_wise: 0]
[force_row_wise: 1]
[histogram_pool_size: -1]
[max_depth: -1]
[min_data_in_leaf: 1000]
[min_sum_hessian_in_leaf: 0.001]
[bagging_fraction: 0.8]
[pos_bagging_fraction: 1]
[neg_bagging_fraction: 1]
[bagging_freq: 1]
[bagging_seed: 2]
[bagging_by_query: 0]
[feature_fraction: 0.7]
[feature_fraction_bynode: 1]
[feature_fraction_seed: 2]
[extra_trees: 0]
[extra_seed: 19650]
[early_stopping_round: 0]
[early_stopping_min_delta: 0]
[first_metric_only: 0]
[max_delta_step: 0]
[lambda_l1: 0]
[lambda_l2: 10]
[linear_lambda: 0]
[min_gain_to_split: 0]
[drop_rate: 0.1]
[max_drop: 50]
[skip_drop: 0.5]
[xgboost_dart_mode: 0]
[uniform_drop: 0]
[drop_seed: 24198]
[top_rate: 0.2]
[other_rate: 0.1]
[min_data_per_group: 100]
[max_cat_threshold: 32]
[cat_l2: 10]
[cat_smooth: 10]
[max_cat_to_onehot: 4]
[top_k: 20]
[monotone_constraints: ]
[monotone_constraints_method: basic]
[monotone_penalty: 0]
[feature_contri: ]
[forcedsplits_filename: ]
[refit_decay_rate: 0.9]
[cegb_tradeoff: 1]
[cegb_penalty_split: 0]
[cegb_penalty_feature_lazy: ]
[cegb_penalty_feature_coupled: ]
[path_smooth: 0]
[interaction_constraints: ]
[verbosity: -1]
[saved_feature_importance_type: 0]
[use_quantized_grad: 0]
[num_grad_quant_bins: 4]
[quant_train_renew_leaf: 0]
[stochastic_rounding: 1]
[linear_tree: 0]
[max_bin: 255]
[max_bin_by_feature: ]
[min_data_in_bin: 3]
[bin_construct_sample_cnt: 200000]
[data_random_seed: 2]
[is_enable_sparse: 1]
[enable_bundle: 1]
[use_missing: 1]
[zero_as_missing: 0]
[feature_pre_filter: 1]
[pre_partition: 0]
[two_round: 0]
[header: 0]
[label_column: ]
[weight_column: ]
[group_column: ]
[ignore_column: ]
[categorical_feature: ]
[forcedbins_filename: ]
[precise_float_parser: 0]
[parser_config_file: ]
[objective_seed: 29484]
[num_class: 1]
[is_unbalance: 0]
[scale_pos_weight: 1]
[sigmoid: 1]
[boost_from_average: 1]
[reg_sqrt: 0]
[alpha: 0.9]
[fair_c: 1]
[poisson_max_delta_step: 0.7]
[tweedie_variance_power: 1.5]
[lambdarank_truncation_level: 30]
[lambdarank_norm: 1]
[label_gain: ]
[lambdarank_position_bias_regularization: 0]
[eval_at: ]
[multi_error_top_k: 1]
[auc_mu_weights: ]
[num_machines: 1]
[local_listen_port: 12400]
[time_out: 120]
[machine_list_filename: ]
[machines: ]
[gpu_platform_id: -1]
[gpu_device_id: -1]
[gpu_device_id_list: ]
[gpu_use_dp: 0]
[num_gpu: 1]

end of parameters

pandas_categorical:[]
