tree
version=v4
num_class=1
num_tree_per_iteration=1
label_index=0
max_feature_idx=99
objective=binary sigmoid:1
feature_names=game_month game_dayofweek inning balls_before strikes_before outs_before run_top_before run_bot_before run_total_before score_diff_home score_diff_pitcher_team runner_on_1b runner_on_2b runner_on_3b num_runners_on home_win_expectancy li pitcher_hand batter_hand pitcher_team_id batter_team_id asof_pitcher_n asof_pitcher_success_rate asof_pitcher_reverse_rate asof_pitcher_middle_rate asof_pitcher_ball_rate asof_pitcher_strike_rate asof_pitcher_prev1_game_success_rate asof_pitcher_prev3_game_success_rate asof_pitcher_prev5_game_success_rate asof_pitcher_prev1_game_middle_rate asof_pitcher_prev3_game_middle_rate asof_pitcher_prev5_game_middle_rate asof_batter_n asof_batter_success_rate asof_batter_middle_rate asof_pitcher_fastball_rate asof_pitcher_breaking_rate asof_pitcher_offspeed_rate tm_rel_var_rel_height tm_rel_var_rel_side tm_rel_var_extension tm_m_rel_speed tm_m_spin_rate tm_m_induced_vert_break tm_m_horz_break tm_m_extension tm_m_rel_height tm_m_rel_side tm_m_zone_speed tm_v_fastball tm_sp_fastball tm_v_breaking tm_sp_breaking tm_v_offspeed tm_sp_offspeed tm_n_types tm_velo_sep tm_prior_n tm_log_n tm_has is_F is_bottom base_code cnt_code cnt_diff is_3ball is_2strike pitcher_ahead is_full pitch_of_pa_est platoon hand_combo scoring_pos abs_score_diff close_game blowout late_close log_li we_pitcher log_pitcher_n log_batter_n is_rookie_p p_succ_eb200 p_succ_eb1000 b_succ_eb500 form_dev1 form_dev3 form_dev5 form_blend form_blend_dev mid_dev1 mid_dev3 mid_dev5 rev_plus_mid strike_minus_ball breaking_plus_off mix_entropy pb_succ_gap pb_mid_gap
feature_infos=[3:10] [0:6] [1:13] [0:3] [0:2] [0:2] [0:30] [0:22] [0:36] [-27:19] [-27:27] [0:1] [0:1] [0:1] [0:3] [0:100] [0:10.83] [1:2] [1:2] [12:25] [12:25] [0:15446] [0:1] [0:1] [0:1] [0:1] [0:1] [0:1] [0.125:0.92857100000000004] [0.14583299999999999:0.84999999999999998] [0:1] [0:0.52941199999999999] [0:0.5] [0:13924] [0:1] [0:1] [0:1] [0:1] [0:0.75] [0.013637649574865166:0.18554997200386428] [0.023687706151775116:0.23732486323619806] [0.031366467788529473:0.13700466977235751] [108.45118171673819:148.8045327198364] [1647.0762547857457:2618.9695819456679] [-11.586682218856058:49.265559574468085] [-33.423814428051948:47.192352120698978] [1.4374507923299569:2.0926419850537132] [0.32885211056511054:1.9900524966666668] [-1.0251837142857143:1.1894576892703863] [98.080663690987123:136.06468200409] [49.82336909871244:152.31761089597379] [778.98497854077243:2631.4251249578606] [79.204218749999995:137.76974130285953] [1277.1646875000001:2986.4456182349518] [18.772909547738692:141.12893333333332] [271.06256281407036:2458.9687092244781] [1:3] [-1.876799303439028:22.184692598937389] [28:13891] [0:9.5390684138639639] [0:1] [0:1] [0:1] [0:7] [0:11] [-2:3] [0:1] [0:1] [0:1] [0:1] [0:5] [0:1] [3:6] [0:1] [0:27] [0:1] [0:1] [0:1] [0:2.4706386779902956] [0:100] [0:9.6451700887142504] [0:9.5414410647954853] [0:1] [0.40472858414464541:0.68990852293577976] [0.42614069847856162:0.64429549664429531] [0.463360312361214:0.66777509756097564] [-0.70027799999999996:0.57528200000000007] [-0.36008600000000002:0.42153800000000008] [-0.32465200000000005:0.34295799999999999] [0.14538039999999999:0.85785460000000002] [-0.35204580000000002:0.34438659999999999] [-0.23979600000000001:0.894737] [-0.222222:0.39729999999999999] [-0.222222:0.29999999999999999] [0:2] [-1:1] [0:1] [0:1.098612190055321] [-0.2045944497080987:0.15287351515713404] [-0.90000000000000002:0.87444699999999997]
tree_sizes=3577 3605 3609 3608 3616 3608 3590 3592 3621 3611 3616 3592 3603 3609 3605 3599 3610 3615 3611 3622 3614 3608 3623 3626 3634 3628 3605 3628 3626 3603 3609 3621 3610 3616 3618 3627 3634 3618 3632 3624 3617 3591 3635 3603 3619 3631 3609 3611 3626 3609 3619 3623 3610 3618 3630 3623 3610 3630 3629 3613 3613 3634 3606 3621 3617 3627 3617 3619 3620 3600 3604 3598 3617 3593 3625 3622 3621 3573 3614 3628 3598 3610 3603 3613 3606 3602 3590 3628 3600 3594 3617 3580 3635 3634 3616 3599 3624 3602 3608 3593

Tree=0
num_leaves=31
num_cat=0
split_feature=22 95 29 29 72 23 95 89 72 72 29 95 19 97 54 41 72 94 72 95 21 72 23 45 96 65 58 39 22 43
split_gain=1087.88 395.426 288.617 271.417 97.1119 93.1508 64.5705 58.4161 54.4734 65.9659 53.7098 48.8938 42.9595 40.8921 37.7973 34.9285 33.8639 33.1152 29.8508 27.7521 27.9584 27.0758 26.8383 26.5493 26.0343 24.6293 24.2107 23.9859 23.4088 23.2809
threshold=0.51793050000000018 0.058824000000000022 0.56256850000000014 0.45920550000000004 3.5000000000000004 0.29279500000000008 0.078142500000000018 0.55000925000000012 5.5000000000000009 3.5000000000000004 0.49413500000000005 0.12344700000000002 17.500000000000004 0.9956368907885268 126.12239037956924 0.064011111193711986 5.5000000000000009 0.36663050000000008 5.5000000000000009 0.065982499999999986 3139.5000000000005 3.5000000000000004 0.25454650000000006 -4.2753731697114308 0.35051506500000007 1.0000000180025095e-35 1196.5000000000002 0.029657597804561255 0.46137550000000005 2072.2841198473743
decision_type=10 10 10 10 2 8 10 10 2 2 8 10 2 2 8 8 2 10 2 10 2 2 10 8 10 2 8 10 10 10
left_child=3 8 10 5 19 18 16 28 9 23 24 15 -13 25 -9 -4 -6 -12 21 -5 -21 -1 -18 -2 -3 -7 -10 -20 -8 -11
right_child=1 2 11 4 6 13 7 14 26 29 17 12 -14 -15 -16 -17 22 -19 27 20 -22 -23 -24 -25 -26 -27 -28 -29 -30 -31
leaf_value=-0.039064132281936739 -0.040876198233813207 -0.042508889385662038 -0.025088118261883369 -0.042148488989516349 -0.029221991058467147 -0.041628526822366049 -0.039593498542663468 -0.010088091058822642 -0.038642522657895959 -0.020800627153876153 -0.019875831998376024 -0.0080919981273277382 -0.019628178560256962 -0.033767170097770721 -0.024242941381454098 -0.015144831916683574 -0.031135486539396136 -0.0245679601776835 -0.031492924225132578 -0.029415718655792834 -0.042436843368668771 -0.032168476728549777 -0.037603725524945973 -0.023754916662202606 -0.026412763588364842 -0.048465347672828493 -0.031685995966250248 -0.039818828649697338 -0.027342256574733895 -0.027309427600032164
leaf_weight=1771.6446962356567 1095.030391395092 250.44977223873138 1069.5355044007301 1858.8772017359734 8809.4832560420036 4352.87702947855 400.91959547996521 803.83878993988037 1782.3925407528877 1941.3606596589088 9193.1563103199005 4324.1327941417694 1018.7956802845001 1227.0039240717888 1140.0213684439659 5280.1910564303398 3674.513075530529 6403.7157332897186 1082.7828476428986 1309.737331867218 592.88109755516052 7216.30276876688 2853.6776942610741 279.19400757551193 7129.8201128840446 1983.8521379828453 4196.65835916996 4486.1003115177155 7617.7222639918327 4655.3163751959801
leaf_count=7088 4381 1002 4279 7437 35245 17415 1604 3216 7131 7767 36780 17300 4076 4909 4561 21125 14701 25620 4332 5240 2372 28871 11417 1117 28525 7937 16790 17948 30477 18625
internal_value=-0.028418 -0.0230625 -0.0202029 -0.0335054 -0.0303276 -0.0376776 -0.0292114 -0.0260786 -0.0301702 -0.0274638 -0.0234608 -0.0138104 -0.0102714 -0.0421795 -0.0183262 -0.0168119 -0.0312465 -0.0217987 -0.0353304 -0.0378124 -0.0335259 -0.0335381 -0.0339728 -0.0373899 -0.0269774 -0.0437973 -0.0337736 -0.0382086 -0.0279681 -0.0253854
internal_weight=99802 48619.7 34669.8 51182.2 29061.7 22120.6 25300.2 9962.5 13950 7970.9 22977.1 11692.7 5342.93 7563.73 1943.86 6349.73 15337.7 15596.9 14556.8 3761.5 1902.62 8987.95 6528.19 1374.22 7380.27 6336.73 5979.05 5568.88 8018.64 6596.68
internal_count=399288 194518 138707 204770 116270 88500 101221 39858 55811 31890 91927 46780 21376 30261 7777 25404 61363 62400 58239 15049 7612 35959 26118 5498 29527 25352 23921 22280 32081 26392
is_linear=0
shrinkage=1


Tree=1
num_leaves=31
num_cat=0
split_feature=83 89 89 26 23 26 19 26 83 29 84 61 57 38 21 89 3 36 51 97 83 45 26 83 39 49 24 36 49 57
split_gain=935.072 281.223 219.407 163.376 82.2266 78.5285 74.1689 69.3546 64.8567 56.3282 53.1994 46.7932 39.4837 39.1518 37.1042 33.2108 32.8956 32.535 31.8212 30.9853 29.2649 28.6103 26.5618 26.0641 24.9896 24.602 23.3293 22.9531 22.2611 21.8711
threshold=0.51808739604246135 0.53655845000000013 0.46315635000000005 0.44768550000000001 0.29010050000000004 0.40873100000000001 13.500000000000002 0.44768550000000001 0.58229905699631612 0.55775950000000007 0.53699130635595804 1.0000000180025095e-35 14.332847223330406 0.053330550000000011 8203.5000000000018 0.34153660000000002 1.5000000000000002 0.51895250000000004 2114.1281768181284 0.85765349093164112 0.46629899433201366 23.353447417171338 0.45173800000000003 0.4475173098488654 0.039582738553338312 127.64513526121156 0.14742150000000001 0.72336350000000016 125.87988112328809 10.2186647193793
decision_type=2 10 10 10 10 10 2 10 2 10 2 2 8 10 2 8 2 10 10 2 2 8 10 2 10 8 10 10 8 10
left_child=2 5 4 10 17 21 13 19 28 20 -3 16 -12 -5 -11 -6 18 -1 -7 27 -9 -2 -15 -17 -13 -22 -20 -4 -8 -26
right_child=1 3 7 6 15 11 8 9 -10 14 12 24 -14 22 -16 23 -18 -19 26 -21 25 -23 -24 -25 29 -27 -28 -29 -30 -31
leaf_value=-0.0032360615207055578 -0.011869066250277839 -0.0013349744132171602 -0.0092730913784396952 -0.00069086892085317797 -0.02163243610217595 0.0078842048421735571 0.0022863493299503965 -0.01321069696263878 0.017375081876014463 0.0056230541899166195 0.0038961140007058338 0.003722516955134478 0.013303095659054763 0.0064207261464695343 0.023814461457173058 -0.015760933179719796 -0.00054586306621016859 -0.0079602980246974223 0.0049720261630475356 -0.0025678226096707483 -0.0024027783651208705 -0.00016899682414088702 0.019108686214453507 -0.0092125711941717838 -0.0016312095720566928 0.0027166742907746809 0.00047474483992365562 0.00047831943402890917 0.0087587144856242864 -0.012142639784924482
leaf_weight=5764.7499584704638 1437.6283260732889 3444.0372531861067 3467.0029837936163 298.46802054345608 881.07757559418678 4023.8883070498705 1796.3014894872904 401.36776827275753 1971.4164550155401 1123.3495490700006 3920.0829277932644 744.3688550144434 1557.1107523143291 468.2046671807766 367.98767255246639 2256.6784406155348 5159.1454657912254 9997.9690886437893 5749.5679112672806 11598.670542791486 4259.0338705927134 818.05450162291527 4506.5500391125679 4885.2903642058372 977.50733214616776 5201.9437874853611 5779.7222928702831 729.03568679094315 5188.471916154027 999.74984285235405
leaf_count=23066 5752 13779 13872 1194 3526 16098 7186 1606 7886 4494 15683 2978 6229 1873 1472 9031 20640 40004 23002 46407 17040 3273 18027 19549 3911 20812 23123 2917 20756 4000
internal_value=-9.54808e-05 0.0048471 -0.0048349 0.00884259 -0.00833985 0.00124446 0.0121671 -0.00176212 0.00937846 0.00121806 0.00353237 0.00210306 0.00658979 0.0168766 0.0102405 -0.0124609 0.00291317 -0.00623569 0.00406018 -0.00390378 -0.000155266 -0.00764535 0.0179298 -0.0113008 -0.00405023 0.000411954 0.00271987 -0.00758174 0.00709984 -0.00698041
internal_weight=99774.4 48840.3 50934.2 23150.6 23785.8 25689.6 14229.4 27148.4 8956.19 11353.7 8921.23 23434 5477.19 5273.22 1491.34 8023.05 20712.3 15762.7 15553.2 15794.7 9862.35 2255.68 4974.75 7141.97 2721.63 9460.98 11529.3 4196.04 6984.77 1977.26
internal_count=399186 195390 203796 92613 95176 102777 56922 108620 35828 45424 35691 93752 21912 21094 5966 32106 82863 63070 62223 63196 39458 9025 19900 28580 10889 37852 46125 16789 27942 7911
is_linear=0
shrinkage=0.05


Tree=2
num_leaves=31
num_cat=0
split_feature=22 26 22 29 44 72 72 83 19 57 48 72 72 55 29 45 96 23 48 55 37 51 26 54 26 94 99 96 54 26
split_gain=880.737 261.161 236.184 223.238 88.426 78.2022 95.2509 75.3256 69.5738 53.9281 49.2427 46.8948 57.004 41.3358 38.0152 36.3438 34.764 34.1187 32.9116 31.6365 29.4805 28.5624 27.8922 27.11 27.0187 26.1291 28.3781 25.8308 25.3061 23.7446
threshold=0.5169585000000001 0.43369250000000009 0.45805000000000007 0.53973400000000005 24.102065327584004 5.5000000000000009 3.5000000000000004 0.58387223211355965 13.500000000000002 14.991182077872841 0.82859243408235939 3.5000000000000004 5.5000000000000009 1328.4990616552325 0.44843100000000008 -13.63409552276342 0.58898200000000012 0.29279500000000008 0.4170966868547189 1571.7769299971944 0.37392700000000006 2279.1591185646298 0.45907950000000003 134.78249730439532 0.42636550000000006 0.37020550000000008 0.026448000000000003 0.45995550000000002 125.00172980761333 0.40816850000000005
decision_type=10 10 10 10 10 2 2 2 2 10 10 2 2 8 8 10 10 8 10 8 10 8 10 8 10 10 10 10 8 10
left_child=2 11 17 13 9 6 -6 8 21 10 28 -2 19 27 -7 -8 18 -1 -14 29 25 -5 -16 -9 -17 -15 -27 -3 -4 -13
right_child=1 3 4 7 5 14 15 23 -10 -11 -12 12 16 20 22 24 -18 -19 -20 -21 -22 -23 -24 -25 -26 26 -28 -29 -30 -31
leaf_value=-0.0073071142263707095 -0.0096776659565461498 -0.009331612503159413 -0.0059557624435841233 -0.00086060143636113116 -0.011054171503945324 -0.012809442785722639 0.0068579476944621567 0.012818983431425943 0.0065239379848242756 0.016118658980654638 0.018553098951426757 -0.010573004488992345 0.0003311361862282108 0.0069312214894024825 -0.0076438856983740188 -0.0055816880355979053 0.0096417941960777829 -0.013336912619372318 -0.0076374517293220498 0.0058064758565887229 -0.00012537113557283254 0.015293622735014355 0.0011594446468888395 0.020780455633315157 7.5332457863151611e-05 0.00031446843545992836 0.0085242306500444755 0.0044491975380812438 -0.00011553938678914645 0.0013005871038049358
leaf_weight=3657.4388487637043 1373.4673157185316 990.66799372434616 2134.7360903024673 291.45450699329376 2619.8987708687782 3169.0552966445684 1450.8119083791971 2221.9549575150013 8305.0134809762239 492.92928785085678 321.96092426776886 533.59819513559341 2081.4741325974464 7728.9609127044678 4839.1402134299278 2968.9913423061371 453.42926961183548 6775.099324464798 3419.2045869380236 4228.0348067879677 3461.0320337861776 4218.3879136145115 1101.7793431282043 2213.4379279017448 7240.8007151484489 4105.9322993606329 1405.8483121991158 507.67922961711884 13725.662711590528 1860.4805123358965
leaf_count=14636 5496 3964 8542 1166 10485 12683 5805 8888 33222 1972 1288 2135 8328 30919 19364 11880 1814 27121 13681 16915 13846 16874 4408 8854 28972 16426 5624 2031 54918 7443
internal_value=0.000108694 0.00485486 -0.0045343 0.00713484 -0.00278794 -0.00477058 -0.00245861 0.011209 0.00925192 -5.69958e-06 -0.000506513 -0.000940205 2.09572e-05 0.00326928 -0.00838809 -0.000519545 -0.00352601 -0.011232 -0.00462698 0.00321064 0.00398334 0.01425 -0.00601205 0.0168299 -0.00157357 0.00505661 0.00242012 -0.00466377 -0.000904864 -0.0013788
internal_weight=99898.4 49400.1 50498.3 35450.4 40065.8 23390.5 14280.5 17250.2 12814.9 16675.3 16182.4 13949.7 12576.2 18200.1 9109.97 11660.6 5954.11 10432.5 5500.68 6622.11 16701.8 4509.84 5940.92 4435.39 10209.8 13240.7 5511.78 1498.35 15860.4 2394.08
internal_count=399700 197626 202074 141814 160317 93597 57142 69004 51262 66720 64748 55812 50316 72810 36455 46657 23823 41757 22009 26493 66815 18040 23772 17742 40852 52969 22050 5995 63460 9578
is_linear=0
shrinkage=0.05


Tree=3
num_leaves=31
num_cat=0
split_feature=22 25 22 28 71 71 44 25 25 58 28 28 3 22 46 48 71 27 3 94 65 46 4 49 48 83 27 26 42 48
split_gain=794.355 285.104 180.806 178.479 135.846 109.777 102.323 59.7784 47.0642 46.6888 45.5357 43.0665 37.5163 37.1308 36.0629 35.0648 36.3079 31.5411 30.3629 29.9539 28.5659 26.5531 26.8165 26.241 25.8683 25.6894 24.3256 24.2905 25.7603 23.5313
threshold=0.51856650000000004 0.37359850000000006 0.46008850000000007 0.56920050000000011 1.0000000180025095e-35 1.0000000180025095e-35 23.158601585993306 0.33632800000000002 0.37395100000000009 1196.5000000000002 0.42031450000000009 0.53667500000000012 2.5000000000000004 0.55347700000000011 1.853835921036719 -0.66421757351704447 1.0000000180025095e-35 0.49479100000000004 2.5000000000000004 0.39109650000000007 -1.0000000180025095e-35 1.7574419790092757 1.5000000000000002 120.39400501887872 0.47232158813032571 0.56973571260166234 0.63976750000000016 0.40763250000000006 137.21099347753747 -0.58574924347740442
decision_type=10 10 10 8 2 2 10 10 10 8 8 10 2 10 10 8 2 10 2 10 2 10 2 8 10 2 8 10 10 10
left_child=2 3 15 12 8 27 18 19 11 -7 -8 23 13 21 -13 -1 -17 -15 -6 -5 -12 22 -2 -4 -9 -26 -11 28 -3 -22
right_child=1 5 4 7 6 9 10 24 -10 26 20 14 -14 17 -16 16 -18 -19 -20 -21 29 -23 -24 -25 25 -27 -28 -29 -30 -31
leaf_value=-0.016165430474671085 0.0074596283374311918 0.0015310868113886126 -0.0074693747126378818 0.017890415793759062 -0.00023424222312843322 -0.011789278018414983 -0.013946759822819527 0.011838704290628624 -0.0022904463391718232 -0.0046436979108701168 -0.0025671622536199016 0.0043640119678994404 -0.002842196176218973 0.0037738159352273936 0.019453890236794624 -0.0055751243999387331 -0.012011268871077853 0.010059802924808063 -0.012208400501494764 0.0015133088922211204 -0.018289028247761435 0.00074272071556398664 0.00014705489895411582 0.0018766240298771593 0.0022272589250234248 0.011726452041658609 0.0037641992696458531 0.0047352133498640625 -0.013116695350835348 -0.0077193229257516193
leaf_weight=2009.7631734758615 4531.4412546157837 1111.5427064448595 832.17269521951675 3989.8358473032713 6743.52646073699 2103.2882304638624 3037.003265067935 4132.0575893968344 11295.64894503355 4537.3092040866613 2727.2112165987492 1180.3084425330162 1657.3296277523041 3359.527600646019 592.15721307694912 4387.5733365416527 4432.6242866367102 4971.2342661619186 564.55499629676342 302.24023312330246 572.8859951198101 5784.5603341311216 1732.3715562522411 6938.8266826868057 1934.649444013834 1121.6946816891432 1052.9812808036804 5489.3201682567596 400.34182853996754 6249.9647828787565
leaf_count=8049 18127 4447 3330 15962 26983 8418 12158 16529 45198 18155 10915 4722 6630 13439 2369 17565 17747 19886 2259 1209 2293 23141 6930 27762 7739 4487 4213 21960 1602 25014
internal_value=-0.000143574 0.00446978 -0.00445702 0.00701509 -0.00292896 -0.00133656 -0.00588301 0.0120682 -0.000107263 -0.0054558 -0.00861358 0.00247645 0.00437824 0.00496655 0.0094862 -0.0101964 -0.00881957 0.00753243 -0.00117467 0.0167434 -0.00690476 0.00318761 0.00544066 0.000867476 0.00925742 0.00574039 -0.0030561 0.00319136 -0.0024083 -0.00863228
internal_weight=99775.9 48211.7 51564.2 33516.9 40734.3 14694.8 19895.1 11480.5 20839.1 7693.58 12587.1 9543.47 22036.5 20379.1 1772.47 10830 8820.2 8330.76 7308.08 4292.08 9550.06 12048.4 6263.81 7771 7188.4 3056.34 5590.29 7001.2 1511.88 6822.85
internal_count=399238 192874 206364 134079 163003 58795 79622 45926 83381 30786 50380 38183 88153 81523 7091 43361 35312 33325 29242 17171 38222 48198 25057 31092 28755 12226 22368 28009 6049 27307
is_linear=0
shrinkage=0.05


Tree=4
num_leaves=31
num_cat=0
split_feature=25 29 23 22 22 19 89 48 3 23 56 26 89 57 65 48 29 42 93 23 86 38 35 18 44 94 96 33 90 53
split_gain=685.272 411.416 178.467 106.364 92.0215 82.7062 66.1084 39.7714 39.6422 34.8414 33.5554 30.9509 30.0522 25.921 25.5254 28.611 27.9981 24.5742 24.2598 23.3536 22.5187 22.3802 24.171 21.286 21.1623 28.0005 22.3375 20.7634 18.9037 18.7395
threshold=0.37359850000000006 0.53973400000000005 0.29010050000000004 0.48802900000000005 0.58775000000000011 13.500000000000002 0.44591290000000006 0.42203941974633991 1.5000000000000002 0.24794750000000002 2.1777651606268282 0.45173800000000003 0.48135020000000006 15.230374655375151 -1.0000000180025095e-35 0.58538520626371915 0.59662050000000011 138.78414391015096 0.0021885000000000034 0.19990750000000004 -0.037845500000000025 0.17407500000000004 0.14092750000000001 1.5000000000000002 22.719550092067546 0.38119650000000005 0.45995550000000002 796.50000000000011 -0.11282225 2352.2953092911243
decision_type=8 10 10 10 10 2 8 10 2 10 8 10 10 10 2 10 8 10 8 10 10 10 8 2 10 10 10 2 8 10
left_child=1 3 6 12 5 11 21 13 9 24 -8 17 18 -4 -12 16 29 -3 -1 -7 -13 -2 -23 -9 -5 -26 -27 -20 -10 -16
right_child=2 4 7 8 -6 19 10 23 28 -11 14 20 -14 -15 15 -17 -18 -19 27 -21 -22 22 -24 -25 25 26 -28 -29 -30 -31
leaf_value=-0.01045877477210147 -0.0073839899599648555 -0.0045234472928795833 -0.014164754787683954 0.0064977563332802276 0.015984166074565036 0.00812131073033363 -0.0064340351379086674 -0.0012348219811208457 -0.0093588714219622997 -0.00034799934416265236 0.0018271255536441871 0.005367352522702624 0.00010656620103236118 -0.00023232046176832841 -0.0030891561029872351 -0.0069078535112690092 0.0043010761602028562 0.011938445365285079 -0.014868859668637192 0.0030212708992098567 0.016078616099324594 0.0077201048948710056 -0.0046098864424256487 -0.010348712412065662 0.0044014476576342164 -0.0057996224650249647 0.0052172175856820191 -0.0023310815423833744 -0.00041877541386834403 0.0013952284363870525
leaf_weight=2269.8813215196133 8846.0454052686691 414.17870007455349 5530.4118793010712 6686.1586924940348 4469.8540088385344 3665.4005776643753 3214.1607682257891 1276.5123539566994 650.0914654135704 5186.9368537515402 5965.0256414860487 580.6516041457653 2503.5703659206629 355.60309240221977 9581.1027367264032 2493.5890422463417 2038.1198333501816 480.16074788570404 362.68781372904778 5819.8578758239746 3688.6190210878849 508.4360816180706 1697.2201575040817 1282.4103200137615 6186.8346069902182 1426.2117398381233 667.91137394309044 2957.3575829267502 5684.1999309360981 3070.5359193980694
leaf_count=9087 35410 1657 22156 26747 17885 14662 12864 5109 2601 20754 23869 2323 10018 1424 38340 9979 8155 1921 1452 23281 14759 2035 6793 5135 24749 5707 2672 11838 22741 12287
internal_value=-1.20834e-05 0.00382099 -0.00450042 0.000566204 0.00970485 0.00777922 -0.00301686 -0.0110618 0.00209906 0.00318308 -0.00165486 0.0128676 -0.00444691 -0.0133248 -0.00098878 -0.00196679 -0.00112391 0.00434904 -0.00648283 0.00499856 0.0146378 -0.0062613 -0.00174563 -0.00582477 0.00440621 0.00271167 -0.00227775 -0.00374127 -0.00134961 -0.00200056
internal_weight=99559.7 53700.6 45859.2 34581.8 19118.7 14648.9 37414.2 8444.94 26488.3 20154.1 26362.5 5163.61 8093.5 5886.01 23148.4 17183.3 14689.8 894.339 5589.93 9485.26 4269.27 11051.7 2205.66 2558.92 14967.1 8280.96 2094.12 3320.05 6334.29 12651.6
internal_count=398410 214854 183556 138366 76488 58603 149732 33824 105971 80629 105494 20660 32395 23580 92630 68761 58782 3578 22377 37943 17082 44238 8828 10244 59875 33128 8379 13290 25342 50627
is_linear=0
shrinkage=0.05


Tree=5
num_leaves=31
num_cat=0
split_feature=22 25 29 22 71 71 44 25 24 20 36 3 20 94 58 89 97 26 45 97 46 4 39 29 90 36 20 45 97 17
split_gain=637.248 269.985 179.159 139.459 102.816 94.752 82.4642 55.5524 42.0319 43.6141 40.907 36.9342 36.0472 35.4854 31.6251 31.5274 30.5522 29.8239 29.0896 28.586 27.2511 30.0728 25.528 24.7077 27.1703 24.1328 22.5496 22.3817 21.4312 23.9844
threshold=0.5110745000000001 0.37359850000000006 0.53973400000000005 0.45805000000000007 1.0000000180025095e-35 1.0000000180025095e-35 24.13154765806015 0.33748250000000007 0.11877600000000001 13.500000000000002 0.68863150000000017 2.5000000000000004 13.500000000000002 0.39252350000000008 7594.5000000000009 0.44591290000000006 1.0554849350818338 0.38307500000000005 -10.522967468686643 0.97823493015449015 1.6317215359310684 1.5000000000000002 0.040544212415910851 0.5823155000000001 -0.0084209999999999823 0.6854880000000001 13.500000000000002 12.694445922741613 0.85765349093164112 1.5000000000000002
decision_type=10 10 8 10 2 2 10 10 10 2 10 2 2 10 10 8 2 10 8 2 10 2 10 10 10 10 2 8 2 2
left_child=3 2 12 18 8 22 11 13 25 -10 15 27 -2 19 -9 -7 28 -8 -1 -4 21 -14 -3 24 -16 -5 -19 -6 -11 -30
right_child=1 5 7 4 6 10 17 14 9 16 -12 -13 20 -15 23 -17 -18 26 -20 -21 -22 -23 -24 -25 -26 -27 -28 -29 29 -31
leaf_value=-0.013999008433515918 0.0069233837093657762 0.0050193084180841681 0.016316246562530053 0.0024114871577496284 -0.0041849020382935653 -0.0095595516389171964 -0.024361168501774406 0.0060901196000243338 0.0038588956574714564 -0.0058826919639888746 -0.015324760020351661 -0.014003092418294533 0.009191989687959751 0.0039586957784165473 0.013217009168933201 -0.0022182143143621253 0.014667805379294734 -0.0039111711079761772 -0.0079291641675877777 0.0037025133447463514 0.00050930479374618795 -0.0018658380788674125 -0.00040759356618606411 0.01732414167056727 0.00062529802583397498 0.023620254974506996 -0.009531258161234471 0.0018892998983246739 0.0030724652115264061 -0.0026743828736094551
leaf_weight=2687.9205161929131 3957.3167276531458 4483.7874394953251 4710.7179769426584 261.10660943388939 2453.7001379281282 1853.3220333904028 284.81981436908245 8603.403504639864 4040.6472365856171 3309.4163596630096 835.38139727711678 535.37503287196159 2044.6746479868889 836.71836639940739 1051.3391955792904 6845.4397646784782 257.14752939343452 2396.6624172925949 7697.7923007905483 503.93920807540417 12050.003009900451 873.18793594837189 4182.3797255903482 1278.9629198312759 720.137136682868 271.4065949767828 7222.1034294515848 3935.1170491576195 2422.8479195684195 7152.3764975219965
leaf_count=10777 15831 17938 18857 1045 9820 7420 1141 34418 16169 13244 3345 2143 8179 3347 4206 27395 1029 9597 30837 2016 48205 3493 16734 5118 2881 1086 28919 15746 9694 28620
internal_value=-1.99534e-05 0.00359716 0.00606976 -0.0044341 -0.00290504 -0.00137986 -0.00570264 0.00968378 -0.000245814 -0.000678072 -0.00481705 -0.00151334 0.00268538 0.0135743 0.00765366 -0.00379151 -0.00207491 -0.00862716 -0.00951205 0.0151067 0.00156103 0.0058878 0.00240278 0.0120291 0.00813049 0.0134571 -0.00813644 -0.000446463 -0.00242017 -0.00121855
internal_weight=99759.2 54830.7 36630.4 44928.4 34542.7 18200.3 16827.8 17705.2 17714.9 17182.4 9534.14 6924.19 18925.2 6051.38 11653.8 8698.76 13141.8 9903.59 10385.7 5214.66 14967.9 2917.86 8666.17 3050.44 1771.48 532.513 9618.77 6388.82 12884.6 9575.22
internal_count=399250 219383 146551 179867 138253 72832 67366 70843 70887 68756 38160 27709 75708 24220 46623 34815 52587 39657 41614 20873 59877 11672 34672 12205 7087 2131 38516 25566 51558 38314
is_linear=0
shrinkage=0.05


Tree=6
num_leaves=31
num_cat=0
split_feature=22 25 22 89 89 25 95 58 20 28 80 20 72 72 72 48 95 20 33 52 94 72 27 72 48 72 20 20 72 91
split_gain=609.947 217.659 153.587 146.6 69.6461 57.3644 50.0435 43.9475 41.865 39.4343 33.7481 32.0399 29.1404 28.0457 33.7916 27.8474 26.7024 29.1095 28.8259 25.6711 25.5897 25.551 25.4741 24.0017 30.1282 22.72 27.5531 22.2184 26.6328 21.8412
threshold=0.51574200000000003 0.37755650000000002 0.44779000000000008 0.55425045000000017 0.46244555000000004 0.33632800000000002 0.07993150000000003 1355.5000000000002 13.500000000000002 0.55576300000000012 8.3453366774191799 13.500000000000002 3.5000000000000004 5.5000000000000009 3.5000000000000004 -0.68096114943981245 -0.025768999999999983 12.500000000000002 1403.5000000000002 132.0559305171046 0.39252350000000008 5.5000000000000009 0.62563150000000012 3.5000000000000004 -0.39190772270166568 3.5000000000000004 12.500000000000002 13.500000000000002 4.5000000000000009 0.05884000000000001
decision_type=10 10 10 8 10 10 10 8 2 10 2 2 2 2 2 8 10 2 2 8 10 2 8 2 10 2 2 2 2 10
left_child=2 3 15 8 11 20 12 13 25 -8 -11 16 -6 14 -3 -1 -4 19 -19 -18 -5 -12 -9 -13 -25 -2 -27 -14 -29 -10
right_child=1 7 4 5 6 -7 9 22 29 10 21 23 27 -15 -16 -17 17 18 -20 -21 -22 -23 -24 24 -26 26 -28 28 -30 -31
leaf_value=-0.018764894814181032 -0.0011387636215683887 -0.015459675453663996 -0.012285344119430233 0.015199666104013574 -0.009054981708981627 0.0074569248904216819 0.00023126282755619391 -0.0007033869885880573 0.0034386219259955465 0.0018978097613401423 0.024359735958116208 -0.01246703788057393 0.0012572689436113416 -0.0093258301218413272 0.00048275956938043628 -0.0093553507031776308 -0.0090981571234794913 -0.0081545160337728444 0.005783575938582297 0.0063470446823545692 0.0033782533588171343 0.0064784680999102409 0.0059455274163361382 -0.00091513920493089401 -0.0072553086781965356 0.0045241118621726058 0.012970357812112369 0.0026739882135720671 -0.0043888313626205535 -0.00029623654427721522
leaf_weight=896.66317860782146 646.97300633788109 377.44820871949196 512.08237718045712 4570.8700895607471 1682.8880982249975 9866.5359984636307 7906.7533127367496 7137.2572679072618 11138.432375222445 907.04681517183781 419.71341745555401 1535.9706256687641 3626.5120975971222 2259.206156283617 2334.9152636528015 6698.0603033304214 1184.0493627637625 447.77368272840977 1960.2231817096472 339.47916796803474 515.980793222785 391.6472320407629 1794.3820258975029 2451.9921073466539 7979.1508517712355 1859.0925622731447 2036.0973858833313 1572.2903857082129 8611.5366671085358 6030.2992495894432
leaf_count=3599 2588 1512 2051 18306 6740 39477 31637 28560 44558 3629 1680 6154 14514 9047 9342 26850 4741 1793 7848 1359 2064 1567 7179 9816 31951 7437 8145 6292 34468 24124
internal_value=1.14857e-05 0.00386587 -0.00395616 0.00588547 -0.00275912 0.00969387 -0.00110327 -0.00146043 0.00325918 0.00172711 0.00856867 -0.00529136 -0.00286163 -0.00522326 -0.0017844 -0.0104895 -0.001661 -0.000249517 0.00316874 -0.00563764 0.0140096 0.0159123 0.000637547 -0.00663687 -0.00576726 0.00752312 0.00896105 -0.00210092 -0.00329684 0.00212739
internal_weight=99691.3 50567.5 49123.8 36664.3 41529.1 14953.4 25118.4 13903.2 21710.9 9625.16 1718.41 16410.7 15493.2 4971.57 2712.36 7594.72 4443.61 3931.53 2408 1523.53 5086.85 811.361 8931.64 11967.1 10431.1 4542.16 3895.19 13810.3 10183.8 17168.7
internal_count=399028 202339 196689 146699 166240 59847 100527 55640 86852 38513 6876 65713 62014 19901 10854 30449 17792 15741 9641 6100 20370 3247 35739 47921 41767 18170 15582 55274 40760 68682
is_linear=0
shrinkage=0.05


Tree=7
num_leaves=31
num_cat=0
split_feature=29 25 22 29 71 71 44 19 89 22 45 20 95 39 20 22 70 45 71 58 23 97 55 25 89 23 54 97 46 8
split_gain=530.245 257.843 130.607 123.305 97.865 83.447 61.8455 49.6985 44.082 43.787 34.8712 32.6255 31.6216 32.3462 31.4073 30.2279 28.2127 27.93 25.1637 25.8891 23.0906 23.0744 22.8905 22.6157 21.954 21.9251 23.8106 21.5868 21.357 21.0183
threshold=0.49657550000000006 0.36937000000000003 0.45642250000000006 0.56256850000000014 1.0000000180025095e-35 1.0000000180025095e-35 24.619540225890091 15.500000000000002 0.38285275000000002 0.52994850000000004 -6.9242516412055153 13.500000000000002 0.12902050000000004 0.046885717270056478 12.500000000000002 0.58775000000000011 3.5000000000000004 9.5047944957740569 1.0000000180025095e-35 5746.0000000000009 0.2257065 0.94102654084260773 1765.533796229299 0.33779350000000002 0.36043485000000003 0.29834850000000007 125.81626914906614 0.85418287934849746 1.9183889485196568 4.5000000000000009
decision_type=10 10 10 10 2 2 10 2 8 10 10 2 10 10 2 10 2 8 2 10 10 2 10 10 10 10 8 2 10 2
left_child=2 3 17 9 10 27 21 18 -8 -2 29 14 13 20 -12 -9 -11 24 -5 23 -10 -6 -14 -20 -1 26 -7 -3 -29 -4
right_child=1 5 4 7 6 25 8 15 12 16 11 -13 22 -15 -16 -17 -18 -19 19 -21 -22 -23 -24 -25 -26 -27 -28 28 -30 -31
leaf_value=-0.019308241076362673 0.001314484241404206 -0.0014843522293051124 0.0059222594097097427 0.016098280979014078 -0.0038116756862243821 -0.010234324942912973 -0.014533010253664568 0.0040911229742081699 -0.0016580353200996282 0.0071520015545658081 -0.0034077746987144723 -0.0026364835076468185 -0.0090348371019750209 -0.01209638431937401 0.0065185354163801654 0.011846050186553712 -0.00011610129666715316 -0.0066454337878945049 0.012097600114626855 0.015475535394499907 -0.0073087375434151974 0.0019251981373374341 0.0081344096580257021 0.0012693096660942793 -0.010201214600646921 -0.015779602622742799 -0.0027564862575599476 0.0030091761744557759 0.013071290092390893 -0.00031571570984262266
leaf_weight=856.86586990952492 9064.4799574911594 2595.9114007800817 3286.1659447103739 3510.0901066064835 3874.9158088862896 1215.2121419012547 1707.1158390343189 3685.334577023983 2911.4243241399527 8895.7647235691547 1238.0603146851063 10855.788807883859 267.64234489202499 2168.6636780947447 2201.1026500165462 1911.5019196867943 1570.2965204715729 5344.4311293512583 879.1306042522192 1253.2775350958109 4791.233709782362 3185.1198966503143 638.79939134418964 1059.3881409019232 3137.1469857692719 384.22436244785786 8253.7323593497276 6157.9108014851809 568.43074660003185 2285.8605595976114
leaf_count=3441 36265 10388 13148 14060 15512 4866 6842 14744 11652 35588 4954 43444 1071 8690 8807 7655 6282 21423 3523 5021 19194 12746 2556 4239 12589 1540 33038 24637 2274 9147
internal_value=1.11939e-05 0.00357474 -0.00371711 0.00633338 -0.00245607 -0.00100523 -0.0049671 0.0102538 -0.00708086 0.00386063 1.55195e-05 -0.00129238 -0.00588811 -0.00670849 0.00294565 0.00675609 0.00606245 -0.0090309 0.0131604 0.00988933 -0.00517782 -0.00122444 0.00302163 0.00621689 -0.0121984 -0.00421151 -0.00372595 0.00238453 0.00387765 0.00336722
internal_weight=99755 51004.7 48750.3 31829.3 39411.9 19175.4 19544.9 12298.7 12484.9 19530.5 19867 14295 10777.8 9871.32 3439.16 5596.84 10466.1 9338.44 6701.89 3191.8 7702.66 7060.04 906.442 1938.52 3994.01 9853.17 9468.94 9322.25 6726.34 5572.03
internal_count=399336 204120 195216 127377 157763 76743 78263 49242 50005 78135 79500 57205 43163 39536 13761 22399 41870 37453 26843 12783 30846 28258 3627 7762 16030 39444 37904 37299 26911 22295
is_linear=0
shrinkage=0.05


Tree=8
num_leaves=31
num_cat=0
split_feature=22 95 89 29 71 71 42 23 94 38 2 95 80 89 96 53 71 27 83 42 84 39 34 96 65 45 59 3 27 38
split_gain=475.89 174.733 145.071 115.261 64.1802 51.5848 51.2394 48.3569 46.9811 44.0652 38.3449 36.7242 34.8838 30.7742 30.1537 29.003 25.893 25.7055 25.0621 22.8204 20.2851 19.8148 19.4475 19.1918 18.2847 18.2574 17.6181 17.3532 17.3433 18.2667
threshold=0.51793050000000018 0.058824000000000022 0.44878020000000007 0.57530550000000014 1.0000000180025095e-35 1.0000000180025095e-35 145.09249437257921 0.30137650000000005 0.47551400000000005 0.076244350000000016 4.5000000000000009 0.078142500000000018 9.0461141017153004 0.47497325000000007 0.5169855000000001 2352.2953092911243 1.0000000180025095e-35 0.62563150000000012 0.53936607284128535 139.94700537613295 0.48047414444943654 0.03685492439532554 0.47561500000000007 0.33791595000000002 -1.0000000180025095e-35 -10.522967468686643 8.248307479978406 1.5000000000000002 0.31851150000000006 0.053330550000000011
decision_type=10 10 10 8 2 2 10 10 8 10 2 10 2 10 10 8 2 10 2 8 2 8 10 10 2 10 2 2 10 10
left_child=2 4 5 13 -2 8 7 9 -1 -4 -5 24 26 27 28 23 -9 -17 -15 22 -10 -12 -20 -6 -11 -24 -13 -3 -7 -30
right_child=1 3 6 10 15 14 -8 16 20 11 21 12 -14 18 -16 17 -18 -19 19 -21 -22 -23 25 -25 -26 -27 -28 -29 29 -31
leaf_value=-0.0022317185603192625 0.0023690496681320846 0.0018935889559512098 -0.0045214909533287445 0.013458236091897308 -0.013695387110709801 -0.014039516167414043 0.016021433022382337 -0.0028864135968435867 -0.014634946406256242 0.0016959916314107299 0.010381442643847737 0.0030369402507854784 0.013145330844731068 0.0024810336583209478 -0.0032570984815407204 -0.0028356032245308565 -0.011835364412061532 0.0090243784706733523 -0.0054340814164992885 0.012110405320573742 -0.0052330192410486561 0.0040132558451103769 -0.0057008445291488255 -0.0053375526378331506 -0.0025806503412456423 0.0061119815707808478 -0.0026804141816006636 -0.0047536608521294016 -0.013982068418047656 -0.0073468331032690171
leaf_weight=7487.0857022404671 6613.5285979807377 4058.1644164174795 6248.4890371412039 4529.8237447738647 852.3912695646286 2509.0730608701706 412.62991186976433 1659.6542726159096 1260.3171018511057 3391.28598703444 2343.694627225399 6174.0322190076113 730.75101399421692 8352.9125376492739 1724.8062915802002 2373.3921473026276 1581.8105935454369 555.25933484733105 401.17387196421623 1378.893262013793 1076.9495360851288 2582.9624852836132 331.48581576347351 3539.8706113696098 9431.3023857176304 9312.574696958065 1714.4320878088474 1284.19919064641 1389.2954787760973 4287.6235164552927
leaf_count=29980 26458 16235 25017 18151 3417 10065 1652 6647 5064 13574 9388 24704 2926 33416 6913 9502 6341 2222 1605 5519 4319 10341 1326 14171 37756 37259 6860 5138 5573 17195
internal_value=-1.92696e-05 0.00352704 -0.00338724 0.00543162 -0.00119934 -0.00674426 -0.0012721 -0.0015079 -0.00417012 -0.000830247 0.0101346 0.000247047 0.00276917 0.0036578 -0.00928917 -0.00442177 -0.0072764 -0.000563946 0.00456698 0.00608865 -0.0103435 0.0070576 0.00525083 -0.00698695 -0.00144913 0.00570047 0.00179254 0.000289825 -0.0105546 -0.00899239
internal_weight=99589.9 48510.3 51079.5 34575.9 13934.4 19735.2 31344.4 30931.8 9824.35 27690.3 9456.48 21441.8 8619.22 25119.4 9910.8 7320.91 3241.46 2928.65 19777 11424.1 2337.27 4926.66 10045.2 4392.26 12822.6 9644.06 7888.46 5342.36 8185.99 5676.92
internal_count=398734 194148 204586 138378 55770 79109 125477 123825 39363 110837 37880 85820 34490 100498 39746 29312 12988 11724 79125 45709 9383 19729 40190 17588 51330 38585 31564 21373 32833 22768
is_linear=0
shrinkage=0.05


Tree=9
num_leaves=31
num_cat=0
split_feature=84 89 71 95 22 22 44 61 19 44 35 45 38 95 35 35 58 45 19 24 71 48 40 79 88 37 58 22 71 51
split_gain=438.16 141.538 139.203 78.5619 77.7099 76.039 49.9612 49.7822 43.3267 62.4438 39.6043 38.2358 36.8953 35.4479 26.5712 26.0178 25.7406 25.7016 24.4343 23.2755 23.051 29.204 27.2945 22.1224 21.5303 20.5973 20.4598 20.3238 20.2336 20.1932
threshold=0.52560490302326446 0.53303935000000013 1.0000000180025095e-35 0.14301600000000003 0.49283750000000009 0.44779000000000008 26.232762596974592 1.0000000180025095e-35 13.500000000000002 23.140667310694724 0.14092750000000001 11.221238767565405 0.24733150000000001 0.058824000000000022 0.14869450000000003 0.14092750000000001 985.00000000000011 -20.309114705303369 12.500000000000002 0.15926150000000003 1.0000000180025095e-35 1.0630940379241358 0.073400250480069471 5.3500000000000005 0.086326499999999987 0.41320950000000006 925.50000000000011 0.39198000000000005 1.0000000180025095e-35 2357.3139158167578
decision_type=2 8 2 10 10 8 10 2 2 8 8 8 10 10 8 10 8 8 2 10 2 10 10 2 8 10 10 10 2 10
left_child=2 7 5 13 11 15 23 14 9 -7 -10 26 -8 -3 16 -1 -2 -15 -11 -5 22 -22 24 -6 25 -19 -4 -13 -9 -29
right_child=1 3 4 19 6 8 12 28 10 18 -12 27 -14 17 -16 -17 -18 20 -20 -21 21 -23 -24 -25 -26 -27 -28 29 -30 -31
leaf_value=0.00010555208588360072 -0.010877039486058438 0.0014017207308026928 -0.017955842145224939 0.01553155247571467 -0.0083416819099300914 0.014958751859618719 -0.0074976513159610535 -0.00041649421601023021 0.0036094443737839988 -0.0012361773557262549 -0.0014913658080790084 -0.014132598467497384 0.00029126778161051909 -0.0044302492473091339 0.00015893608907954009 -0.0092602379515202473 0.0049574116718006716 0.011419919555206189 0.0060580214896077253 0.0071522032039111512 0.0040310760711327401 0.017976594563001307 0.003735633807727721 0.001285117581500145 0.024492218619295316 -0.0018779065047058519 -0.0095441019250785478 -0.0039644392968991703 -0.0089003445657536012 -0.010627624775039236
leaf_weight=1002.182700663805 257.50166401267052 3986.0259056091309 874.11850844323635 3000.8247269243002 644.23773327469826 1138.6753301620483 5453.5147621929646 1280.457825422287 4900.082543939352 2634.7798967063427 16905.69872635603 648.89688120782375 2105.6244481354952 481.19490441679955 7978.5461128503084 2838.5041182786226 6817.1691159009933 3946.2166493535042 2021.0370597839355 1181.0735316723585 5408.5154775381088 394.84966896474361 1582.4003985822201 6786.7859430909157 288.8942411839962 311.51878789067268 4520.704151570797 7397.2379273921251 1550.5836324393749 1341.1044563949108
leaf_count=4023 1031 15951 3511 12039 2579 4562 21850 5123 19609 10545 67656 2606 8429 1925 31921 11396 27274 15798 8088 4732 21648 1582 6333 27166 1158 1247 18139 29641 6213 5377
internal_value=6.68928e-05 0.00424813 -0.00256082 0.00707438 -0.00501048 -0.000240324 -0.00247131 0.000993499 0.00067774 0.00451674 -0.000344009 -0.00758198 -0.0053305 0.00550839 0.002138 -0.00682242 0.00436653 0.00682486 0.00193635 0.0131877 0.00728207 0.00500919 0.00942251 0.000440427 0.0113892 0.0104449 -0.0109377 -0.00564384 -0.00507814 -0.00499804
internal_weight=99679 38465.8 61213.2 20581.5 29772.2 31441 14990.2 17884.3 27600.3 5794.49 21805.8 14782.1 7559.14 16399.6 15053.2 3840.69 7074.67 12413.6 4655.82 4181.9 11932.4 5803.37 6129.03 7431.02 4546.63 4257.74 5394.82 9387.24 2831.04 8738.34
internal_count=399152 153975 245177 82413 119298 125879 60024 71562 110460 23195 87265 59274 30279 65642 60226 15419 28305 49691 18633 16771 47766 23230 24536 29745 18203 17045 21650 37624 11336 35018
is_linear=0
shrinkage=0.05


Tree=10
num_leaves=31
num_cat=0
split_feature=25 89 71 20 22 83 89 94 43 65 21 20 84 36 55 72 48 67 48 91 52 38 48 44 79 65 84 26 43 37
split_gain=401.737 226.104 113.564 75.7719 64.89 58.2992 56.9894 48.4889 41.4268 38.8472 37.2255 30.6782 29.4194 27.1438 26.4723 25.6613 33.6833 34.7949 25.2231 23.3704 25.6024 23.3154 22.9213 21.8091 21.6399 20.9928 20.1759 20.1538 19.7034 19.3617
threshold=0.37607150000000006 0.55425045000000017 1.0000000180025095e-35 13.500000000000002 0.5060285000000001 0.4475173098488654 0.41923200000000005 0.34851750000000004 1987.3587131102679 -1.0000000180025095e-35 8579.5000000000018 12.500000000000002 0.51608338689608946 0.5042135000000002 1500.6071195345214 3.5000000000000004 -0.47402615080590466 1.0000000180025095e-35 -0.4423261915225804 0.062678500000000012 134.59924453545489 0.036831850000000006 -0.55663244005290025 18.363335125198631 92.550000000000011 1.0000000180025095e-35 0.48391224644823522 0.43106250000000007 1952.7091012376184 0.28531150000000005
decision_type=8 10 2 2 10 2 8 10 8 2 2 2 2 8 8 2 10 2 10 8 10 10 10 8 2 2 2 10 10 10
left_child=1 3 5 11 19 -2 -4 8 -3 26 27 24 23 22 28 -6 17 -17 21 20 -5 -13 -11 -7 -1 -18 -8 -9 -14 -12
right_child=2 7 6 4 15 12 9 10 -10 13 29 18 14 -15 -16 16 25 -19 -20 -21 -22 -23 -24 -25 -26 -27 -28 -29 -30 -31
leaf_value=0.0028359867765427819 -0.010804215265530263 -0.0053657654060725608 -0.010725566495016388 -0.0025438942085526462 -0.0038201173378985213 0.0068709354531510643 -0.0097389622032007031 -0.00721347950794533 0.010956066612195999 -0.012150991663998854 0.015655696829174611 -0.010458671854350931 0.0070110570703387602 -0.0075596673818511192 0.0036982536614932771 0.0092539054095268202 0.0020041317567643709 -0.0011175156610837794 0.010644358713028093 -0.0074436697938243274 0.013181768422750853 0.0053279134255148153 -0.00044469539390065168 -0.0024283484676711972 -0.0090191638941333439 -0.0025509740335229779 0.0005479344010301592 0.0036862529625644718 -0.005689349407346285 0.0046024982035832917
leaf_weight=3454.0164644271135 1414.5291582643986 401.86124955117702 5245.0431948155165 9499.645855486393 2090.924224421382 658.84700530767441 533.43872015178204 451.1264551281929 8416.3704713881016 483.37141774594784 1002.5176615864038 258.31546296179295 374.23362483084202 9235.3742785900831 5905.7712668627501 2691.5378194004297 9889.000858232379 1151.3397528231144 2741.7566280961037 2606.2769002318382 256.25584940612316 1840.2605157643557 2748.5195731818676 11113.31489560008 423.25996115803719 3388.1134193539619 3871.8781280368567 5377.7422357648611 1492.4936015158892 669.32066936790943
leaf_count=13823 5690 1608 21063 38040 8365 2638 2141 1805 33747 1939 4018 1035 1497 37017 23628 10768 39566 4606 10971 10440 1026 7366 11008 44501 1694 13556 15509 21525 5972 2682
internal_value=-3.86583e-05 0.00272999 -0.00367689 0.000718321 -0.000421426 -0.00103881 -0.0061752 0.00769324 0.010207 -0.00475514 0.00472825 0.00484196 -0.000326878 -0.00618033 0.00205894 0.00139674 0.00203575 0.00615176 0.00749278 -0.00324571 -0.00211776 0.00334434 -0.00222761 -0.00190251 0.00152196 0.000840694 -0.000716939 0.00283176 -0.00311943 0.0112842
internal_weight=99686.5 56609.6 43076.8 40290.7 31573.1 20959.2 22117.6 16318.9 8818.23 16872.6 7500.71 8717.61 19544.7 12467.3 7772.5 19210.9 17120 3842.88 4840.33 12362.2 9755.9 2098.58 3231.89 11772.2 3877.28 13277.1 4405.32 5828.87 1866.73 1671.84
internal_count=399244 226641 172603 161256 126367 83926 88677 65385 35355 67614 30030 34889 78236 49964 31097 76861 68496 15374 19372 49506 39066 8401 12947 47139 15517 53122 17650 23330 7469 6700
is_linear=0
shrinkage=0.05


Tree=11
num_leaves=31
num_cat=0
split_feature=89 95 22 95 20 44 83 23 38 37 23 54 91 44 52 27 47 56 64 43 88 28 93 24 45 68 47 89 20 87
split_gain=361.236 164.035 144.251 72.0366 68.1329 52.4043 48.6707 31.2026 28.6023 28.3573 27.6896 27.2159 25.0913 24.9496 23.329 23.2183 22.5625 22.0879 22.6112 21.8947 21.5169 21.0584 20.2018 21.1318 19.952 18.1554 17.7407 17.631 16.7718 19.1331
threshold=0.53655845000000013 0.067980500000000013 0.47410150000000006 0.058824000000000022 13.500000000000002 24.943094083401693 0.58101104750837307 0.29834850000000007 0.099313600000000016 0.40698050000000002 0.21462700000000004 126.11464258938297 0.12794400000000003 24.757465181154945 116.1173645782569 0.45499550000000005 1.8435153006301881 2.1591527383043787 10.500000000000002 2155.8654263536105 -0.13090400000000002 0.39152850000000006 0.0429825 0.12105350000000001 17.345168521980565 1.0000000180025095e-35 1.8649581988189106 0.59098795000000004 20.500000000000004 -0.117045
decision_type=10 10 10 10 2 10 2 8 10 10 10 8 10 10 8 8 10 8 2 10 8 8 10 10 10 2 10 10 2 10
left_child=2 17 7 5 13 11 9 -1 15 14 20 22 -8 -5 27 -7 -16 -2 -19 -15 -6 -12 23 -4 -21 -10 -9 -3 29 -23
right_child=1 6 3 4 10 8 12 26 25 -11 21 -13 -14 19 16 -17 -18 18 -20 24 -22 28 -24 -25 -26 -27 -28 -29 -30 -31
leaf_value=-0.0040125117308062687 -0.0085414087627827522 0.0039612501328348971 0.00042404513536007385 0.007860594710885507 -0.0070370140206050457 -0.010672109291119111 0.012789560162415337 -0.0090488370086023555 -0.0043835861728745767 -0.0024966803246560731 -0.0078654128502007436 0.0021095681152476821 -0.0024901880100434452 0.0076120065787509059 0.0046262081122820167 -0.0035300728305006123 0.0090670153294384725 0.00051800519244214218 -0.011218283643517223 0.0029709902760693897 0.002683888757535518 0.012310273293318037 0.0043057700682797339 -0.014210807768135374 -0.0068127421521611969 0.0004228423528979551 0.0014418233117337101 0.019900814060123437 -0.0051472332905316935 -0.00072938157147943569
leaf_weight=8067.2507671862841 831.64842869341373 264.8062432706356 380.77292057871819 3784.4733661562204 606.68369217216969 2861.5747245401144 4105.2124172449112 7276.819638043642 7550.9047051668167 953.5398295968771 1237.7955195456743 5729.2178196460009 284.26165768504143 1084.8123198896646 10076.155837237835 1908.0413571298122 4016.8405674099922 8318.7355659902096 421.66584303975105 1248.7520610243082 7459.6915132701397 277.44727857410908 378.05397887527943 687.37257172167301 879.5668306350708 2652.2723235934973 423.89426578581333 527.8361641317606 2204.9917927235365 13201.894729852676
leaf_count=32337 3332 1061 1525 15142 2428 11472 16479 29249 30248 3816 4959 22933 1141 4341 40341 7645 16095 33297 1688 4997 29843 1110 1514 2753 3521 10622 1702 2120 8825 52838
internal_value=-2.15409e-05 0.00458695 -0.00198661 -0.00076031 0.000757424 -0.00295155 0.0071377 -0.00619356 -0.0046343 0.00583995 -0.000464238 0.000561362 0.0117966 0.00511443 0.00637529 -0.00782837 0.00589748 -0.000805369 -6.03654e-05 0.0018656 0.00194496 -0.00161311 -0.00554433 -0.00903823 -0.00108527 -0.00313498 -0.00847025 0.0146914 -0.00111499 -0.000452057
internal_weight=99703 29800.7 69902.3 54134.3 31986.1 22148.2 20228.7 15768 14972.8 15839.2 24988.5 7175.42 4389.47 6997.6 14885.6 4769.62 14093 9572.05 8740.4 3213.13 8066.38 16922.1 1446.2 1068.15 2128.32 10203.2 7700.71 792.642 15684.3 13479.3
internal_count=399374 119370 280004 216716 128004 88712 81053 63288 59987 63433 100003 28725 17620 28001 59617 19117 56436 38317 34985 12859 32271 67732 5792 4278 8518 40870 30951 3181 62773 53948
is_linear=0
shrinkage=0.05


Tree=12
num_leaves=31
num_cat=0
split_feature=25 89 23 94 22 89 54 48 35 25 47 89 37 72 72 38 39 51 94 72 21 21 54 96 63 89 72 83 34 47
split_gain=330.038 176.767 90.2151 47.6049 45.573 40.4985 34.75 31.7419 30.9676 29.9234 29.6604 28.9416 27.6231 29.1694 36.4714 25.1307 29.7342 28.7075 23.4153 22.1222 21.8861 21.7065 20.3578 20.3509 20.0072 19.3315 19.184 22.2555 22.8587 19.1569
threshold=0.37359850000000006 0.52891305000000011 0.29010050000000004 0.34851750000000004 0.49557750000000006 0.46315635000000005 126.75242806207486 0.57249155515741268 0.14911050000000001 0.33632800000000002 1.9239938650704411 0.41790115000000005 0.19191200000000003 3.5000000000000004 5.5000000000000009 0.17407500000000004 0.045610755026316958 2292.5725743160115 0.43137450000000005 3.5000000000000004 1442.5000000000002 8484.5000000000018 129.31648648834897 0.52098060000000002 1.5000000000000002 0.48135020000000006 5.5000000000000009 0.44938174153965504 0.52202650000000006 1.658554151841277
decision_type=8 10 8 10 10 8 8 10 10 10 10 10 10 2 2 10 10 10 10 2 2 2 8 10 2 10 2 2 10 10
left_child=1 4 5 9 25 15 21 12 -6 -3 23 -4 -7 20 18 16 17 -2 -15 -13 -14 29 -16 -8 -22 -1 27 -21 -29 -5
right_child=2 3 11 6 8 7 10 -9 -10 -11 -12 19 13 14 22 -17 -18 -19 -20 26 24 -23 -24 -25 -26 -27 -28 28 -30 -31
leaf_value=-0.0041638876808578083 -0.002106313811085698 0.011867440665739509 -0.010954055822306491 0.0090709070436803072 0.0033566575784784443 0.0041189706795323735 0.0028151671085465783 -0.0046840573647528201 -0.00047937631205961112 0.0063398835724946317 0.012400471640764875 -0.01217019683143725 -0.015264189020530615 0.0031578776410873992 -0.0093702095438134275 -0.00014080407902135973 -0.010135839093932703 -0.0084786599565448133 -0.005783188304705515 -0.009476829527250593 -0.0069952784062320382 0.01502965924150676 -0.0016452737627582618 -0.0034156780064711562 0.0057277704205372865 0.00067707506596156408 -0.0081776309871148117 -0.0030424974188729163 0.0083587827279389144 -0.005062332513981505
leaf_weight=6879.2865598499775 6114.7973975837231 3826.9969407618046 4007.3858999758959 772.4620399326086 10348.058483913541 3353.3126349449158 7776.2442494630814 4438.920587182045 10687.528702765703 6931.0786854177713 695.98995243012905 871.38635696470737 515.90135011076927 6920.3046054542065 1024.7592061907053 2909.0394822657108 2515.4780937880278 2481.8937855362892 809.5300008058548 524.7011696845293 1070.0123916864395 972.35139176249504 4890.9212156534195 1566.8384626507759 424.18660050630569 2939.7074033021927 1279.4244422316551 954.95538115501404 798.74641241133213 338.0342612862587
leaf_count=27573 24508 15387 16130 3093 41404 13422 31118 17776 42762 27768 2794 3507 2069 27689 4105 11653 10090 9953 3241 2112 4288 3903 19586 6270 1700 11766 5139 3826 3201 1353
internal_value=-9.40539e-05 0.00256548 -0.00320704 0.00589469 9.562e-05 -0.00215407 0.00374124 -0.000882214 0.00140839 0.00831541 0.00251647 -0.00787545 7.57941e-06 -0.000875116 -4.49423e-05 -0.00427886 -0.00536105 -0.00395375 0.00221524 -0.00507164 -0.00648261 0.00960423 -0.002997 0.00176772 -0.00336928 -0.00271534 -0.00330382 -0.000543178 0.00216832 0.00476197
internal_weight=99640.2 53734.6 45905.7 22880 30854.6 37469.1 12121.9 23447.8 21035.6 10758.1 10039.1 8436.6 19008.9 15655.6 13645.5 14021.2 11112.2 8596.69 7729.83 4429.21 2010.1 2082.85 5915.68 9343.08 1494.2 9818.99 3557.83 2278.4 1753.7 1110.5
internal_count=399186 215191 183995 91686 123505 150080 48531 93876 84166 43155 40182 33915 76100 62678 54621 56204 44551 34461 30930 17785 8057 8349 23691 37388 5988 39339 14278 9139 7027 4446
is_linear=0
shrinkage=0.05


Tree=13
num_leaves=31
num_cat=0
split_feature=22 26 27 22 20 51 72 72 52 44 44 55 72 61 26 20 26 26 32 74 57 20 65 38 54 52 15 20 50 54
split_gain=340.71 104.11 73.4362 64.4685 40.7841 39.0703 36.1521 34.6124 37.9276 34.7572 33.2038 31.7231 40.2228 29.499 30.6147 31.4993 29.4753 27.3482 25.6633 24.922 24.6698 24.4443 24.4063 24.3365 23.9214 23.5252 23.4112 23.3162 23.0798 22.4094
threshold=0.5060285000000001 0.43603450000000005 0.5544015000000001 0.44630250000000005 13.500000000000002 2208.0227217325096 3.5000000000000004 5.5000000000000009 134.59924453545489 26.03699623073069 31.16040850343315 1513.3473095534171 3.5000000000000004 1.0000000180025095e-35 0.49953350000000002 13.500000000000002 0.39932400000000007 0.41027350000000007 0.16824200000000003 1.0000000180025095e-35 13.067953715134614 12.500000000000002 1.0000000180025095e-35 0.32981300000000008 128.89403304715469 128.5088424324253 78.950000000000017 12.500000000000002 145.36284147327717 132.5707636487744
decision_type=10 10 8 10 2 8 2 2 10 10 10 8 2 2 10 2 10 10 8 2 8 2 2 10 10 10 2 2 10 10
left_child=3 11 13 -1 16 10 -6 8 18 -9 25 17 -13 14 15 21 -5 -2 19 -8 -14 -3 24 -24 -17 -4 -23 -18 -20 -7
right_child=1 2 5 4 6 29 7 9 -10 -11 -12 12 20 -15 -16 22 27 -19 28 -21 -22 26 23 -25 -26 -27 -28 -29 -30 -31
leaf_value=-0.0077936766860784816 -0.0099633788560296154 0.0024892777051393612 -0.0084238325754376984 -0.0079689420069373323 -0.0084740925115036701 0.0062203814769202694 0.0063424899913168825 -0.0017973806787535435 0.014582299405644178 -0.0080857436323768152 0.007702496281651961 -0.0059836193078131759 0.00058635106799847885 -0.0062405233454338191 -0.0080832272422847167 0.0063662638885511567 -0.0017639587958037412 -0.0016931494289428699 -0.0022028388535122209 -0.0011084434799581947 0.0058138471458331767 0.007612759285236608 7.8647898700173912e-05 -0.011027271393852147 0.0015239561717378287 0.0034310710073288692 0.020337413834660645 0.0039601973659299378 -0.0091771638720137948 0.010590095974485271
leaf_weight=7147.3467310965061 1310.0828454643488 1801.5703985542059 960.18839991092682 902.87697950005531 3248.0789477229118 9576.9932097196579 1467.5987339168787 4016.7234322875738 359.54921160638332 4860.7464573085308 1133.2149865478277 1914.4213926494122 10022.868476361036 1006.3097696453333 654.19194257259369 3657.6203196048737 3055.8769369423389 4141.7155958414078 5289.0505312234163 4658.4736529737711 2903.8900062888861 1714.5045771896839 3646.4553492814302 560.41661460697651 8404.7409091740847 728.32508713006973 457.97733657062054 4232.5076320022345 1523.2160490453243 4280.6219884753227
leaf_count=28762 5251 7211 3842 3621 13037 38384 5875 16088 1441 19508 4540 7674 40123 4032 2618 14644 12241 16580 21177 18651 11624 6863 14596 2243 33639 2914 1833 16953 6100 17183
internal_value=2.93853e-05 0.00246204 0.00398654 -0.00348405 -0.00256567 0.00648552 -0.00355391 -0.00282974 -0.00121415 -0.00524572 0.0011181 -0.000437043 0.000761467 0.00208153 0.00248507 0.00283042 0.000502169 -0.00369511 -0.00166404 0.000683974 0.00176425 0.00681597 0.00185329 -0.00142346 0.00299633 -0.00332023 0.0103761 0.00156104 -0.00377346 0.00757685
internal_weight=99638.2 58876.1 38583.1 40762 33614.7 16679.3 25423.4 22175.4 13297.9 8877.47 2821.73 20293 14841.2 21903.8 20897.5 20243.3 8191.26 5451.8 12938.3 6126.07 12926.8 3974.05 16269.2 4206.87 12062.4 1688.51 2172.48 7288.38 6812.27 13857.6
internal_count=399248 235794 154542 163454 134692 66863 101877 88840 53244 35596 11296 81252 59421 87679 83647 81029 32815 21831 51803 24526 51747 15907 65122 16839 48283 6756 8696 29194 27277 55567
is_linear=0
shrinkage=0.05


Tree=14
num_leaves=31
num_cat=0
split_feature=22 25 22 29 29 27 20 48 97 20 94 72 58 94 72 48 45 25 18 72 3 37 37 37 46 51 23 45 93 53
split_gain=260.373 98.5977 86.3546 58.8191 38.0827 37.1157 34.2796 33.5362 32.3862 29.9736 28.7795 26.1753 27.9219 25.7283 25.7157 24.5238 24.1498 23.798 21.8488 20.7961 20.3509 19.328 19.8109 19.0004 18.8321 18.8176 18.7103 18.5371 17.5054 21.9362
threshold=0.51793050000000018 0.37734450000000003 0.47331550000000006 0.53973400000000005 0.45837550000000005 0.46190100000000006 13.500000000000002 0.38049314672657147 1.0667396258071997 13.500000000000002 0.35481400000000002 3.5000000000000004 2363.5000000000005 0.48529420000000006 3.5000000000000004 0.36353882610540328 -8.9250458258758076 0.41799050000000004 1.5000000000000002 3.5000000000000004 1.5000000000000002 0.26571150000000004 0.46536050000000001 0.18236550000000004 1.9977292927289625 2102.4086157344532 0.22699500000000003 -5.8145548717539191 -0.060479400000000003 2352.2953092911243
decision_type=10 10 8 8 10 8 2 10 2 2 10 2 8 10 2 8 10 10 2 2 2 10 10 10 8 8 10 8 10 8
left_child=2 3 13 9 17 -5 28 11 14 -2 -7 12 -3 19 27 16 -12 -4 -9 -1 -15 -13 -23 -21 -11 -16 -18 -8 -6 -30
right_child=1 7 4 5 6 10 8 18 -10 24 15 21 -14 20 25 -17 26 -19 -20 23 -22 22 -24 -25 -26 -27 -28 -29 29 -31
leaf_value=-0.0092125355262539232 0.0059764413985081352 -0.0127782222981508 -0.0028545744612515824 -0.0012517936085280363 0.016026553229662212 0.008309411473081476 -0.0098622985424804948 -0.00042776996550378092 0.0091944786572541026 0.00023811491382025692 -0.0012101987232134841 0.0068236437183553907 0.0011074646234798709 -0.0067725225777636802 0.0057162669851944549 0.00036598414955691305 0.0061403696329960017 -0.011395619492591184 -0.0064639940963278136 0.0029493969575475573 -0.014974025909054341 -0.00068795388704350879 0.011188793288980602 -0.0041988571191561306 0.0056915363340309666 -0.0011941753147563878 0.01588832335351931 -0.00057698674137647099 -0.00063285691917869692 0.0056542175403588996
leaf_weight=1875.537918806076 3719.8857585936785 602.33557277917862 9647.3656221479177 1577.5233962833881 251.0099186450243 10542.986454367638 1429.4147471487522 2695.7057555317879 733.633743673563 12351.262182116508 676.62449735403061 1980.6360888034105 882.16320516169071 2750.3706029355526 1046.5262677371502 2646.955789744854 1433.2928320020437 882.88590018451214 3371.532278329134 1023.7104455828667 1055.1877958029509 3111.7418872117996 385.64974561333656 9462.7931471019983 1805.9813963025808 14591.923772737384 759.39094556868076 859.94387431442738 2567.1332674920559 3004.4090621173382
leaf_count=7552 14885 2418 38676 6314 1005 42334 5733 10787 2943 49415 2708 7925 3533 11078 4190 10594 5745 3543 13517 4106 4252 12453 1543 37975 7226 58418 3048 3445 10279 12023
internal_value=2.37099e-05 0.00264678 -0.00246419 0.0040114 -0.00106797 0.00605946 1.37922e-05 -0.00107284 -0.00103144 0.00198861 0.00677799 0.00129452 -0.00457446 -0.00548545 -0.00145479 0.00384132 0.00703493 -0.00358081 -0.00378718 -0.00437249 -0.00907988 0.0028904 0.000649836 -0.00349889 0.000937312 -0.000728371 0.00957318 -0.00639217 0.00335981 0.00276145
internal_weight=99725.5 48543.7 51181.8 35513.9 35014.2 17636.8 24484 13029.8 18661.4 17877.1 16059.3 6962.53 1484.5 16167.6 17927.8 5516.26 2869.31 10530.3 6067.24 12362 3805.56 5478.03 3497.39 10486.5 14157.2 15638.5 2192.68 2289.36 5822.55 5571.54
internal_count=399663 194445 205218 142269 140255 70743 98036 52176 74729 71526 64429 27872 5951 64963 71786 22095 11501 42219 24304 49633 15330 21921 13996 42081 56641 62608 8793 9178 23307 22302
is_linear=0
shrinkage=0.05


Tree=15
num_leaves=31
num_cat=0
split_feature=84 89 22 25 25 88 61 20 25 20 20 56 21 41 45 46 20 21 25 9 28 87 47 97 21 45 1 72 45 50
split_gain=260.712 100.146 86.9047 59.0797 44.9578 36.2966 30.4721 29.0597 38.6647 26.7475 26.4589 26.0656 24.8873 27.1317 24.595 24.3673 24.6331 22.3596 20.6981 20.4773 20.2994 19.9953 19.1181 18.657 18.0886 17.8298 18.3761 16.9913 19.6629 18.1352
threshold=0.52647823507255354 0.52746565000000023 0.45805000000000007 0.37575950000000008 0.33779350000000002 0.073075000000000015 1.0000000180025095e-35 13.500000000000002 0.41709850000000009 13.500000000000002 12.500000000000002 2.6740362833618909 1306.5000000000002 0.080129457541379193 -11.084909650527029 1.9958864006502954 13.500000000000002 9139.5000000000018 0.41799050000000004 1.0000000180025095e-35 0.40435700000000002 -0.042481499999999971 1.6974143126426504 1.0399985742758322 2646.5000000000005 16.70366638909918 3.5000000000000004 3.5000000000000004 -0.66550622526819703 144.68326182789687
decision_type=2 8 10 10 10 10 2 2 10 2 2 8 2 8 8 8 2 2 10 2 8 10 10 2 2 10 2 2 8 8
left_child=2 6 14 5 23 9 15 8 24 10 25 -9 13 -6 18 16 -2 -7 -1 -18 -11 -14 -21 -3 -5 26 -4 29 -29 -22
right_child=1 4 3 7 12 17 -8 11 -10 20 -12 -13 21 -15 -16 -17 19 -19 -20 22 27 -23 -24 -25 -26 -27 -28 28 -30 -31
leaf_value=-0.013470042455435148 0.0051964841392910122 0.01023985332900279 -0.002591683526848485 0.0043652201354618175 -0.0049378277431763318 0.0041178568555324353 -0.0044788190695074512 -0.0070564379464959212 -0.0064884905224229118 -0.0069876126942190094 0.0066268060976448027 -0.0027283886693450113 0.010151193487099548 0.0058595372598884681 -0.0048632334121345606 0.0099881782589410165 0.0013671492000604671 0.01689594891310086 -0.001290353797939405 0.0026732251917385048 -0.0093278760669694948 0.0043484306863862546 -0.0055948159384170528 -0.0024864144236068902 -0.0013234246701571213 -0.0062032043456101988 0.008171802695607364 0.005174842905562557 -0.00041176620688756019 0.00012648750229261023
leaf_weight=1662.8714146763086 2546.1063753515482 5118.0171599984169 804.69538797438145 3251.4690573513508 1393.3805188834667 1284.6442315727472 2690.3629688769579 4564.5846617668867 1783.3722487837076 1216.6213171631098 2762.2229864597321 14644.38746753335 1696.2910496741533 983.88440403342247 8239.8592989295721 758.72326193749905 6469.0625633299351 461.90842044353485 443.56998145580292 951.4162246286869 1009.75519323349 11884.05351023376 2575.4611967802048 301.41709619760513 2438.5548214912415 871.80247069895267 764.9150128364563 1775.7513127028942 13339.580307036638 1008.6614324003458
leaf_count=6723 10190 20595 3220 13023 5581 5145 10783 18311 7151 4878 11054 58686 6793 3939 33135 3036 25885 1863 1787 3807 4051 47612 10306 1207 9769 3490 3062 7105 53397 4036
internal_value=5.59017e-05 0.00335759 -0.00192378 -0.00109028 0.0055955 0.000640686 0.000364301 -0.00273123 -8.54861e-05 0.000123562 0.00328408 -0.00375999 0.00425458 -0.00046327 -0.00610642 0.00134655 0.000816243 0.00757421 -0.0109235 -0.000303545 -0.00077397 0.00508018 -0.00336316 0.00952877 0.00192921 -0.000509494 0.00267219 -0.000328938 0.000247537 -0.00462592
internal_weight=99697.4 37368.2 62329.2 51982.9 21377 25300.6 15991.1 26682.4 7473.4 23554 5203.64 19209 15957.6 2377.26 10346.3 13300.8 12542 1746.55 2106.44 9995.94 18350.4 13580.3 3526.88 5419.43 5690.02 2441.41 1569.61 17133.7 15115.3 2018.42
internal_count=399620 149734 249886 208241 85727 101301 64007 106940 29943 94293 20826 76997 63925 9520 41645 53224 50188 7008 8510 39998 73467 54405 14113 21802 22792 9772 6282 68589 60502 8087
is_linear=0
shrinkage=0.05


Tree=16
num_leaves=31
num_cat=0
split_feature=29 25 19 72 22 94 48 22 72 38 18 29 44 48 94 96 26 57 26 57 25 52 79 2 45 79 94 47 28 50
split_gain=209.913 114.897 59.8625 58.819 46.489 43.4511 44.0606 31.5996 31.0748 28.7621 27.4363 39.5269 31.0474 24.3673 24.6581 24.3156 24.398 24.2373 23.7124 22.7618 24.2159 22.4733 20.4088 20.0474 20.0763 19.9032 18.8024 24.7717 18.7529 18.0242
threshold=0.49657550000000006 0.37192950000000008 13.500000000000002 3.5000000000000004 0.58575300000000008 0.48529420000000006 0.28318391085072331 0.47331550000000006 3.5000000000000004 0.038851500000000004 1.5000000000000002 0.41709150000000006 32.81735091951932 0.58538520626371915 0.36555150000000008 0.5192475000000002 0.4962990000000001 12.531978561505086 0.43369250000000009 14.332847223330406 0.35183950000000003 128.55445706471104 51.95000000000001 3.5000000000000004 -7.278829282425832 98.65000000000002 0.38501650000000004 1.6321055212321027 0.5019840000000001 140.71018043234801
decision_type=10 10 2 2 10 8 10 10 2 10 2 10 10 10 10 10 10 10 10 10 10 10 2 2 10 2 10 10 10 10
left_child=3 2 8 18 15 6 7 17 -2 -3 -8 12 -12 14 -11 16 -4 22 -1 20 -10 -20 -5 24 -9 28 -13 -28 -25 -30
right_child=1 9 4 5 -6 -7 10 23 19 13 11 26 -14 -15 -16 -17 -18 -19 21 -21 -22 -23 -24 25 -26 -27 27 -29 29 -31
leaf_value=-0.0099533845148822211 -0.0020840231207535863 -0.0058856170290455291 0.0034220822559174247 -4.5454098715652029e-05 0.0079230551103168755 -0.0075707578847994828 -0.0007235220603240578 0.0090011442544777123 0.0095405403626831423 0.0032888401362671221 -0.0054300010011434858 0.00036855592848669439 -0.015854870818352389 -0.0045869956029610482 -0.0011086106598728058 -0.00094668087241551319 -0.0048614297438896994 0.012421764845485376 -0.00033761156435828534 0.012452468189703234 0.002615407950633755 -0.0081288500627785098 -0.0070120331802405143 0.001384193930719605 0.0010304732612298445 0.011151228900808437 0.0013594448313539748 -0.0060104173014690941 0.0024742112600371962 -0.013360610931284891
leaf_weight=3007.9036049842834 745.1023373901844 2505.7557578235865 14030.637982815504 2326.52407951653 3703.1856338232756 2849.8818461596966 12526.866879075766 2037.3274231106043 3035.5370909720659 5511.1359453499317 2337.838901296258 3802.8449991047382 1030.7132561504841 2547.5547912865877 7534.8882812410593 5659.4671802967787 940.402588352561 254.18580247461796 1988.342765390873 2553.3152669519186 2173.1144272834063 1723.0092030763626 1908.1310969442129 4429.3166710734367 1291.0633309781551 436.65966482460499 1527.8256960362196 4446.7869391441345 291.39142686128616 447.73337760567665
leaf_count=12111 2990 10045 56162 9341 14892 11490 50162 8152 12203 22060 9393 15233 4146 10205 30173 22652 3763 1019 7976 10282 8702 6929 7665 17730 5167 1748 6122 17843 1166 1792
internal_value=3.04675e-05 0.00227375 0.0040362 -0.00231771 0.00277199 -0.00162108 -0.00118554 0.00113534 0.00764485 -0.000924632 -0.00239892 -0.00399365 -0.0086573 -0.000124183 0.000750136 0.00184398 0.00289886 -0.00228382 -0.00665756 0.00858025 0.00666184 -0.00396685 -0.00319371 0.00285401 0.00592172 0.00102506 -0.00237971 -0.00412668 0.000149656 -0.00716822
internal_weight=99604.4 50940.1 32840.8 48664.3 24333.7 41945.1 39095.2 13422.3 8507.07 18099.3 25672.9 13146 3368.55 15593.6 13046 20630.5 14971 4488.84 6719.26 7761.97 5208.65 3711.35 4234.66 8933.49 3328.39 5605.1 9777.46 5974.61 5168.44 739.125
internal_count=399314 204129 131646 195185 97469 168169 156679 53780 34177 72483 102899 52737 13539 62438 52233 82577 59925 18025 27016 31187 20905 14905 17006 35755 13319 22436 39198 23965 20688 2958
is_linear=0
shrinkage=0.05


Tree=17
num_leaves=31
num_cat=0
split_feature=25 89 71 20 71 83 94 23 23 31 50 54 46 45 20 48 45 56 29 46 40 41 19 72 98 54 1 91 69 38
split_gain=221.664 130.729 61.8136 48.8926 43.0177 40.2496 38.5673 38.5085 30.8506 37.904 28.613 28.1998 26.4709 27.6585 26.4478 26.141 25.4479 25.2936 23.7534 25.5158 23.7053 28.0311 22.7899 20.4929 20.2614 19.8945 19.5251 19.3256 21.8271 19.2699
threshold=0.37755650000000002 0.52746565000000023 1.0000000180025095e-35 13.500000000000002 1.0000000180025095e-35 0.49526045734597163 0.47058810000000006 0.28825950000000006 0.20119450000000003 0.097038700000000019 143.6027725319253 128.74700375217884 1.7886188053930572 -3.9631882679632935 12.500000000000002 -0.58574924347740442 15.982756032326387 2.1777651606268282 0.41820650000000009 1.9980657015509309 0.085676344817780845 0.069184584036486155 13.500000000000002 3.5000000000000004 0.038061381711781202 132.8304705802955 3.5000000000000004 -0.15292299999999998 1.0000000180025095e-35 0.11157650000000001
decision_type=8 10 2 2 2 2 8 8 10 10 8 10 10 8 2 8 10 8 10 10 10 10 2 2 2 8 2 10 2 10
left_child=1 3 6 14 8 -6 15 12 10 11 -3 -10 13 -4 16 -2 26 -17 -5 22 -7 -22 -20 25 -19 -16 -1 -15 29 -29
right_child=2 4 7 18 5 20 -8 -9 9 -11 -12 -13 -14 27 23 17 -18 24 19 -21 21 -23 -24 -25 -26 -27 -28 28 -30 -31
leaf_value=-0.0014404273165432603 0.006532571155496332 0.0037523537516506427 -0.007551769768471564 -0.0052760169197631143 -0.0081952485145465794 0.0022950375986692385 -0.0070383069463155756 -0.0092096041567710351 0.017481628512345453 0.00257246315073229 0.011738005899558507 0.0044997905021327018 -0.0067799488401364448 0.0093530751358833208 -0.0085419171777778875 -0.0053051169383858919 -0.0055979548725460021 -0.00037695155862637231 0.0025455557910093358 0.0095017443299106399 0.012163729771038502 -0.0045079750700481704 -0.0016159034158805517 0.0076067433240658011 0.0071266694332814172 0.006593082554578961 0.0083816396759056576 -0.0035322351313428245 -0.012527524237729074 0.0011632163837613843
leaf_weight=1011.257897272706 1346.4184824228287 1586.0514304935932 2164.2148280888796 3088.5868206471205 817.0099012106657 9510.4973282068968 2277.0820088982582 4038.4714462459087 845.66055396199226 5767.7992316186428 3927.5021830201149 836.70796197652817 5090.2045622617006 397.70741704106331 427.30439008772373 2502.4838516414165 1251.3297578245401 12771.878903239965 3980.7870675325394 596.98934531211853 1270.0934370607138 308.36823123693466 18739.005582645535 3509.4809728562832 957.75813104212284 421.41899268329144 997.65272127091885 4424.5502505153418 438.91374325752258 4300.1999685019255
leaf_count=4048 5391 6358 8696 12394 3273 38148 9190 16302 3403 23109 15799 3354 20433 1595 1711 10030 5010 51134 15939 2390 5104 1234 75021 14051 3832 1688 3995 17753 1761 17235
internal_value=-9.14284e-05 0.00186955 -0.00292806 -0.000144678 0.00462412 0.00245115 -0.000930581 -0.00482853 0.00661637 0.00450815 0.00945177 0.01109 -0.00377153 -0.00246087 0.00338137 -0.000135849 -2.63384e-05 -0.000692661 -0.0011629 -0.000616045 0.00324223 0.00889887 -0.000885965 0.0059248 0.000151295 -0.00103763 0.0034547 -0.00130187 -0.00177399 -0.00121929
internal_weight=99603.4 58893.5 40709.9 34023.8 24869.7 11906 19855.6 20854.3 12963.7 7450.17 5513.55 1682.37 16815.8 11725.6 7618.44 17578.5 3260.24 16232.1 26405.4 23316.8 11089 1578.46 22719.8 4358.2 13729.6 848.723 2008.91 9561.37 9163.66 8724.75
internal_count=399381 236029 163352 136247 99782 47759 79577 83775 52023 29866 22157 6757 67473 47040 30503 70387 13053 64996 105744 93350 44486 6338 90960 17450 54966 3399 8043 38344 36749 34988
is_linear=0
shrinkage=0.05


Tree=18
num_leaves=31
num_cat=0
split_feature=84 54 89 21 64 90 64 64 28 95 20 21 89 20 91 33 44 44 94 65 42 20 88 53 98 96 44 41 41 42
split_gain=192.246 62.7334 60.0408 43.1668 36.9789 34.0668 29.8811 29.7648 29.574 28.5477 28.2163 28.1918 30.175 26.5038 26.0858 24.3131 25.4666 22.132 21.4662 20.3143 20.3093 19.853 20.2506 18.3706 18.8075 17.778 17.7102 16.7427 16.2895 27.168
threshold=0.52715647958821454 135.06385033869097 0.46477850000000004 1975.5000000000002 9.5000000000000018 -0.037201250000000012 9.5000000000000018 9.5000000000000018 0.31725600000000004 0.093181500000000042 13.500000000000002 8484.5000000000018 0.53303935000000013 13.500000000000002 0.055498500000000013 855.50000000000011 27.835691498525723 34.305060398190697 0.35690450000000007 1.5000000000000002 145.09249437257921 12.500000000000002 -0.025491500000000025 2617.9997104140234 -0.083944915291694414 0.45172450000000008 29.619548059519264 0.077490992566104228 0.080396755250289734 137.21099347753747
decision_type=2 8 10 2 2 10 2 2 8 10 2 2 10 2 10 2 10 10 10 2 10 2 8 10 2 10 10 10 10 10
left_child=2 3 7 28 13 26 9 8 -1 23 15 20 -13 -5 25 -10 -17 -8 -3 -16 -11 -18 -23 24 -7 -15 -4 -6 29 -2
right_child=1 18 5 4 27 6 17 -9 10 11 -12 12 -14 14 19 16 21 -19 -20 -21 -22 22 -24 -25 -26 -27 -28 -29 -30 -31
leaf_value=-0.0098266903050376192 -0.0008310877121979819 0.0091064344597101363 0.0097308243148182469 0.0068348589852565743 -0.0063542045518985395 0.0086365201207890593 -0.0077334872890190733 -0.0092268791755419962 -0.0062615986581350813 0.00032536417417344186 -0.0036437849785930908 -0.0028171943731570281 0.013151007509090595 0.0057717137707167816 0.00043980468248163156 0.0043348380860923534 -0.0091861591562208238 0.007081567887157289 -0.0022256321520476674 -0.013710163164752612 0.012269858191329079 0.0050307943473135233 -0.0076669373745233459 -0.010130902783053586 -0.0014396627315310011 0.0021469801523357596 3.2488515874770288e-05 0.0066940720380475015 0.0054056558987030058 -0.0095151709559375061
leaf_weight=1475.7602750360966 3988.4673845767975 4553.8164957761765 1217.600308150053 4633.7057625204325 1428.4614204317331 464.90442202985287 2167.1156762093306 2061.1344441920519 1185.1637158542871 10057.082515060902 16722.140058577061 420.39498659968376 964.55434355139732 6249.6980473250151 5431.4355354011059 3337.7783322930336 742.62623983621597 277.21479627490044 456.173529073596 256.05166694521904 358.96061508357525 947.44664838910103 457.32685220241547 582.78948491811752 18858.567269533873 7402.7213256806135 763.59566313028336 287.97834376990795 676.87115317583084 1154.2029615193605
leaf_count=5945 15979 18337 4873 18563 5722 1863 8684 8286 4763 40251 67186 1682 3889 25048 21745 13395 2983 1111 1827 1025 1440 3802 1842 2337 75556 29675 3058 1154 2714 4631
internal_value=-6.08476e-06 0.00288035 -0.00167783 0.00205255 0.00293319 -0.000345684 -0.000716146 -0.00346445 -0.00298333 -0.000304627 -0.00254759 0.00164308 0.00831849 0.00344105 0.0026248 0.000201853 0.00160724 -0.00603128 0.00807224 -0.000220175 0.000748372 -0.0026328 0.000872049 -0.00145953 -0.0011929 0.00380929 0.00601181 -0.00413892 -0.00183337 -0.0027948
internal_weight=99581.7 36519.6 63062.2 31509.6 25690.1 36132.8 34151.6 26929.4 24868.2 31707.3 23392.5 11801 1384.95 23973.6 19339.9 6670.34 5485.18 2444.33 5009.99 5687.49 10416 2147.4 1404.77 19906.3 19323.5 13652.4 1981.2 1716.44 5819.54 5142.67
internal_count=399366 146420 252946 126256 102932 144744 136813 108202 99916 127018 93971 47262 5571 96056 77493 26785 22022 9795 20164 22770 41691 8627 5644 79756 77419 54723 7931 6876 23324 20610
is_linear=0
shrinkage=0.05


Tree=19
num_leaves=31
num_cat=0
split_feature=89 95 29 71 71 65 22 25 72 26 89 64 47 21 56 34 83 98 84 54 93 65 22 47 58 55 6 58 26 87
split_gain=182.014 90.6321 74.6207 66.5959 42.9737 43.4088 31.0288 26.7747 26.7258 27.5015 24.6178 24.0005 23.283 22.3758 22.0674 21.9015 18.601 17.9248 17.9224 17.8938 21.7891 17.7281 19.79 19.6796 17.2528 17.2455 17.1202 16.5794 16.4293 16.0154
threshold=0.46315635000000005 0.070485000000000006 0.56256850000000014 1.0000000180025095e-35 1.0000000180025095e-35 1.0000000180025095e-35 0.5026155000000001 0.42891550000000006 3.5000000000000004 0.49859500000000007 0.47932095000000002 8.5000000000000018 1.4707262382248942 5430.5000000000009 2.1591527383043787 0.49650400000000006 0.49697715067169029 -0.020062353708449856 0.45345565370707724 133.15044087449621 0.023357500000000007 1.0000000180025095e-35 0.56812350000000011 1.7323834747261262 1909.5000000000002 1951.6484046110083 1.5000000000000002 5746.0000000000009 0.40579950000000004 -0.010575500000000014
decision_type=10 10 10 2 2 2 10 10 2 10 10 2 8 2 8 8 2 2 2 8 10 2 10 10 8 10 2 10 10 8
left_child=4 3 8 7 6 12 18 14 -3 13 -11 26 -6 16 -2 -14 19 -8 -1 -10 -21 22 -15 -23 -17 27 28 -4 -5 -20
right_child=1 2 25 11 5 -7 17 -9 9 10 -12 -13 15 21 -16 24 -18 -19 29 20 -22 23 -24 -25 -26 -27 -28 -29 -30 -31
leaf_value=-0.010929048939033952 -0.0044077816000287215 -0.0023476220792947432 0.0054588504965099394 -0.0065220782680295757 0.0046017774392742537 -0.0090257722102563744 0.010016587163866848 -0.0060091314172708256 0.0070970592504495077 -0.016505113977284235 -0.0010702150295512304 -0.0099974198528456331 -0.0093733879348595409 0.00062722882547817927 0.0030204231958290122 -0.006217646627302534 0.0049086450973171601 0.00075117356255570487 -0.0011140033208815328 0.00019813499459576118 -0.013907124537162861 -0.0079309356276130501 0.007246207830377451 0.0012769165846972267 -0.001535128535248745 -0.00027301780947769941 -0.0040735039507418143 0.0095895570390292575 0.0009592412780620622 -0.005795587532348487
leaf_weight=643.76816217601299 1086.4621418863535 3762.0773006081581 7538.9576281905174 876.02306008338928 859.18518793582916 4583.9014181494713 570.96185073256493 1020.9662956595421 743.80295512080193 307.44841848313808 1396.1122917234898 1175.1763653308153 1561.4252819269896 5434.3517310321331 11466.968141525984 2837.6448968797922 10565.236753582954 5164.9830525368452 6885.3080294430256 1924.7593541145325 309.14154121279716 1083.428460419178 1416.2857765853405 1231.4552236348391 6394.6412880718708 930.39158335328102 7486.8627339154482 3631.077517285943 4263.2463706582785 2479.9279494136572
leaf_count=2614 4352 15063 30302 3516 3441 18446 2286 4089 2978 1232 5588 4716 6282 21751 45897 11427 42297 20674 27624 7705 1238 4337 5676 4930 25703 3730 30018 14654 17092 9966
internal_value=4.27075e-06 0.00147364 0.0029822 -0.000745999 -0.00310334 -0.00490748 -0.00124091 0.00174002 0.00157069 0.00217524 -0.00393588 -0.00319063 -0.00328112 0.00263522 0.00237454 -0.00391228 0.00392571 0.00168929 -0.00292016 0.000433372 -0.00180712 0.000726209 0.00200419 -0.00304819 -0.00297952 0.0062647 -0.00254968 0.00680901 -0.000326189 -0.00235855
internal_weight=99632 67650.2 40274.5 27375.7 31981.7 16236.8 15744.9 13574.4 28174.1 24412 1703.56 13801.3 11652.9 22708.5 12553.4 10793.7 13542.9 5735.94 10009 2977.7 2233.9 9165.52 6850.64 2314.88 9232.29 12100.4 12626.1 11170 5139.27 9365.24
internal_count=399624 271161 161481 109680 128463 65299 63164 54338 112795 97732 6820 55342 46853 90912 50249 43412 54218 22960 40204 11921 8943 36694 27427 9267 37130 48686 50626 44956 20608 37590
is_linear=0
shrinkage=0.05


Tree=20
num_leaves=31
num_cat=0
split_feature=84 71 89 44 94 38 51 97 38 38 98 35 71 84 10 72 38 37 9 64 17 87 53 43 22 20 57 94 38 89
split_gain=169.535 74.3493 57.3537 48.8095 43.5095 36.9991 35.2176 32.5913 32.1882 31.6678 23.804 24.8133 22.4222 23.3393 22.1953 21.9459 23.3959 25.2255 24.142 21.2338 21.0599 22.253 20.9015 20.7568 20.5774 20.3524 20.0512 19.7197 18.5357 18.2199
threshold=0.52590023165096744 1.0000000180025095e-35 0.53303935000000013 25.512801303153193 0.46751750000000009 0.28054450000000003 2250.7494292391798 0.54528393741383463 0.055866250000000013 0.11612150000000002 -0.020062353708449856 0.14196150000000005 1.0000000180025095e-35 0.5764400322600588 -4.4999999999999991 3.5000000000000004 0.16175050000000005 0.49077100000000007 4.5000000000000009 9.5000000000000018 1.5000000000000002 0.064400499999999986 2469.1183201154404 2310.6974466106581 0.47801150000000009 13.500000000000002 13.937511629486535 0.44370850000000006 0.31923250000000009 0.33435285000000009
decision_type=2 2 8 10 8 10 8 2 10 10 2 8 2 2 2 2 10 10 2 2 2 10 8 10 10 2 10 8 10 10
left_child=1 4 15 9 7 29 12 -1 10 23 -9 -12 22 -14 -11 -2 17 -17 28 -8 -10 -22 -4 27 -23 -16 -27 -3 -18 -5
right_child=2 3 6 5 -6 -7 19 8 20 14 11 -13 13 -15 25 16 18 -19 -20 -21 21 24 -24 -25 -26 26 -28 -29 -30 -31
leaf_value=0.015103653319773836 -0.0041861427667189101 0.00027285148758220005 0.0062713021612676089 -0.014443903933582745 -0.0049017762200402742 0.0010639070319903366 0.0065116833738301065 5.900230572143954e-05 0.0037989343994841809 -0.0097600616397775179 0.0037105955453911898 -0.010075552035178126 -0.0030871548878352467 0.006456191017929264 0.0068928446810259704 -0.0011797512791428023 0.0054471394340665606 0.013910415628035836 -0.0068520778193746053 -0.0016350369866244248 -0.00025035293769053944 -0.0065521201359031835 -0.0040139849020930209 -0.0081713352386753781 0.0078854747258025586 -0.00091545130855799183 0.0085323230152037719 -0.0059258000404790005 -0.00076203554435895938 -0.005831868883944138
leaf_weight=381.36011897027493 2140.8377364426851 3464.8599473834038 2892.7295460551977 640.2275365293026 3832.051342010498 1979.030336856842 12290.019019976258 2366.8328060358763 6237.9848651736975 426.41649557650089 402.73540267348289 1616.4659729897976 2961.9327032566071 806.90794870257378 1537.6312707066536 7846.8226587325335 5297.8038053810596 277.08264638483524 540.30094137787819 851.6358288526535 14786.349251642823 285.86482316255569 588.04976204037666 1823.8788022845984 1534.14360062778 4290.2308155894279 635.96475984156132 2026.8057599812746 1550.8676207661629 13057.021324321628
leaf_count=1532 8575 13894 11595 2591 15451 7928 49426 9487 24968 1710 1613 6477 11863 3242 6159 31427 21202 1109 2162 3422 59205 1145 2355 7332 6157 17188 2553 8160 6206 52514
internal_value=1.29533e-05 -0.00161363 0.00263462 -0.00339905 8.36599e-05 -0.0053219 0.00444029 0.00077708 0.000570966 -0.0012749 -0.00334752 -0.00732113 0.00163957 -0.00103225 0.00115692 0.00054761 0.00120316 -0.000648601 0.00323723 0.0059829 0.00132444 0.000393194 0.00452716 -0.00356381 0.00559438 0.00189108 0.000319057 -0.00202149 0.00404202 -0.00624465
internal_weight=99370.8 61325.9 38045 29882.1 31443.8 15676.3 20391.3 27611.7 27230.4 14205.8 4386.03 2019.2 7249.62 3768.84 6890.24 17653.7 15512.9 8123.91 7388.97 13141.7 22844.3 16606.4 3480.78 7315.54 1820.01 6463.83 4926.2 5491.67 6848.67 13697.2
internal_count=398648 246064 152584 120029 126035 63033 81903 110584 109052 56996 17577 8090 29055 15105 27610 70681 62106 32536 29570 52848 91475 66507 13950 29386 7302 25900 19741 22054 27408 55105
is_linear=0
shrinkage=0.05


Tree=21
num_leaves=31
num_cat=0
split_feature=94 71 95 35 26 94 54 64 55 96 71 46 27 87 96 46 94 38 20 81 38 44 25 44 54 81 40 44 55 64
split_gain=139.369 77.6548 56.467 45.8949 41.1236 36.9277 36.3561 27.4485 26.6793 25.5601 23.8655 28.6331 22.3856 22.3607 21.2251 21.1935 20.2754 19.83 19.097 25.3819 18.7578 19.5311 18.651 18.3763 17.6401 18.7572 21.5054 19.2906 18.5871 17.5733
threshold=0.36907000000000006 1.0000000180025095e-35 0.058824000000000022 0.14469450000000003 0.45431850000000001 0.47373850000000006 133.15044087449621 10.500000000000002 1730.196097580796 0.56200465000000011 1.0000000180025095e-35 1.6472040848869665 0.31851150000000006 0.041084499999999975 0.51325950000000009 1.5654736200992427 0.38903750000000009 0.23698900000000003 13.500000000000002 6.2176031103882972 0.41165350000000006 6.8350476114072176 0.36728350000000004 24.102065327584004 128.38242251961194 6.4544117811164083 0.078144613392932313 37.735447349330386 1218.9406381463994 9.5000000000000018
decision_type=8 2 10 8 10 8 10 2 8 10 2 10 8 8 10 8 10 10 2 2 10 8 10 10 10 2 10 10 8 2
left_child=2 3 10 15 9 13 7 24 17 12 -1 -12 -3 16 -8 -2 -5 23 19 -17 21 -14 -10 -6 28 26 -26 -27 -4 -13
right_child=1 4 6 5 8 -7 14 -9 22 -11 11 29 20 -15 -16 18 -18 -19 -20 -21 -22 -23 -24 -25 25 27 -28 -29 -30 -31
leaf_value=0.0018994926109277529 0.011796072124526137 -0.0098356892690277219 -0.0050255912016579345 -0.0042904766188057346 -0.0022009183743005385 -0.0076630166213644147 0.008529555697382148 -0.0055640483853861902 0.0017290440209549555 0.0015631571777458273 0.0039682340192710606 -0.0033278385206041124 0.0049271180324454373 0.0030326978648016231 -0.006144598802741482 -0.0064647030436922361 -0.00025226895116833289 0.001809620882950342 0.00048009103787603421 0.006384473353189076 0.0079461183886119346 -0.0051196690770754644 -0.0056188246539211686 -0.011048079883996247 -0.00032604219989692607 0.0020088987347396114 -0.016500275924567705 0.0096796265808311837 0.0057924913905491211 -0.01438937770228213
leaf_weight=5868.676518201828 619.48983217775822 2310.9481111466885 414.56158320605755 4173.2187021523714 1084.9028126448393 1965.4697588384151 4359.8537974655628 929.95161101222038 6519.8051062077284 1489.4356928765774 1359.1146519035101 4866.9311313778162 492.15177358686924 3655.7881957739592 254.24677574634552 423.12872913479805 12102.926219031215 862.00208409130573 5747.889985665679 3524.3901288658381 285.41051676869392 15120.456547439098 985.38029527664185 1284.6353012174368 901.29600916802883 9656.7864427268505 256.37679889798164 886.99139875173569 6707.9063246995211 379.23118975758553
leaf_count=23485 2481 9324 1659 16705 4345 7941 17575 3728 26125 5971 5446 19524 1971 14656 1018 1697 48478 3455 23043 14123 1144 60798 3968 5159 3611 38694 1028 3554 26964 1523
internal_value=-0.000123167 -0.0015582 0.00231678 0.000153013 -0.00336879 -0.00114229 0.00371683 0.00278081 -0.000878182 -0.00472518 -0.000419015 -0.00247873 -0.00524012 -0.000495764 0.00770944 0.00290124 -0.00128967 -0.00466909 0.00232133 0.00499433 -0.00456634 -0.00480002 0.000758125 -0.00702364 0.0031958 0.00199887 -0.0040186 0.00266276 0.00515666 -0.0041533
internal_weight=99489.4 62647.4 36841.9 32212.3 30435.1 21897.4 24368 19753.9 10736.7 19698.4 12474 6605.28 18209 19931.9 4614.1 10314.9 16276.1 3231.54 9695.41 3947.52 15898 15612.6 7505.19 2369.54 18823.9 11701.5 1157.67 10543.8 7122.47 5246.16
internal_count=399193 251384 147809 129124 122260 87780 97831 79238 43052 79208 49978 26493 73237 79839 18593 41344 65183 12959 38863 15820 63913 62769 30093 9504 75510 46887 4639 42248 28623 21047
is_linear=0
shrinkage=0.05


Tree=22
num_leaves=31
num_cat=0
split_feature=22 95 71 52 89 40 71 46 45 84 20 38 91 94 51 86 39 63 43 44 55 88 27 57 20 29 16 29 55 26
split_gain=132.764 63.5944 47.2165 48.9713 45.9481 32.8864 29.7388 27.6825 27.5318 25.5947 25.0749 30.6597 23.4559 22.1127 22.0206 31.3741 27.9132 24.1724 21.0224 19.9169 19.1313 25.4638 19.097 18.6927 18.2279 24.6701 20.8771 17.8052 17.6993 19.1523
threshold=0.5060285000000001 0.058824000000000022 1.0000000180025095e-35 134.35404545841797 0.52811565000000005 0.072072191169206309 1.0000000180025095e-35 1.7341167930814796 -6.1853430826940858 0.45345565370707724 13.500000000000002 0.16175050000000005 0.18565950000000001 0.46441700000000008 2263.2364035745236 0.0083435000000000054 0.044543212439123979 1.5000000000000002 2156.8988534002451 24.619540225890091 1765.533796229299 0.0048520000000000516 0.54186150000000011 12.238932815096721 12.500000000000002 0.48626100000000005 0.14500000000000005 0.63321650000000018 1571.7769299971944 0.40763250000000006
decision_type=10 10 2 10 8 10 2 10 8 2 2 10 10 10 8 8 8 2 10 10 8 10 10 10 2 10 2 8 8 10
left_child=2 6 3 9 7 8 28 -3 -4 -1 24 23 -10 -13 15 22 -16 -17 -7 -8 -18 -22 -6 -12 25 -11 -26 -21 29 -2
right_child=1 4 5 -5 14 18 19 -9 12 10 11 13 -14 -15 16 17 20 -19 -20 27 21 -23 -24 -25 26 -27 -28 -29 -30 -31
leaf_value=-0.01059143169086549 -0.0096030160428222447 0.0032709542437479432 -0.0075617220402405764 0.0156723217301683 0.0025792983668810284 -0.0026045489784613327 4.6605064562954936e-05 -0.00076513259140432738 -0.0014046538307956073 -0.0061086323045957099 -0.0045694571024775723 0.0033089534659105193 -0.013499905412027233 -0.0057360219165862574 0.0069848409207435291 -0.0036692932173561913 -0.005907267648716341 0.0053742441635528885 -0.0096480727556341375 -0.0053964486286255256 0.0069413850460840884 0.00035727188962247469 0.011311564851980517 -8.1124622693021829e-07 0.015570554377017994 0.0061216785113286732 0.0032254109037172236 0.00428811316732307 0.0029979706545355906 0.00011776385243868746
leaf_weight=655.24906952679157 602.76622186601162 6773.5585705786943 2506.9621543437243 443.21700376272202 1711.8478444814682 1537.7224661409855 3762.5405375808477 11360.189135208726 11817.833720013499 1101.2403011620045 7137.6044933348894 3863.8735068589449 405.13344517350197 809.02985042333603 8937.3942053467035 2759.9877526462078 582.74539037048817 998.05731213092804 3463.3935001194477 5582.9916368573904 2819.8086299151182 3054.9261370003223 984.76519303023815 3260.11888705194 383.53678232431412 645.9838359951973 2721.044759914279 511.27150237560272 5313.8234987705946 2926.3045708090067
leaf_count=2667 2415 27107 10125 1779 6861 6182 15076 45471 47486 4418 28642 15472 1630 3249 35995 11062 2334 4000 13973 22421 11331 12272 3960 13062 1538 2585 10904 2050 21263 11711
internal_value=-4.31997e-05 0.00147921 -0.00223531 -0.000585896 0.00260465 -0.00399135 -0.000927281 0.000743452 -0.00279858 -0.00094352 -0.000621045 -0.00162744 -0.00181626 0.00173407 0.00414829 0.00169339 0.00517579 -0.00125963 -0.00749188 -0.00281461 0.00266507 0.003524 0.00579821 -0.00313837 0.00250193 -0.00157774 0.00479561 -0.00457828 0.00117725 -0.00156499
internal_weight=99434.9 58683 40751.9 21020.9 39983.3 19731 18699.7 18133.7 14729.9 20577.7 19922.4 15070.6 12223 4672.9 21849.5 6454.66 15394.9 3758.05 5001.12 9856.8 6457.48 5874.73 2696.61 10397.7 4851.81 1747.22 3104.58 6094.26 8842.89 3529.07
internal_count=399041 235329 163712 84316 160393 79396 74936 72578 59241 82537 79870 60425 49116 18721 87815 25883 61932 15062 20155 39547 25937 23603 10821 41704 19445 7003 12442 24471 35389 14126
is_linear=0
shrinkage=0.05


Tree=23
num_leaves=31
num_cat=0
split_feature=84 71 65 89 94 51 94 42 42 39 21 21 21 25 20 37 86 54 37 78 3 29 29 71 39 84 94 25 96 51
split_gain=140.076 59.9898 53.5713 44.1965 35.3895 31.2689 26.2101 25.3558 24.6415 21.6656 28.2472 27.5881 21.1954 20.3187 21.6129 21.0521 25.3891 23.159 22.8319 21.247 20.2885 20.1491 20.0595 19.0524 39.2779 20.0025 19.039 17.9181 17.225 26.1666
threshold=0.52647823507255354 1.0000000180025095e-35 1.0000000180025095e-35 0.53303935000000013 0.47058810000000006 2209.0626778225383 0.48130350000000005 133.09818701660762 144.87125336367188 0.030887999198275565 1870.5000000000002 4514.5000000000009 6357.5000000000009 0.42891550000000006 13.500000000000002 0.30505200000000005 -0.12842749999999997 127.83735707034757 0.20094450000000005 1.2739641981020784 1.5000000000000002 0.44644900000000004 0.44843100000000008 1.0000000180025095e-35 0.046666352232463397 0.57414077843183831 0.38065650000000006 0.39022850000000003 0.54420890000000022 2208.0227217325096
decision_type=2 2 2 8 8 8 10 10 10 10 2 2 2 10 2 10 10 8 10 2 2 8 10 2 10 2 10 10 10 10
left_child=1 4 7 9 8 -5 26 12 13 -2 -11 -12 -3 14 -1 18 21 -18 -16 -19 -13 -17 -9 24 -7 -25 27 -4 -28 -30
right_child=3 2 6 5 -6 23 -8 22 -10 10 11 20 -14 -15 15 16 17 19 -20 -21 -22 -23 -24 25 -26 -27 28 -29 29 -31
leaf_value=0.0033533675376960395 0.0056339917966746183 -0.000439090695681262 0.0048228704477789146 0.00070921415563160689 -0.0047653647652401779 0.008690788729561404 -0.015901081594856519 -0.0055037114728428106 0.015618322310990985 -0.004611896844376317 0.0038209857813981483 0.0004953555630433608 0.0073710800381280878 -0.0050856721164319833 -0.0014236759730920389 -0.0020524842717271267 -0.0081465283582229601 -0.00023837833001668203 0.0034823094335614279 0.014297111519246545 -0.0055233963622080091 -0.014238350510171178 -0.0016248352676245888 0.0017619805102678536 -0.00021373648292293985 0.0079806233658244758 -0.0079311091254492452 -0.0057769697911834719 -0.006226462476698974 0.012445912961485084
leaf_weight=6225.7959112226963 1837.0929452329874 6115.2090176194906 751.77107700705528 5373.4149538576603 3440.546617820859 6116.6178281158209 670.7584026157856 5081.5588575452566 260.39708940684795 2817.3619735836983 4946.0853472650051 5715.6787355095148 1002.3390920311213 1554.97284270823 3813.7569465637207 708.18526166677475 909.53514781594276 7897.475365459919 6241.9049020558596 249.66568487882614 1843.84838783741 648.16429145634174 9689.9588982015848 5319.6192752271891 1551.5718843191862 1702.1962542980909 5343.0083015859127 826.67962464690208 573.81649155914783 266.4790823161602
leaf_count=24925 7356 24541 3014 21537 13897 24646 2722 20511 1048 11303 19802 22875 4020 6236 15269 2840 3645 31628 25009 1000 7379 2596 38891 21373 6226 6872 21495 3322 2302 1070
internal_value=-4.4306e-05 -0.00149472 -0.00308736 0.00238187 1.72254e-05 0.00397463 -0.00647126 -0.00178139 0.000595853 0.000518393 -9.81977e-05 0.000921556 0.000669587 0.000451902 0.000776253 -8.86199e-06 -0.00158387 -0.000624652 0.00162208 0.000224037 -0.000978039 -0.00793738 -0.00296203 0.00516778 0.00689113 0.00327868 -0.00563694 -0.000729988 -0.00688637 -0.000228246
internal_weight=99495.5 62272 30321.6 37223.5 31950.4 20063.4 8432.51 21889.1 28509.9 17160.1 15323 12505.6 7117.55 28249.5 26694.5 20468.7 10413 9056.68 10055.7 8147.14 7559.53 1356.35 14771.5 14690 7668.19 7021.82 7761.75 1578.45 6183.3 840.296
internal_count=399350 249981 121888 149369 128093 80654 33925 87963 114196 68715 61359 50056 28561 113148 106912 81987 41709 36273 40278 32628 30254 5436 59402 59117 30872 28245 31203 6336 24867 3372
is_linear=0
shrinkage=0.05


Tree=24
num_leaves=31
num_cat=0
split_feature=23 95 71 52 29 25 88 71 4 45 94 40 53 17 29 88 37 38 2 51 52 49 25 47 83 45 27 85 25 23
split_gain=128.005 50.1395 48.5669 37.2057 34.8048 28.4844 23.4175 26.5583 23.0519 35.2177 21.8917 21.3089 19.8945 19.1845 19.0791 19.0174 24.8556 18.4475 18.3793 17.6149 17.5106 17.3913 17.4583 17.318 17.0867 16.8 16.2018 15.0879 23.1201 16.6609
threshold=0.24178900000000003 0.058420500000000021 1.0000000180025095e-35 134.59924453545489 0.58790300000000018 0.38684950000000007 0.090068999999999996 1.0000000180025095e-35 1.5000000000000002 -20.309114705303369 0.46751750000000009 0.044797032638589876 2341.3057525940453 1.5000000000000002 0.47831050000000003 0.0083705000000000047 0.27533950000000001 0.051405000000000006 4.5000000000000009 2421.5612377147895 131.15392717694371 121.39398244832503 0.38456300000000004 1.8387498150891053 0.5328527056090212 4.2955954992785461 0.63211600000000012 0.51615370515496606 0.34654350000000006 0.19332150000000001
decision_type=8 10 2 10 10 8 8 2 2 8 10 10 8 2 10 10 10 10 2 10 10 10 10 10 2 8 10 2 10 10
left_child=1 6 3 10 8 20 7 15 14 -10 13 -11 -9 -2 19 16 -1 23 -6 -3 21 -4 -23 -7 -15 -17 -14 28 29 -16
right_child=2 4 5 -5 18 17 -8 12 9 11 -12 -13 26 24 27 25 -18 -19 -20 -21 -22 22 -24 -25 -26 -27 -28 -29 -30 -31
leaf_value=0.0064897764812853771 0.0026922555641014159 0.0011357718432091404 -0.00096315423533208013 0.014204476818596705 0.0086094781450747528 -0.012050060873683887 0.0067100520155728904 -0.0046485626019407691 -0.012181774216452345 -0.0029706507824774006 -0.0039858295970375711 0.0024006578036546823 -0.0012756479575943261 -0.0012877375512474175 -0.0012895350480014601 0.0031849862031221206 0.00018839428764614579 -0.0043890760762714601 0.0034769325817034721 -0.0087309780723962317 0.0017630556972451428 -0.006021671093835273 0.0041490958354450961 -0.0022770152279516917 0.0084578629647987461 -0.0064813238374508905 0.0077512633394603049 0.0049667914353636001 -0.00061524013442487647 0.0070367935578028746
leaf_weight=2430.5770632177591 5342.7683995068073 3879.8356902748346 5149.6305830329657 426.06007732450962 3355.6018981933594 1787.4615726172924 1093.3313324898481 5312.1557726562023 553.06469143927097 2673.8178922086954 3792.6892162412405 5910.0351137071848 3659.0757522135973 11515.048439338803 785.99992027878761 681.7610647380352 4363.385563865304 6102.3870296776295 3668.6974238008261 501.87277956306934 2359.3871752917767 4590.1949202865362 457.56646950542927 613.36290153861046 458.11808559298515 1282.0232348740101 564.97494180500507 9795.8208247870207 3967.2933970242739 2502.1293266266584
leaf_count=9728 21395 15536 20647 1712 13585 7227 4379 21339 2213 10711 15317 23692 14683 46128 3159 2728 17468 24628 14785 2010 9460 18462 1848 2479 1834 5131 2263 39272 15898 10028
internal_value=0.000151033 0.00170086 -0.00192217 -0.000252211 0.00276573 -0.00362884 -0.000364416 -0.000790654 0.00203521 -6.77643e-05 -0.000550595 0.000726018 -0.00261507 0.000203687 0.00293132 0.00119665 0.00244897 -0.00586226 0.00593757 -1.16547e-05 -0.00211296 -0.0030106 -0.00509334 -0.00957304 -0.000908104 -0.00312637 -5.28257e-05 0.00368715 0.001955 0.00504858
internal_weight=99576.1 56981.5 42594.7 21534.7 37594.2 21060 19387.3 18294 30569.9 9136.92 21108.6 8583.85 9536.21 17315.9 21433 8757.75 6793.96 8503.21 7024.3 4381.71 12556.8 10197.4 5047.76 2400.82 11973.2 1963.78 4224.05 17051.2 7255.42 3288.13
internal_count=399745 228608 171137 86386 150889 84751 77719 73340 122519 36616 84674 34403 38285 69357 85903 35055 27196 34334 28370 17546 50417 40957 20310 9706 47962 7859 16946 68357 29085 13187
is_linear=0
shrinkage=0.05


Tree=25
num_leaves=31
num_cat=0
split_feature=95 71 29 64 23 20 41 37 36 19 67 45 43 30 30 94 28 33 65 19 31 86 96 71 31 49 95 87 28 24
split_gain=111.393 65.5037 53.7705 44.6112 30.1386 29.6687 27.5957 27.0968 24.9401 22.6528 24.2603 34.1146 20.418 19.5435 21.3521 20.2826 18.0532 17.6429 16.665 16.5688 17.1203 16.2091 16.1462 15.0727 18.4125 19.2455 15.0543 15.5231 14.9205 14.751
threshold=0.070485000000000006 1.0000000180025095e-35 0.49657550000000006 9.5000000000000018 0.25833200000000006 13.500000000000002 0.079489404922701762 0.40439250000000004 0.68863150000000017 18.500000000000004 1.0000000180025095e-35 -12.468793597735708 2321.8209216660862 0.20574450000000002 0.21076750000000002 0.43354450000000005 0.31725600000000004 713.50000000000011 1.0000000180025095e-35 17.500000000000004 0.15460650000000001 0.16583499999999998 0.51606950000000007 1.0000000180025095e-35 0.097038700000000019 128.13927114424732 -0.021059999999999992 0.079886500000000013 0.52548550000000016 0.18276300000000004
decision_type=10 2 10 2 8 2 8 10 10 2 2 8 10 8 8 10 8 2 2 2 10 10 10 2 10 8 10 8 10 10
left_child=1 12 5 4 6 -2 8 9 22 10 17 -12 13 15 -15 -1 -6 -4 -7 20 -9 -11 -3 24 25 -19 -18 28 -28 -13
right_child=2 3 7 -5 16 18 -8 19 -10 21 11 29 -14 14 -16 -17 26 23 -20 -21 -22 -23 -24 -25 -26 -27 27 -29 -30 -31
leaf_value=0.0026680770716630067 0.0031015217992208647 -0.0032817937995756039 -0.00033300217963368428 -0.011136795528318526 -0.015443399720414733 -0.00064368583410551118 0.0025307734841349709 -0.014868758233719871 -0.01094469984495528 0.0011753052491852295 -0.012495420872739048 0.0031547715959770284 -0.0038001285364287979 -0.013448512124486459 -0.00093490203528837502 -0.0019556548243771037 -0.0093279252764105879 0.0073456602313411437 -0.0045111044642783494 0.00051681782209747563 -0.00018964141567074581 -0.011491598727517692 0.0011035396311424258 0.0038516142077496688 0.0060155325678464535 0.020213929671492936 -0.0036522318822589436 -0.01072583971001392 0.0056893518139693759 -0.0049962225326708179
leaf_weight=11145.935761481524 4273.4229052215815 7781.4719849526882 1381.288830190897 1809.6088883280754 418.35338889062405 10958.565539091825 3118.8327504694462 414.62810398638248 852.81587846577168 6429.5381952375174 399.3468948751688 5878.325143456459 2938.5891299247742 351.40195128321648 6050.4738388508558 3004.3466979116201 1515.2076164931059 723.01190532743931 3726.8492170572281 2002.5195950567722 373.70856600999832 252.89673517644405 2867.1978471130133 6796.8246024698019 6495.630720898509 498.55196493864059 5093.1134093999863 702.58583015203476 457.6496904194355 603.87593238055706
leaf_count=44619 17124 31252 5551 7296 1703 43932 12508 1661 3439 25749 1598 23648 11813 1410 24257 12083 6130 2912 14949 8030 1496 1013 11491 27312 26114 2018 20572 2829 1839 2418
internal_value=-7.03984e-05 -0.00179785 0.00155247 -0.0035996 -0.00299696 -0.000560524 -0.00163495 0.00279442 -0.00276577 0.00324048 0.00399122 0.00150827 9.10009e-05 0.00064894 -0.00164168 0.00168569 -0.0054243 0.00506454 -0.00162756 -0.00190883 -0.00799971 0.000679472 -0.0021011 0.0055781 0.00709172 0.012719 -0.00486559 -0.00377118 -0.00287319 0.00238891
internal_weight=99316.6 48107.6 51209 24616.8 22807.2 18958.8 14620.3 32250.1 11501.5 29459.3 22776.9 6881.55 23490.7 20552.2 6401.88 14150.3 8186.91 15895.3 14685.4 2790.86 788.337 6682.43 10648.7 14514 7717.19 1221.56 7768.56 6253.35 5550.76 6482.2
internal_count=398766 193241 205525 99059 91763 76005 58690 129520 46182 118333 91571 27664 94182 82369 25667 56702 33073 63907 58881 11187 3157 26762 42743 58356 31044 4930 31370 25240 22411 26066
is_linear=0
shrinkage=0.05


Tree=26
num_leaves=31
num_cat=0
split_feature=89 25 19 22 38 68 22 21 35 40 25 5 44 89 4 46 46 96 58 36 24 18 87 34 38 11 72 24 93 93
split_gain=117.657 56.8701 51.5288 36.2839 28.479 26.9367 24.595 22.959 22.4683 21.3408 20.1647 18.9704 17.768 26.0567 17.6215 26.4497 18.0133 17.2184 18.209 19.2784 18.0726 16.758 16.3145 14.8898 14.7399 21.5884 14.6794 17.2988 16.9311 22.9643
threshold=0.46315635000000005 0.37268050000000003 13.500000000000002 0.59561700000000017 0.16253350000000003 1.0000000180025095e-35 0.46354300000000009 6435.5000000000009 0.13571450000000004 0.046053717285969721 0.35183950000000003 1.5000000000000002 32.180333378713534 0.38285275000000002 1.5000000000000002 1.4550138953009195 1.511648423049093 0.54420890000000022 3927.0000000000005 0.54035150000000021 0.14289150000000003 1.5000000000000002 -0.058713500000000023 0.51329550000000002 0.17801150000000002 1.0000000180025095e-35 3.5000000000000004 0.16901600000000003 -0.022741799999999989 0.0429825
decision_type=10 10 2 10 10 2 10 2 8 8 10 2 10 10 2 8 8 10 10 10 10 2 10 10 10 2 2 10 10 10
left_child=4 2 10 6 12 7 -4 11 -8 -10 -2 -3 -1 -14 16 -16 -11 18 -12 -20 -19 -21 -17 -15 -7 -26 27 -18 -28 -30
right_child=1 5 3 -5 -6 24 8 -9 9 14 17 -13 13 23 15 22 26 20 19 21 -22 -23 -24 -25 25 -27 28 -29 29 -31
leaf_value=-0.0026802233512707072 0.0078785615223137106 -0.0022637679486997319 -0.010881077923105918 0.0069940531197035197 -0.00021912516940010684 0.00065856432774184814 0.0049155085167580286 -0.0076101384038307672 -0.003469499077140318 0.0086148362078825522 0.0044265063794386855 0.0012111256963649425 -0.010801855708447168 -0.0077908009640242542 -0.016425085687646109 0.0068040264736421996 0.002431826744025015 0.00025371007278890656 -0.0089107712885720895 -0.0045451270253072584 0.015162886914689573 0.0088987407501655603 -0.0013178167271228839 -0.0011197678015943062 0.0017192742234877567 0.013166048098531231 -0.0021081972080733199 -0.0082425773979107261 0.0039950207507780874 -0.001504377639484289
leaf_weight=16854.995811894536 4621.2559200376272 11897.479087933898 431.49560032784939 2592.0827474147081 9501.0942603051662 4945.6828940659761 3256.3893725574017 1465.5838813632727 2965.4817450493574 943.7170518040657 2842.7286299616098 5853.1466446369886 1836.999064669013 1290.6224276125431 260.1853898614645 681.53080163896084 720.85881245136261 320.09378641843796 635.90834271907806 443.07393862307072 548.53683121502399 465.91399724781513 5832.1897990256548 2355.4384593516588 1113.710833504796 647.0398283302784 2059.1876225322485 783.35043686628342 8832.9567155987024 2411.425183147192
leaf_count=67842 18695 47705 1734 10487 38117 19827 13047 5879 11875 3778 11403 23470 7439 5204 1041 2728 2891 1288 2548 1778 2230 1866 23363 9488 4460 2591 8251 3138 35390 9655
internal_value=-6.9935e-06 0.00117375 0.00231793 0.00133644 -0.00251243 -0.00066472 0.000831622 -0.00161676 0.00101115 0.000510649 0.00547036 -0.00111791 -0.00348731 -0.00595891 0.00103594 -0.00109547 0.00195267 0.00334215 0.00205744 -0.00230227 0.00973421 0.00236756 -0.000458901 -0.00349601 0.00206154 0.00597633 0.00152255 -0.00314483 0.00205225 0.00281535
internal_weight=99410.2 67571 41648.4 31770.9 31839.2 25922.6 29178.8 19216.2 28747.3 25490.9 9877.51 17750.6 22338.1 5483.06 22525.4 6773.91 15751.5 5256.26 4387.62 1544.9 868.631 908.988 6513.72 3646.06 6706.43 1760.75 14807.8 1504.21 13303.6 11244.4
internal_count=399208 271118 167186 127378 128090 103932 116891 77054 115157 102110 39808 71175 89973 22131 90235 27132 63103 21113 17595 6192 3518 3644 26091 14692 26878 7051 59325 6029 53296 45045
is_linear=0
shrinkage=0.05


Tree=27
num_leaves=31
num_cat=0
split_feature=22 89 71 39 26 55 42 65 20 28 65 20 51 32 35 28 45 87 69 55 96 50 23 58 19 56 45 26 43 24
split_gain=92.0757 44.9944 34.0396 27.5096 30.7124 25.8235 30.9894 24.7029 23.9273 23.7388 23.2554 22.2433 21.8354 20.6712 20.5047 19.2206 19.1389 18.7887 18.1333 17.8861 17.8841 17.8417 17.7692 20.952 20.205 20.0333 17.2262 21.3866 17.0873 16.9509
threshold=0.50480150000000013 0.55626130000000018 1.0000000180025095e-35 0.034193333134632672 0.49953350000000002 1667.3532101488429 143.10802419269271 1.0000000180025095e-35 13.500000000000002 0.55887350000000013 -1.0000000180025095e-35 12.500000000000002 2209.7946972181194 0.10977050000000001 0.14092750000000001 0.30830000000000007 11.221238767565405 0.053094499999999996 1.0000000180025095e-35 1330.348472110971 0.34269634000000004 145.49584101760192 0.17541100000000004 1056.5000000000002 18.500000000000004 2.7101470588235297 -7.4743260393310154 0.40926550000000006 1986.4783134470035 0.16366350000000005
decision_type=10 8 2 10 10 8 10 2 2 10 2 2 8 10 8 8 10 10 2 10 10 10 10 8 2 10 10 8 8 10
left_child=2 3 5 4 9 6 26 15 11 13 -10 20 -3 -2 -7 -4 -13 19 22 -12 -5 -9 23 -14 25 -24 -1 -28 -15 -17
right_child=1 12 7 8 -6 14 -8 21 10 -11 17 16 18 28 -16 29 -18 -19 -20 -21 -22 -23 24 -25 -26 -27 27 -29 -30 -31
leaf_value=0.0060576634061485562 -0.0045952792495166572 0.00028467743949312722 -0.012955695436435145 -0.012533421060652986 -0.0072624183078448083 0.0017899532447607051 0.016898585209049185 -0.0077227119645951513 0.0012964571242560039 -0.0054853013921081113 -0.0066235963609913703 0.00058140519187113184 -0.0037540624116245251 0.012497381315546821 -0.0028173971570204584 -0.0033815149702951827 0.0075541704248064476 -0.015129123231092726 -0.0037256768301879915 -0.0014517479005707974 0.00010385027604285172 -0.00097623047598919838 0.00033221591799010864 0.008026457406404305 -0.0013772723715483569 0.0060396706704313559 -0.0075991726789533566 0.0012542345740652913 0.0038690285843602408 0.00021175364253210702
leaf_weight=1469.7471635043621 667.5023327767849 4762.5004186630249 393.42383512854576 303.65457287430763 749.06618902087212 3162.8349399268627 322.21227777004242 4222.2839076668024 6165.0197836607695 727.34236218035221 1898.1997609734535 1758.3311168402433 406.91201508045197 610.11030934751034 10122.77845749259 7813.7418989688158 2230.2325228899717 271.60066002607346 686.08027993142605 13586.444659039378 2604.9016763865948 1279.4017399996519 2141.891062900424 4410.3785774260759 1858.8662935942411 5449.3061825037003 786.37927235662937 4744.37538151443 8185.4682777971029 5652.0532698333263
leaf_count=5890 2675 19096 1602 1220 2999 12693 1299 17044 24698 2915 7617 7050 1634 2444 40656 31472 8937 1088 2761 54436 10434 5162 8617 17847 7452 21965 3158 19011 32784 22747
internal_value=3.45217e-05 0.0012817 -0.00182112 0.000312988 0.00244648 -0.000406426 0.00197594 -0.00332598 -0.000497457 0.00316657 -0.00130556 0.00206911 0.00323399 0.00383666 -0.00172003 -0.00219794 0.00448942 -0.00232383 0.0041725 -0.00208961 -0.00125391 -0.00615845 0.00455464 0.00702565 0.00328892 0.00443184 0.00126597 -1.60126e-05 0.00448105 -0.00187426
internal_weight=99443 59473.8 39969.2 39757.9 10939.5 20608.3 7322.71 19360.9 28818.4 10190.4 21921.3 6897.12 19715.9 9463.08 13285.6 13859.2 3988.56 15756.2 14953.4 15484.6 2908.56 5501.69 14267.4 4817.29 9450.06 7591.2 7000.5 5530.75 8795.58 13465.8
internal_count=399403 238669 160734 159297 43817 82707 29358 78027 115480 40818 87839 27641 79372 37903 53349 55821 15987 63141 60276 62053 11654 22206 57515 19481 38034 30582 28059 22169 35228 54219
is_linear=0
shrinkage=0.05


Tree=28
num_leaves=31
num_cat=0
split_feature=84 71 68 86 89 55 19 19 52 95 35 35 87 39 41 43 48 58 20 94 90 5 21 35 34 94 93 90 46 46
split_gain=93.2831 49.4002 31.7772 31.0505 29.791 27.1727 25.2197 39.4555 23.42 24.7714 21.7085 21.147 19.3484 18.0506 18.0109 16.9841 16.8065 15.9858 15.8455 15.0556 16.551 15.6031 15.4419 17.1269 15.0305 15.0199 14.8515 26.7628 14.8311 14.767
threshold=0.53306571630237476 1.0000000180025095e-35 1.0000000180025095e-35 -0.049252499999999998 0.46477850000000004 2188.7866949641207 13.500000000000002 12.500000000000002 131.75389813149175 0.039372999999999998 0.14196150000000005 0.14042450000000004 -0.16229899999999997 0.037230994636960495 0.080506168809618625 2222.5982030826553 0.47695925790551996 1910.5000000000002 19.500000000000004 0.38169050000000004 -0.033024649999999926 1.5000000000000002 8092.5000000000009 0.13966550000000003 0.5136345000000001 0.46751750000000009 0.0063055000000000064 -0.03362220000000004 1.7913404212515831 1.7345101956465763
decision_type=2 2 2 8 10 10 2 2 8 10 8 8 10 10 8 10 8 10 2 10 10 2 2 8 8 8 10 10 10 8
left_child=1 4 8 14 10 -4 7 -6 12 -10 29 -8 -3 -5 17 18 -11 -2 -15 20 28 -22 23 -21 -17 -12 -19 -28 -14 -1
right_child=3 2 5 13 6 -7 11 -9 9 16 25 -13 19 15 -16 24 -18 26 -20 22 21 -23 -24 -25 -26 -27 27 -29 -30 -31
leaf_value=-0.0030093054841719572 -0.0033246013660842497 -0.012676742255665988 -0.00045188607276666723 0.0052478146457131227 -0.00095210540987762649 0.013922539305927187 0.0039329781257632342 0.0083979795396790253 -0.0050290878626067514 0.0063351208211894763 -0.0016839406736520531 -0.00037655458426231 0.0065266390739792445 0.00090168654289069341 0.0056673996689075102 2.4757332700008202e-05 -0.00061441875387854741 0.0039217607874651537 -0.0080297553914047953 -0.0018545980012388806 -0.0070324131083319905 0.0019375478627878546 -0.00042341048135730594 -0.0068075765111632429 0.0064002033810436594 -0.0062913640143425938 0.00063658147510827488 -0.01055513755236856 -0.0035634342371378852 0.003742701526739136
leaf_weight=1151.3751555234194 2976.8121537417173 677.77997608482838 9278.9211445301771 9158.5015589445829 1870.1454575061798 330.83346289396286 3609.2766499370337 2827.1016971766949 2823.4156613945961 1061.6276235580444 8037.5958120375872 13327.457442104816 942.95181365311146 2796.0289355814457 1478.4130265414715 1438.982334792614 4615.91290974617 2774.1931245476007 593.46197921037674 2260.2495369464159 1465.7575268745422 716.59481313824654 1612.2445265650749 7792.7421720176935 2575.9223743826151 2262.808950394392 5098.5846118330956 586.57367898523808 581.29766975343227 2671.798160687089
leaf_count=4617 11946 2744 37297 36927 7487 1327 14450 11380 11388 4264 32219 53362 3787 11199 5941 5782 18515 11126 2378 9109 5883 2876 6482 31415 10358 9168 20423 2356 2335 10728
internal_value=-2.65807e-05 -0.00102115 -0.00238063 0.002332 0.000277894 5.69384e-05 0.00144373 0.00468126 -0.00333439 -0.00121054 -0.00150765 0.000543601 -0.00445787 0.0037643 0.000493596 0.00192474 0.00069391 -0.000179615 -0.00068113 -0.00408747 -0.00130705 -0.00409164 -0.00496907 -0.00569693 0.00412092 -0.00270123 0.000929711 -0.000534645 0.00268048 0.00170674
internal_weight=99395.4 69917.9 34160.3 29477.5 35757.6 9609.75 21634 4697.25 24550.6 8500.96 14123.6 16936.7 16049.6 16562.9 12914.6 7404.4 5677.54 11436.2 3389.49 15371.8 3706.6 2182.35 11665.2 10053 4014.9 10300.4 8459.35 5685.16 1524.25 3823.17
internal_count=399269 280833 137422 118436 143411 38624 86679 18867 98798 34167 56732 67812 64631 66644 51792 29717 22779 45851 13577 61887 14881 8759 47006 40524 16140 41387 33905 22779 6122 15345
is_linear=0
shrinkage=0.05


Tree=29
num_leaves=31
num_cat=0
split_feature=23 25 28 35 72 39 29 93 3 29 86 21 89 87 0 22 72 33 45 55 65 41 45 72 16 52 57 10 87 0
split_gain=74.3679 37.9612 28.5177 28.2823 23.717 23.1963 21.8233 21.5181 20.8362 17.2279 16.6637 16.4628 20.0893 17.5419 16.255 16.1489 20.1835 15.9932 15.5446 15.2327 15.0349 14.8901 14.7881 14.6593 17.66 18.9607 14.444 18.3336 14.2173 19.5252
threshold=0.24178900000000003 0.37268050000000003 0.30830000000000007 0.14002450000000002 3.5000000000000004 0.037289542654493427 0.59204650000000014 -0.0084753999999999923 1.5000000000000002 0.44004350000000009 -0.10668099999999996 915.50000000000011 0.5635958000000002 -0.064802499999999999 9.5000000000000018 0.43777050000000006 4.5000000000000009 500.50000000000006 9.5047944957740569 1723.2964625141628 1.0000000180025095e-35 0.073067384015397377 30.423256693363111 5.5000000000000009 1.425 123.10106393500085 10.751173186744492 -2.4999999999999996 -0.0062644999999999776 5.5000000000000009
decision_type=8 10 10 10 2 10 10 10 2 8 8 2 10 10 2 10 2 2 8 10 2 10 10 2 2 10 10 2 10 2
left_child=1 6 -2 17 20 23 8 9 -1 -7 -10 -9 13 -13 15 -6 19 -4 26 -17 -5 -8 -12 24 -3 -26 -18 -28 29 -21
right_child=2 5 3 4 14 7 21 11 10 -11 22 12 -14 -15 -16 16 18 -19 -20 28 -22 -23 -24 -25 25 -27 27 -29 -30 -31
leaf_value=0.0025932803208462479 -0.0075297461944728436 0.0016146874385005233 -0.0030607604871096122 -0.0033345363101352252 -0.0052717902933066161 -0.009727146454896687 0.0033811562391361351 -0.0075618560429925935 -0.0057266471232318983 0.0025733683241891056 0.0011834115900477898 -0.00059818715004118295 0.0058850374452874624 -0.0058295175368482666 0.0050477394680551804 0.0046018882032970122 -0.0019084380811907051 0.0022818240210476792 -0.0012870290704271115 0.011284798427959148 -0.009626262895548212 0.0086910429765123063 -0.010867685091003568 -0.00065358087497817299 -0.001745340565687958 0.011429736683538432 0.00017475149060584551 -0.014926676986575398 -0.0063707499893073246 -0.0026571109133587743
leaf_weight=21681.632396191359 1802.6397675275803 4159.1853134632111 1707.4867147803307 3450.5520826131105 2541.6423277109861 300.84927871823311 3978.0325531512499 1603.8058543801308 1265.7376925200224 3391.0763368159533 5310.8696198314428 3727.272352129221 722.53430067002773 2804.4738522320986 975.75283162295818 2437.1621604412794 1067.0353053063154 7604.0395473241806 16831.47906075418 382.77690950036049 1310.956331551075 1984.8339545428753 257.38381007313728 4154.212445884943 363.95356975495815 1055.3956280946732 286.92550054192543 659.16949537396431 803.19174994528294 688.56017361581326
leaf_count=86967 7300 16656 6865 13927 10302 1211 16113 6439 5069 13592 21300 14968 2894 11244 3920 9765 4288 30552 67537 1539 5309 8057 1032 16660 1458 4226 1157 2658 3221 2763
internal_value=0.000187417 0.00137195 -0.00139272 -0.00111943 -0.00183626 -0.000236473 0.00241121 -0.00165656 0.00183476 0.00154745 -0.000572 -0.00299219 -0.00197289 -0.00284979 -0.00125493 -0.00149612 -0.0010796 0.0012999 -0.00178564 0.00200319 -0.00508334 0.00516023 0.000607885 0.0015945 0.00326677 0.00806277 -0.00592747 -0.0103929 -0.00138198 0.00238247
internal_weight=99310.6 56761.2 42549.4 40746.7 31435.2 22282.8 34478.5 12550 28515.6 3691.93 6833.99 8858.09 7254.28 6531.75 26673.7 25697.9 23156.3 9311.53 18844.6 4311.69 4761.51 5962.87 5568.25 9732.75 5578.53 1419.35 2013.13 946.095 1874.53 1071.34
internal_count=398989 227886 171103 163803 126386 89348 138538 50348 114368 14803 27401 35545 29106 26212 107150 103230 92928 37417 75640 17288 19236 24170 22332 39000 22340 5684 8103 3815 7523 4302
is_linear=0
shrinkage=0.05


Tree=30
num_leaves=31
num_cat=0
split_feature=84 61 71 20 54 19 20 20 47 68 20 39 37 97 34 23 55 36 94 79 16 88 55 19 89 21 48 20 53 37
split_gain=76.3127 46.9888 42.8695 36.6073 29.4163 27.9403 32.652 30.3643 27.2736 25.273 24.6805 24.0723 23.4532 23.7858 21.6497 20.155 19.7512 18.3879 22.8611 18.2445 18.1855 18.0604 18.047 18.0376 17.7651 17.5487 17.5412 17.5019 19.1562 18.796
threshold=0.52715647958821454 1.0000000180025095e-35 1.0000000180025095e-35 13.500000000000002 135.06385033869097 13.500000000000002 13.500000000000002 12.500000000000002 1.6843399995676289 1.0000000180025095e-35 12.500000000000002 0.044484211869444075 0.36432550000000002 0.91617182900699712 0.48304200000000003 0.20823550000000005 1598.5073123895679 0.50930500000000012 0.41519250000000008 61.45000000000001 0.03500000000000001 0.0043850000000000009 1402.7233300733585 18.500000000000004 0.62940070000000004 4131.5000000000009 0.82859243408235939 13.500000000000002 2305.9444512356658 0.17050750000000001
decision_type=2 2 2 2 8 2 2 2 8 2 2 10 10 2 8 8 10 10 10 2 2 10 8 2 10 2 10 2 10 8
left_child=2 3 5 10 23 8 7 -7 16 11 25 15 13 -8 -9 -4 -1 18 -13 -10 -16 -6 -22 -5 -23 -2 -19 28 29 -17
right_child=1 -3 9 4 21 6 12 14 19 -11 -12 17 -14 -15 20 27 -18 26 -20 -21 22 24 -24 -25 -26 -27 -28 -29 -30 -31
leaf_value=0.020289942665261726 0.0068856730917983555 -0.0030372679379846914 0.0034285225529799529 0.0016957036325421231 0.0085261631362723335 -0.0019046629093599204 -0.0030271003081317844 -0.0053366614092427555 0.0034789353655670743 -0.00015066564982209294 0.0094082463964705529 0.0031805534769573326 -0.0042097969926668671 0.0013637127733866841 0.018975097078738738 0.0056662830991879524 0.0059158925224590845 -0.0099620056452682428 -0.0097480983521981493 -0.0028047395343359033 0.013964042757674501 -0.0011733633024416936 0.003770869592059912 -0.0017156881600033981 0.010019393077653378 -0.00078091698173321641 -0.00037724007696139211 -0.0039594648953527635 0.0038280076113462835 -0.0052303484101166621
leaf_weight=315.85890834033489 1410.5419985055923 4454.5568226128817 1332.7489995211363 17152.866560533643 2254.7670747488737 2577.0109047591686 5216.2751357406378 448.73907299339771 3632.2800650596619 8599.3341514468193 2794.8925860673189 905.067503079772 6076.5240100473166 7516.5155541151762 250.53263631463051 487.32085736095905 952.45885802805424 2905.3252250999212 536.32926267385483 1682.9026794582605 499.2680012434721 1327.8466767221689 3062.9291777461767 4996.0299607664347 472.80438748002052 1569.0472278892994 571.77514918148518 11540.567665055394 1732.0595586746931 1946.3449913561344
leaf_count=1275 5669 17872 5345 68876 9125 10336 20930 1801 14572 34577 11231 3630 24387 30129 1004 1961 3831 11747 2170 6751 1999 5365 12275 20012 1928 6297 2300 46479 6967 7841
internal_value=-5.10442e-05 0.00176902 -0.00110727 0.00243927 0.00164383 0.00016489 -0.0005812 0.0023753 0.00306796 -0.00244875 0.00603985 -0.00334828 -0.00165678 -0.000436047 0.00496189 -0.00245622 0.00962629 -0.00642736 -0.00166409 0.00148786 0.00618477 0.00555352 0.00523461 0.000925784 0.00180467 0.00285935 -0.00839149 -0.00295743 -0.000178601 -0.00303413
internal_weight=99221.5 36433.4 62788.2 31978.8 26204.3 32231.3 25647.8 6838.48 6583.5 30556.9 5774.48 21957.5 18809.3 12732.8 4261.47 17039 1268.32 4918.5 1441.4 5315.18 3812.73 4055.42 3562.2 22148.9 1800.65 2979.59 3477.1 15706.3 4165.73 2433.67
internal_count=398682 146375 252307 128503 105306 129290 102861 27415 26429 123017 23197 88440 75446 51059 17079 68593 5106 19847 5800 21323 15278 16418 14274 88888 7293 11966 14047 63248 16769 9802
is_linear=0
shrinkage=0.05


Tree=31
num_leaves=31
num_cat=0
split_feature=25 89 20 23 25 20 71 37 23 40 27 92 37 20 20 95 61 57 15 37 88 61 32 36 19 20 55 53 38 44
split_gain=80.1727 37.9306 31.3858 25.3614 24.4389 29.4969 20.2247 22.7203 27.9672 19.3458 18.5058 17.5135 17.108 16.736 16.5838 18.2156 16.5023 16.2424 17.0679 15.98 15.5708 15.3111 16.1828 25.7184 14.8694 14.8679 15.7983 26.6984 15.7554 14.4937
threshold=0.37575950000000008 0.52746565000000023 13.500000000000002 0.29010050000000004 0.41892100000000004 13.500000000000002 1.0000000180025095e-35 0.28862550000000003 0.20283800000000002 0.078546706391391732 0.12771750000000001 -0.044031000000000001 0.47228450000000005 12.500000000000002 12.500000000000002 0.036006500000000004 1.0000000180025095e-35 11.349566477417271 88.850000000000009 0.32240450000000004 0.025234500000000024 1.0000000180025095e-35 0.16147750000000002 0.40703050000000002 19.500000000000004 12.500000000000002 1371.1375841852571 2491.3420226874618 0.040747600000000002 42.33819201792658
decision_type=8 10 2 8 10 2 2 10 10 10 8 10 10 2 2 10 2 8 2 10 8 2 10 10 2 2 8 8 10 10
left_child=1 2 25 4 5 14 7 -3 11 12 -7 -9 -8 -5 15 -2 -16 -6 24 -11 -17 22 23 -4 -19 26 -1 -28 -27 -12
right_child=3 6 21 13 17 10 9 8 -10 19 29 -13 -14 -15 16 20 -18 18 -20 -21 -22 -23 -24 -25 -26 28 27 -29 -30 -31
leaf_value=0.0093374192975403392 0.0025254160050962649 0.0059906066504394695 -0.012393930173935306 -0.011792609761866586 -0.0078477654556885872 -0.013561624088695087 -0.00029106438943695594 0.015789283328377365 -0.0012291856364284295 0.0070025945643663393 -0.0014823378231181186 0.0039826328978529541 0.010892638274199772 -0.0034633120744240464 0.0066335302428278294 -0.0079570909707157092 0.00072477804056857251 -0.0018409944110422171 -0.0081125310860643927 -0.0036544358494395332 0.0057145612534402427 -0.0080667050625738597 -0.0014519893986086158 0.0018698774087122427 0.0081207267746793554 -0.0053179263517957234 -0.0057821853223532288 0.0042050320836913161 0.0059137863389528275 0.0066089242698056556
leaf_weight=414.9487793892622 1779.7650847434998 7032.2784462273121 319.52924355864525 647.52503308653831 1951.6328405886889 300.89014673233032 8750.3451693207026 371.90077537298203 3286.7238782793283 2012.735665038228 21450.066533908248 1844.5446861088276 345.84544566273689 7647.8973018229008 2604.8452756404877 1035.6328055858612 2160.9297107160091 1697.263374581933 812.31700883805752 419.23063960671425 252.34724441170692 684.59464862942696 16108.510234445333 7747.0283857434988 469.91383811831474 332.90408307313919 1398.7527329623699 1265.0193078219891 3743.0785150080919 558.37173376977444
leaf_count=1661 7140 28364 1279 2629 7858 1212 35201 1512 13194 8114 86104 7451 1391 30994 10440 4156 8665 6818 3266 1681 1011 2748 64561 31053 1889 1337 5604 5069 14999 2243
internal_value=-2.81326e-05 0.00122026 9.26998e-05 -0.00164225 -0.00105359 -0.000519119 0.00271971 0.00410915 0.00169841 0.00120661 -0.00144587 0.00602571 0.000145645 -0.0041269 0.00211869 -0.000747656 0.00396147 -0.00431305 -0.00197923 0.00515806 -0.00525509 -0.000747355 -0.000536834 0.00129022 0.000346406 0.00300852 0.00038325 -0.00104129 0.00498567 -0.00127415
internal_weight=99447.4 56078 32014.4 43369.4 35074 30142.8 24063.6 12535.4 5503.17 11528.2 22309.3 2216.45 9096.19 8295.42 7833.52 3067.75 4765.77 4931.13 2979.49 2431.97 1287.98 24859.7 24175.1 8066.56 2167.18 7154.7 3078.72 2663.77 4075.98 22008.4
internal_count=399644 225219 128311 174425 140802 120971 96908 50521 22157 46387 89559 8963 36592 33623 31412 12307 19105 19831 11973 9795 5167 99641 96893 32332 8707 28670 12334 10673 16336 88347
is_linear=0
shrinkage=0.05


Tree=32
num_leaves=31
num_cat=0
split_feature=71 64 29 22 33 37 27 88 52 24 45 55 55 21 48 2 87 47 55 26 43 43 43 24 36 4 38 44 44 27
split_gain=66.197 58.1911 37.0568 33.6097 27.0195 26.426 25.672 26.3176 23.2867 22.1271 19.227 18.5477 17.2606 16.8189 16.5931 16.0264 20.2559 15.9286 15.8077 17.7148 18.8162 17.5418 18.9031 16.3932 15.9664 15.4345 25.5875 21.608 17.1405 15.3255
threshold=1.0000000180025095e-35 9.5000000000000018 0.47831050000000003 0.49343550000000008 634.50000000000011 0.29555350000000008 0.51530800000000021 -0.021491499999999993 131.75389813149175 0.15712850000000003 -8.7075194900437953 1271.8163109422881 2045.3225104154587 240.50000000000003 0.54189478046455952 6.5000000000000009 -0.033309499999999985 1.7188537285642207 1785.4969300004941 0.40873100000000001 2238.7853423073334 2174.1403988867246 2114.5445557937551 0.17452300000000004 0.42792450000000004 1.5000000000000002 0.045632600000000002 20.041140563781138 21.564281697975428 0.33498350000000005
decision_type=2 2 10 10 2 10 10 10 10 10 8 8 10 2 10 2 10 10 10 8 8 10 10 10 8 2 10 10 8 8
left_child=2 3 18 9 -5 6 7 -4 -3 -2 -6 17 13 -8 25 -16 -17 -12 19 20 -1 22 -20 24 -21 26 -7 -27 -28 -11
right_child=1 8 5 4 10 14 12 -9 -10 29 11 -13 -14 -15 15 16 -18 -19 21 23 -22 -23 -24 -25 -26 27 28 -29 -30 -31
leaf_value=-0.0095158646382401801 -0.0049743704398551138 -0.0094345651589002877 0.0059680872382948495 -0.0039065244365859286 -0.0029993315854535277 -0.0049244716740215388 -0.0029860213744284281 -0.00084132498694907971 0.0023400361776422635 -0.0063594143557106717 0.0022230631037648894 0.00154366043593338 -0.00086374933894699496 0.0064782103724576184 -0.0049719373101441595 0.012339028521557778 -0.0023076065695305527 -0.006138969708679342 -0.003283891774176686 -0.0055632013270893454 0.00015098221187393398 -0.0044520554972669671 0.0089880051563688002 -0.0020138870293675507 0.002759799988674106 -0.0066875072279685109 0.007702664911775345 0.001740527507563193 0.0022979246632187341 3.3304981830042119e-05
leaf_weight=850.14396779239178 6637.9784132838249 2824.3285848498344 2045.0836963504553 3763.3032020330429 3256.4480157643557 933.25293129682541 490.90140721201897 4577.660802334547 488.8189433068037 1100.3586895465851 896.72873403131962 21983.610524326563 1027.3386739641428 8610.7308835685253 2081.448876708746 344.38487249612808 699.76179479062557 1530.9040751904249 677.45794029533863 608.66695553064346 1212.9354440867901 3915.9683507680893 568.54979391396046 3075.9726556390524 8538.945970878005 1159.3265859335661 2045.0077767521143 2166.8861451297998 5178.2997779548168 6022.4803537428379
leaf_count=3414 26840 11389 8192 15124 13080 3741 1969 18346 1968 4464 3599 88291 4119 34676 8351 1380 2808 6148 2715 2437 4885 15762 2278 12357 34233 4646 8220 8695 20762 24270
internal_value=1.14612e-05 -0.00130958 0.00127261 -0.000839804 6.26302e-05 0.00233573 0.00369058 0.00126723 -0.00769554 -0.0028996 0.000603723 0.0010854 0.00527225 0.00596504 0.000780644 -0.00244408 0.00259443 -0.00305372 -0.000441949 0.000415232 -0.00385917 -0.00281056 0.00234272 0.00113923 0.00220053 0.00165977 0.00282938 -0.00120824 0.00383661 -0.000961794
internal_weight=99313.7 48505 50808.7 45191.8 31431 31360.1 16751.7 6622.74 3313.15 13760.8 27667.7 24411.2 10129 9101.63 14608.4 3125.6 1044.15 2427.63 19448.6 14286.7 2063.08 5161.98 1246.01 12223.6 9147.61 11482.8 8156.56 3326.21 7223.31 7122.84
internal_count=399159 195173 203986 181816 126242 125905 67302 26538 13357 55574 111118 98038 40764 36645 58603 12539 4188 9747 78081 57326 8299 20755 4993 49027 36670 46064 32723 13341 28982 28734
is_linear=0
shrinkage=0.05


Tree=33
num_leaves=31
num_cat=0
split_feature=71 64 19 23 83 20 20 37 0 61 29 44 36 37 42 97 37 44 19 61 65 57 84 52 51 0 16 53 38 1
split_gain=57.4552 43.3546 38.6934 37.7158 34.3159 29.6796 43.1212 35.2821 28.9632 23.9942 21.2578 26.5134 27.0333 20.8881 19.242 18.8044 18.6897 23.1011 18.5546 22.9096 27.236 20.7162 18.1208 17.8894 17.4118 17.3692 17.3679 16.5917 17.9662 16.5603
threshold=1.0000000180025095e-35 8.5000000000000018 13.500000000000002 0.25700550000000005 0.57445731295578994 13.500000000000002 12.500000000000002 0.36432550000000002 4.5000000000000009 1.0000000180025095e-35 0.59828750000000019 18.544856522776929 0.65812550000000014 0.30675500000000006 131.70338299292425 0.94297577935515897 0.26682350000000005 32.81735091951932 12.500000000000002 1.0000000180025095e-35 1.0000000180025095e-35 9.1472636077154128 0.57106088128829591 131.75389813149175 2157.3243965025436 4.5000000000000009 0.76500000000000012 2420.7372646205786 0.17407500000000004 4.5000000000000009
decision_type=2 2 2 8 2 2 2 10 2 2 8 10 10 8 10 2 8 10 2 2 2 8 2 10 8 2 2 10 10 2
left_child=2 3 8 10 5 6 29 15 13 25 11 22 14 -1 -13 -7 -5 -18 27 21 -21 -20 -2 -3 -12 -8 -15 28 -10 -4
right_child=1 23 4 16 -6 7 9 -9 18 -11 24 12 -14 26 -16 -17 17 -19 19 20 -22 -23 -24 -25 -26 -27 -28 -29 -30 -31
leaf_value=0.0030519054974529019 0.001649385017286859 -0.0077618925756624789 -0.0043088644638354439 -0.00027791164624510896 0.0056845754934333392 -0.001566110450534096 0.00094633359150820325 -0.0037897562915181326 -0.0014497110582894616 2.8437436435199557e-05 -0.0044837439769786439 -0.0069226241930689077 -0.0077148877345511544 -0.013162260308108152 -0.00034921673242058562 0.0016039710998733794 -0.0032217114658786546 -0.010191457289969827 0.022760756800408701 -0.0012069753652035279 0.011025255741894292 0.0079920695596595939 0.012876052894247383 0.0017632649079457664 0.0048838391909459752 0.0089434831663816935 -0.00080932856711810389 0.0079154593612379819 0.0080376438050069783 0.0030323018346795549
leaf_weight=1308.7261520773172 6729.1807321459055 3290.9360183924437 2380.6892582327127 4280.4211827665567 2792.9967796057463 8188.0054297745228 871.05078798532486 7568.2865839153528 2501.887793764472 1647.5620309412479 571.79957793653011 1180.4623142182827 1509.6035140901804 491.30738498270512 17196.644661411643 10885.21206125617 7995.2868347913027 1391.4044081568718 250.06451831758022 1487.6493641883135 644.56212113797665 3319.4821509420872 370.12874411046505 575.59299935400486 3422.30267983675 3110.3039969950914 661.32054284214973 963.83116459846497 612.74441424012184 1123.4632845968008
leaf_count=5266 26968 13276 9548 17251 11287 32873 3493 30367 10027 6606 2296 4742 6097 1974 69040 43613 32291 5642 1012 5961 2584 13399 1493 2317 13822 12469 2657 3874 2492 4508
internal_value=-4.02381e-05 -0.00127079 0.00113474 -0.000830207 0.00035704 -6.03639e-05 0.00239779 -0.000903635 0.00358264 0.00510511 0.000135227 -0.000369072 -0.00130542 -0.00126126 -0.000774998 0.000242969 -0.00301712 -0.00426459 0.00480173 0.00664205 0.002525 0.00908738 0.00225199 -0.00634303 0.00353492 0.0072006 -0.00614269 0.00221898 0.000436495 -0.00195329
internal_weight=99322.9 48513.8 50809.1 44647.2 38567.6 35774.6 9133.07 26641.5 12241.6 5628.92 30980.1 26986 19886.7 2461.35 18377.1 19073.2 13667.1 9386.69 9780.22 5701.76 2132.21 3569.55 7099.31 3866.53 3994.1 3981.35 1152.63 4078.46 3114.63 3504.15
internal_count=399245 195235 204010 179642 154764 143477 36624 106853 49246 22568 124458 108340 79879 9897 73782 76486 55184 37933 39349 22956 8545 14411 28461 15593 16118 15962 4631 16393 12519 14056
is_linear=0
shrinkage=0.05


Tree=34
num_leaves=31
num_cat=0
split_feature=22 71 3 55 37 45 34 53 48 26 70 38 40 20 45 65 79 52 42 26 84 98 47 55 24 34 36 32 78 20
split_gain=49.9566 37.982 37.6172 26.5583 34.9715 25.2646 24.5416 22.8524 27.15 22.7857 21.3022 20.2599 18.4707 16.6786 15.9606 17.2758 21.1751 18.2461 15.6389 15.5232 17.8276 17.336 18.8071 16.6034 18.3546 15.2018 16.7376 15.1808 15.1428 15.0327
threshold=0.47925850000000009 1.0000000180025095e-35 2.5000000000000004 2188.7866949641207 0.30675500000000006 -8.7075194900437953 0.48840100000000003 2257.2632202480359 0.42203941974633991 0.40763250000000006 1.5000000000000002 0.11718850000000001 0.11889003474764386 13.500000000000002 28.748077810188789 -1.0000000180025095e-35 50.850000000000001 127.12172084418016 141.47302148462262 0.49953350000000002 0.49444234793424641 0.018115976733502685 1.8289910834101561 1527.8550540974854 0.15149150000000003 0.51280450000000011 0.5981080000000002 0.24698650000000003 0.68056519372817059 19.500000000000004
decision_type=10 2 2 10 10 8 8 8 10 10 2 10 10 2 10 2 2 8 10 10 2 2 10 8 10 10 10 8 2 2
left_child=14 3 5 4 19 29 -7 8 11 -6 -11 -8 13 28 15 25 -17 -18 27 20 -2 22 -22 24 -23 26 -1 -19 -9 -3
right_child=1 2 -4 -5 9 6 7 12 -10 10 -12 -13 -14 -15 -16 16 17 18 -20 -21 21 23 -24 -25 -26 -27 -28 -29 -30 -31
leaf_value=1.719190809110359e-05 0.010790696489377158 -0.0024261705169392688 -0.0060121295948031613 -0.005670960495773412 -0.0069895808624367553 -0.0042384873793706928 -0.0025829518621279593 0.0017823471917249483 -0.0032286060082868714 0.0024344559387602278 -0.0011420452401550416 0.0045219636825379215 0.010488659083576471 0.00060116278480611672 0.0061772987277315498 -0.0018004733265095199 0.0011657059079269092 -0.0085295528136283116 0.0022440248324371854 -0.0021918711186743674 0.0027771748715006549 0.0046153686458373418 -0.0027391293627286976 0.006330018557762016 -0.0039068829563511133 0.0020035411532645818 -0.0096802683504936121 0.0013303294433915647 0.0076631130701758157 -0.010275135312028861
leaf_weight=1185.5709663927555 790.1387814283371 3503.6898302435875 2988.5523326247931 1223.1865366101265 1045.7215040922165 2705.9136318564415 1572.8840851187706 2789.9251700043678 6231.3111369013786 8040.7898652553558 8613.5622969269753 2736.053913757205 582.35203894972801 13120.729667186737 529.58696612715721 8288.1257527917624 829.8928167372942 4302.6829786896706 432.8234047293663 1281.9260594844818 9040.5791162401438 1785.3504904508591 1854.8358562588692 5901.0265985876322 965.70951768755913 3259.7423983365297 702.2463061362505 426.48980651795864 1800.4663672894239 731.62640951573849
leaf_count=4779 3167 14091 12026 4899 4193 10874 6325 11199 25031 32252 34542 10997 2345 52709 2130 33483 3353 17389 1746 5140 36244 7211 7437 23754 3871 13146 2839 1724 7227 2945
internal_value=-7.65397e-05 0.000486204 -0.000632776 0.00155597 0.00178217 -0.000181843 0.000305483 0.000733235 -0.00112051 0.000133921 0.000585129 0.00192849 0.00180135 0.00150995 -0.00231191 -0.00254638 -0.00344103 -0.00570351 -0.00680799 0.00313092 0.00346734 0.00316595 0.00183643 0.00483615 0.00162047 -6.26494e-05 -0.00362215 -0.00763943 0.00410057 -0.00380304
internal_weight=99263.5 79306.3 38763.5 40542.8 39319.6 35775 31539.6 28833.7 10540.2 17700.1 16654.4 4308.94 18293.5 17711.1 19957.2 19427.6 14280 5991.89 5162 21619.6 20337.6 19547.5 10895.4 8652.09 2751.06 5147.56 1887.82 4729.17 4590.39 4235.32
internal_count=399068 318479 155769 162710 157811 143743 126707 115833 42353 70987 66794 17322 73480 71135 80589 78459 57695 24212 20859 86824 81684 78517 43681 34836 11082 20764 7618 19113 18426 17036
is_linear=0
shrinkage=0.05


Tree=35
num_leaves=31
num_cat=0
split_feature=22 64 25 20 20 49 45 22 21 27 79 50 7 42 49 44 43 51 91 85 68 44 79 47 39 93 21 16 45 71
split_gain=45.9735 30.5527 33.3807 33.2947 27.6643 21.3517 20.9225 20.6834 20.3991 19.8368 27.1741 23.0146 19.6134 18.7873 18.661 18.0991 19.1551 22.0672 16.8834 15.3299 14.2011 20.018 16.8576 13.9615 13.5223 15.5604 20.2143 13.4537 13.3761 15.5011
threshold=0.48469750000000006 9.5000000000000018 0.41799050000000004 13.500000000000002 12.500000000000002 132.37259777091901 16.856444169114013 0.58775000000000011 466.50000000000006 0.59906550000000014 92.550000000000011 142.76808482910872 1.0000000180025095e-35 140.35594650195668 128.40321880347005 24.757465181154945 2114.5445557937551 2296.3572377432743 0.10986850000000002 0.51427327292387559 1.0000000180025095e-35 43.233883198591251 52.550000000000004 1.81217012322205 0.034193333134632672 -0.0070875000000000096 8484.5000000000018 0.055000000000000007 31.467253261318465 1.0000000180025095e-35
decision_type=8 2 10 2 2 10 8 8 2 10 2 8 2 10 10 10 10 10 10 2 2 10 2 8 10 10 2 2 10 2
left_child=5 2 3 4 9 20 -4 12 -6 10 11 -2 -5 24 28 -10 -17 -18 -9 -8 21 22 -1 -24 -14 26 -26 -15 29 -3
right_child=1 14 6 7 8 -7 19 18 15 -11 -12 -13 13 27 -16 16 17 -19 -20 -21 -22 -23 23 -25 25 -27 -28 -29 -30 -31
leaf_value=-0.0018588759606565414 -0.0034904697435435071 -0.0006601649175492154 -0.0070775612226727392 0.0016098745631214285 -0.0013217993571405329 0.0070235211839983491 -0.0077934621758177086 0.0042961011343844438 0.0087968972535098968 0.0060159512788703056 -0.010959850164739063 0.0035391424240206158 0.0014057392929658422 0.0067102570468988753 0.0045907618785943505 0.0088283900675573315 -0.0033555055422648757 0.0056478864644009001 -0.0043887882454213952 0.0048387286473146329 -0.00010590234081886857 0.0088319537749642196 -0.0074349101361726221 -0.0028362848939710692 7.0742293856344986e-05 -0.0019461965812708406 0.0089727345644743921 -0.0048998636327238533 -0.014413857995549532 -0.0066872115756054689
leaf_weight=10116.517440080643 1976.9131308346987 2274.338330835104 2068.1947196274996 15591.599439665675 1070.1129666268826 641.78385305404663 324.83921593427658 5112.5709229111671 3298.153041139245 1431.0948698669672 555.43684397637844 2802.9273477941751 9411.4906518310308 261.71737000346184 683.54338893294334 1265.242486461997 1282.7842150330544 1428.1995756924152 620.09128752350807 840.77112300693989 6205.9428655356169 346.82514436542988 3259.6697243452072 3373.5059095025063 4757.9757821857929 12059.045455023646 726.44221842288971 3233.2717116773129 291.64143967628479 2003.4324429482222
leaf_count=40843 7928 9120 8323 62584 4291 2584 1303 20677 13235 5758 2228 11245 37781 1053 2749 5079 5144 5737 2501 3372 25012 1398 13191 13599 19087 48362 2937 12975 1170 8062
internal_value=2.04686e-06 0.000608403 0.000884069 0.00112415 0.00318828 -0.0019061 -0.00406974 0.000521215 0.00511305 0.000810543 -0.000594359 0.00063052 0.000168267 -0.000570181 -0.003066 0.00606018 0.00377379 0.00139098 0.00335067 0.00128197 -0.00215494 -0.00289824 -0.00314625 -0.00510393 -0.000122358 -0.000942466 0.00126405 -0.00401379 -0.00421891 -0.00349186
internal_weight=99316.1 75371.8 70118.9 66885.1 15110.9 23944.2 3233.81 51774.2 8344.49 6766.37 5335.28 4779.84 46041.5 30449.9 5252.96 7274.38 3976.23 2710.98 5732.66 1165.61 23302.5 17096.5 16749.7 6633.18 26955 17543.5 5484.42 3494.99 4569.41 4277.77
internal_count=399328 302701 281600 268602 60645 96627 12998 207957 33486 27159 21401 19173 184779 122195 21101 29195 15960 10881 23178 4675 94043 69031 67633 26790 108167 70386 22024 14028 18352 17182
is_linear=0
shrinkage=0.05


Tree=36
num_leaves=31
num_cat=0
split_feature=94 35 49 71 65 19 21 64 38 38 35 42 35 95 94 44 55 39 65 91 44 40 54 28 47 33 28 4 71 65
split_gain=59.6704 33.3976 29.2116 27.761 25.4446 23.4588 20.3984 22.2641 19.5737 18.2237 18.0101 19.4292 17.7477 16.634 15.763 19.5878 15.4628 18.624 15.8441 15.0247 14.9723 14.7697 13.7337 13.6594 13.4326 14.9449 13.1944 15.1772 13.0613 12.9901
threshold=0.36907000000000006 0.13450950000000003 126.63863926336229 1.0000000180025095e-35 1.0000000180025095e-35 13.500000000000002 446.50000000000006 10.500000000000002 0.16253350000000003 0.060683050000000009 0.17538850000000003 145.09249437257921 0.13984550000000004 -0.014477499999999975 0.48130350000000005 27.082594114546559 1672.6890011135672 0.04906121123305409 -1.0000000180025095e-35 -0.060827449999999984 26.426853997846219 0.071816126765265664 127.3755276673149 0.32515050000000006 1.7600946192868279 7168.5000000000009 0.39384450000000004 1.5000000000000002 1.0000000180025095e-35 -1.4999999999999998
decision_type=8 8 8 2 2 2 2 2 10 10 10 10 10 10 10 10 10 10 2 10 10 8 8 10 10 2 10 2 2 2
left_child=2 13 6 9 8 21 -1 16 10 -4 11 20 -7 28 15 22 17 18 -8 -12 -3 -6 -14 -15 -5 -26 27 -22 -2 -11
right_child=1 4 3 24 5 12 7 -9 -10 29 19 -13 14 23 -16 -17 -18 -19 -20 -21 26 -23 -24 -25 25 -27 -28 -29 -30 -31
leaf_value=-0.0045364877028739722 0.0031445655246439465 -5.6098738596493635e-05 -0.0012818396504369772 0.0030538217883739104 0.0049630881081287994 0.0019880199977008531 0.0040542302648052192 -0.0064714105378679406 0.00081608839625217373 -0.001907374654837396 -0.015698337594785661 0.012066407553108137 -0.0079842684978119628 -0.006990270217160509 -0.010616463938491329 -0.0064986767870419508 0.0030757659657136135 -0.0059467614010319352 -0.00040672868318626551 -0.0039722284855180671 -0.0089786678961365652 -0.0021998792193350936 -0.001048018734246102 0.0036471455621711873 -0.0036210064734018264 0.0038330934410124862 -0.0017113180556945576 -4.6038233330752382e-06 -0.0066021110358522195 0.0069615862419954242
leaf_weight=1768.2602928578854 561.30741009116173 11696.734243065119 865.9425300359726 4353.5091125816107 1323.1417837291956 1147.9835570752621 2794.8818231523037 926.56672455370426 15785.701040640473 436.88541953265667 343.10244622826576 267.31763784587383 823.5618332028389 307.01161268353462 963.66704896092415 4288.4975919276476 8100.0284572839737 1101.1416144818068 6849.6835985183716 1260.0206569582224 1481.0516158044338 1554.9775852710009 4992.5338569283485 6681.9543679058552 2105.7089467048645 976.31204913556576 7379.7043554782867 688.80000345408916 857.87758284807205 6471.4384775161743
leaf_count=7102 2254 46990 3475 17538 5328 4616 11210 3718 63334 1766 1381 1080 3310 1241 3938 17257 32540 4423 27473 5073 6007 6274 20044 26828 8480 3933 29696 2794 3483 26137
internal_value=0.000180508 -0.000760736 0.00177858 0.00345543 -0.00121723 -0.002959 0.000593511 0.00105435 -0.000540824 0.00554271 -0.00146737 -0.00108474 -0.00391514 0.00216879 -0.00452865 -0.00393814 0.0014276 0.000183522 0.000888865 -0.00656362 -0.0012558 0.00109889 -0.00204221 0.00317054 0.00126855 -0.00125496 -0.00272366 -0.00614302 -0.00275214 0.00639876
internal_weight=99155.3 62404.9 36750.4 15209.8 53996.8 15094.4 21540.6 19772.3 38902.4 7774.27 23116.7 21513.6 12216.2 8408.15 11068.3 10104.6 18845.7 10745.7 9644.57 1603.12 21246.3 2878.12 5816.1 6988.97 7435.53 3082.02 9549.56 2169.85 1419.18 6908.32
internal_count=398723 250928 147795 61329 217122 60767 86466 79364 156355 31378 93021 86567 49165 33806 44549 40611 75646 43106 38683 6454 85487 11602 23354 28069 29951 12413 38497 8801 5737 27903
is_linear=0
shrinkage=0.05


Tree=37
num_leaves=31
num_cat=0
split_feature=71 95 20 20 0 61 27 50 19 24 33 89 61 40 94 40 43 54 91 65 98 25 80 44 8 41 58 43 43 48
split_gain=48.3112 28.5079 28.0553 30.6977 40.3185 47.3814 29.2881 23.4352 22.006 21.4199 20.7688 19.3462 18.6526 23.0324 18.6708 25.8423 18.4339 18.9613 21.3568 18.2402 17.3946 16.9283 18.1611 16.0617 15.4451 19.1349 16.4254 15.5517 15.0347 14.4776
threshold=1.0000000180025095e-35 0.065502500000000033 13.500000000000002 12.500000000000002 4.5000000000000009 1.0000000180025095e-35 0.5022525000000001 134.44794900190001 13.500000000000002 0.16630800000000004 11250.500000000002 0.41038090000000005 1.0000000180025095e-35 0.07670149747026847 0.37998650000000006 0.078546706391391732 2273.6796589154151 132.5707636487744 0.011842500000000008 1.0000000180025095e-35 -0.013765551886394332 0.37711950000000005 8.1156702913790504 24.246570680779538 7.5000000000000009 0.062884244040733742 835.50000000000011 2249.2367400670742 2293.0066544130809 0.55840121100831219
decision_type=2 10 2 2 2 2 8 8 2 8 2 10 2 10 10 10 10 8 10 2 2 10 2 8 2 8 8 10 10 10
left_child=2 19 3 11 -5 23 10 -3 9 29 -4 -1 14 -14 15 20 -10 18 -18 -2 -9 22 -19 -6 26 -26 -16 -27 -17 -8
right_child=1 7 6 4 5 -7 8 12 16 -11 -12 -13 13 -15 24 28 17 21 -20 -21 -22 -23 -24 -25 25 27 -28 -29 -30 -31
leaf_value=-0.0079489088819868336 -0.0015108815170703617 0.010428797311705394 -0.00066070784234815419 -0.0019794931700902181 0.015265468993723712 0.00034469748895851255 0.0063660395914701094 0.010016842555951947 0.0017503872441546444 -0.0074925236319016882 -0.010072266302920553 0.0013340615727010343 -0.0022353798567916797 -0.019267015208995576 0.011252970717515159 0.0094726927042253131 -0.010628611783246689 0.010578544766476244 0.00086614856442845077 -0.0045973325625647586 -6.4966682522570363e-05 -0.0068388464735103949 -0.001533902658471094 0.0081421325252717339 0.0023558379700162474 -0.0040788864926529743 -0.00077768819333962123 -0.01368594019034829 0.00047134262633823109 -0.00065639357362986053
leaf_weight=644.42500533163548 16029.301179587841 516.80790412425995 18988.655357420444 1508.6924303025007 1148.6103354990482 1732.0036774128675 4421.0765311121941 437.6758259832859 10421.947697907686 345.74072161316872 594.94652789831161 3932.3704754263163 731.79214861989021 264.06759569048882 282.73100762069225 1388.9534599035978 1040.6027483940125 588.66809378564358 654.35710225999355 6825.8822619467974 9651.0439762473106 458.45335587859154 636.07733044028282 2706.3701786398888 687.48195526003838 1260.0373050421476 9210.4466952830553 633.42934474349022 695.66655288636684 877.52833113074303
leaf_count=2600 64608 2073 76212 6055 4616 6945 17887 1756 41831 1385 2388 15786 2935 1067 1139 5617 4175 2375 2623 27597 38806 1841 2559 10863 2759 5067 36986 2548 2791 3531
internal_value=-2.32181e-05 -0.00114927 0.00105653 0.00320612 0.00526312 0.00721893 0.000412981 -8.66188e-06 0.00178713 0.00441438 -0.000951624 1.25142e-05 -0.000226394 -0.00689823 5.0354e-05 0.00143155 0.000710152 -0.00249477 -0.00621189 -0.00243428 0.000381895 0.0012629 0.00432641 0.0102986 -0.00134223 -0.00476394 -0.00040792 -0.00734779 0.00648541 0.00520397
internal_weight=99315.8 48615.3 50700.5 11672.5 7095.68 5586.98 39028.1 25760.1 19444.5 5644.35 19583.6 4576.8 25243.3 995.86 24247.5 12173.3 13800.1 3378.16 1694.96 22855.2 10088.7 1683.2 1224.75 3854.98 12074.1 2580.95 9493.18 1893.47 2084.62 5298.6
internal_count=399421 195749 203672 46865 28479 22424 156807 103544 78207 22803 78600 18386 101471 4002 97469 48970 55404 13573 6798 92205 40562 6775 4934 15479 48499 10374 38125 7615 8408 21418
is_linear=0
shrinkage=0.05


Tree=38
num_leaves=31
num_cat=0
split_feature=89 26 21 72 19 35 83 34 64 54 64 23 41 44 95 38 44 45 40 64 46 38 58 47 45 79 54 32 26 90
split_gain=43.7767 31.1209 25.992 24.2689 21.5873 24.8902 24.6404 19.4524 18.5859 16.578 17.27 16.4282 16.3916 16.3137 17.6289 15.3472 15.0219 15.7671 14.4918 14.4544 16.463 17.5413 14.5485 14.1215 14.0239 13.7243 18.071 14.0671 13.6109 12.7001
threshold=0.46315635000000005 0.40065300000000004 104.50000000000001 3.5000000000000004 13.500000000000002 0.13571450000000004 0.54584988941768975 0.45834650000000005 9.5000000000000018 134.70483502421106 9.5000000000000018 0.15750250000000002 0.058239135551300829 23.140667310694724 0.12442550000000004 0.27093050000000002 18.544856522776929 25.761415786109541 0.045484377107686567 4.5000000000000009 1.7800657474675872 0.045632600000000002 4667.0000000000009 1.0393755130698803 14.133687982460632 51.95000000000001 129.84229381648581 0.12094150000000002 0.50066850000000007 -0.038039299999999936
decision_type=10 10 2 2 2 10 2 8 2 10 2 10 10 8 10 10 8 10 8 2 10 10 8 10 10 2 10 8 10 10
left_child=7 11 -3 9 13 -6 19 -1 15 10 12 -2 -4 23 24 16 -9 25 -8 20 21 -7 -21 -5 -15 -18 27 -27 -24 -23
right_child=1 2 3 4 5 6 18 8 -10 -11 -12 -13 -14 14 -16 -17 17 -19 -20 22 -22 29 28 -25 -26 26 -28 -29 -30 -31
leaf_value=-0.0079817098035627875 0.0036664391630096566 -0.011208904188188609 0.0019934981282222941 -0.0030740287782002897 0.0039521375650818482 -0.0078962498749221254 -0.00404394980822798 0.0027717067844346688 -0.0056163826975031816 0.0087778987179001396 -0.011274952944965761 -0.0057941165534671647 -0.0033322150403201096 0.0026945942251831519 0.0056308359863169481 0.0022312066026697105 -0.00055028880103640541 -0.012673397538063761 0.0028126531359324641 -0.00028261899168460937 -0.0019744602466455151 0.0075128245874016321 -0.0035622710775034799 0.0066269035838945056 -0.0015408906099064583 -0.0085912773283773735 -0.0051276866483921258 0.00026165075090079395 -0.015319247996103675 0.001320742274934721
leaf_weight=1120.8411456942558 549.59672270715237 426.84655010700226 2172.2373933196068 410.62556773424149 5450.7774801999331 473.61346931755543 824.46885514259338 2000.3936391174793 2300.0326050817966 350.18651849031448 480.44576853513718 2599.4515828639269 4272.7233074754477 4385.4053806811571 2490.4414597451687 3332.9932711273432 13393.203726932406 315.04975202679634 10258.317855581641 4842.4927839636803 5192.5197668224573 894.35636813938618 3852.6489531695843 3774.2131789773703 3510.2385535389185 495.76383440196514 4927.7055440098047 3973.4693814367056 254.46780006587505 9933.4711705893278
leaf_count=4528 2206 1713 8725 1649 21875 1900 3303 8035 9298 1405 1937 10450 17188 17588 10140 13374 54015 1267 41300 19412 20808 3581 15433 15285 14098 1998 19906 16006 1020 39799
internal_value=-1.32308e-05 0.000708691 0.000946776 0.00102982 0.00137957 0.000803624 0.000332823 -0.00154022 -0.00130282 -0.00168672 -0.00222776 -0.00413661 -0.00153691 0.0030371 0.00197181 -0.000952099 -0.00137543 -0.00173553 0.00229939 -0.000524348 0.00035362 0.00142407 -0.00214101 0.00566997 0.000812019 -0.00157883 -0.00304264 -0.000737376 -0.00432615 0.00183866
internal_weight=99259 67399.5 64250.5 63823.7 56548.1 41977.1 36526.4 31859.5 30738.6 7275.59 6925.41 3149.05 6444.96 14570.9 10386.1 28438.6 25105.6 23105.2 11082.8 25443.6 16494 11301.4 8949.61 4184.84 7895.64 22790.1 9396.94 4469.23 4107.12 10827.8
internal_count=399242 270815 258159 256446 227191 168431 146556 128427 123899 29255 27850 12656 25913 58760 41826 114601 101227 93192 44603 101953 66088 45280 35865 16934 31686 91925 37910 18004 16453 43380
is_linear=0
shrinkage=0.05


Tree=39
num_leaves=31
num_cat=0
split_feature=71 23 89 3 47 97 25 95 45 29 14 58 52 37 44 32 87 25 92 34 37 58 32 58 79 96 97 97 87 31
split_gain=33.7015 31.1496 26.001 21.6466 21.2914 21.707 18.9571 18.7667 17.1827 34.52 18.1117 16.8999 15.7204 16.6966 15.5293 15.2583 15.0008 14.8944 14.509 14.3901 14.1441 14.1312 14.0422 13.8563 13.6611 13.5893 13.2967 13.1826 13.0921 13.0069
threshold=1.0000000180025095e-35 0.30137650000000005 0.53655845000000013 2.5000000000000004 1.0640743314810861 0.74751909576060205 0.42891550000000006 0.07993150000000003 -7.4743260393310154 0.41973900000000003 1.0000000180025095e-35 1595.0000000000002 131.71668865314754 0.12581050000000002 38.449059987676605 0.17912100000000003 -0.042481499999999971 0.38611250000000003 0.061286000000000007 0.48084300000000008 0.42224100000000003 569.00000000000011 0.16824200000000003 1319.5000000000002 39.850000000000001 0.27860055000000011 0.65747187845122135 0.94297577935515897 0.047647499999999961 0.089587400000000011
decision_type=2 8 10 2 8 2 10 10 8 10 2 8 8 10 10 10 10 8 10 8 10 10 10 8 2 10 2 2 8 10
left_child=2 3 8 4 7 11 16 -2 9 17 23 26 13 -7 -14 24 18 -1 -4 -15 29 -21 25 -10 -11 -12 -6 -3 -13 -18
right_child=1 27 6 -5 5 12 -8 -9 10 15 22 28 14 19 -16 -17 20 -19 -20 21 -22 -23 -24 -25 -26 -27 -28 -29 -30 -31
leaf_value=0.005900577452466093 -0.0050183698202817539 -0.0067135501081905906 0.012889054984380324 -0.0043560506202243261 2.5929260786742057e-05 0.0044830590334921563 -0.0071617483871667014 0.0098757312473141904 0.0020394437332611924 -0.0022143695056476994 0.011708432771569424 -0.0039722718894904174 0.00097761721523553628 -0.005813656674516699 0.0084825776023802948 0.0076544009061612532 0.0065431797103198399 -0.007098952669145113 -0.0011296060599987039 0.0055626491143378328 -0.0035247688546029277 -0.0010280435713629699 -0.00054684722076546596 -0.0021953861909234365 0.0046922735702089437 0.0020502328341447202 -0.011458404674612788 -0.0010876789811076852 0.0054230293604127077 0.0022196332368564511
leaf_weight=266.32256230711937 269.57401415705681 3140.8278272300959 666.76617340743542 3470.8297602832317 334.16876600682735 1409.5138235092163 472.20320890843868 890.26251810789108 2255.8489484786987 1145.7274886220694 378.62445223331451 1247.4812041074038 10159.621120885015 1505.8940063714981 729.84684091806412 2064.7571977078915 2075.8317728489637 1108.1100316643715 251.6926082521677 835.56853044033051 901.0186892002821 21406.286076888442 7523.9731837809086 13147.386055484414 1877.8297248631716 5981.4220703989267 1014.9666882902384 1561.8397434949875 516.17419029772282 10636.537486925721
leaf_count=1073 1080 12811 2685 13998 1350 5666 1892 3590 9046 4594 1520 5030 40852 6059 2934 8272 8400 4507 1019 3360 3611 86058 30173 52716 7538 23980 4118 6333 2073 42905
internal_value=-4.6292e-05 -0.000988799 0.000854242 -0.000572981 -0.000246322 -0.000444778 0.00260037 0.00640068 0.00012088 0.00245229 -0.000394249 -0.00444383 -9.8306e-05 -0.000785242 0.00148794 0.00435046 0.00292229 -0.00455562 0.00907662 -0.00109969 0.00250072 -0.00077806 0.000915074 -0.00157426 0.00207644 0.00264268 -0.00863458 -0.00485137 -0.00120745 0.00293022
internal_weight=99246.9 48492.9 50754.1 43790.2 40319.4 39159.5 15004 1159.84 35750 6462.75 29287.3 3112.79 36046.7 25157.3 10889.5 5088.31 14531.8 1374.43 918.459 23747.7 13613.4 22241.9 13884 15403.2 3023.56 6360.05 1349.14 4702.67 1763.66 12712.4
internal_count=399243 195312 203931 176168 162170 157500 60512 4670 143419 25984 117435 12571 144929 101143 43786 20404 58620 5580 3704 95477 54916 89418 55673 61762 12132 25500 5468 19144 7103 51305
is_linear=0
shrinkage=0.05


Tree=40
num_leaves=31
num_cat=0
split_feature=83 71 65 42 53 41 19 0 43 44 94 85 64 50 45 44 50 37 53 97 52 44 48 55 55 43 20 99 99 43
split_gain=37.3066 35.2297 25.0647 25.824 20.7817 20.3086 18.6198 29.4648 21.5879 19.9002 18.3443 18.2469 17.7069 17.5133 17.3711 16.1982 15.3676 15.3212 15.312 17.3116 17.0157 15.1678 19.4844 16.0501 14.6882 17.3704 14.5317 14.463 13.4081 13.2709
threshold=0.57970673689788466 1.0000000180025095e-35 1.0000000180025095e-35 133.19301475363878 2550.3823551886812 0.07627039551822716 13.500000000000002 4.5000000000000009 2321.8209216660862 30.618737403726637 0.42802350000000006 0.5485019810696069 10.500000000000002 143.20436258397697 -8.7075194900437953 23.158601585993306 138.44761474760591 0.33080100000000007 2108.0698971459183 0.96921119353066099 124.64211601699463 35.544359134410541 0.24062429851626385 1598.5073123895679 1381.2961991499785 2192.4605841896509 18.500000000000004 -0.0064955000000000004 -0.026956499999999998 2297.5215912085246
decision_type=2 2 2 10 10 10 2 2 10 8 10 2 2 10 8 10 10 10 8 2 10 10 10 10 8 10 2 8 8 10
left_child=1 6 3 14 10 -6 7 15 11 -9 17 13 -2 18 -3 -1 -5 -4 19 20 -8 27 -23 -24 -16 -26 28 -18 -15 -30
right_child=12 2 4 16 5 -7 8 9 -10 -11 -12 -13 -14 26 24 -17 21 -19 -20 -21 -22 22 23 -25 25 -27 -28 -29 29 -31
leaf_value=0.0026789113254436009 0.0036360491759151372 -0.0044513341719488999 -0.0045267838562410697 -0.012109300653633845 -0.002048481630924962 0.010964290860293793 0.0047272070950153105 0.0063905025973772737 -0.0027416968130166298 0.0014360933991385198 -0.0076242540731042896 0.0051397870469953527 -0.0069574552090790071 -0.0046666523244863816 -0.0086303259149737611 -0.0065464389909167739 -0.0038469433353288647 -8.1490035460142073e-05 -0.0012481756410851292 0.0066649228558932896 -0.0084827836260088565 0.0070624271462609647 -0.0050146635792611182 0.004382540771070793 0.0015193536738187892 0.0071896069865029447 -0.00093423736903264557 -0.00091394885636418208 0.0027830030990531299 0.0093128770851509408
leaf_weight=778.63178288936615 8224.9932957291603 1075.244478777051 4993.9966841340065 328.77684557437897 805.05173103511333 465.44741697609425 466.2954276651144 4003.3549590110779 5549.0719530582428 4109.8728072494268 2605.6018530726433 2092.5128778070211 405.26771718263626 520.74217151105404 290.24025681614876 1195.913090094924 6326.5048896670341 3164.5319238305092 15230.742784872651 1376.6125309169292 490.34877327084541 1133.6766425818205 1113.6764020621777 753.33280143141747 6930.0656792521477 1670.3503546714783 3278.2484881132841 12511.34980610013 6488.8465017080307 877.7788625061512
leaf_count=3144 33274 4331 20100 1332 3248 1876 1869 16148 22289 16525 10592 8391 1634 2089 1164 4798 25483 12742 61141 5518 1967 4573 4493 3025 27850 6697 13145 50356 26017 3523
internal_value=-8.14677e-06 -0.000307406 -0.00131832 -0.000588966 -0.00326364 0.00276714 0.000653733 0.00255325 0.000126335 0.00388563 -0.00397737 0.000643403 0.00313111 0.000314236 0.00152402 -0.00291339 -0.00153918 -0.00280475 -0.000669982 0.0030935 -0.00206157 -0.00137457 0.00192236 -0.00121977 0.00225088 0.00262769 0.00186167 -0.00190048 0.00302345 0.00357265
internal_weight=99257.1 90626.8 44167.8 32133.2 12034.6 1270.5 46459 10087.8 36371.2 8113.23 10764.1 30822.1 8630.26 28729.6 9965.9 1974.54 22167.3 8158.53 17564 2333.26 956.644 21838.5 3000.69 1867.01 8890.66 8600.42 11165.6 18837.9 7887.37 7366.63
internal_count=399334 364426 177862 129304 48558 5124 186564 40615 145949 32673 43434 123660 34908 115269 40042 7942 89262 32842 70495 9354 3836 87930 12091 7518 35711 34547 44774 75839 31629 29540
is_linear=0
shrinkage=0.05


Tree=41
num_leaves=31
num_cat=0
split_feature=89 87 63 72 39 52 44 89 57 26 37 50 92 93 43 27 2 57 47 21 87 31 85 6 64 36 0 29 47 2
split_gain=27.6137 21.1383 20.4183 27.8183 19.2168 18.8055 17.5162 17.6542 23.8938 17.2995 17.2984 18.0371 20.1547 16.0591 15.3154 15.0967 17.6662 16.8185 15.8926 14.8649 16.359 14.6468 14.4305 14.7188 13.6493 13.7477 13.4476 13.5945 13.4316 13.3557
threshold=0.44591290000000006 -0.0068315000000000172 1.0000000180025095e-35 3.5000000000000004 0.035564706961301394 116.1173645782569 32.92675152221225 0.38547335000000005 14.48349846356045 0.40065300000000004 0.30946550000000006 144.23222547592943 0.1224625 0.0084030000000000094 2168.1944040629946 0.57076100000000007 8.5000000000000018 12.012094869508925 1.5764158388149681 4719.5000000000009 -0.047139499999999966 0.25036000000000008 0.53019767472470691 4.5000000000000009 3.5000000000000004 0.49287150000000007 8.5000000000000018 0.42606150000000004 1.2513994470449992 6.5000000000000009
decision_type=8 10 2 2 10 8 10 10 10 10 10 8 10 10 8 8 2 8 8 2 10 10 2 2 2 8 2 10 8 2
left_child=1 6 3 4 13 -4 10 8 -8 -7 -1 12 26 24 -15 16 19 -17 -19 28 -21 -13 -20 -24 25 -2 27 -12 -11 -22
right_child=2 -3 5 -5 -6 9 7 -9 -10 15 11 21 -14 14 -16 17 -18 18 22 20 29 -23 23 -25 -26 -27 -28 -29 -30 -31
leaf_value=0.0018254071146153218 0.015399946581213672 -0.0058082544528357876 0.0099293852126882184 0.00025261526779869233 -0.0071127284332632573 -0.0030810380403083451 -0.0093513763617639831 -0.001098878509974605 0.0058383417578365283 0.01084644737560634 -0.003266386355865273 -2.238327584777067e-05 0.0066402665308916186 0.0021452989494722143 -0.010203536070860164 0.0007317897072897341 -0.0039346521723265474 -0.0033841230926648876 0.0065668667033068799 0.0029971111187525046 -0.0033033723484250186 0.0094438749777198232 -0.0019468828071823978 0.010640684331949403 -0.0028900464465049965 0.0020949360085618543 0.0014351633479410526 -0.009278964952012133 0.0019014573075600871 0.0043958248765196056
leaf_weight=6763.5952523350716 280.63559293746948 2455.4649937450886 625.62982408702374 35147.045125544071 2279.0684345215559 2154.808901771903 1713.3846661299467 3164.3223857134581 297.66698296368122 425.49164427816868 2572.5992136150599 3207.1082720309496 451.79334037005901 397.66292311251163 657.55822665989399 4883.7981500476599 1837.2541794776917 568.18535819649696 4895.5004081130028 2105.8620670586824 4188.93614128232 458.2829857468605 1077.9979582428932 285.31500454246998 684.47852918505669 596.6175708770752 843.06266403198242 1488.8626708984375 12025.700109705329 641.69850657880306
leaf_count=27229 1127 9959 2537 141253 9186 8674 6976 12763 1204 1709 10412 12932 1819 1593 2647 19646 7370 2284 19729 8442 16825 1848 4346 1147 2752 2398 3404 5991 48266 2575
internal_value=7.17502e-05 -0.00142857 0.000535607 -0.000239624 -0.00376657 0.00140458 -0.000912986 -0.00343426 -0.0070853 0.0012498 -8.47075e-05 -0.00151716 -0.00336412 -0.000836472 -0.00557339 0.001534 0.000738226 0.00297441 0.00457529 0.00118285 -0.000671479 0.00118366 0.00530211 0.000745751 0.00237924 0.00647684 -0.00429734 -0.00548787 0.00221559 -0.00227365
internal_weight=99175.4 23416.1 75759.2 40043.1 4896.02 35716.2 20960.7 5175.37 2011.05 35090.5 15785.3 9021.71 5356.32 2616.95 1055.22 32935.7 21224.9 11710.8 6827 19387.7 6936.5 3665.39 6258.81 1363.31 1561.73 877.253 4904.52 4061.46 12451.2 4830.63
internal_count=399043 94537 304506 160956 19703 143550 84578 20943 8180 141013 63635 36406 21626 10517 4240 132339 85187 47152 27506 77817 27842 14780 25222 5493 6277 3525 19807 16403 49975 19400
is_linear=0
shrinkage=0.05


Tree=42
num_leaves=31
num_cat=0
split_feature=71 65 52 46 53 42 45 41 55 38 91 40 24 80 53 43 93 40 42 24 48 88 34 33 93 84 37 28 42 86
split_gain=35.0366 27.1816 21.966 21.8251 20.8594 16.7058 16.4099 15.8768 15.8333 16.9277 17.5578 26.9775 23.5544 23.0806 16.9518 15.9509 17.0765 15.9165 15.5449 15.4325 15.3708 16.1465 14.5273 14.1473 14.0835 13.8634 13.7134 17.7225 16.7807 22.2063
threshold=1.0000000180025095e-35 1.0000000180025095e-35 134.55730414587066 1.7800657474675872 2555.008280918732 133.19301475363878 -6.1853430826940858 0.078697973988904671 2199.4571279702391 0.049808850000000009 0.062678500000000012 0.044571490529101095 0.18377350000000001 8.2909197392315441 2446.3110000557085 2173.719887332461 0.046526499999999991 0.069403638638165469 132.10099089692289 0.11877600000000001 -0.68096114943981245 -0.14849649999999998 0.57562450000000009 8944.5000000000018 0.091525000000000009 0.55210057955458558 0.26571150000000004 0.50636950000000014 133.73402718791218 -0.014911000000000006
decision_type=2 2 10 10 10 10 8 10 10 10 8 8 10 2 10 8 8 10 10 10 8 8 8 2 10 2 10 10 10 10
left_child=2 3 8 6 20 18 -2 -6 9 15 11 13 17 14 -11 -1 -17 23 -5 -7 -3 -22 26 -13 -12 -21 27 -19 29 -28
right_child=1 4 -4 5 7 19 -8 -9 -10 10 24 12 -14 -15 -16 16 -18 22 -20 25 21 -23 -24 -25 -26 -27 28 -29 -30 -31
leaf_value=0.0048097340063309171 -0.0026155544839791753 -0.012088007906599594 0.0070978206026028516 -0.000347760016695535 -0.00041611591777980864 -0.0096730046839497118 0.001293211935998192 0.01191687113827572 -0.0052211390005335867 -0.0010489265239941009 -0.0011589109581490054 0.0030184321787081717 -0.001826558372580758 -0.0062232841182968471 0.0089366227903895437 -0.004208335290019378 0.0027400195599240752 0.0088742671043563464 0.0085972589648866272 -0.0031766896302239003 -0.013496527375766627 -0.0028835116891213967 0.0087669412698101017 0.0067306700447547262 0.0051984522860661353 0.0011319341783518136 0.00067338299824465766 0.00022114921250712856 0.0005916648870504241 -0.012816790371331384
leaf_weight=811.10579499602318 3144.148207873106 504.19265024363995 1362.1652742773294 2221.2505708485842 910.45412920415401 728.98968574404716 18063.157595992088 355.44499303400517 1099.8534368276596 1830.9286077022552 9670.9490356296301 12979.771722912788 3025.0153742581606 1804.7760269194841 542.87560112774372 4041.1118556410074 1123.6080288141966 948.05412402749062 611.3660376816988 8157.0490720421076 361.47619873285294 10955.712159022689 559.35295800864697 3204.3685137331486 947.40488420426846 2414.5404380857944 605.36705823242664 1548.9120675474405 4005.0016639530659 603.00199203193188
leaf_count=3251 12699 2048 5534 8931 3674 2936 72649 1433 4410 7333 38813 52240 12148 7265 2187 16231 4511 3799 2466 32863 1465 44206 2243 12906 3800 9752 2428 6225 16072 2422
internal_value=-6.09132e-05 -0.00102268 0.000857524 -0.000301533 -0.00296833 -0.00182292 0.000712747 0.00311306 0.00068388 0.000819534 0.00117167 0.00176167 0.00233082 -0.00197776 0.00126262 -0.00166945 -0.00269432 0.00284563 0.0016063 -0.00268315 -0.00362164 -0.00323411 0.00105939 0.00375714 -0.000587328 -0.00219246 0.000489613 0.00352888 -0.000970026 -0.00610844
internal_weight=99141.4 48427.8 50713.6 35340.5 13087.3 14133.2 21207.3 1265.9 49351.5 48251.6 42275.8 31657.4 27478.8 4178.58 2373.8 5975.83 5164.72 24453.8 2832.62 11300.6 11821.4 11317.2 8269.69 16184.1 10618.4 10571.6 7710.34 2496.97 5213.37 1208.37
internal_count=398940 195122 203818 142296 52826 56948 85348 5107 198284 193874 169881 127268 110483 16785 9520 23993 20742 98335 11397 45551 47719 45671 33189 65146 42613 42615 30946 10024 20922 4850
is_linear=0
shrinkage=0.05


Tree=43
num_leaves=31
num_cat=0
split_feature=64 20 61 20 0 23 49 52 52 45 44 88 31 33 89 87 40 27 89 0 52 72 55 37 78 24 52 27 88 15
split_gain=33.7848 29.6468 29.3992 54.1036 40.1063 26.133 19.8277 19.5554 16.8349 16.2426 16.2173 14.424 14.3076 14.0083 15.3273 16.2521 13.8253 13.574 13.6299 13.4836 15.4265 13.2989 15.7416 13.6638 13.8431 12.9956 12.944 12.9081 18.7662 15.7767
threshold=9.5000000000000018 13.500000000000002 1.0000000180025095e-35 12.500000000000002 4.5000000000000009 0.20119450000000003 126.57739825869659 132.0386340855795 116.1173645782569 31.876373521978419 26.731902733436872 0.075718000000000021 0.22199800000000003 5403.5000000000009 0.44591290000000006 0.008312999999999961 0.066760611184537119 0.40586900000000009 0.42632795000000001 8.5000000000000018 120.06473310371437 3.5000000000000004 1307.135380489138 0.23599750000000003 0.27382943690566991 0.13124350000000004 125.04959896955138 0.61270150000000012 0.0026130000000000046 76.750000000000014
decision_type=2 2 2 2 2 10 8 10 8 10 8 10 10 2 10 8 10 10 8 2 8 2 8 8 2 10 8 10 10 2
left_child=1 2 3 11 16 6 17 9 -7 -2 12 19 -6 14 15 -10 26 18 -3 20 -1 -4 -23 -24 25 -25 -5 28 -8 -29
right_child=7 5 21 4 10 8 27 -9 13 -11 -12 -13 -14 -15 -16 -17 -18 -19 -20 -21 -22 22 23 24 -26 -27 -28 29 -30 -31
leaf_value=-0.0093100952954232995 -0.0039111197658409222 0.00079286789557295916 -0.010420831424597179 0.011865552692956352 0.012759423400225862 0.0053391037185664594 0.0035856142326593358 0.0032867649674064624 -0.0014405811597244401 -0.016344642207851885 0.005537276716073479 0.010150746546059962 0.0033894462866112286 -0.0019664582059988091 0.00042253030196290006 -0.0093903496692818306 -0.007612066790545974 0.00041223123926192266 -0.0098921370562982808 -0.0051111925075029135 0.0010451867376597209 -0.0076532736813358319 0.0046890125239899714 -0.014472365272956228 0.00025618997152800608 -0.00072157932120573852 -0.00078650898897703004 0.0084828284764173825 -0.0021952346960659257 -0.00091910116112168107
leaf_weight=372.00555200874805 5808.1544678062201 518.83493722975254 362.4462147206068 248.08721302449703 1892.0131547003984 1048.4365713149309 4592.0448166877031 926.8943142592907 7778.2353472560644 266.51040442287922 4066.6922472417355 321.91780498623848 529.80791930854321 22584.546123787761 20767.585441201925 691.56857062876225 543.43714651465416 6646.4541847109795 688.27188773453236 1304.1496350169182 6141.6102755516768 693.6974563896656 1312.1057694256306 335.63464480638504 2900.0496401339769 343.87864249944687 927.92087526619434 1769.2815972864628 2012.2096448689699 593.09682096540928
leaf_count=1491 23417 2082 1467 996 7612 4263 18494 3731 31418 1071 16358 1299 2126 90829 83383 2806 2187 26693 2759 5238 24705 2798 5273 1351 11659 1384 3732 7199 8138 2400
internal_value=-0.000105229 0.00014977 0.00173634 0.00283105 0.00569288 -0.000357984 0.00135809 -0.00345082 -0.000904088 -0.00448257 0.00748972 -5.82335e-05 0.010732 -0.0010314 -0.000308691 -0.0021 -0.00109176 -0.000476134 -0.00533076 -0.000491047 0.000440411 -0.00127218 -0.000660939 0.000344249 -0.00125697 -0.00762495 0.00196007 0.00296336 0.00182363 0.00612846
internal_weight=98987.6 91986 22295.5 16347.6 8207.96 69690.6 16820.2 7001.56 52870.4 6074.66 6488.51 8139.68 2421.82 51821.9 29237.4 8469.8 1719.45 7853.56 1207.11 7817.77 6513.62 5947.81 5585.37 4891.67 3579.56 679.513 1176.01 8966.63 6604.25 2362.38
internal_count=398359 370140 89676 65744 33011 280464 67765 28219 212699 24488 26096 32733 9738 208436 117607 34224 6915 31534 4841 31434 26196 23932 22465 19667 14394 2735 4728 36231 26632 9599
is_linear=0
shrinkage=0.05


Tree=44
num_leaves=31
num_cat=0
split_feature=22 49 27 89 26 71 37 45 51 34 51 93 50 36 20 20 46 83 25 33 10 46 65 44 38 44 86 21 32 53
split_gain=34.1633 22.5522 18.4068 18.8617 17.2414 15.4947 17.3744 15.4304 20.2673 15.0249 15.7923 15.0097 15.8909 17.3374 13.9955 16.4432 19.5154 18.4623 17.3726 16.3817 14.7986 14.8373 13.9722 13.9441 13.7664 18.6339 13.5242 14.0825 14.3267 13.2235
threshold=0.5060285000000001 132.9014309569998 0.31851150000000006 0.62940070000000004 0.40579950000000004 1.0000000180025095e-35 0.38569850000000006 28.748077810188789 2242.0042180798778 0.48840100000000003 2150.727772670054 -0.012765000000000004 140.6597679415228 0.56716600000000017 13.500000000000002 12.500000000000002 1.8095175437801856 0.47591470239346861 0.43495650000000002 6408.5000000000009 -3.4999999999999996 1.9016388611798598 1.0000000180025095e-35 32.653741071639836 0.049808850000000009 40.902644180643428 0.050407500000000001 2086.5000000000005 0.13831350000000003 2564.8567905401974
decision_type=10 10 10 10 10 2 10 10 10 8 8 10 10 10 2 2 10 2 10 2 2 10 2 10 10 10 10 2 10 10
left_child=1 2 23 14 11 6 7 -6 -9 10 -7 -2 -13 -14 15 16 17 -4 20 24 -17 -22 -10 -1 26 -26 27 28 -16 -11
right_child=4 -3 3 -5 5 9 -8 8 22 29 -12 12 13 -15 19 18 -18 -19 -20 -21 21 -23 -24 -25 25 -27 -28 -29 -30 -31
leaf_value=-0.0024017005839818842 0.0031046011470786065 0.0097731134590387514 -0.0063080205367258878 -0.01377452799624982 0.0028572233154687317 -0.012330882529895297 -0.0011570506389194633 0.0079507470449234757 -0.00091865027604083192 0.00019643367034866984 -0.0016150608513959604 -0.0014973774156343922 0.001676536304330521 -0.013578399910596131 0.0049126072944235917 0.011922565278896985 -0.0074364273137794024 0.0036032312130353616 -0.004754924597760518 -0.00281935701231309 0.0019173386567836745 0.011942596251100317 -0.010204173888677198 -0.0084019002832446295 -3.3089788408230426e-05 0.0083819539550135432 -0.0085632120842567203 0.0051029851105508957 -0.007961429244576131 0.0039934679966143125
leaf_weight=3774.2603840380907 892.01217900216579 469.208551004529 640.21649748086929 265.07110965251923 21494.840140789747 420.96524089574814 3938.4904126226902 472.87157505750656 1500.6974772661924 22347.171102374792 1720.9426791220903 1735.1998942941427 250.76012605428696 691.91300071775913 291.74415293335915 497.21963760256767 1008.9899788796902 1684.8938501030207 661.90663187205791 9839.906845331192 3891.3342264443636 398.62849454581738 546.12832427024841 1299.0430891364813 13048.498878493905 682.77838292717934 884.31858332455158 604.80638661980629 765.93270301818848 2545.3012804239988
leaf_count=15283 3580 1899 2594 1065 86525 1691 15782 1895 6022 89830 6920 6973 1007 2791 1180 2000 4064 6759 2682 39641 15640 1604 2191 5293 52529 2745 3570 2439 3098 10222
internal_value=0.000101416 -0.00101093 -0.00113907 -0.000732315 0.000874755 0.00109348 0.00191868 0.00242338 -0.00127424 0.000239845 -0.00376864 -0.00248793 -0.00435545 -0.00954544 -0.000629343 0.00109637 -0.00166626 0.000858853 0.00278668 -0.00120988 0.00383717 0.0028745 -0.00343375 -0.00395159 -0.000235838 0.000391138 -0.00360453 -0.00093145 -0.00439757 0.000586135
internal_weight=99266.1 40708.8 40239.5 35166.2 58557.3 54987.4 27953 24014.5 2519.7 27034.4 2141.91 3569.89 2677.87 942.673 34901.2 8783.19 3334.1 2325.11 5449.09 26118 4787.18 4289.96 2046.83 5073.3 16278.1 13731.3 2546.8 1662.48 1057.68 24892.5
internal_count=399514 164085 162186 141610 235429 221078 112415 96633 10108 108663 8611 14351 10771 3798 140545 35343 13417 9353 21926 105202 19244 17244 8213 20576 65561 55274 10287 6717 4278 100052
is_linear=0
shrinkage=0.05


Tree=45
num_leaves=31
num_cat=0
split_feature=64 23 29 25 96 8 55 39 47 72 90 47 93 89 84 2 55 88 58 22 36 29 93 49 45 20 78 43 87 40
split_gain=28.7932 27.5913 20.2055 18.1652 19.4768 16.6546 16.5423 22.4671 17.9681 17.1832 23.4629 20.0658 16.2192 15.4782 14.7665 14.7521 16.6306 24.4505 19.182 13.7422 13.4373 13.5534 13.2546 13.2449 13.1836 14.6825 19.5174 18.4983 13.4116 12.4667
threshold=10.500000000000002 0.24178900000000003 0.59828750000000019 0.35545100000000002 0.31536895500000001 6.5000000000000009 1670.5935135726988 0.045318378098756294 1.9239938650704411 3.5000000000000004 -0.0094504999999999988 1.7918403038469899 -0.0084753999999999923 0.36438525000000005 0.52090795368281884 1.5000000000000002 1795.2039206930929 0.013832499999999972 2768.5000000000005 0.5036480000000001 0.43984250000000008 0.61562550000000005 0.064317000000000013 126.6549564957612 -6.9242516412055153 18.500000000000004 0.5737964554448659 2263.7306742316205 -0.15316249999999995 0.098890780365148132
decision_type=2 8 10 8 10 2 8 10 10 2 8 10 10 10 2 2 8 10 10 10 10 10 8 10 10 2 2 10 10 10
left_child=1 2 6 4 -3 22 7 8 24 11 -11 12 -8 -5 -4 -12 -17 18 -18 -9 -15 -22 -6 -2 -1 27 -27 -26 -29 -16
right_child=23 3 14 13 5 -7 9 19 -10 10 15 -13 -14 20 29 16 17 -19 -20 -21 21 -23 -24 -25 25 26 -28 28 -30 -31
leaf_value=0.0038761956365847994 -0.0056150323250462961 0.0065765159449525656 0.010200777728944661 -0.0049224058899801464 0.00048222172942388497 -0.0038741074327223769 0.0059389025739240665 0.005517228953903771 0.013120471762203649 0.0033448638727498641 0.0047537603596329034 -0.010386707807347842 -0.00288886512441484 0.0038229398324446428 0.00322659157313326 0.0025426590653215161 0.0022486282859847831 -0.0062715333122690051 -0.006965429183006926 -0.0057953634741616696 -0.0012771647852871497 -0.011873225373575469 0.0075457407657719237 0.00023565371905368197 0.0011612778464298204 -0.0060952306717708578 8.6282422314918087e-05 -0.014294892935737675 -0.0024292581752366426 -0.0042288945119119438
leaf_weight=1859.494278460741 3351.6436910331249 1310.3884380608797 685.16143594682217 3021.7036513984203 6027.0988961309195 2048.3702859729528 741.80972325801849 291.16377626359463 249.84942471981049 11624.568122982979 1397.9373896867037 589.89182288944721 1679.8418272584677 1282.0943114906549 5934.3652333468199 2589.7464454323053 2768.022130459547 2290.1494608670473 699.03811086714268 2611.953690841794 25636.725894555449 295.55823037028313 736.64232775568962 1357.0503858923912 10700.216713994741 2378.1459241360426 2743.7743198275566 277.39306926727295 1428.2507051676512 610.50971581041813
leaf_count=7477 13506 5275 2777 12316 24178 8225 2976 1174 1010 46660 5625 2371 6746 5148 24096 10435 11110 9198 2812 10512 103312 1187 2955 5475 42928 9544 11009 1114 5750 2459
internal_value=-0.000120184 7.01222e-05 0.000807593 -0.000919337 0.000913338 6.47058e-05 0.00042814 -0.000548154 5.96818e-05 0.00133058 0.00182894 -0.0022001 -0.000171406 -0.00153298 0.00326617 1.90454e-05 -0.000778658 -0.00227449 0.000376175 -0.00464574 -0.00115497 -0.00140246 0.00126152 -0.00393193 -0.000115314 -0.000540735 -0.00279012 0.000389454 -0.00443107 0.00252575
internal_weight=99218.6 94509.9 54151.3 40358.6 10122.5 8812.11 46921.2 22540.2 19637.1 24381 21369.5 3011.54 2421.65 30236.1 7230.04 9744.89 8346.96 5757.21 3467.06 2903.12 27214.4 25932.3 6763.74 4708.69 19387.3 17527.8 5121.92 12405.9 1705.64 6544.87
internal_count=399360 380379 217783 162596 40633 35358 188451 90518 78832 97933 85840 12093 9722 121963 29332 39180 33555 23120 13922 11686 109647 104499 27133 18981 77822 70345 20553 49792 6864 26555
is_linear=0
shrinkage=0.05


Tree=46
num_leaves=31
num_cat=0
split_feature=71 65 37 20 8 20 23 55 98 27 40 38 47 43 50 94 32 28 34 47 85 29 27 39 44 33 16 38 93 54
split_gain=29.2431 23.6147 20.8803 23.4299 20.2432 19.1258 18.3399 19.4579 17.1466 18.7239 17.3584 16.6883 16.546 19.1648 15.8317 17.2967 16.0888 15.52 15.4022 14.392 15.1497 13.7657 13.6973 12.9968 14.435 12.7719 13.9089 12.5986 14.5677 12.5111
threshold=1.0000000180025095e-35 1.0000000180025095e-35 0.30855950000000004 13.500000000000002 2.5000000000000004 12.500000000000002 0.20932350000000002 1665.0795702135276 0.022731729986105457 0.6113805000000001 0.035500876933737067 0.43283000000000005 1.0640743314810861 2217.5254807499027 145.49584101760192 0.38444350000000005 0.17865750000000002 0.30830000000000007 0.45028150000000006 1.0393755130698803 0.50843459190715379 0.63943950000000005 0.57669700000000013 0.03714915556189835 24.037863814132841 6549.5000000000009 2.1250000000000004 0.41788700000000006 0.049279499999999997 130.93247150107308
decision_type=2 2 8 2 2 2 8 8 2 8 8 10 8 10 10 10 10 8 8 8 2 10 10 8 10 2 2 10 10 10
left_child=2 11 8 4 23 -6 7 -5 9 27 -10 12 13 -2 15 -3 22 -14 -19 -8 -21 -11 -16 -4 -25 29 -27 -1 -29 -22
right_child=1 14 3 6 5 -7 19 -9 10 21 -12 -13 17 -15 16 -17 -18 18 -20 20 25 -23 -24 24 -26 26 -28 28 -30 -31
leaf_value=0.00060758638226560244 -0.0025480430566996409 -0.0015530010457842677 0.003757230801628235 -0.0018098243661347328 5.4383308503315089e-05 0.0079788923470700511 -0.0094105116027370268 0.0046927896737668402 -0.0084450332391944466 0.0034453474010100434 0.0041688232956856083 0.010317039236723811 -0.0087095618285971815 0.010452463280043045 0.00053279528433434619 -0.0056209489839942643 -0.0046325180473641937 -0.00708749474205673 -0.00021779054312900064 -0.0048254402721230674 0.0028046482983354951 0.014888509059152823 0.010014162675004585 0.00011162107809927825 -0.010458494719437659 -0.0039907663927257709 0.0076602416137509736 -0.010448636196221474 0.0039121793792158367 -0.0017527912368085427
leaf_weight=15707.401180207729 455.57457301020622 5272.8577477633953 818.09216636419296 2205.9114096164703 1202.309543415904 2066.9389029443264 630.07224750518799 2385.0879650115967 273.75676734745502 2798.9481975436211 7643.6753595024347 362.13644327223301 560.45545586943626 726.34946602582932 1206.7528897374868 5190.9582059234381 907.33605483174324 827.09341649711132 32298.375785022974 2986.540566265583 3182.0412279069424 281.84944021701813 547.4485137462616 788.25689339637756 536.98203471302986 3333.5208635628223 268.23958478868008 535.08865225315094 254.79266668856144 2841.5547147095203
leaf_count=63071 1825 21208 3289 8858 4830 8296 2528 9635 1097 11254 30872 1453 2293 2934 4881 21052 3660 3339 130049 11995 12784 1146 2211 3164 2154 13388 1077 2147 1022 11397
internal_value=-1.02492e-05 -0.000890009 0.000828157 -0.000274938 0.00260345 0.0050736 -0.00114954 0.00157123 0.00176051 0.000965545 0.00372258 -0.000215325 -0.000327641 0.00546206 -0.0026994 -0.0035745 0.000741552 -0.000532342 -0.000391404 -0.00209331 -0.00172059 0.00453702 0.00353172 -0.00117036 -0.0042176 -0.000753211 -0.00310426 0.000296243 -0.00582526 0.000655392
internal_weight=99096.4 48355.3 50741.1 23245.5 5412.58 3269.25 17833 4591 27495.5 19578.1 7917.43 35230 34867.8 1181.92 13125.4 10463.8 2661.54 33685.9 33125.5 13242 12611.9 3080.8 1754.2 2143.33 1325.24 9625.36 3601.76 16497.3 789.881 6023.6
internal_count=398909 194905 204004 93395 21733 13126 71662 18493 110609 78640 31969 141893 140440 4759 53012 42260 10752 135681 133388 53169 50641 12400 7092 8607 5318 38646 14465 66240 3169 24181
is_linear=0
shrinkage=0.05


Tree=47
num_leaves=31
num_cat=0
split_feature=20 61 20 0 72 89 10 2 33 37 78 19 37 47 97 24 57 48 97 93 69 79 48 32 44 85 86 24 31 10
split_gain=27.7037 32.296 56.3848 30.9105 21.1689 20.7672 17.6737 17.4475 16.7359 16.4468 16.8043 15.9622 16.0334 15.9461 19.2785 15.5283 14.6315 14.4781 15.7133 24.2297 14.1924 13.893 13.7994 13.7902 13.6837 17.073 15.5403 13.4964 13.464 14.2745
threshold=13.500000000000002 1.0000000180025095e-35 12.500000000000002 4.5000000000000009 3.5000000000000004 0.46652215000000002 -6.4999999999999991 2.5000000000000004 12716.500000000002 0.21792400000000003 0.75376903420262753 13.500000000000002 0.22754050000000001 1.6930871733399668 1.0473628863810547 0.12731850000000003 16.185586851337572 -0.46567079125349076 0.90646027578386967 0.022468000000000005 1.0000000180025095e-35 92.550000000000011 0.4170966868547189 0.21337400000000004 31.266394475686123 0.50062107742709283 0.022589500000000016 0.18847700000000003 0.18007350000000003 -6.4999999999999991
decision_type=2 2 2 2 2 8 2 2 2 10 2 2 10 8 2 10 10 8 2 10 2 2 8 8 10 2 10 10 8 2
left_child=1 2 13 23 9 16 -5 17 -8 10 -2 12 -9 15 21 -1 24 -7 19 -19 -11 -15 -16 -4 26 -26 -6 -28 -13 -30
right_child=4 -3 3 6 5 7 8 11 -10 20 -12 28 -14 14 22 -17 -18 18 -20 -21 -22 -23 -24 -25 25 -27 27 -29 29 -31
leaf_value=0.0047308222053819848 -0.0015534189263077213 -0.0015549285630022368 -0.0021713912371569026 0.017169778359939613 -0.000363853175915895 0.0068256872169448288 0.0070418325333202903 0.0048920265574835791 -0.0019064399863952357 -0.0032689408943148584 0.0092943520948643981 -0.0016827651062780097 0.00036961268656962457 0.0024748914286591974 -0.00012981586560183744 -0.0068923009484709603 0.0050378195802756572 0.00024759909139130759 0.0026708317372986139 -0.013131084477772274 -0.013549852793234861 -0.0050842825264195181 -0.014331780260953365 0.00949013545187119 -0.011826705730666695 -0.002910750469192432 -0.0026918651397358894 -0.013085343144130211 -0.010548679776439694 0.0010550866953817058
leaf_weight=353.51104006171227 1184.3825114667416 6442.756451010704 1585.5039990246296 388.76731529831886 12396.525521248579 1445.9147286266088 6060.5350053310394 2651.3815960139036 567.62624238431454 6998.2998246997595 499.71555851399899 15757.830933690071 7442.4073663949966 5615.1836289465427 345.04988400638103 1396.7255640178919 810.40348561108112 1977.3171513974667 6857.8804020732641 398.21947568655014 344.0533067882061 672.08187891542912 329.53207419812679 291.41439926624298 596.8141358345747 4801.1444009393454 1094.3335404992104 431.35258339345455 263.07760421931744 9033.1103523522615
leaf_count=1420 4783 25942 6380 1563 49901 5807 24387 10745 2283 28301 2013 63274 29988 22599 1387 5621 3258 7952 27620 1598 1403 2702 1321 1171 2410 19386 4425 1749 1056 36245
internal_value=-4.03748e-06 0.00147229 0.00258033 0.00537849 -0.000477654 -0.000166692 0.00690106 0.000421349 0.0062738 -0.00274721 0.00170126 -0.000116584 0.0015612 -0.000279089 0.000794858 -0.00453114 -0.00150491 0.00219025 0.00145776 -0.00204076 -0.00376847 0.00166006 -0.00717546 -0.000320099 -0.00178181 -0.00391657 -0.000951903 -0.00569646 -0.000792886 0.000715723
internal_weight=99032.9 24048.7 17605.9 8893.85 74984.2 65957.7 7016.93 45827.1 6628.16 9026.45 1684.1 35147.8 10093.8 8712.08 6961.85 1750.24 20130.6 10679.3 9233.42 2375.54 7342.35 6287.27 674.582 1876.92 19320.2 5397.96 13922.2 1525.69 25054 9296.19
internal_count=398690 96776 70834 35784 301914 265414 28233 184285 26670 36500 6796 141308 40733 35050 28009 7041 81129 42977 37170 9550 29704 25301 2708 7551 77871 21796 56075 6174 100575 37301
is_linear=0
shrinkage=0.05


Tree=48
num_leaves=31
num_cat=0
split_feature=64 71 5 47 48 23 52 32 28 97 19 65 42 49 95 20 34 84 93 48 34 2 46 56 27 32 93 36 34 52
split_gain=27.7489 18.8624 18.016 17.1785 17.1657 16.309 16.2707 18.3337 15.2028 14.3925 14.1907 16.3119 13.945 23.7945 22.0824 17.1697 16.933 13.825 13.8192 13.7078 14.1722 15.6411 13.6543 13.4663 16.8644 13.3103 12.4324 18.7081 11.9595 11.6389
threshold=9.5000000000000018 1.0000000180025095e-35 1.5000000000000002 0.58571548841795662 -0.77663621754644419 0.30137650000000005 132.0677087772448 0.16869950000000003 0.54560350000000013 0.91256516405146271 13.500000000000002 1.5000000000000002 133.19301475363878 121.68017774331422 -0.035699999999999975 13.500000000000002 0.53054200000000018 0.51669954360215553 0.018152500000000005 0.51655841793245327 0.53560450000000015 3.5000000000000004 1.8425935745076594 2.1789268918341178 0.53302150000000015 0.21474400000000002 0.0076835000000000106 0.60150900000000018 0.59706450000000011 131.52815568170851
decision_type=2 2 2 8 8 8 10 10 10 2 2 2 10 10 10 2 10 2 8 10 10 2 10 8 10 8 10 10 8 10
left_child=1 3 6 -1 -3 12 7 8 -2 -10 11 29 13 16 -14 22 17 -6 -18 -17 21 -21 26 24 -12 -19 -16 -28 -25 -5
right_child=2 4 -4 10 5 -7 -8 -9 9 -11 23 -13 14 -15 15 19 18 25 -20 20 -22 -23 -24 28 -26 -27 27 -29 -30 -31
leaf_value=-0.0097603197872934196 3.8813210723291136e-06 -0.0086516574616698986 0.0004735189612005248 0.0012546148550571685 0.0020365303563875305 -0.0032708096654407008 0.0030320428320936019 -0.0097501939236471127 -0.00017986586418282125 -0.014157229313452917 -0.00041263237059509152 0.010267335603034796 -0.0090173195907559556 0.011228378495200865 0.0060601379300300844 -0.00020248251577949461 0.0015796181781037423 -0.0029093521971294096 0.0086229980920559061 0.00276001977018767 -0.0080515289669367811 -0.0033710223768626986 -0.0021403019318607338 0.00064914682267272613 -0.0098063486426660119 0.0051915347732820428 0.002972467623894508 -0.0077593667180625133 0.0058001954418969793 0.0052509677693146697
leaf_weight=359.43605886399746 1495.4556083530188 619.20496022701263 2465.750263646245 8296.8197559118271 3786.0555730313063 4266.8174200803041 571.22522410750389 1763.2483629286289 304.68130378425121 456.64889700710773 1680.3315377533436 645.63827502727509 755.24160812795162 573.99887937307358 2122.3752472996712 14157.212413012981 1957.8518517017365 4372.5428841561079 1075.9371025562286 1356.997331649065 1118.3560474961996 4359.2083940207958 1568.9831322729588 31763.415037408471 658.14879521727562 564.16419237852097 2085.7765398919582 493.79478226602077 1158.5504361689091 2328.4194704592228
leaf_count=1442 6039 2504 9944 33378 15221 17400 2301 7114 1228 1838 6756 2601 3066 2318 8532 57034 7870 17586 4322 5463 4500 17538 6315 127615 2644 2264 8377 1991 4650 9479
internal_value=4.61814e-05 0.000277776 -0.00297327 0.000980379 -0.000450608 -0.000334875 -0.00482138 -0.00594207 -0.00293685 -0.0086384 0.00106543 0.00260906 -2.36689e-05 0.00137685 -0.0006403 -0.000405016 0.000886726 -0.000233464 0.00409768 -0.00109083 -0.00292798 -0.00191327 0.00188881 0.000571409 -0.00308693 -0.00197496 0.00323497 0.000896094 0.000832123 0.00213449
internal_weight=99182.3 92125.3 7057.01 46890.8 45234.5 44615.3 4591.26 4020.03 2256.79 761.33 46531.3 11270.9 40348.5 12330.6 28017.9 27262.7 11756.6 8722.76 3033.79 20991.8 6834.56 5716.21 6270.93 35260.4 2338.48 4936.71 4701.95 2579.57 32922 10625.2
internal_count=399330 370866 28464 188565 182301 179797 18520 16219 9105 3066 187123 45458 162397 49581 112816 109750 47263 35071 12192 84535 27501 23001 25215 141665 9400 19850 18900 10368 132265 42857
is_linear=0
shrinkage=0.05


Tree=49
num_leaves=31
num_cat=0
split_feature=83 86 26 25 20 5 65 38 0 87 45 49 20 23 51 21 43 91 88 92 64 24 44 20 21 91 79 84 64 86
split_gain=28.8596 21.567 15.9903 14.0905 17.1504 15.1407 14.0884 14.438 13.7038 17.6778 23.4313 13.3788 12.5008 16.2308 12.4237 18.8793 17.5684 12.8972 12.2254 18.1197 11.9669 12.1651 11.5928 11.4663 11.2196 11.2132 12.6292 11.16 10.4102 10.3874
threshold=0.56973571260166234 -0.14230299999999999 0.49953350000000002 0.37755650000000002 13.500000000000002 1.0000000180025095e-35 -1.0000000180025095e-35 0.17105350000000005 4.5000000000000009 -0.0036034999999999813 29.055113861696324 127.18752119610689 12.500000000000002 0.18737150000000005 2289.3973471193635 1948.5000000000002 2217.0871867814444 -0.072476949999999998 -0.066126499999999991 0.01742150000000001 10.500000000000002 0.12105350000000001 43.839928720569695 16.500000000000004 3463.5000000000005 0.01787 38.150000000000013 0.54281843196688484 4.5000000000000009 -0.18000899999999997
decision_type=2 8 10 8 2 2 2 10 2 10 8 10 2 10 10 2 8 10 10 10 2 10 10 2 2 10 2 2 2 10
left_child=1 2 14 4 8 -6 7 -5 9 -3 -11 12 28 -14 15 -1 -17 -16 25 -20 21 24 -8 -23 -2 -19 -27 -15 -10 -21
right_child=20 3 -4 6 5 -7 22 -9 11 10 -12 -13 13 27 17 16 -18 18 19 29 -22 23 -24 -25 -26 26 -28 -29 -30 -31
leaf_value=-0.0038085423185841385 0.00084007302176276107 0.0033800830729254546 -0.014381653564889086 -0.00018633175804104836 -0.0013696473792601865 0.00080796269328203656 -0.0016338456129246931 0.0048654198767695746 0.0021845335865076591 -0.0010975562220222562 -0.019117619907782643 0.0081611119845339981 -0.0066229324252914008 0.0046092093888868623 0.0047699334803198677 -0.00044119562072399035 0.0072020016002930665 -0.015505057629546926 -0.0092175267180026974 -0.0021589302791156203 -0.0047473870409883963 0.0053569536598858719 0.0050775291034528937 0.0017758355448024934 -0.0092293854542227927 0.00055700896663897677 -0.0097919556666976066 0.014918197919339404 -0.004078719586786495 0.0082289598592097373
leaf_weight=3174.2315524667501 2237.0857977122068 876.74296981096268 259.38177594542503 5944.1611757725477 12107.725051343441 23379.798415094614 22467.278330996633 1845.7177350819111 1969.3787448853254 578.91584122180939 252.93544507026672 1223.7358952760696 289.34438626468182 2801.4342311471701 334.99619455635548 3372.2956476211548 957.17385855317116 411.64314471185207 579.06387273967266 621.91394136846066 564.95139770209789 4345.4404204636812 652.88562615215778 4622.5713405907154 305.49089570343494 465.97321957349777 787.6880656927824 283.14862549304962 987.90788495540619 379.46715867519379
leaf_count=12824 9005 3518 1042 23950 48658 93964 90611 7402 7908 2324 1015 4923 1163 11243 1352 13553 3859 1668 2330 2508 2276 17601 2632 18710 1224 1878 3176 1141 3967 1525
internal_value=1.11797e-05 -0.000306811 -0.00233886 -1.8795e-06 0.000565155 6.48235e-05 -0.000822741 0.00101532 0.00247973 -0.00155697 -0.0067388 0.0033935 0.00246058 0.00453591 -0.00204434 -0.000885575 0.00126129 -0.00446338 -0.00542808 -0.00225664 0.00230068 0.00265043 -0.00144221 0.0035151 -0.000401191 -0.00840648 -0.00597138 0.00560067 8.55438e-05 0.00181994
internal_weight=99080.5 87004.9 11343.8 75661.1 44751.1 35487.5 30910 7789.88 9263.54 1708.59 831.851 7554.95 6331.21 3373.93 11084.4 7503.7 4329.47 3580.75 3245.75 1580.44 12075.5 11510.6 23120.2 8968.01 2542.58 1665.3 1253.66 3084.58 2957.29 1001.38
internal_count=398950 350134 45715 304419 179824 142622 124595 31352 37202 6857 3339 30345 25422 13547 44673 30236 17412 14437 13085 6363 48816 46540 93243 36311 10229 6722 5054 12384 11875 4033
is_linear=0
shrinkage=0.05


Tree=50
num_leaves=31
num_cat=0
split_feature=69 84 33 80 54 93 27 79 35 40 35 53 35 97 54 16 97 54 92 53 51 57 37 97 14 45 79 32 40 87
split_gain=21.1325 20.1993 24.3229 15.1396 14.9344 16.3088 13.7036 13.9235 13.5616 17.4218 17.0125 14.2167 13.9252 12.2702 15.6487 12.2434 11.906 11.9597 12.2056 12.9093 11.5907 14.9688 10.8432 17.7645 13.434 16.4084 13.1538 15.2675 13.1488 16.8135
threshold=1.0000000180025095e-35 0.53439939557608107 357.50000000000006 9.2136847719849069 132.8304705802955 0.10225400000000001 0.40093450000000003 51.95000000000001 0.14092750000000001 0.0878931929950202 0.14676050000000004 2740.3065829938973 0.18834650000000003 0.98747881683915673 128.72864045438243 1.9750000000000003 0.94102654084260773 129.27111952041733 -0.0041304999999999944 2420.7372646205786 2125.8016972633955 13.197623951724458 0.22079650000000003 0.81226235965054139 1.0000000180025095e-35 -19.697930713529473 61.45000000000001 0.18060050000000002 0.065316495848872072 -0.070716499999999974
decision_type=2 2 2 2 8 10 10 2 10 10 10 10 8 2 10 2 2 10 10 10 10 10 8 2 2 8 2 8 10 10
left_child=1 3 13 8 5 6 -4 -8 9 11 16 15 22 14 -3 -1 17 -10 19 -19 -11 -22 26 -24 -25 -26 28 -28 -12 -30
right_child=-2 2 4 -5 -6 -7 7 -9 10 20 12 -13 -14 -15 -16 -17 -18 18 -20 -21 21 -23 23 24 25 -27 27 -29 29 -31
leaf_value=0.0023026257774905411 -0.0031904983112344223 0.0059675092649285741 -0.0027025160763778067 0.0033072495187673545 0.0039445198803404304 0.0098414031182655296 0.0026605922236575836 -0.0003924266787405505 -0.0067276001921552911 0.0046989008489967043 -0.0015078525594120814 -0.0096951812639403806 -0.0047093317193403371 -0.010510682795862869 -0.0044258293559826991 -0.002622150848795106 -0.00081823263699920329 -0.010225166040994106 0.00064412362291100395 -0.00029209173264318876 -0.0084647145186714286 0.00041026084912247564 -0.0034375538000132599 -0.001221299033950453 -0.0081004553951436586 0.0017007608353878018 0.0069809814433053055 0.00043257025390081065 0.014537119435427015 0.0014694117830003398
leaf_weight=12012.293418496847 4724.3406573385 487.90817077457905 2324.211202904582 2889.1814568042755 6322.5827649831772 511.48197828233242 9094.5597639381886 6327.6383451223373 2492.6251799166203 386.26593118906021 4611.7094773799181 265.32378050684929 1704.1070288419724 483.84827867150307 1321.6329182982445 1401.6821106225252 5121.9508844465017 709.00315254926682 1771.3795155137777 601.20774444937706 1109.3119001686573 823.96341851353645 4644.7623234540224 11290.589016273618 436.57002490758896 9832.0764532238245 1786.6288316547871 1766.833852365613 276.6077985316515 1766.0857709646225
leaf_count=48303 19058 1964 9323 11681 25689 2051 36574 25453 10037 1555 18520 1080 6861 1943 5319 5635 20583 2854 7144 2425 4467 3315 18771 45439 1764 39575 7173 7093 1112 7091
internal_value=6.9455e-05 0.000232622 0.00139215 -0.000227794 0.00185191 0.00112549 0.000868882 0.00140851 -0.000385867 0.000877102 -0.000799917 0.00155683 -0.000305169 -0.0035222 -0.00160607 0.00178645 -0.00256103 -0.00415809 -0.00206464 -0.00570398 -0.003121 -0.00469955 -9.78138e-05 -0.000636332 -3.15172e-05 0.00127659 0.00128385 0.00373537 -2.89003e-05 0.00330115
internal_weight=99298.4 94574 26873.9 67700.2 24580.5 18257.9 17746.4 15422.2 64811 15998.8 48812.1 13679.3 38116 2293.39 1809.54 13414 10696.2 5574.22 3081.59 1310.21 2319.54 1933.28 36411.9 26204 21559.2 10268.6 10207.9 3553.46 6654.4 2042.69
internal_count=399852 380794 108316 272478 99090 73401 71350 62027 260797 64355 196442 55018 153399 9226 7283 53938 43043 22460 12423 5279 9337 7782 146538 105549 86778 41339 40989 14266 26723 8203
is_linear=0
shrinkage=0.05


Tree=51
num_leaves=31
num_cat=0
split_feature=94 20 26 20 86 19 57 88 48 65 27 71 0 85 57 37 86 98 49 23 21 31 88 28 41 91 15 53 85 28
split_gain=20.8754 21.3144 23.9312 30.313 18.2452 20.1621 18.0527 20.3616 17.3143 16.7568 16.4645 16.384 21.7136 15.6615 15.5562 15.4618 16.4468 15.1362 14.2424 14.2334 14.0817 14.0529 13.9215 14.3623 15.9232 15.0727 16.0848 13.6771 13.0689 12.8837
threshold=0.48529420000000006 13.500000000000002 0.40187050000000007 12.500000000000002 -0.157802 13.500000000000002 8.9349052929502459 0.0053129999999999298 0.36353882610540328 -1.0000000180025095e-35 0.59906550000000014 1.0000000180025095e-35 4.5000000000000009 0.50868907882724124 9.5396335078155445 0.23036450000000003 -0.0013879999999999724 -0.010654894607563135 127.12240028526416 0.27623550000000002 446.50000000000006 0.12283700000000002 -0.009287999999999989 0.46299300000000004 0.07654838957807332 0.071672500000000028 60.750000000000007 2323.653921752712 0.50452206324020554 0.29460000000000003
decision_type=8 2 10 2 8 2 10 10 8 2 10 2 2 2 10 10 8 2 10 10 2 10 10 10 10 10 2 10 2 8
left_child=1 2 -1 10 22 11 7 17 21 -8 27 12 15 -11 -15 -6 -17 -7 28 -10 -5 -9 23 -3 25 -25 -27 -4 -12 -2
right_child=29 4 3 20 5 6 9 8 19 13 18 -13 -14 14 -16 16 -18 -19 -20 -21 -22 -23 -24 24 -26 26 -28 -29 -30 -31
leaf_value=-0.0029587801250242373 -0.014264590487428952 -0.0028369003283474415 -0.0029884543029638881 -0.00050813648037797727 0.0063572395528604915 -0.00022874102830424358 0.00067309416306350872 -0.0026519662487131807 -0.003978429212341956 -0.0042311909464242776 0.011887547886506075 -5.1402183690105166e-05 0.004228373628351322 -0.0063059556942035994 -0.00071170379461396897 -0.010308308588160753 0.00078835349798817521 0.0040948185683168815 0.013569263606560515 0.0035842261710945958 0.0045254919408519645 0.009024094313171839 -0.0069147439709157741 0.0058624404805057723 0.013497916865076781 0.00082454521073522234 -0.013895592509276654 0.0015036277061297272 -0.00019353605362817919 -0.0027486598762006321
leaf_weight=2608.3938225060701 251.39623147249222 5031.6400471925735 4186.9348591715097 1615.3413831442595 412.79033449292183 3182.6526484787464 9340.1083589941263 423.45978689193726 3722.5150913000107 5259.6351193636656 265.10441330075264 8445.3005567491055 7200.2849587351084 1333.43360465765 16633.334320664406 640.97456614673138 682.87668538093567 5547.0396184325218 320.5468347966671 738.46656066179276 9841.4994643628597 634.03943254053593 1419.2801155596972 672.40201272070408 263.52122156322002 543.29270994663239 271.05227522552013 2833.7999009639025 1199.9901455491781 3614.4679969996214
leaf_count=10521 1043 20300 16836 6489 1670 12801 37500 1701 14968 21143 1068 34144 29081 5355 66863 2573 2761 22329 1292 2964 39579 2548 5711 2699 1059 2179 1088 11380 4836 14749
internal_value=6.4634e-05 0.000210951 0.00154119 0.00212162 -0.000209445 7.43984e-05 -0.000465563 0.00101838 -0.00135743 -0.00111492 -8.44921e-05 0.00152808 0.00301906 -0.00183392 -0.00113017 -0.00199035 -0.00462137 0.00252009 0.00418871 -0.0027213 0.00381596 0.00436755 -0.00242869 -0.00148107 0.00241062 0.000368378 -0.00418414 -0.00117574 0.00205827 -0.00353241
internal_weight=99135.6 95269.7 22871.6 20263.2 72398.1 64196.9 46814.7 14248.2 5518.48 32566.5 8806.38 17382.2 8936.93 23226.4 17966.8 1736.64 1323.85 8729.69 1785.64 4460.98 11456.8 1057.5 8201.19 6781.91 1750.27 1486.75 814.345 7020.73 1465.09 3865.86
internal_count=399230 383438 92001 81480 291437 258401 188172 57311 22181 130861 35412 70229 36085 93361 72218 7004 5334 35130 7196 17932 46068 4249 33036 27325 7025 5966 3267 28216 5904 15792
is_linear=0
shrinkage=0.05


Tree=52
num_leaves=31
num_cat=0
split_feature=20 61 20 0 94 39 71 38 79 55 80 31 36 15 19 0 39 31 72 47 64 31 44 33 36 25 36 57 33 30
split_gain=19.972 26.3801 45.7926 34.867 20.7745 22.6542 17.977 27.1383 21.2739 16.2788 16.1883 20.3643 16.1317 15.8005 15.5839 15.5557 15.3929 14.6808 14.3078 13.9445 15.8257 13.563 12.8406 12.7909 13.6099 13.9429 12.4039 11.9464 15.4466 13.7936
threshold=13.500000000000002 1.0000000180025095e-35 12.500000000000002 4.5000000000000009 0.37637550000000008 0.03438240576263165 1.0000000180025095e-35 0.28054450000000003 15.300000000000001 1914.3936723107452 7.5890828507392163 0.069504800000000019 0.58284000000000014 80.450000000000017 15.500000000000002 8.5000000000000018 0.03327892366982526 0.22504600000000002 3.5000000000000004 1.8234860212935491 7.5000000000000009 0.18526500000000004 18.79234180132358 4306.5000000000009 0.70122300000000004 0.34442650000000002 0.51807400000000003 13.915953262471115 500.50000000000006 0.27223300000000006
decision_type=2 2 2 2 10 10 2 8 2 10 2 10 10 2 2 2 8 10 2 10 2 10 8 2 10 10 10 10 2 10
left_child=1 2 9 -4 5 22 8 17 -5 14 -7 -12 -13 -10 -1 16 -16 -8 -3 20 21 -18 -2 27 -25 -26 -19 28 -6 -29
right_child=4 18 3 6 23 10 7 -9 13 -11 11 12 -14 -15 15 -17 19 26 -20 -21 -22 -23 -24 24 25 -27 -28 29 -30 -31
leaf_value=0.0037802933639112333 -0.0081547739876373596 -0.010630128227034507 -0.0013109579409520912 0.015917319423875198 -0.0043179173599712664 -0.0031870400765083569 0.0038305568049767738 0.018023538381686736 0.0052793937886268863 -0.0053530911823401282 0.0076814668478546655 -0.00094438532016144342 0.0029275942477108635 0.015813029183150782 -0.0087414364347024043 -0.0079371732988178356 -0.0016664404534463416 0.0030783610187010454 -0.00090352766064484384 0.0065565225485135622 -0.0087852328752633605 0.0062104692432479076 0.0027237563102674211 -0.0022570398200513638 0.013073858322219002 0.0002710522035712242 -0.011557712357723106 0.0029597657172275669 -0.00019441136104390527 -0.0055813412559165658
leaf_weight=2498.4571173936129 269.18009039759636 393.35935954749584 1874.6081590801477 793.23510770499706 2724.3864729106426 4181.4247937649488 2303.4721334278584 283.65015676617622 2667.2148971408606 1362.1973370015621 871.79529683291912 12662.608182370663 3404.8960398137569 406.00713662803173 431.5338306427002 695.23798131942749 1550.831652417779 254.88473962247372 6086.0518973171711 889.73569610714912 477.77113977074623 831.37878426909447 10217.395132273436 21461.127724885941 266.07770490646362 927.67108160257339 315.00573189556599 4113.5817637145519 13411.375180631876 524.59420183300972
leaf_count=10065 1078 1597 7544 3188 10991 16825 9281 1139 10741 5482 3516 50908 13774 1633 1734 2796 6241 1025 24502 3571 1926 3346 41204 86436 1070 3743 1269 16560 54027 2114
internal_value=-3.43312e-05 0.00121715 0.00221924 0.00474184 -0.000436632 0.000538475 0.00635694 0.00354075 0.00864133 -0.000352315 -0.000404868 0.00028338 -0.000122556 0.00671778 0.000577356 -0.00106804 9.03402e-05 0.0020535 -0.00150949 0.00112729 -0.0005787 0.00109703 0.00243701 -0.00114627 -0.0019677 0.00320961 -0.0050715 -0.000249955 -0.000892873 0.00198381
internal_weight=99150.7 24114.6 17635.2 8898.08 75036.1 31607.3 7023.47 3157.01 3866.46 8737.14 21120.7 16939.3 16067.5 3073.22 7374.95 4876.49 4181.25 2873.36 6479.41 3749.72 2859.98 2382.21 10486.6 43428.8 22654.9 1193.75 569.89 20773.9 16135.8 4638.18
internal_count=399326 97080 70981 35820 302246 127305 28276 12714 15562 35161 85023 68198 64682 12374 29679 19614 16818 11575 26099 15084 11513 9587 42282 174941 91249 4813 2294 83692 65018 18674
is_linear=0
shrinkage=0.05


Tree=53
num_leaves=31
num_cat=0
split_feature=64 83 34 41 96 71 68 64 28 48 61 41 94 97 34 35 92 40 16 16 95 89 53 35 39 39 95 85 47 24
split_gain=19.9264 16.978 15.1587 14.8188 16.5731 13.5335 14.939 14.8146 14.487 13.0543 12.6119 13.2396 12.269 11.7175 13.2607 11.6272 11.5395 13.3712 13.6117 11.3878 11.3072 10.9287 10.9432 20.8022 17.9084 10.7459 10.5111 10.2586 13.442 10.2606
threshold=9.5000000000000018 0.57970673689788466 0.45028150000000006 0.062837972669395545 0.50751000000000013 1.0000000180025095e-35 1.0000000180025095e-35 1.5000000000000002 0.30830000000000007 -0.77663621754644419 1.0000000180025095e-35 0.074090005814691662 0.47373850000000006 0.90374881614118963 0.52318350000000013 0.16853550000000003 -0.066273349999999995 0.0878931929950202 1.0250000000000001 0.9850000000000001 0.067980500000000013 0.56050070000000007 2354.9720530059444 0.13086450000000002 0.032334126293466867 0.02807954440775742 0.099825499999999998 0.53138670897746487 1.7522854682894577 0.1256845
decision_type=2 2 8 8 10 2 2 2 8 8 2 8 10 2 10 10 10 8 2 2 10 10 8 10 8 10 10 2 8 10
left_child=1 2 -1 4 13 7 8 21 -7 -10 11 25 19 14 -2 -9 -12 18 -18 -5 -21 22 -4 -24 -25 -11 -22 -8 29 -29
right_child=3 -3 5 12 -6 6 27 15 9 10 16 -13 -14 -15 -16 -17 17 -19 -20 20 26 -23 23 24 -26 -27 -28 28 -30 -31
leaf_value=-0.0043934383266908961 -0.0061275440155112142 0.0023397843202481896 -0.00029664538228303146 -0.0048754557699723115 -0.0066403875119846233 -0.0096183469694654262 0.0015851630398210652 0.00025667147138874828 -0.010521082078232144 0.0073179138651500138 0.0042238397896895343 0.00067984763382789937 -0.011726824505564644 0.012869269360802644 0.0091905034264319063 -0.0032605806138607633 -0.0061197094661732494 -0.010272958428070538 0.0030617415144482082 -0.0042662939843323838 0.0095998757320931508 0.004677463620160585 0.010487466653015637 0.010412568280905568 0.00094060708924551353 -0.001905330851034363 -0.00032325846290443434 0.011050746936707238 -0.0047351288369763284 -0.00031184343417018181
leaf_weight=1969.4956539422274 284.4232449233532 7996.6228832751513 6382.23156234622 3242.8829652667046 361.88758620619774 499.78111401200294 9656.798686593771 22401.592743143439 353.61276893317699 314.17506876587868 359.43655280768871 10936.935650587082 430.54609768092632 352.48613412678242 261.88184008002281 2614.8851189613342 1053.8041896820068 866.5166744440794 642.66088543832302 918.89711837470531 397.99138452112675 2756.0092976242304 727.22892811894417 530.20378333330154 6588.5896691828966 12735.185038268566 769.68796588480473 252.5559429526329 1633.7788190245628 814.55704818665981
leaf_count=7943 1150 32427 25597 13070 1455 2057 38863 90036 1433 1269 1453 44082 1773 1420 1058 10509 4259 3509 2598 3711 1601 11149 2921 2129 26475 51278 3095 1017 6573 3275
internal_value=-5.61735e-05 0.000139701 -6.97719e-05 -0.0026219 0.00227445 3.44448e-05 -0.000622224 0.000661705 -0.0012658 -0.00110921 -0.000981664 -0.000602979 -0.00369563 0.00589747 0.00124867 -0.000112131 -0.00407714 -0.00525317 -0.002644 -0.00302608 -0.00014229 0.0018009 0.00124081 0.00249022 0.00165969 -0.00167784 0.00311173 0.000823456 -0.00189576 0.00245499
internal_weight=99107.3 92086.7 84090 7020.68 1260.68 82120.5 40119.8 42000.7 27762.1 27262.3 26908.7 23986.3 5760.01 898.791 546.305 25016.5 2922.42 2562.98 1696.47 5329.46 2086.58 16984.3 14228.3 7846.02 7118.79 13049.4 1167.68 12357.7 2700.89 1067.11
internal_count=399185 370852 338425 28333 5083 330482 161666 168816 111938 109881 108448 96629 23250 3628 2208 100545 11819 10366 6857 21477 8407 68271 57122 31525 28604 52547 4696 49728 10865 4292
is_linear=0
shrinkage=0.05


Tree=54
num_leaves=31
num_cat=0
split_feature=20 61 20 74 86 19 37 49 40 52 40 98 1 94 51 35 38 38 56 22 28 35 33 52 18 51 19 29 33 39
split_gain=21.3689 30.3984 37.4273 16.6909 18.6569 20.195 14.5348 16.8544 14.5721 13.5862 18.2143 13.1981 13.3271 17.6909 13.1361 13.7047 13.108 15.6338 13.0852 16.6161 14.4588 13.0455 18.7172 15.875 14.6979 13.6402 12.8474 12.4855 11.7796 12.9868
threshold=13.500000000000002 1.0000000180025095e-35 12.500000000000002 1.0000000180025095e-35 -0.16586250000000002 13.500000000000002 0.19702050000000002 121.05261772481443 0.096544030034637615 130.25528069753909 0.047665915423441667 -0.057170238079883716 3.5000000000000004 0.45067950000000007 2334.2814034630114 0.15194350000000004 0.23698900000000003 0.18010950000000001 2.9017194570135749 0.47515600000000008 0.5536095000000002 0.16165350000000003 5783.5000000000009 127.12172084418016 1.5000000000000002 2288.4753682968671 19.500000000000004 0.58790300000000018 689.50000000000011 0.029405767817203759
decision_type=2 2 2 2 10 2 10 8 10 10 10 2 2 10 10 8 8 10 8 10 10 10 2 10 2 10 2 10 2 8
left_child=1 2 11 28 14 6 27 -8 -9 16 -11 -1 13 26 15 -5 17 -4 20 -20 21 22 23 24 -7 -24 -13 -6 -2 -30
right_child=3 -3 9 4 5 18 7 8 -10 10 -12 12 -14 -15 -16 -17 -18 -19 19 -21 -22 -23 25 -25 -26 -27 -28 -29 29 -31
leaf_value=-0.0097005642198258572 -0.0028073619382789983 -0.0016955722873573905 0.0063194370897877127 -6.5198768109684033e-05 0.0091990524120583572 0.00057633381749788454 0.0065438354975916966 0.00070016647451235281 -0.004521790585119285 0.012755517360348674 -0.00058976909330324759 0.00092995157877126446 0.0024071617856484592 -0.011156050599778478 -0.0077998374461326243 -0.0052170982866993551 0.011013858689797762 0.00034822463190445271 -0.0034154450880351504 -0.00019705343463712771 -0.0074525387333894931 -0.0066934886593250399 -0.00066104195974269191 -0.00082052683981696209 0.013991277502043778 -0.0091401369680016581 -0.0063440560458175605 -0.00036966928422537987 0.0071414770374169812 0.00090983083105887767
leaf_weight=327.71942254900932 2010.184375628829 6407.5307273715734 4245.5101502984762 3030.1315311491489 944.52169525623322 365.6299484372139 1046.7318310290575 8916.4920606315136 1561.1079698503017 284.85568219423294 1918.8177849054337 3091.6760035306215 4115.407244771719 423.19489642977715 1338.1489209681749 2239.2213596105576 990.47680927813053 1478.1416074037552 4777.4262893050909 24719.448854520917 1513.7793684452772 1103.0752864480019 1186.8463374227285 1249.0369031131268 454.98241752386093 781.94139967858791 744.80700239539146 529.14151018857956 871.35084429383278 16408.13997875154
leaf_count=1337 8098 25816 17099 12211 3806 1472 4245 35996 6309 1145 7731 12428 16559 1715 5394 9034 3988 5947 19373 99284 6082 4447 4787 5038 1829 3152 2989 2159 3522 66094
internal_value=-4.56866e-05 0.00125174 0.00232385 -0.000461198 -0.000899747 -0.000564051 0.00112564 0.000525465 -8.14477e-05 0.00459836 0.00118512 -9.45963e-06 0.000380873 -0.00157784 -0.00339221 -0.00226024 0.0057152 0.00478066 -0.0011717 -0.000719297 -0.00317269 -0.00190058 -0.000578126 0.00273561 0.00809305 -0.00405785 -0.000495031 0.00578392 0.000806256 0.00122802
internal_weight=99075.5 24028.1 17620.6 75047.3 55757.7 49150.2 12998 11524.3 10477.6 8917.8 2203.67 8702.8 8375.09 4259.68 6607.5 5269.35 6714.13 5723.65 36152.2 29496.9 6655.29 5141.51 4038.44 2069.65 820.612 1968.79 3836.48 1473.66 19289.7 17279.5
internal_count=399086 96754 70938 302332 224618 197979 52515 46550 42305 35910 8876 35028 33691 17132 26639 21245 27034 23046 145464 118657 26807 20725 16278 8339 3301 7939 15417 5965 77714 69616
is_linear=0
shrinkage=0.05


Tree=55
num_leaves=31
num_cat=0
split_feature=72 94 72 4 46 34 19 38 64 87 88 14 97 41 52 39 21 27 22 2 22 91 98 27 44 89 87 54 33 87
split_gain=22.8486 17.2586 17.2684 21.6886 19.8196 19.1618 17.3285 16.1619 15.5589 15.3489 14.9973 13.1162 13.6444 13.6196 14.9989 14.2027 14.0413 14.501 20.241 19.2638 13.2162 13.1155 12.4936 13.4928 12.2088 12.1005 14.7436 13.7529 15.6473 15.4363
threshold=3.5000000000000004 0.49495650000000008 4.5000000000000009 1.5000000000000002 1.5349888231993027 0.47855250000000005 15.500000000000002 0.067772050000000014 9.5000000000000018 -0.015113999999999987 -0.093432500000000016 1.0000000180025095e-35 1.0761679844812864 0.074803367974430032 124.69034297522566 0.042731475649334945 1648.5000000000002 0.34641050000000007 0.50855050000000002 4.5000000000000009 0.45805000000000007 -0.043230499999999991 -0.04800258074896515 0.58793200000000001 38.449059987676605 0.44954650000000007 -0.011103500000000042 125.68888701226516 4923.5000000000009 -0.034175500000000018
decision_type=2 8 2 2 8 8 2 10 2 10 8 2 2 10 8 10 2 10 10 2 10 8 2 10 8 8 10 8 2 8
left_child=8 2 3 6 -5 24 -2 9 -1 -8 -9 12 25 16 -15 -16 17 18 20 -19 -13 -10 -17 -24 -4 26 -7 28 29 -27
right_child=1 -3 5 4 -6 11 7 10 21 -11 -12 13 -14 14 15 22 -18 19 -20 -21 -22 -23 23 -25 -26 27 -28 -29 -30 -31
leaf_value=-0.0013431332211921061 0.0059534604699521092 -0.0037152019943011241 -0.0043897568561062561 -0.014019924887710162 7.9893240982089087e-06 -0.0011430926959797795 0.0018314859933895222 -0.006779003909503558 -0.017770820354106702 -0.0099786199981733575 0.003595830873699515 0.0079557530686343338 -0.0088274386800471782 0.0043466164213881156 0.00051161124266259871 0.0038587940708201002 0.0025941655366479642 0.0019713848043446868 0.012974305758107882 -0.0038073957403720014 -0.0061524238645573673 -0.0042792261634872581 -0.0037828945210092238 -0.013627061269993926 0.0027217928998033254 0.0084876478462329926 -0.0086777215649555001 0.00079706363551071467 -0.0070505883359296877 -0.0028601293715629604
leaf_weight=11421.4400601089 3975.1852246671915 2397.3050950914621 3294.2336238175631 258.80096431076527 3979.9779675602913 7042.4067382663488 575.1227331161499 365.12511916458607 246.39537045359612 512.87374225258827 5021.8225337713957 266.58242873847485 444.60966731607914 1287.1575874388218 3787.4479334503412 417.28723342716694 16495.514617964625 2698.903471916914 463.04221744835377 3075.6565431654453 405.26284204423428 638.9048298150301 2159.2045167982578 408.87083218991756 731.20148211717606 423.89138929545879 705.81725381314754 23340.043261677027 1246.2419739514589 959.20405177772045
leaf_count=46177 15985 9785 13272 1036 16001 28372 2311 1469 1006 2058 20206 1081 1786 5179 15255 1690 66383 10847 1863 12369 1638 2604 8692 1643 2948 1705 2852 93909 5016 3862
internal_value=0.000173268 0.000459375 0.000578459 0.00213578 -0.000879474 0.000249779 0.0033585 0.00175864 -0.00184197 -0.00377589 0.00288137 0.000455346 -0.000223028 0.00119171 -0.00058042 -0.00152182 0.00180197 -9.03369e-05 0.0050511 -0.00110778 -0.000519842 -0.00819073 -0.00409468 -0.00539699 -0.00309443 -0.000106984 -0.00183975 0.000410514 -0.00301082 0.000653701
internal_weight=99045.5 86738.8 84341.5 14688.9 4238.78 69652.6 10450.1 6474.94 12306.7 1088 5386.95 65627.1 34162.2 31464.9 8059.97 6772.81 23405 6909.45 1134.89 5774.56 671.845 885.3 2985.36 2568.08 4025.44 33717.6 7748.22 25969.4 2629.34 1383.1
internal_count=399000 349213 339428 59066 17037 280362 42029 26044 49787 4369 21675 264142 137502 126640 32459 27280 94181 27798 4582 23216 2719 3610 12025 10335 16220 135716 31224 104492 10583 5567
is_linear=0
shrinkage=0.05


Tree=56
num_leaves=31
num_cat=0
split_feature=25 61 19 0 65 38 58 0 35 3 5 30 8 92 29 46 79 37 55 33 46 44 33 93 79 44 4 30 95 80
split_gain=18.9459 17.0957 20.1899 18.6262 16.478 20.982 15.684 15.1366 15.7686 14.7186 17.6041 15.1892 16.7162 15.3229 14.3313 13.167 13.2059 12.9861 20.7893 12.7102 12.2628 11.7876 19.9454 12.1256 11.7522 11.2742 19.4834 14.1419 10.9488 10.8795
threshold=0.37755650000000002 1.0000000180025095e-35 13.500000000000002 4.5000000000000009 -1.0000000180025095e-35 0.16175050000000005 146.50000000000003 7.5000000000000009 0.15000200000000002 1.5000000000000002 1.0000000180025095e-35 0.30341350000000006 8.5000000000000018 -0.0054594999999999913 0.50570350000000008 1.7262835011782569 17.250000000000004 0.46536050000000001 1439.9990585800895 2635.5000000000005 2.0601088169748039 24.13154765806015 9653.5000000000018 0.071593000000000018 36.350000000000001 27.082594114546559 1.0000000180025095e-35 0.25342700000000001 0.14487350000000002 8.014831632406624
decision_type=10 2 2 2 2 10 8 2 10 2 2 8 2 10 10 8 2 10 10 2 10 8 2 8 2 10 2 10 10 2
left_child=1 2 3 19 5 -2 -6 24 -9 20 11 12 13 14 -11 -10 -17 -8 -19 29 25 22 -12 -23 -5 -4 27 28 -27 -1
right_child=4 -3 9 7 6 -7 17 8 15 10 21 -13 -14 -15 -16 16 -18 18 -20 -21 -22 23 -24 -25 -26 26 -28 -29 -30 -31
leaf_value=-0.014617418617296141 -0.00040939958751708903 -0.0034931608321806073 0.0014214912358741544 0.0090945232497904108 0.0089542381922454294 0.0046780115024829564 -0.0017029386010642624 0.0048836674114993541 0.0059148685187322414 -0.014899667948557793 -0.0051645487384633188 -0.015029023617061488 -0.011530874232558193 0.001000728885555333 -0.0020726363406583046 0.0071238506228946084 -0.0049698564983086651 -0.004840013805276642 0.0083525807770755914 0.0012242725944618675 0.0090031785473197439 0.00069753457248158631 0.0070986570821260087 0.0091571155162882261 0.0038849095684897828 -0.00060137406943918021 0.0014004927172112701 -0.0074561262278132028 -0.0096398762170346423 -0.0020588476443679613
leaf_weight=268.09431906044483 7538.7664648890495 2392.0164206773043 21359.228365793824 1535.6432488560677 354.48121047019958 2761.2377688288689 28555.187308311462 1790.1689387708902 484.13463930785656 337.4947679489851 1783.6227150857449 285.09904484450817 495.1484562754631 1851.3789564520121 593.82290701568127 253.84064361453056 1588.3471006304026 466.99775664508343 793.45533430576324 1475.5460057705641 444.14106921851635 4506.1364437788725 397.60726734995842 457.81120193004608 3726.4246242642403 4162.2412628680468 6421.3616824299097 1182.823190882802 354.56403428316116 464.51282033324242
leaf_count=1078 30393 9611 85825 6218 1435 11080 115252 7258 1970 1358 7158 1146 1991 7440 2385 1023 6416 1888 3189 5975 1789 18125 1596 1839 15132 16739 25802 4750 1422 1886
internal_value=6.35383e-05 0.00063802 0.000814384 0.00267313 -0.000768413 0.000957654 -0.00135781 0.00364515 0.00136924 0.000331359 -0.00128399 -0.00414957 -0.00316047 -0.0016351 -0.00682985 -0.00134453 -0.00327396 -0.00148337 0.0034651 -0.00145313 0.000841468 0.000148728 -0.00290695 0.00149458 0.00541961 0.000730541 -0.000487198 -0.00261265 -0.00133061 -0.00678955
internal_weight=99081.3 58611.2 56219.2 11586.7 40470.1 10300 30170.1 9378.56 4116.49 44632.5 10708.1 3562.94 3277.85 2782.7 931.318 2326.32 1842.19 29815.6 1260.45 2208.15 33924.4 7145.18 2181.23 4963.95 5262.07 33480.2 12121 5699.63 4516.81 732.607
internal_count=399169 235932 226321 46956 163237 41473 121764 38017 16667 179365 43038 14320 13174 11183 3743 9409 7439 120329 5077 8939 136327 28718 8754 19964 21350 134538 48713 22911 18161 2964
is_linear=0
shrinkage=0.05


Tree=57
num_leaves=31
num_cat=0
split_feature=71 61 92 59 52 98 52 37 47 55 87 88 21 52 48 52 44 65 38 24 34 52 52 37 48 55 43 21 96 84
split_gain=19.6441 18.1882 24.7638 21.291 16.2297 14.3948 17.5241 14.2459 16.3769 14.9926 14.1915 17.1815 14.0121 13.0459 13.024 12.5079 17.1036 14.7525 14.5981 13.3214 16.5189 13.6999 14.2938 13.099 12.4112 13.2315 13.0293 13.0279 16.6967 13.3701
threshold=1.0000000180025095e-35 1.0000000180025095e-35 -0.064453949999999996 7.131298030892812 125.12409293966616 0.026814534606886823 117.44812538777613 0.30855950000000004 1.8241170177932884 1525.7899417510544 -0.15772399999999998 -0.065126500000000018 2823.5000000000005 119.22959420969836 -0.3493356958584366 131.75389813149175 38.449059987676605 -1.0000000180025095e-35 0.34738350000000007 0.16935550000000002 0.47855250000000005 126.1305640871462 125.55844969231536 0.38421450000000007 0.87722308616457412 1785.4969300004941 2273.6796589154151 3228.5000000000005 0.36355075000000009 0.49553721317497829
decision_type=2 2 8 2 10 2 8 10 10 8 8 8 2 8 8 10 10 2 10 10 8 10 10 10 10 10 10 2 10 2
left_child=5 4 -3 14 10 6 -1 9 -9 -7 -2 13 -5 -12 -4 17 23 18 -6 20 -19 22 -21 -17 25 27 -27 -8 29 -29
right_child=1 2 3 12 15 7 24 8 -10 -11 11 -13 -14 -15 -16 16 -18 19 -20 21 -22 -23 -24 -25 -26 26 -28 28 -30 -31
leaf_value=0.008053775539179641 -0.0071117393962232866 0.0088068346732222032 -0.017018305876399017 0.0024540361342119395 -0.00019330492608798973 0.00025997533220539938 -0.00026039217719347465 -0.0016944965400586328 0.0054559626001791763 0.005277220019085635 -0.0019938126087168154 0.0006782068472147531 -0.0049066912733764824 0.0081393067642846987 -0.0056874239247719557 -0.0011801927273824295 0.0077966963139090954 -0.010693780447590624 0.0096436317420669875 -0.0058426717096364154 -0.001278458062958149 -0.0068784368078565541 0.0099237479197644418 0.0047344699263350588 0.0079870129741702461 0.00022245810245521939 -0.0035200911984092083 0.016855984369762902 0.0014676051521584513 0.0014688958241956659
leaf_weight=705.55077023804188 504.99620741605759 395.22610801458359 271.24477510154247 1531.3333740383387 5504.2246132493019 2157.8547232598066 17679.721160620451 3246.5768545717001 1051.8665384948254 4801.1916352063417 405.02127487957478 12560.010788068175 1103.9476541429758 1406.5255820453167 2980.8408893495798 4911.7271612882614 773.17118519544601 477.02996443212032 394.86920444667339 290.47848103940487 10876.351898521185 2594.5096728652716 266.05163124203682 1145.9481946527958 489.52269211411476 4814.9000213891268 4486.0802297890186 317.33295914530754 10567.808560594916 251.88684575259686
leaf_count=2879 2038 1592 1113 6172 22174 8740 71027 13053 4258 19423 1627 50590 4446 5668 12092 19827 3112 1928 1590 1172 43932 10494 1069 4604 1965 19300 18109 1289 42428 1016
internal_value=6.31807e-05 -0.000656866 -0.0031642 -0.0039814 -0.00028213 0.000752227 0.000300571 0.00232781 6.38852e-05 0.00372408 0.00104555 0.00133693 -0.000636344 0.00587526 -0.00668176 -0.00100748 0.000843516 -0.00162728 0.000480358 -0.00248422 -0.00168312 -0.00535618 0.00173666 -5.53399e-05 0.000156832 5.42049e-05 -0.0015845 0.000583485 0.00192215 0.0101899
internal_weight=98963.8 48393.5 6282.59 5887.37 42110.9 50570.3 39312.8 11257.5 4298.44 6959.05 14876.6 14371.6 2635.28 1811.55 3252.09 27234.4 6830.85 20403.5 5899.09 14504.4 11353.4 3151.04 556.53 6057.68 38607.3 38117.7 9300.98 28816.7 11137 569.22
internal_count=398727 195240 25415 23823 169825 203487 158013 45474 17311 28163 59923 57885 10618 7295 13205 109902 27543 82359 23764 58595 45860 12735 2241 24431 155134 153169 37409 115760 44733 2305
is_linear=0
shrinkage=0.05


Tree=58
num_leaves=31
num_cat=0
split_feature=64 52 21 56 98 91 54 21 23 84 45 32 46 23 41 40 49 46 27 90 35 13 39 34 46 26 90 99 28 86
split_gain=23.762 19.7699 15.5502 12.2423 12.9406 13.9154 16.3332 12.8033 12.2613 10.9919 11.335 12.8021 12.1336 11.0753 10.376 11.7031 16.7916 16.5575 14.6973 13.9503 13.5147 13.0644 12.8746 12.3835 12.9457 11.7013 17.3759 12.2207 11.6537 11.4518
threshold=9.5000000000000018 132.0677087772448 4832.5000000000009 2.1777651606268282 -0.022064572304742344 0.041123000000000014 131.26861783725653 4209.5000000000009 0.30137650000000005 0.47155231500127642 31.876373521978419 0.16824200000000003 1.7136008615484963 0.23972400000000002 0.080129457541379193 0.04565728421135249 119.75330854085568 1.7800657474675872 0.57076100000000007 -0.038039299999999936 0.11967450000000002 1.0000000180025095e-35 0.047000043929925218 0.47855250000000005 1.8771110366993586 0.49859500000000007 -0.012999450000000022 -0.015131500000000004 0.61723600000000012 -0.023915999999999989
decision_type=2 10 2 8 2 10 8 2 8 2 10 10 10 10 10 8 8 10 8 8 10 2 10 10 10 10 10 8 10 8
left_child=3 9 -3 4 -1 7 -7 -6 14 -2 11 12 -11 -14 15 20 -17 18 25 -20 -5 23 -21 24 -19 27 -27 -18 29 -16
right_child=1 2 -4 8 5 6 -8 -9 -10 10 -12 -13 13 -15 28 16 17 21 19 22 -22 -23 -24 -25 -26 26 -28 -29 -30 -31
leaf_value=0.00055355801561614998 -0.013469900466527405 0.0093950816048336688 -0.0041460430180424593 0.0070009125872003116 -0.0074873982087168903 0.0048392677738943266 -0.0064029608525052358 0.0027049096306495592 -0.0014073865923266466 -0.0039376981485819956 -0.013215773713825452 -0.0053891613948886027 -0.0010582757550343725 0.0071842580897385384 0.0035463785276944552 0.0042668942175073639 -0.0015963802999984173 -0.011421332388065634 0.010269377718267475 0.0026761110372479379 -0.0017571498225220886 0.00291835071147282 -0.0057784887321860861 -0.00077212361568215824 0.00027359568860705426 0.0037033783000589844 -0.0077255594277182696 0.0013264195190191084 0.0080896862267164048 5.9748166759909983e-05
leaf_weight=3431.8609485030174 265.58942405879498 548.20506364107132 334.42663371562958 456.20022493600845 2041.4702315181494 807.9460713416338 524.03373293578625 357.30624479055405 7736.9580885469913 1447.7368770539761 261.7745748758316 2516.1213356554508 998.34061558544636 676.16841799020767 4389.3803301602602 3121.4589359015226 4420.1465061455965 560.14800763130188 569.06482706964016 9536.5916982889175 8046.3007061481476 2286.8151829689741 463.37583920359612 17033.275628566742 403.7349836230278 497.60648003220558 963.86599373817444 18564.550003170967 757.84155759215355 5068.8678474873304
leaf_count=13892 1099 2207 1351 1832 8246 3260 2122 1441 31475 5843 1054 10156 4019 2737 17658 12609 17770 2253 2285 38473 32311 9209 1860 68595 1627 1998 3867 74566 3069 20379
internal_value=0.00010704 -0.00268884 0.00427542 0.000321418 -0.00166223 -0.00369652 0.000401543 -0.00596429 0.000488992 -0.00369109 -0.00322886 -0.00274261 -0.000599448 0.00229296 0.000679353 0.000452611 0.000704887 0.000503088 0.00116147 0.00271849 -0.00127957 -0.000633452 0.00227896 -0.00108613 -0.00657025 0.00048747 -0.00383548 0.000763891 0.00216279 0.00167986
internal_weight=99087.2 7048.36 882.632 92038.8 7162.62 3730.76 1331.98 2398.78 84876.2 6165.73 5900.14 5638.37 3122.25 1674.51 77139.2 66923.1 58420.6 55299.2 35015.2 10569 8502.5 20284 9999.97 17997.2 963.883 24446.2 1461.47 22984.7 10216.1 9458.25
internal_count=399263 28466 3558 370797 28961 15069 5382 9687 341836 24908 23809 22755 12599 6756 310361 269255 235112 222503 140819 42618 34143 81684 40333 72475 3880 98201 5865 92336 41106 38037
is_linear=0
shrinkage=0.05


Tree=59
num_leaves=31
num_cat=0
split_feature=72 20 20 61 0 91 1 89 36 64 65 45 24 24 89 92 31 36 38 93 0 23 83 45 4 97 84 24 42 87
split_gain=16.0789 15.639 24.1209 22.64 24.686 20.6153 17.3916 15.2942 15.1076 14.9151 14.6461 18.599 17.7536 20.0791 14.215 14.2096 14.0719 14.0303 13.3895 14.9465 13.4033 13.0445 13.0132 17.1207 14.6961 13.4546 12.6806 12.596 16.4103 12.5856
threshold=3.5000000000000004 13.500000000000002 12.500000000000002 1.0000000180025095e-35 4.5000000000000009 0.055498500000000013 3.5000000000000004 0.41198150000000006 0.60264350000000011 3.5000000000000004 -1.0000000180025095e-35 7.1660688306388529 0.14289150000000003 0.13970050000000003 0.56774000000000002 0.016553500000000002 0.29113800000000006 0.60985650000000013 0.31263800000000003 0.018872500000000004 6.5000000000000009 0.20197400000000001 0.52879332984301464 24.173181191779452 1.5000000000000002 1.0667396258071997 0.55588912863471185 0.14644150000000003 137.26697173910156 0.065936499999999995
decision_type=2 2 2 2 2 8 2 8 10 2 2 10 10 8 10 8 10 10 10 8 2 10 2 8 2 2 2 10 10 8
left_child=9 2 6 4 -4 22 14 8 -8 -1 16 15 13 -13 17 -12 -7 18 19 -2 -21 29 25 24 -24 -3 -11 28 -14 -5
right_child=1 5 3 21 -6 10 7 -9 -10 26 11 12 27 -15 -16 -17 -18 -19 -20 20 -22 -23 23 -25 -26 -27 -28 -29 -30 -31
leaf_value=-1.1867100368074786e-05 -0.0043158879907892363 -0.00034074381307324481 -0.00082603474405217037 -0.0072861497419298149 0.0064379799539242572 0.00011619264631061493 0.0013850129850605526 0.0029395315450556278 -0.014196045120266253 -0.004246962767417011 -0.0040857722035973132 -0.0028319787736071056 -0.0032536733444144907 0.0065913246718823345 0.0039297730889270273 0.0021316618094211373 0.010926811431581729 -0.010030855608096854 -0.0098725285542556745 -0.0016094098441092591 0.00951559769755949 0.001903879860710283 0.0016080187189356336 0.00383453458132242 -0.0020635977356852665 0.0063346768878766949 0.0041686542518719312 -0.0044551187156326591 -0.018158976489063002 0.0033776844746334759
leaf_weight=6743.0311036556959 1351.9159437716007 27921.485106393695 1491.2682763636112 862.14307355880737 5377.0150377601385 4906.3771118074656 349.78198784589767 3770.5340315401554 267.92112219333649 5071.7582538425922 1292.6339180022478 2586.0194177180529 343.37199141085148 712.77433314919472 670.40115602314472 3110.3236505836248 310.70781554281712 744.04150086641312 483.37570784986019 579.24547620117664 494.34943731129169 3961.7573292255402 9407.1520388573408 5638.0788978934288 3825.7858788818121 765.80876888334751 482.94273687899113 4709.1884857267141 403.18258683383465 398.13180835545063
leaf_count=27260 5433 112353 5998 3463 21659 19722 1415 15163 1094 20563 5201 10396 1384 2870 2711 12520 1249 2999 1939 2326 1985 15973 37910 22823 15409 3125 1948 18942 1628 1599
internal_value=9.81386e-05 0.000338086 0.00153303 0.00297737 0.00486188 -3.90964e-05 -0.000472602 0.00174295 -0.00549157 -0.00159309 -0.00146103 -0.00234941 -0.00368132 -0.000782107 -0.00272025 0.000301206 0.0007797 -0.00394809 -0.00236319 -0.00083228 0.00355377 0.00049421 0.00051047 0.00152985 0.000545758 -0.000160398 -0.00350911 -0.00542969 -0.011437 -0.00391728
internal_weight=99032.5 86734.8 20801.9 12090.3 6868.28 65932.9 8711.57 4388.24 617.703 12297.7 18374.6 13157.5 8754.54 3298.79 4323.33 4402.96 5217.08 3652.93 2908.89 2425.51 1073.59 5222.03 47558.3 18871 13232.9 28687.3 5554.7 5455.74 746.555 1260.27
internal_count=399060 349289 83757 48692 27657 265532 35065 17672 2509 49771 73912 52941 35220 13266 17393 17721 20971 14682 11683 9744 4311 21035 191620 76142 53319 115478 22511 21954 3012 5062
is_linear=0
shrinkage=0.05


Tree=60
num_leaves=31
num_cat=0
split_feature=27 57 50 40 38 54 26 48 90 57 90 86 79 21 16 92 97 27 19 97 97 4 95 79 26 85 92 40 49 16
split_gain=15.8266 13.2309 15.5374 13.8184 15.5289 16.5169 13.037 12.2271 21.8515 12.4055 14.6157 12.7057 11.8073 11.2087 15.0723 13.2118 11.162 10.9596 10.6097 10.0821 11.2464 13.6975 10.7886 9.98957 9.95638 11.2338 13.5867 11.0924 14.5968 14.7778
threshold=0.59906550000000014 13.722808004504982 147.28699662917995 0.085965947391643718 0.16545500000000002 128.38242251961194 0.41027350000000007 0.55413800311921435 0.0066828999999999647 10.133569221797924 -0.072311799999999996 -0.08381249999999997 92.550000000000011 153.50000000000003 0.065000000000000016 -0.079516249999999983 1.0181105974792433 0.37561900000000009 20.500000000000004 0.87540735575392492 0.90899592529555451 1.0000000180025095e-35 0.023584999999999998 47.45000000000001 0.5000285000000001 0.52560089740444693 0.031647500000000002 0.04565728421135249 119.85556856020979 0.81500000000000006
decision_type=10 8 10 10 10 10 10 8 10 8 10 10 2 2 2 10 2 8 2 2 2 2 10 2 10 2 8 8 8 2
left_child=6 2 3 16 5 -5 7 9 18 10 17 -12 24 -3 -15 -16 -2 -1 -9 -14 21 -21 -22 -4 27 -26 -27 -8 29 -29
right_child=1 13 23 4 -6 -7 12 8 -10 -11 11 -13 19 14 15 -17 -18 -19 -20 20 22 -23 -24 -25 25 26 -28 28 -30 -31
leaf_value=-0.0066297742027695769 0.0010801195793047429 -0.0075513665213316448 0.00059623160437900346 0.002026982191713593 0.0042683679372679207 -0.011075064884111759 -0.0012801490543143234 0.00075610069418452573 -0.0067728338391904314 -0.0016878313472350325 -0.01119455358751793 -0.00021681430865205659 0.00076181102133788961 0.01175244401507781 -0.0070579364701217721 0.0029899961004765108 -0.0038804489546228494 -0.018233359080688911 0.011021364130613734 -0.015254465677054919 0.0063358307821814279 -0.0030636262493846881 -0.0027990230463169762 0.013406031528825822 -0.00091125388429803508 -0.01418347524882565 0.00043578216830266175 0.00056889350271278709 0.0003193512694723979 0.0082864134649042829
leaf_weight=490.40436664223671 8200.5917923152447 246.53882952034473 271.5736466050148 329.3679032176733 363.52137897908688 855.0404169857502 10371.407551169395 3478.3535422235727 1003.6204579174519 2996.7684975713491 355.91432791948318 943.9372651129961 2347.0978921800852 461.97559601068497 333.90197922289371 6981.9379809945822 1305.8279382288456 362.59485860168934 261.5356669574976 382.77273231744766 340.71284627914429 573.37936459481716 4201.1179438829422 339.06669817864895 1655.4363134652376 404.60837168991566 256.77596212923527 1303.1640122830868 46518.215553939342 1176.4872920364141
leaf_count=1991 33075 993 1097 1339 1458 3436 41759 14034 4064 12124 1442 3813 9471 1860 1352 28288 5246 1470 1056 1544 1370 2311 16894 1369 6651 1624 1032 5241 187291 4735
internal_value=-8.07701e-05 0.00118786 0.000112355 -0.000319562 -0.00468452 -0.0074451 -0.000395374 -0.00209268 -0.000259775 -0.00377726 -0.00666449 -0.00328516 -0.00015361 0.00274923 0.00308501 0.00252239 0.000395361 -0.0117164 0.00150144 -0.00197937 -0.00314884 -0.00805131 -0.00210134 0.00781045 7.88689e-05 -0.00312958 -0.00858574 0.000204581 0.000519052 0.0042491
internal_weight=99113.6 19689.3 11665 11054.3 1547.93 1184.41 79424.3 9893.13 4743.51 5149.62 2152.85 1299.85 69531.2 8024.35 7777.82 7315.84 9506.42 852.999 3739.89 7845.08 5497.98 956.152 4541.83 610.64 61686.1 2316.82 661.384 59369.3 48997.9 2479.65
internal_count=399430 79513 47020 44554 6233 4775 319917 39994 19154 20840 8716 5255 279923 32493 31500 29640 38321 3461 15090 31590 22119 3855 18264 2466 248333 9307 2656 239026 197267 9976
is_linear=0
shrinkage=0.05


Tree=61
num_leaves=31
num_cat=0
split_feature=42 71 24 65 61 55 37 53 39 52 99 47 24 30 25 0 50 28 39 51 31 19 0 65 46 41 84 52 87 21
split_gain=16.6392 14.3543 18.8844 15.7278 20.2508 15.4727 14.2967 14.1115 14.9205 14.863 14.2389 13.8236 14.5742 15.9463 14.4392 16.1742 12.8042 12.3142 12.2981 12.1912 11.6624 13.0103 20.2891 17.6634 14.0427 11.9088 17.3023 14.9766 14.2427 12.77
threshold=145.09249437257921 1.0000000180025095e-35 0.18377350000000001 1.0000000180025095e-35 1.0000000180025095e-35 1068.4506656481494 0.21521800000000002 2550.3823551886812 0.036503553809810484 125.91607629033186 0.018384000000000001 1.4284992844067286 0.10736500000000002 0.059114700000000006 0.35833550000000008 6.5000000000000009 146.95164665345982 0.4688885000000001 0.045610755026316958 2301.0958636827013 0.29113800000000006 13.500000000000002 4.5000000000000009 -1.4999999999999998 1.719188626639133 0.066942755876974666 0.5545903727522814 126.17106993167717 0.0070950000000000188 5630.5000000000009
decision_type=10 2 10 2 2 8 8 10 10 10 10 8 10 10 10 2 10 10 10 8 10 2 2 2 8 8 2 10 10 2
left_child=1 2 20 5 7 -3 -7 8 16 -10 -11 14 13 -13 15 -8 -5 -9 -14 -6 21 22 -1 -24 -25 27 29 -23 -28 -27
right_child=-2 3 -4 4 19 6 11 17 9 10 -12 12 18 -15 -16 -17 -18 -19 -20 -21 -22 25 23 24 -26 26 28 -29 -30 -31
leaf_value=-0.0019359230918689291 0.0057971344115329507 -0.0080157138067066796 -0.002280881037950233 -0.00061407737225525406 -0.0040460598317820125 0.0019688088248334418 0.012823174466557802 -0.002826047982401166 -0.00028273589627180688 -0.0038181986757643985 -0.011242791535403595 0.0012554987391443402 -9.2080276689866452e-05 -0.015102216933110466 -0.0011658398581100369 0.00025517150996735296 0.0092006070666273559 0.0074493181294187768 -0.0030924110699754462 -0.012864179497502915 0.0067842625208673849 -0.003958440012900427 -0.005408817745990559 0.0068080277838300056 0.0024652041448627628 0.0010870019955099 0.0064595997350322693 0.0001697587234428741 -0.0011168975701074542 -0.001951588240752078
leaf_weight=2284.4831368327141 1240.9195586740971 592.65764889121056 5146.6720976829529 4153.2402758747339 1155.4085431396961 7653.2207132577896 599.80158285796642 454.18972797691822 1990.510611101985 2565.5505875349045 862.39439463615417 250.15804414451122 19957.317098930478 353.25444163382053 864.50363723933697 441.92696845531464 351.13689458370209 783.39320832490921 4110.7175898253918 595.34125524759293 820.60090778768063 3178.9468161761761 534.8333842754364 2768.0487037152052 5705.7331430464983 14971.799926951528 2263.5902859717607 7060.6211339533329 849.37415473163128 4485.4122598171234
leaf_count=9198 5118 2391 20694 16775 4687 30775 2423 1847 8043 10400 3493 1011 80436 1429 3466 1784 1414 3152 16654 2429 3295 12758 2158 11191 22987 60122 9182 28387 3460 18015
internal_value=6.70417e-05 -6.24525e-06 0.000585135 -0.000626551 -0.00211635 -7.37451e-05 6.60593e-05 -0.00132879 -0.00195731 -0.00372256 -0.00571333 -0.000482385 -0.000799826 -0.00841085 0.00360884 0.00754464 0.000169708 0.00368586 -0.000605595 -0.00710069 0.000913916 0.000803176 0.00226616 0.00333273 0.00389019 0.000299081 0.000940591 -0.00111448 0.00439539 0.000385882
internal_weight=99045.8 97804.8 50070.1 47734.7 12911.2 34823.6 34230.9 11160.4 9922.83 5418.46 3427.94 26577.7 24671.4 603.412 1906.23 1041.73 4504.38 1237.58 24068 1750.75 44923.4 44102.8 11293.1 9008.62 8473.78 32809.7 22570.2 10239.6 3112.96 19457.2
internal_count=399174 394056 201447 192609 52240 140369 137978 45124 40125 21936 13893 107203 99530 2440 7673 4207 18189 4999 97090 7116 180753 177458 45534 36336 34178 131924 90779 41145 12642 78137
is_linear=0
shrinkage=0.05


Tree=62
num_leaves=31
num_cat=0
split_feature=81 20 20 61 72 52 74 81 34 42 88 45 88 88 44 81 54 94 38 52 93 94 91 88 52 25 37 52 1 89
split_gain=14.3646 14.328 14.2462 23.0095 16.597 14.5546 12.8515 13.6736 13.2062 13.1421 15.2799 12.7917 19.2669 16.7286 12.163 11.93 11.7001 11.5498 11.4919 11.4238 14.723 13.6524 13.4621 14.9686 14.1202 12.79 12.1484 10.8274 10.7468 19.124
threshold=5.1789666414329583 13.500000000000002 12.500000000000002 1.0000000180025095e-35 3.5000000000000004 127.32596503434489 1.0000000180025095e-35 8.1174616040341032 0.49698750000000008 133.19301475363878 -0.142647 15.864103260536439 -0.086197499999999969 -0.019511500000000011 39.184875407399659 7.6923414938316865 132.1311623684995 0.3046358500000001 0.12596100000000002 123.45638565150533 0.030505649999999999 0.39816850000000004 -0.046199499999999991 -0.046007000000000013 127.36949451177234 0.3396685000000001 0.19458650000000002 131.87334384055472 3.5000000000000004 0.56774000000000002
decision_type=2 2 2 2 2 8 2 2 10 8 10 10 8 10 10 2 10 8 10 8 10 10 10 10 8 10 10 8 2 8
left_child=-1 2 28 5 -5 -4 14 8 -8 15 -11 12 -7 -13 19 -10 -15 18 -9 20 21 -3 23 -21 -24 -25 -26 -19 29 -2
right_child=1 6 3 4 -6 11 7 17 9 10 -12 13 -14 16 -16 -17 -18 27 -20 22 -22 -23 24 25 26 -27 -28 -29 -30 -31
leaf_value=-0.0029883933823631288 -0.0036281355886659881 0.0052606895818841657 0.0066357180517780312 -0.012079592816275206 0.00013145001423811052 -0.0062047804736420726 -0.0023665831001629068 -0.0018618715319847934 0.0064167815856231644 -0.0068773210006941284 0.00061899630748231665 0.002934305395328466 0.0047920547371959124 -0.013075966201666981 0.0075243486745475265 -0.00064430987127444314 -0.0004116585366226817 -0.0022307850919040862 0.005781681747483087 0.0089097918027578483 0.011209794721159334 -0.0052277596003370043 -0.0036690149362320367 0.0067835215159705508 -0.0040241043516865025 -0.00067981805254127082 0.0010535154803965241 -0.00014155048916516573 0.0013134246140417895 0.0046465643000423284
leaf_weight=4069.5321341753006 3757.8141627460718 835.4195205271244 2807.965346172452 286.19000566005707 4595.545204937458 434.1773559898138 3908.6302093118429 889.32103814184666 1781.8550465852022 703.0534096211195 14561.494266703725 942.77138884365559 3954.8381830155849 377.80095793306828 644.23648220300674 895.40569737553596 345.55521209537983 20833.521574273705 1079.5957708656788 771.32424703240395 534.41776902973652 480.58715058863163 2944.4156424701214 751.11448696255684 1373.6722582131624 2329.5166210830212 7915.7278090566397 8829.9104633927345 4610.2206162512302 848.05814999341965
leaf_count=16416 15115 3373 11311 1166 18515 1753 15764 3590 7172 2842 58685 3792 15940 1519 2596 3603 1397 83948 4396 3106 2146 1932 11847 3050 5535 9388 31923 35577 18577 3429
internal_value=-8.31404e-05 4.15822e-05 0.001129 0.00214826 -0.000607649 0.00366516 -0.000305001 -0.000698539 0.000263335 0.000837263 0.000269455 0.00227895 0.00369258 -0.00144471 0.000827544 0.0040616 -0.0071142 -0.00136284 0.00233728 0.000582948 0.00429237 0.00141992 0.000153833 0.00272764 -0.000658125 0.00115594 0.000299141 -0.00160914 -0.000391803 -0.00209779
internal_weight=99093.7 95024.2 22960.9 13744.8 4881.74 8863.11 72063.2 53482.8 21850.4 17941.8 15264.5 6055.14 4389.02 1666.13 18580.4 2677.26 723.356 31632.3 1968.92 17936.2 1850.42 1316.01 16085.8 3851.96 12233.8 3080.63 9289.4 29663.4 9216.09 4605.87
internal_count=399403 382987 92514 55393 19681 35712 290473 215577 88066 72302 61527 24401 17693 6708 74896 10775 2916 127511 7986 72300 7451 5305 64849 15544 49305 12438 37458 119525 37121 18544
is_linear=0
shrinkage=0.05


Tree=63
num_leaves=31
num_cat=0
split_feature=52 83 46 25 88 79 26 23 14 54 28 18 55 47 93 48 89 31 49 33 38 86 10 32 89 94 89 29 23 86
split_gain=12.4525 12.3965 11.2132 11.181 11.762 17.781 9.79697 14.5569 11.0206 19.3898 15.4439 14.0365 18.2704 17.9294 17.1849 14.2822 13.4664 13.3532 12.7014 12.5912 15.8051 13.6209 13.2817 17.645 15.4457 20.6143 13.7708 12.8342 13.7715 12.4623
threshold=136.7478671395352 0.45982397494474175 2.0601088169748039 0.41270800000000002 0.010370500000000006 25.600000000000001 0.41027350000000007 0.15876550000000003 1.0000000180025095e-35 132.83348716789541 0.40922400000000009 1.5000000000000002 1365.9805854861229 1.4435224635926291 0.018152500000000005 0.54906372779975132 0.44878020000000007 0.22049800000000003 126.88419350361526 7842.5000000000009 0.091797000000000004 0.070120499999999961 1.5000000000000002 0.18004750000000003 0.5093023000000001 0.39919200000000005 0.48060175000000005 0.41123500000000007 0.16922300000000004 -0.103809
decision_type=10 2 10 10 10 2 10 8 2 10 8 2 8 10 10 10 10 10 10 2 10 10 2 8 8 10 8 8 10 8
left_child=1 3 6 -1 -5 -6 7 -3 9 11 16 12 18 14 -13 -15 -10 -17 -8 20 21 -14 26 -24 25 -25 -22 -21 -29 -11
right_child=-2 2 -4 4 5 -7 8 -9 10 29 -12 13 19 15 -16 17 -18 -19 -20 27 22 -23 23 24 -26 -27 -28 28 -30 -31
leaf_value=-0.0038583690147654692 0.0050162655556011369 0.0042104314416324534 0.0052260395969680193 0.0039374570446811348 0.0060764110139713608 -0.010416012626493769 -3.5918783164043745e-05 -0.0020203236890286485 -0.0013888794105025907 -0.0023641867582634185 0.0011475899330746233 0.00066417820365582752 -0.0038225297913411257 -0.00022649717332142349 0.0068531789796392453 -0.0030542909795677449 -0.013149704175147445 -0.014022890829306323 0.0086267250986202231 0.0053825927986441893 0.0040089021727519958 -0.015509269252951555 -0.00034717423230164993 0.0049295724487093467 -0.018954575642746926 -0.013273819087316447 -0.0011635915140532391 0.0024148566660976631 -0.0064877319460385878 0.0024257702743973215
leaf_weight=3893.9311781525612 1198.4372453838587 1027.5792325735092 1024.5415210574865 1152.4433833658695 252.31792265176773 428.27057069540024 1552.3695284873247 9755.9682467877865 3612.557637989521 1628.6111751645803 33765.518302768469 4050.3879892528057 1250.8113286793232 9142.5364127457142 1542.517240986228 1773.7602070122957 251.32469172775745 321.25773498415947 571.66534459590912 282.62602090835571 1921.5161260664463 305.13033257424831 1344.5010744780302 284.96540249884129 278.82752467691898 322.05454871058464 3845.9168648421764 485.04332296550274 3804.3217980712652 7956.0672271549702
leaf_count=15941 4906 4131 4125 4708 1031 1744 6242 39399 14582 6551 135866 16295 5034 36790 6208 7144 1010 1293 2301 1138 7718 1229 5411 1143 1121 1295 15472 1963 15296 32078
internal_value=-2.82737e-05 -9.05771e-05 4.98827e-05 -0.00234563 0.000871385 -0.00430224 -8.91164e-06 -0.00142324 0.000181186 -0.000368901 0.000804816 -0.000942655 -0.00199036 6.94852e-05 0.00238028 -0.00108169 -0.00218583 -0.00479488 0.00232506 -0.00264044 -0.0016049 -0.00619878 -0.00070455 -0.0039719 -0.00940805 -0.00478684 0.000563667 -0.00479611 -0.00547775 0.00161025
internal_weight=99027.8 97829.3 92102.4 5726.96 1833.03 680.588 91077.8 10783.5 80294.3 42664.9 37629.4 33080.2 16249.7 16830.5 5592.91 11237.6 3863.88 2095.02 2124.03 14125.7 9553.72 1555.94 7997.78 2230.35 885.847 607.02 5767.43 4571.99 4289.37 9584.68
internal_count=399165 394259 370835 23424 7483 2775 366710 43530 323180 171722 151458 133093 65363 67730 22503 45227 15592 8437 8543 56820 38423 6263 32160 8970 3559 2438 23190 18397 17259 38629
is_linear=0
shrinkage=0.05


Tree=64
num_leaves=31
num_cat=0
split_feature=21 41 88 23 49 21 3 54 29 29 86 51 2 59 36 52 53 53 28 78 93 90 98 28 28 51 55 71 55 20
split_gain=14.0966 17.1756 40.3622 16.3452 15.0275 14.2429 15.3571 14.1795 18.5438 23.7134 13.9676 13.3982 15.3416 13.3646 13.3362 13.1291 12.9143 12.9016 12.8948 12.2932 12.2641 21.3153 11.8874 11.6635 11.5706 17.593 19.3972 12.9558 11.4068 11.2605
threshold=1674.5000000000002 0.080129457541379193 -1.0000000180025095e-35 0.26670850000000007 132.37259777091901 4416.5000000000009 2.5000000000000004 127.17497095693686 0.49657550000000006 0.49357600000000007 -0.11549949999999996 2327.6265065292864 7.5000000000000009 7.8937586058704321 0.50930500000000012 120.97970454913462 2183.8819963536903 2518.7991900001198 0.52090600000000009 0.21106277450063585 0.025011499999999996 -0.050215099999999922 -0.034458324309047626 0.51227050000000007 0.45112100000000005 2265.7763186261941 1598.5073123895679 1.0000000180025095e-35 1881.0810820895524 13.500000000000002
decision_type=2 8 8 10 10 2 2 8 10 10 10 10 2 2 8 10 8 10 10 2 10 10 2 8 10 10 8 2 10 2
left_child=1 14 3 -3 5 7 13 11 9 16 -8 12 20 -7 23 24 22 -4 -6 -18 -2 -22 -9 -1 -16 26 -26 -28 -17 -10
right_child=4 2 17 -5 18 6 10 8 29 -11 -12 -13 -14 -15 15 28 19 -19 -20 -21 21 -23 -24 -25 25 -27 27 -29 -30 -31
leaf_value=0.0034693300954546334 -0.0014909550492081293 0.0043425490459468993 -0.0025216790308858492 -0.00026156113731494105 0.014481132187910646 -0.0058655299457098841 -0.012326767278632996 -0.0093954320789585658 0.0050353837501033137 -0.010107075659213514 -0.0024906077741088848 -0.012470221096408452 -0.0056134221837812965 4.8686398016702246e-05 0.0080485172701312922 -0.0047979529678975376 0.0047304480067743397 0.0053494003365011835 0.0029580333023274384 0.00034921002333708397 0.010244605420048401 -0.0025954674348870467 -0.00095561775646949433 -0.0029110321809139722 0.0071040892989202827 0.0089957372212636864 -0.0017191787545202673 -0.014092843701935979 0.0001763724533675447 0.0018381202864299166
leaf_weight=1651.1523516178131 2107.288172647357 5294.6059376001358 9144.3823375999928 3026.4199764430523 299.36230087280273 978.3582050204277 429.96724849939346 529.91647557914257 3472.1178286969662 547.17710535228252 2057.3237214684486 253.2402741163969 1238.475595831871 28478.792481660843 405.86863166093826 6900.280186444521 1990.6649103462696 542.78652639687061 1166.6226035952568 8025.9075414091349 732.31340749561787 566.62137871980667 1848.3307014256716 1249.6428422182798 270.98284858465195 306.62403430044651 416.51555642485619 426.61797906458378 1382.3340999633074 13298.274112030864
leaf_count=6648 8479 21312 36834 12276 1205 3994 1735 2159 13999 2197 8299 1020 4983 114662 1646 27895 8011 2196 4827 32303 2949 2279 7448 5014 1093 1233 1668 1733 5583 53553
internal_value=3.05096e-07 -0.000882886 0.000117324 0.0026697 0.00040312 0.00029241 -0.00046887 0.000994984 0.00140588 -1.61962e-05 -0.00423349 -0.00149545 -0.00087157 -0.000149666 -0.00226638 -0.00312322 0.000437061 -0.00207559 0.00539328 0.00122377 0.000863914 0.00466647 -0.00286763 0.000720155 0.000710589 -0.00142727 -0.00435037 -0.00807194 -0.00396855 0.00250268
internal_weight=99039 31018.2 18008.2 8321.03 68020.8 66554.8 31944.4 34610.3 29712.4 12942 2487.29 4897.94 4644.7 29457.2 13010 10109.2 12394.8 9687.17 1465.98 10016.6 3406.22 1298.93 2378.25 2900.8 1826.61 1420.74 1114.12 843.134 8282.61 16770.4
internal_count=399233 125131 72618 33588 274102 268070 128690 139380 119670 52118 10034 19710 18690 118656 52513 40851 49921 39030 6032 40314 13707 5228 9607 11662 7373 5727 4494 3401 33478 67552
is_linear=0
shrinkage=0.05


Tree=65
num_leaves=31
num_cat=0
split_feature=71 48 64 46 65 5 91 74 32 48 41 79 33 55 65 96 96 96 95 44 6 21 53 59 65 88 83 32 96 24
split_gain=23.4941 14.2567 13.6753 14.8829 13.0457 15.5244 13.7576 12.6784 11.8738 12.2059 12.1458 11.7407 12.2902 11.3154 11.2853 11.2425 12.361 13.6193 15.7308 14.7714 12.1843 11.1368 10.6215 15.205 16.7976 14.3378 16.4267 12.5669 17.0632 15.0934
threshold=1.0000000180025095e-35 -0.79556964862466717 1.5000000000000002 1.5654736200992427 -1.0000000180025095e-35 1.5000000000000002 0.23543300000000003 8.5000000000000018 0.086286600000000005 0.28318391085072331 0.055420555075685864 53.150000000000013 663.50000000000011 2224.4190540290688 1.0000000180025095e-35 0.64572630000000009 0.54420890000000022 0.53109750000000011 0.12576400000000001 35.481183284360171 3.5000000000000004 689.50000000000011 2400.1531522733226 8.4360913018348089 -1.0000000180025095e-35 0.0083705000000000047 0.49399470291610875 0.16869950000000003 0.29710160000000002 0.17154350000000004
decision_type=2 8 2 8 2 2 10 2 8 10 8 2 2 10 2 8 10 10 10 8 2 2 8 2 2 10 2 8 10 10
left_child=2 -2 3 -1 -3 6 15 13 9 -5 -10 12 14 22 -7 16 17 18 -6 -20 -18 -9 -4 24 25 -24 -27 29 -29 -26
right_child=1 4 7 8 5 11 -8 21 10 -11 -12 -13 -14 -15 -16 -17 20 -19 19 -21 -22 -23 23 -25 27 26 -28 28 -30 -31
leaf_value=0.0074544670714771916 -0.010437807702804509 0.00046883367848451243 0.00079935733954135412 0.013072024058270857 -0.0025652971105915839 0.00037600968289157945 -0.010419817185665543 0.014443567861546264 0.0096844840556645113 0.0013325083843369295 0.00085029699054801401 -0.0017329230926390817 0.002327764829875126 -0.0079886651609250604 -0.011953907303862418 -0.010866036439543819 0.0035967902860151719 -0.0076115587703097249 0.0045058925695824568 -0.0022302996943461824 -0.0039102711689542489 0.002284368015659849 -0.0011280345570824208 -0.0051031048688914811 0.0035674613985039109 -1.7471884911870444e-05 -0.013240963987086608 0.0088428507721873047 -0.0022260704094077973 -0.0052106601809819714
leaf_weight=1048.2846401780844 379.47970953583717 13745.453749135137 16326.513354122639 417.66258944571018 15130.643487140536 483.58148868381977 477.12774182856083 253.29009218513966 388.49741831421852 464.38963021337986 16705.605509802699 4728.3700751662254 5774.768240660429 447.27215087413788 290.56217284500599 336.22607968747616 1868.8659908771515 1093.477752879262 1682.6197418570518 1558.8122910261154 749.51691529154778 679.00832951068878 1923.9750863611698 2000.7860548347235 4027.5864124745131 367.38096006214619 641.17006829380989 372.00815865397453 3936.7851010560989 548.33734993636608
leaf_count=4214 1545 55385 65683 1700 61195 1956 1934 1020 1557 1878 67258 19097 23318 1796 1181 1350 7517 4406 6802 6284 3018 2731 7745 8058 16257 1478 2586 1496 15843 2205
internal_value=-0.00012087 -0.000909361 0.000632569 0.00169083 -0.000831743 -0.00135484 -0.00210245 -6.41192e-06 0.00135076 0.00697554 0.00105662 0.00016364 0.00153353 -0.000182309 -0.00434525 -0.00192088 -0.00177984 -0.00221363 -0.00188838 0.00126955 0.00144118 0.00570604 -6.38709e-05 -0.00108365 -0.000399371 -0.00367382 -0.00847156 0.000684322 -0.00125215 0.0025065
internal_weight=98848.1 48299.5 50548.6 19024.4 47920 34174.6 22897.3 31524.1 17976.2 882.052 17094.1 11277.3 6548.91 30591.8 774.144 22420.2 22083.9 19465.6 18372.1 3241.43 2618.38 932.298 30144.5 13818 11817.2 2932.53 1008.55 8884.72 4308.79 4575.92
internal_count=398493 194988 203505 76607 193443 138058 92506 126898 72393 3578 68815 45552 26455 123147 3137 90572 89222 78687 74281 13086 10535 3751 121351 55668 47610 11809 4064 35801 17339 18462
is_linear=0
shrinkage=0.05


Tree=66
num_leaves=31
num_cat=0
split_feature=3 58 52 86 59 48 27 94 36 21 99 24 20 23 21 43 78 27 88 20 96 36 21 93 86 86 86 35 26 29
split_gain=16.4821 17.7689 15.3383 14.5104 11.9825 14.9177 16.7535 12.7996 12.4984 19.4204 16.3418 11.8086 11.3722 13.615 14.3163 14.1495 16.3275 13.9547 16.4554 12.5916 17.5081 13.6579 14.0048 12.5656 11.9119 11.8819 17.7224 11.0923 10.7447 10.7376
threshold=2.5000000000000004 3675.0000000000005 132.0386340855795 -0.12675699999999993 7.6582270803221251 0.51987693178194927 0.34641050000000007 0.35227400000000003 0.64097700000000013 4719.5000000000009 0.026448000000000003 0.15753650000000005 13.500000000000002 0.20119450000000003 137.50000000000003 2118.9135006386755 0.64971421404911445 0.60088500000000011 0.0072590000000000163 12.500000000000002 0.50487150000000003 0.55204650000000011 446.50000000000006 0.0084030000000000094 -0.052195999999999985 0.048110499999999952 -0.082379999999999967 0.12732350000000001 0.46397250000000007 0.59204650000000014
decision_type=2 8 8 8 2 10 10 10 10 2 10 10 2 10 2 8 2 8 10 2 10 10 2 8 10 8 10 8 10 10
left_child=3 2 -2 4 5 -1 7 -7 9 -6 28 -10 19 15 -15 16 24 18 -17 29 21 -21 -23 -19 -14 26 -18 -24 -11 -5
right_child=1 -3 -4 12 8 6 -8 -9 11 10 -12 -13 13 14 -16 17 25 23 -20 20 -22 22 27 -25 -26 -27 -28 -29 -30 -31
leaf_value=-0.0042233125788760867 -0.0010803489191326108 -0.0044386235327498287 0.0072174578096353458 -0.0005875214165658939 0.0030004170223506274 -0.0037199054131727516 -0.0042044751343446067 0.008769899526331686 -0.013958023022525183 -0.0015281576939391399 0.0071910989713903726 -0.0001173491040494689 -0.00932286641268632 -0.0060285512365540342 -6.0940568158199025e-05 0.0026553137413326978 -0.0064398536351213597 0.0075093899921000783 -0.0032875562211963482 -0.0015825400986166187 0.0062757193818782503 -0.0005556363690454759 0.00099038839660337626 0.001508641212282163 -0.0013374975138455388 -0.0042664823153873458 0.0083191217820509211 0.0067550850680848989 -0.0081453865511736754 0.0057362650087189621
leaf_weight=4713.1024229973555 3571.014285504818 3993.922116085887 649.49004569649696 6501.700321123004 4144.117599606514 276.26369048655033 818.57487922906876 736.98089694976807 286.03428484499454 2618.7973885536194 426.46529704332352 321.79933102428913 662.09716893732548 1019.0181220471859 43081.63925100863 4638.2329111099243 248.35240441560745 2145.7891202270985 1544.9930257201195 2372.1892660558224 2656.5035222023726 1887.2193910628557 1287.8270247578621 1475.6391319185495 1544.5368847846985 432.63308034837246 975.13771884143353 2380.9382186979055 793.87723492085934 738.41663785278797
leaf_count=19065 14451 16130 2616 26165 16664 1114 3293 2978 1157 10524 1714 1301 2665 4124 173496 18673 999 8752 6252 9539 10690 7621 5196 5988 6230 1746 3937 9623 3189 3004
internal_value=9.07895e-05 -0.00205252 0.000210636 0.000285046 -0.00112757 -0.0027376 0.00108716 0.00536145 0.000100761 0.000630236 -0.00192938 -0.00675099 0.000568006 0.000227232 -0.000200167 0.00160546 -0.000955861 0.00261449 0.00116747 0.00167167 0.00276993 0.00158881 0.00294327 0.00507513 -0.00376474 0.00278685 0.00529532 0.00473973 -0.0030868 6.44614e-05
internal_weight=98943.3 8214.43 4220.5 90728.9 15136 6544.92 1831.82 1013.24 8591.09 7983.26 3839.14 607.834 75592.9 57768.1 44100.7 13667.4 3862.76 9804.65 6183.23 17824.8 10584.7 7928.17 5555.98 3621.43 2206.63 1656.12 1223.49 3668.77 3412.67 7240.12
internal_count=398896 33197 17067 365699 60999 26450 7385 4092 34549 32091 15427 2458 304700 232862 177620 55242 15577 39665 24925 71838 42669 31979 22440 14740 8895 6682 4936 14819 13713 29169
is_linear=0
shrinkage=0.05


Tree=67
num_leaves=31
num_cat=0
split_feature=29 23 84 43 45 2 35 68 5 42 93 79 38 38 72 39 46 46 51 95 26 27 95 26 86 23 95 29 99 73
split_gain=13.28 14.87 20.8804 14.3448 15.2411 14.241 12.6405 16.0883 19.4458 13.4153 16.1879 14.0644 15.124 14.9847 15.3274 14.8776 14.8564 14.83 14.7645 13.5335 14.4336 15.2657 13.0995 12.8381 12.4334 12.3481 12.3257 12.3256 14.4691 11.8251
threshold=0.60019900000000004 0.24178900000000003 0.52090795368281884 2028.7254809705325 15.709541067521373 4.5000000000000009 0.14092750000000001 1.0000000180025095e-35 1.5000000000000002 142.4703740511234 0.021056000000000009 50.100000000000009 0.13705350000000002 0.19850400000000004 3.5000000000000004 0.03407660857826373 1.4824576969433065 1.8081332316873895 2234.3132947705481 0.067980500000000013 0.47656050000000005 0.56022000000000016 -0.018833999999999986 0.41080100000000003 -0.096634000000000012 0.20823550000000005 -0.0096325000000000143 0.54361100000000018 0.030403500000000003 1.0000000180025095e-35
decision_type=10 10 2 8 10 2 10 2 2 10 10 2 8 10 2 10 8 10 10 8 10 10 10 8 10 10 10 8 10 2
left_child=6 2 -2 4 -4 -5 23 8 9 11 -11 12 15 14 -14 25 -15 -13 -19 -16 21 -21 -10 -1 -7 -8 -17 28 -27 -3
right_child=1 29 3 5 -6 24 7 -9 22 10 -12 17 13 16 19 26 -18 18 -20 20 -22 -23 -24 -25 -26 27 -28 -29 -30 -31
leaf_value=-0.0017101042689688787 0.010930958710862766 -0.0079453867928828831 0.0035400911355376848 0.0053490252757015591 -0.01110127044811038 -0.0069885149819491612 0.0058709705121936682 0.00071656415611774551 -0.0056399578306526752 0.0058545909406698118 -0.0038320619123722584 -0.001998595716517209 -0.0044803765140689006 0.0092054439552198188 0.00098659241570940668 -0.010490836237365677 -0.002184319217425621 -0.00086585017794852152 -0.0074621367104330096 0.014113494998896525 0.00084727346755007695 0.0012403338451742706 0.0007722156200658224 0.0014635373523954193 0.0016937847938098367 0.0022391887392549936 -0.0032115249602431605 -0.010821237030981251 -0.0072858969138847639 0.0040240273548445222
leaf_weight=3881.1949269026518 685.71776980161667 617.97570729255676 304.37748597562313 2637.0396729111671 404.75391934812069 474.54588897526264 730.4102425724268 19577.420967027545 829.79414542019367 1211.5950973778963 658.20350874960423 8809.0531299561262 686.53788906335831 294.17022022604942 2239.5304231196642 652.41691869497299 4915.896616756916 1182.7077361047268 3016.3992477357388 770.94930177927017 636.65651056170464 329.53376589715481 15456.198935642838 17611.926067084074 2758.1887858361006 1586.8445140719414 4970.1986503899097 299.80021134018898 521.37287978827953 299.8353984951973
leaf_count=15695 2791 2490 1224 10817 1634 1910 2947 78769 3368 4887 2660 35507 2782 1180 9010 2656 19755 4764 12165 3095 2557 1325 62261 70889 11213 6408 20064 1212 2108 1210
internal_value=4.49656e-06 0.00193255 0.00269087 0.00181672 -0.00485498 0.00262961 -0.000169312 -0.00049755 -0.000974909 -0.00166353 0.00244247 -0.00190686 -0.00102524 0.000316683 0.00237301 -0.00253616 -0.00152483 -0.00316802 -0.00561072 0.00356446 0.00686319 0.0103046 0.000442246 0.000889917 0.000401655 0.000221893 -0.0040733 -0.0015088 -0.000139689 -0.00403393
internal_weight=99051.2 8182.43 7264.62 6578.91 709.131 5869.77 90868.8 69375.7 49798.3 33512.3 1869.8 31642.5 18634.3 9873.27 4663.21 8761.04 5210.07 13008.2 4199.11 3976.67 1737.14 1100.48 16286 21493.1 3232.73 3138.43 5622.62 2408.02 2108.22 917.811
internal_count=399353 33289 29589 26798 2858 23940 366064 279480 200711 135082 7547 127535 75099 39704 18769 35395 20935 52436 16929 15987 6977 4420 65629 86584 13123 12675 22720 9728 8516 3700
is_linear=0
shrinkage=0.05


Tree=68
num_leaves=31
num_cat=0
split_feature=20 34 20 53 61 0 94 98 34 58 91 46 16 49 15 65 94 23 94 91 33 52 97 0 58 86 93 29 9 16
split_gain=16.1533 16.7105 15.9754 21.3991 15.7273 17.3846 13.0687 12.2822 16.0186 13.8905 11.8097 15.6286 11.7127 14.1999 18.7898 15.4148 15.2541 14.3122 13.7949 11.8637 11.5425 11.6663 12.0555 11.1771 22.6096 13.4167 13.1072 16.3375 12.0388 10.8285
threshold=13.500000000000002 0.45028150000000006 12.500000000000002 2134.8330583879051 1.0000000180025095e-35 4.5000000000000009 0.48130350000000005 -0.065075542946920292 0.52217150000000012 6409.5000000000009 0.054359500000000012 1.9977292927289625 0.97500000000000009 127.33054752342117 99.750000000000014 -1.4999999999999998 0.36412150000000004 0.24691450000000001 0.38804700000000009 -0.058830249999999994 5783.5000000000009 118.09730032563967 0.72141825055349729 8.5000000000000018 1355.5000000000002 -0.022478500000000009 0.10728750000000001 0.38483600000000001 1.0000000180025095e-35 0.085000000000000006
decision_type=2 8 2 8 2 2 10 2 10 10 10 10 2 8 2 2 8 10 10 10 2 10 2 2 8 10 10 10 2 2
left_child=1 -1 3 -3 5 -4 10 -5 -9 29 12 23 13 20 15 17 -17 -15 -18 -20 21 -2 -23 26 -25 28 27 -12 -26 -10
right_child=6 2 4 7 -6 -7 -8 8 9 -11 11 -13 -14 14 -16 16 18 -19 19 -21 -22 22 -24 24 25 -27 -28 -29 -30 -31
leaf_value=-0.0052074847951715866 0.00603089492655756 -0.0072290820670136511 -0.00051874871787932779 -0.010136563336552263 0.00025402019144383608 0.0049338099257648614 -0.0034365732122446425 -0.000917523497849288 -0.0055588612226574532 0.011575749878956184 -0.0094572916611190723 0.006655195217507591 0.0011804935620420677 -0.011550557528715248 0.011133905224630007 0.0039762771558027633 -0.0046019575789095447 0.0030027042919404134 -0.0028166754197898576 0.0022649107911639232 -0.0026719157992246257 -0.0081871621806760969 -0.00024157628576528288 0.010578925498999444 0.0040778316186998783 -0.0066965003238242385 0.0041474089397322104 -0.0019545291542455725 -0.0031605613942092409 0.0034036886102031799
leaf_weight=968.1545657813549 696.62671273946762 941.41029033064842 1842.4254312217236 244.75174973905087 4815.47277097404 7034.0146511793137 3155.687836676836 4669.0115791261196 374.84799367189407 456.70143243670464 755.47056466341019 606.52029141783714 20315.51020719111 464.04431158304214 432.52776654064655 3218.572294741869 1396.59167355299 257.10129198431969 1556.6348192095757 4298.7960281968117 7779.775723323226 489.29719626903534 10899.693616122007 524.10357956588268 1437.4952448904514 682.16002549231052 812.79032807052135 14278.686974585056 943.14489048719406 2744.7570643723011
leaf_count=3910 2825 3795 7421 1003 19419 28364 12948 18809 1512 1840 3071 2438 81888 1873 1746 13082 5607 1035 6268 17298 31344 1978 43865 2113 5779 2745 3276 57456 3797 11048
internal_value=6.93147e-05 0.00119541 0.00146562 -0.000117968 0.00255575 0.00380275 -0.000292514 0.000678115 0.00101103 0.00352436 -0.000153958 -0.00118432 0.00024478 -0.000359077 0.00102839 0.000628251 0.00111739 -0.00639196 -0.000155155 0.000911499 -0.00117107 -0.000203525 -0.00058982 -0.00143228 0.00108576 -0.000567847 -0.00200256 -0.00233758 0.00120895 0.00231244
internal_weight=99092.8 24091.5 23123.4 9431.48 13691.9 8876.44 75001.2 8490.07 8245.32 3576.31 71845.5 20040.4 51805.2 31489.7 11624.3 11191.7 10470.6 721.146 7252.02 5855.43 19865.4 12085.6 11389 19433.9 3586.9 3062.8 15846.9 15034.2 2380.64 3119.61
internal_count=399553 97121 93211 38007 55204 35785 302432 34212 33209 14400 289484 80675 208809 126921 46909 45163 42255 2908 29173 23566 80012 48668 45843 78237 14434 12321 63803 60527 9576 12560
is_linear=0
shrinkage=0.05


Tree=69
num_leaves=31
num_cat=0
split_feature=84 33 38 20 45 21 32 58 92 53 91 53 89 40 38 16 92 26 96 32 93 79 92 33 19 46 9 98 98 57
split_gain=11.9175 13.0108 14.9731 12.1058 17.8833 11.9095 13.7085 15.3438 12.3965 10.5754 10.3303 14.3191 13.0123 21.0375 10.7083 12.4128 10.346 10.3127 15.9183 10.2486 10.8069 10.1377 9.7258 9.67851 13.4646 9.65576 9.57857 9.41545 9.35187 9.0703
threshold=0.53796485171328978 1342.5000000000002 0.066890300000000014 13.500000000000002 -8.7075194900437953 8770.5000000000018 0.21545100000000003 2712.0000000000005 -0.018399999999999989 2155.8734911698352 0.05884000000000001 2108.0698971459183 0.50821025000000009 0.045993524666918001 0.040747600000000002 0.075000000000000025 -0.01219349999999998 0.45338850000000003 0.48787120500000009 0.10013200000000001 -0.024525499999999988 43.95000000000001 -0.018399999999999989 4985.5000000000009 18.500000000000004 1.7630834393789636 4.5000000000000009 0.029617989163992057 0.023220167083907454 15.006417843011031
decision_type=2 2 10 2 8 2 10 10 10 8 10 8 10 10 10 2 10 10 10 10 10 2 10 2 2 10 2 2 2 10
left_child=-1 2 -2 4 21 6 7 8 -6 -4 12 -12 13 -5 -14 -16 -15 18 -18 20 -17 -3 -9 28 27 -26 -11 -25 -21 -30
right_child=1 3 9 10 5 -7 -8 22 -10 26 11 -13 14 16 15 19 17 -19 -20 23 -22 -23 -24 24 25 -27 -28 -29 29 -31
leaf_value=-0.00027443839245123086 0.0040970550577770397 0.0022933498791785837 -0.0071429321255063183 -0.0038716462770985666 -0.00042920333735619199 0.012622036711879045 0.013821567650482461 0.0049925186169432669 0.01019120931182179 -0.00036125989869154773 0.0081568597023600944 -0.0020067629931352733 -0.0075758492365049016 0.013916573997438562 0.0091299623675610113 -0.00088501868476132794 0.014446316345037812 -7.2326087640598485e-05 -0.00012757101854658976 -0.0022765402872205599 -0.012323601382370576 -0.01047377623078838 -0.0041588839162361836 0.0052246800648593078 -9.6753155664138331e-05 -0.013218500073561382 -0.0089083302827566539 -0.00045551850204584736 0.0036788614239433772 0.012014367369428493
leaf_weight=73645.923868820071 1124.9005053937435 322.85399925708771 900.17338787019253 501.94334757328033 400.48005037009716 493.60591958463192 320.62147609889507 437.83036351203918 859.83511629700661 3546.038403570652 370.22882507741451 3917.138156414032 347.34306871891022 475.30818605422974 463.47177001833916 885.958710283041 482.65784254670143 535.10613286495209 302.07190698385239 518.08252620697021 259.95888194441795 284.81680816411972 816.36687742173672 994.21433234214783 259.41785278916359 295.44771094620228 351.30296297371387 2662.3202448040247 1937.5522420108318 387.4802071750164
leaf_count=296814 4537 1300 3623 2013 1622 2003 1294 1771 3498 14303 1487 15765 1395 1907 1867 3592 1936 2144 1210 2090 1059 1147 3299 4017 1044 1185 1412 10838 7865 1573
internal_value=4.79296e-05 0.000980357 -0.0010712 0.00160265 0.00407694 0.00551519 0.00423785 0.00296593 0.00683964 -0.00228903 0.000975918 -0.00111216 0.00176786 0.00511884 0.000908923 0.00125743 0.00764021 0.00529227 0.00890527 0.000801909 -0.0035641 -0.00376332 -0.00094998 0.00151515 -8.10639e-06 -0.00719397 -0.00115251 0.00109897 0.00376362 0.00511353
internal_weight=99100.5 25454.5 5922.42 19532.1 3936.41 3328.74 2835.13 2514.51 1260.32 4797.51 15595.7 4287.37 11308.3 2297.09 9011.25 8663.9 1795.14 1319.84 784.73 8200.43 1145.92 607.671 1254.2 7054.52 4211.4 554.866 3897.34 3656.53 2843.11 2325.03
internal_count=399610 102796 23875 78921 15934 13487 11484 10190 5120 19338 62987 17252 45735 9210 36525 35130 7197 5290 3146 33263 4651 2447 5070 28612 17084 2229 15715 14855 11528 9438
is_linear=0
shrinkage=0.05


Tree=70
num_leaves=31
num_cat=0
split_feature=25 21 92 32 85 28 55 28 16 84 93 93 46 37 28 52 92 32 32 31 92 6 15 95 27 47 8 90 22 24
split_gain=13.29 11.7856 11.5826 13.2239 13.0766 11.6234 11.4048 10.8619 11.2143 10.8139 15.839 14.5064 14.7702 14.7269 12.5125 15.419 11.4869 11.3943 10.7013 10.9587 10.6691 10.468 10.1235 10.257 9.94102 9.72553 9.12747 9.11963 12.3107 9.08974
threshold=0.35754250000000004 4966.5000000000009 -0.00087449999999999323 0.12094150000000002 0.4842681081396179 0.30830000000000007 1836.914632456502 0.57611350000000006 1.4450000000000001 0.52533814350499997 0.053183500000000015 -0.020958999999999995 2.0417109154526383 0.33411150000000006 0.42756100000000008 125.12409293966616 -0.021801999999999998 0.12615750000000003 0.13230000000000003 0.14762600000000003 0.13467050000000003 6.5000000000000009 7.4500000000000011 0.12500450000000002 0.44693400000000005 1.2085053402093993 11.500000000000002 0.021093349999999986 0.55992550000000019 0.13742750000000001
decision_type=8 2 10 10 2 8 10 10 2 2 10 8 8 10 8 8 10 10 10 8 10 2 2 10 10 8 2 10 10 10
left_child=1 6 4 -4 -2 -6 25 24 -9 10 14 -11 13 27 16 21 -7 -15 -18 -20 -5 29 23 -3 -8 -1 -22 28 -13 -16
right_child=2 22 3 20 5 9 7 8 -10 11 -12 12 -14 17 15 -17 18 -19 19 -21 26 -23 -24 -25 -26 -27 -28 -29 -30 -31
leaf_value=0.0092179974045483032 -0.0074814056809009294 -0.0014115012325247259 -0.0047316088594401701 -0.0010442489278192529 -0.010124016662366519 0.00031436434466806105 -0.00027329991025988972 0.0025340468235663504 -0.0092517117806188744 -0.0003267688273173043 -0.01207051210980859 0.0067123538279766212 0.012280175140884364 0.012532549410023942 -0.0033289309391687605 -0.0012567796932764445 0.012859054028057332 0.0033500289241897769 -0.0032387398571326409 0.0084240927442553737 0.0052897677390119384 0.011803651172089109 -7.0345321827538988e-05 -0.0128397610365248 0.007407336002661186 0.00072445697234661745 -0.0048737799763569111 -0.0052319398836392301 -0.0010530181967462753 0.0036354694504090075
leaf_weight=334.37886373698711 527.17673274874687 525.7894760966301 2349.2164290249348 32918.79310297966 250.05534732341766 1669.0327931642532 531.69113160669804 923.5187936425209 247.51035830378532 3634.8170618414879 265.07642738521099 858.58386993408203 463.75012865662575 555.62803088128567 627.85832324624062 12972.374947309494 437.80426260828972 865.40311369299889 362.00807520747185 432.63039393723011 1152.5694372355938 284.59755417704582 13698.963065773249 306.10557089745998 2006.123411744833 16048.244909957051 264.39123122394085 512.08767269551754 1232.1317186951637 1764.2333941310644
leaf_count=1360 2127 2112 9476 132720 1021 6792 2135 3744 1002 14632 1069 3451 1869 2232 2526 52244 1782 3480 1475 1757 4652 1146 55231 1237 8061 64723 1068 2058 4970 7155
internal_value=-0.000102728 0.000687158 -0.00052742 -0.00111013 0.000244005 0.000396496 0.0014714 0.00397146 -1.42514e-05 0.000497875 -0.000160531 0.0020214 0.00391985 0.00292826 1.60672e-05 -0.000543575 0.00302599 0.00700291 0.00666611 0.00313672 -0.000861051 0.00290473 -0.000397456 -0.00571923 0.00580343 0.000903333 0.00337248 0.000685365 0.00215272 0.00180126
internal_weight=99022.5 34622.3 64400.2 36685 27715.2 27188.1 20091.5 3708.84 1171.03 26938 18815.6 8122.4 4487.58 4023.83 18550.5 15649.1 2901.48 1421.03 1232.44 794.638 34335.8 2676.69 14530.9 831.895 2537.81 16382.6 1416.96 2602.8 2090.72 2392.09
internal_count=399307 139605 259702 147916 111786 109659 81025 14942 4746 108638 75946 32692 18060 16191 74877 63071 11806 5712 5014 3232 138440 10827 58580 3349 10196 66083 5720 10479 8421 9681
is_linear=0
shrinkage=0.05


Tree=71
num_leaves=31
num_cat=0
split_feature=37 72 48 23 33 10 34 27 87 33 48 51 10 28 51 92 89 94 46 40 50 85 18 46 0 25 44 19 86 0
split_gain=14.7495 13.4307 11.8073 17.4208 12.8725 15.9371 14.3227 12.8608 18.1068 17.35 14.3225 12.7399 15.1059 12.7164 12.9692 14.162 12.3741 11.8678 11.7237 11.9234 12.9872 11.4418 11.344 12.2283 11.3255 11.1742 11.0367 14.9219 11.414 10.8805
threshold=0.22450550000000005 3.5000000000000004 0.29056963782192174 0.34220100000000003 8008.5000000000009 -4.4999999999999991 0.51063900000000018 0.61498400000000009 -0.0048774999999999782 6549.5000000000009 -0.59200694782909979 2171.9668930897319 1.0000000180025095e-35 0.40037450000000008 2317.3883049541259 0.051858000000000008 0.48060175000000005 0.37237150000000008 2.0601088169748039 0.078234651393893559 140.22899878657731 0.49870764449485577 1.5000000000000002 1.8081332316873895 4.5000000000000009 0.3474810000000001 27.999858594227661 20.500000000000004 -0.157802 7.5000000000000009
decision_type=8 2 10 10 2 2 8 10 10 2 10 8 2 10 10 10 8 10 10 10 10 2 2 10 2 10 8 2 10 2
left_child=-1 18 3 7 6 16 -4 8 9 10 21 -9 25 14 15 17 -6 -8 19 26 -21 -3 -11 -24 -23 -13 -2 28 -28 -14
right_child=1 2 4 -5 5 -7 13 11 -10 22 -12 12 29 -15 -16 -17 -18 -19 -20 20 -22 24 23 -25 -26 -27 27 -29 -30 -31
leaf_value=0.0010218715843435618 7.4794389620641918e-05 0.014272946300390188 -0.0028208113951602269 -0.0050351709066333017 0.013624541118209084 0.00029880451590481069 -0.01392673003036201 -0.0025857331213018295 -0.0011363637864700953 -0.0050448933178572119 0.0012722494244122881 -0.00043270695732745585 -0.0032838838578721635 9.2104432353416413e-05 -0.0088650797566399708 0.0040249141078368203 0.0015035339871531698 -0.0014780433716280851 0.0084037322001585309 -0.013670789428658351 -0.0032066752077608363 0.010933382256239807 0.0029169839242124945 -0.0045362549565223492 0.0032541134681300567 0.011112563854955987 -0.012106423793244017 0.0075710789506517806 -0.0034477302109590957 0.0074077829559943843
leaf_weight=27141.624870851636 4233.8788860738277 333.5576733648777 9018.5381483435631 1213.0589385330677 405.45683288574219 9299.2358838766813 268.4887056350708 559.69589644670486 8393.821993932128 1121.6638010591269 4224.6361423134804 254.54298308491707 591.9723699092865 16615.388077452779 817.12459200620651 720.81748946011066 432.61262778937817 621.66264842450619 248.42559331655502 442.24802260100842 887.03475627303123 578.36490911245346 2017.085537776351 745.67045578360558 2710.8853919506073 1157.4087382555008 432.15974263846874 263.01594515144825 2876.7849173545837 383.72331792116165
leaf_count=109340 17125 1344 36378 4981 1636 37503 1083 2248 33779 4506 16961 1027 2395 66930 3311 2912 1743 2522 1000 1806 3624 2325 8102 3014 10916 4691 1771 1066 11672 1562
internal_value=2.90405e-05 -0.000345996 -8.09841e-05 0.000780824 -0.000628959 0.000897532 -0.00118052 0.00108865 0.000635892 0.00190378 0.00325525 0.00416765 0.00575491 -0.000402648 -0.00377472 -0.00115399 0.00745917 -0.00534584 -0.00210876 -0.00240352 -0.00676413 0.00555781 -0.000827867 0.000896243 0.00463344 0.00904281 -0.00165323 -0.00369597 -0.00461166 0.000953448
internal_weight=99010.6 71869 62485.4 24286.1 38199.3 10137.3 28062 23073 20125.7 11731.9 7847.44 2947.34 2387.65 19043.5 2428.09 1610.97 838.069 890.151 9383.55 9135.12 1329.28 3622.81 3884.42 2762.76 3289.25 1411.95 7805.84 3571.96 3308.94 975.696
internal_count=399273 289933 251869 97851 154018 40882 113136 92870 80947 47168 31546 11923 9675 76758 9828 6517 3379 3605 38064 37064 5430 14585 15622 11116 13241 5718 31634 14509 13443 3957
is_linear=0
shrinkage=0.05


Tree=72
num_leaves=31
num_cat=0
split_feature=14 41 69 43 72 21 77 26 49 43 26 87 27 15 31 30 19 15 27 34 57 26 85 51 33 53 8 31 48 87
split_gain=12.4431 18.1777 15.7394 14.3851 13.5182 12.1822 14.8715 14.9488 11.6875 13.63 13.699 11.2738 12.0429 10.7707 10.5988 12.6394 10.0219 11.9534 9.96136 13.5612 16.4122 17.4598 10.2255 10.7239 10.1417 12.0079 12.2402 10.2627 13.1627 10.1285
threshold=1.0000000180025095e-35 0.071508217900045565 1.0000000180025095e-35 2137.6262213044479 3.5000000000000004 9326.5000000000018 1.0000000180025095e-35 0.4843650000000001 121.24682103333451 2317.0092360143735 0.39773100000000006 0.018948500000000038 0.55612850000000014 0.25000000000000006 0.32037750000000004 0.41801100000000008 17.500000000000004 46.250000000000007 0.57076100000000007 0.52505550000000012 14.105044035514767 0.41625350000000005 0.4898667654485504 2356.8611726484555 552.50000000000011 2177.8285564481898 10.500000000000002 0.27361700000000005 -0.47117840214510698 -0.0055185000000000086
decision_type=2 10 2 10 2 2 2 8 8 10 10 10 10 2 10 10 2 2 10 10 10 10 2 8 2 8 2 10 10 10
left_child=1 3 8 13 -5 6 7 -6 -2 10 -10 12 -7 -1 15 18 -11 -18 24 22 21 -21 -20 29 25 -12 -27 -26 -29 -24
right_child=2 -3 -4 4 5 11 -8 -9 9 16 14 -13 -14 -15 -16 -17 17 -19 19 20 -22 -23 23 -25 27 26 -28 28 -30 -31
leaf_value=0.0077760941282310966 0.0030483521709630639 0.00082205330722631372 -0.0033965728624341441 -0.006066326730929281 -0.0025474304326383963 0.0034049455125186204 0.002373246129186035 -0.011981684367315821 -0.0026328952923357629 -0.00026936079937175023 -0.0085422340003407076 0.0092652110946024532 -0.0088364357090510506 -0.00038458347457521834 0.010509091330057209 -0.0079281601553026632 -0.0095371945791663578 -0.0011562302424008675 -0.0048175246790057259 0.0080010172016442647 0.0064488564971078039 -0.0038447624625750805 0.0072247381977176579 0.0086391602585745159 0.00088847731062667145 -0.0021544111308707454 0.0092034042517063173 -0.0026915702108025667 0.011031847505545749 0.001544436912026533
leaf_weight=403.58293996751308 5657.9441937208176 19182.724531531334 2200.4049505889416 2052.6087598353624 8676.9399513155222 636.69647933542728 1486.7422760277987 432.33308467268944 2382.5294217765331 4297.6817767620087 580.22861583530903 438.42835529148579 281.48957173526287 18068.031843915582 299.08467061817646 364.74649721384048 738.76680123806 992.69569428265095 280.17578929662704 360.55160988867283 764.99949753284454 1938.3260533511639 1162.6515198498964 1362.4050488770008 19167.018563702703 1402.9324803203344 275.07906721532345 251.76780684292316 537.18098989129066 2395.7632081657648
leaf_count=1629 22776 77364 8900 8334 34962 2563 5979 1739 9671 17404 2345 1794 1138 72820 1206 1472 2977 3994 1132 1448 3099 7823 4688 5509 77155 5653 1109 1016 2163 9684
internal_value=0.000138728 -0.00039806 0.000723555 -0.00111876 -0.00232665 -0.00167991 -0.00225128 -0.00300784 0.00092478 0.000620328 0.00101397 0.00276671 -0.000402681 -0.000202171 0.00129372 0.00120098 -0.00156658 -0.00476639 0.0013128 0.00279375 0.000153487 -0.00196029 0.00434584 0.00487628 0.000760791 -0.00240813 -0.000249015 0.00112042 0.00667358 0.00341542
internal_weight=99072.5 51659.6 47412.9 32476.9 14005.2 11952.6 10596 9109.27 45212.5 39554.6 33525.4 1356.61 918.186 18471.6 31142.9 30843.8 6029.14 1731.46 30479.1 8264.87 3063.88 2298.88 5201 4920.82 22214.2 2258.24 1678.01 19956 788.949 3558.41
internal_count=399546 208322 191224 130958 56509 48175 42680 36701 182324 159548 135173 5495 3701 74449 125502 124296 24375 6971 122824 33383 12370 9271 21013 19881 89441 9107 6762 80334 3179 14372
is_linear=0
shrinkage=0.05


Tree=73
num_leaves=31
num_cat=0
split_feature=20 81 20 23 29 81 84 86 88 72 96 44 40 2 16 16 89 90 24 97 99 23 15 49 43 65 86 19 46 54
split_gain=11.8349 15.466 14.6468 12.2656 14.1512 16.0407 11.9443 11.6169 14.247 15.9451 19.8195 11.305 14.0206 11.2728 13.0804 15.1698 11.744 15.5011 11.696 11.1901 14.0498 11.0849 10.8992 13.0599 10.8849 11.5844 13.8158 10.8204 10.7445 10.9936
threshold=13.500000000000002 7.8772075409878433 12.500000000000002 0.22839250000000003 0.53792300000000015 8.7655365407094727 0.57414077843183831 -0.157802 -0.009287999999999989 5.5000000000000009 0.40534415000000007 32.79867915378896 0.061698904978115469 4.5000000000000009 1.0650000000000002 1.0050000000000001 0.58616265000000023 0.065130499999999994 0.18575300000000003 0.97975200658760475 -0.031220999999999995 0.32462200000000002 80.450000000000017 127.18752119610689 2052.8196418478396 1.0000000180025095e-35 -0.19939649999999998 15.500000000000002 1.9150456139844387 132.83348716789541
decision_type=2 2 2 10 10 2 2 8 10 2 10 10 8 2 2 2 10 10 8 2 10 10 2 10 10 2 10 2 8 8
left_child=1 6 3 4 -3 -6 -1 8 11 10 -10 12 -2 16 15 -15 17 -9 -16 20 -14 22 28 -24 -13 26 -26 -5 29 -4
right_child=7 2 21 27 5 -7 -8 13 9 -11 -12 24 19 14 18 -17 -18 -19 -20 -21 -22 -23 23 -25 25 -27 -28 -29 -30 -31
leaf_value=-0.00096870500916222473 -0.0027208248561148927 0.0058841729587285176 -1.3704241591085058e-05 0.0024746423535998625 -0.0096295123541579753 0.0028134727214429102 0.006982862766336694 0.00049165159458126038 -0.00077164927796085866 0.00029988796748857557 -0.016003784599015334 0.0050189855147658082 0.0087244467103459334 -0.0011493261534218176 0.0010642159055207062 -0.0092263247285232722 0.0033533451538221661 -0.0074652690547333672 -0.0048580510023008075 0.0077376025175711228 -0.0016160241251147501 -0.0049042239235329603 0.0051475156868137535 0.016245920384255937 0.0015188750733266078 -0.012120542748145738 -0.0090094788077379178 -0.0035319525390412215 0.006120673667993945 0.0054147071530772691
leaf_weight=8969.0873237550259 2177.0449288636446 1526.4288870245218 3271.7364164441824 1064.4316836595535 385.00623294711113 743.46861204504967 488.54805643856525 27203.953742906451 336.72787539660931 545.67255389690399 578.85585163533688 269.37714132666588 408.88846349716187 21994.722080305219 11751.49281822145 587.40118092298508 3575.4837104976177 616.18659374117851 887.42504191398621 765.26523743569851 1513.0404054820538 375.77258938550949 1403.9185298979282 322.775306686759 713.01117368042469 486.1363772302866 540.18582788109779 2480.3218712359667 1767.9169973880053 1294.5659643262625
leaf_count=36171 8777 6122 13181 4291 1555 3012 1975 109557 1360 2201 2331 1083 1649 88663 47363 2368 14650 2482 3570 3074 6119 1536 5658 1302 2885 1977 2186 10004 7140 5214
internal_value=6.08374e-05 0.00102458 0.00204237 0.000196451 0.00276061 -0.00147904 -0.000551013 -0.000249067 -0.00200779 -0.00647395 -0.0104707 -0.00105021 0.000254692 -2.87706e-05 -0.000642768 -0.00136341 0.000660025 0.000312795 0.00064488 0.00266647 0.000617673 0.003397 0.00378957 0.00730377 -0.00419574 -0.00564339 -0.00305473 -0.00172638 0.00282161 0.00153374
internal_weight=99044.8 24094 14636.3 6199.66 2654.9 1128.47 9457.64 74950.9 8334.21 1461.26 915.584 6872.95 4864.24 66616.7 35221 22582.1 31395.6 27820.1 12638.9 2687.19 1921.93 8436.69 8060.91 1726.69 2008.71 1739.33 1253.2 3544.75 6334.22 4566.3
internal_count=399456 97161 59015 24984 10689 4567 38146 302295 33642 5892 3691 27750 19619 268653 141964 91031 126689 112039 50933 10842 7768 34031 32495 6960 8131 7048 5071 14295 25535 18395
is_linear=0
shrinkage=0.05


Tree=74
num_leaves=31
num_cat=0
split_feature=83 47 93 93 86 45 5 39 88 16 1 39 64 27 44 39 89 98 86 72 44 34 29 98 47 30 92 29 56 86
split_gain=12.5374 11.6293 15.2959 13.0349 10.6268 12.6964 10.2004 15.1625 22.6943 17.7579 18.497 14.5826 14.2797 14.0599 12.8703 12.854 16.1743 11.1595 10.6945 10.3157 10.2349 10.329 9.97912 9.74696 9.74489 10.2392 10.0421 10.2967 10.1219 9.87786
threshold=0.46629899433201366 1.8377867512389947 0.033321500000000011 0.039095000000000012 0.034644999999999988 -8.3894592390009866 1.0000000180025095e-35 0.038643347692284537 0.0021359999999999994 0.69500000000000006 2.5000000000000004 0.031504861099777244 7.5000000000000009 0.52970600000000012 18.958919017134903 0.031662524389294754 0.47497325000000007 0.012052819904614433 0.094196499999999975 5.5000000000000009 22.581683536842597 0.52252550000000009 0.40022350000000007 0.019872684793590199 1.81887369872476 0.12024100000000001 0.028577500000000009 0.50949900000000004 2.8784843223502938 -0.25697449999999994
decision_type=2 10 10 10 10 10 2 10 8 2 2 8 2 8 8 8 10 2 8 2 10 10 10 2 8 10 10 10 8 10
left_child=1 2 4 -4 -1 -6 12 8 24 10 18 13 14 -12 -2 16 19 -15 -10 -16 21 -11 -5 -18 29 -26 27 28 -27 -8
right_child=6 -3 3 22 5 -7 7 -9 9 20 11 -13 -14 17 15 -17 23 -19 -20 -21 -22 -23 -24 -25 25 26 -28 -29 -30 -31
leaf_value=2.3237528345528242e-05 0.0026200230377770991 0.0048308798550065098 -0.017521820280864239 -0.00062538484870146922 -0.0078745196502680009 0.00051538323803403303 -0.0061190062978553946 -0.00034230444895229969 0.0035399899159889977 0.0018551792059272936 -0.0073743999343994539 -0.0054855570878545156 -0.0030510173444822262 -0.00026383351090303764 -0.0048128151278850036 -0.00015860683196784048 0.0013022009946305185 0.013651992746757616 -0.0043668616518270443 -0.016999681033660671 0.0033293537116740042 -0.0036398047190714386 -0.01056623632015986 -0.006380629188399373 0.0063879120776878622 -0.004582555350418553 0.0047778395590616137 -0.0028612354187177004 0.0041192413381648833 0.0016279788829458603
leaf_weight=3992.1006730496883 3633.4349696785212 572.43804535269737 249.13857588171959 592.6876242607832 1122.406268492341 747.36777611076832 420.85980798304081 27976.030627325177 1664.6419145166874 2000.3818148672581 270.43969592452049 3500.1178486049175 5000.4323971867561 305.90630428493023 405.26968766748905 19968.80708155036 1170.2841660231352 261.6915400326252 564.9864694327116 309.66410547494888 3546.0699613243341 1478.5342279225588 431.53432407975197 625.66561982035637 2372.3336304277182 390.52469138801098 2838.6158780604601 1245.9507865458727 2043.2426965385675 9270.6057792305946
leaf_count=16330 14605 2324 1017 2436 4590 3028 1696 112643 6718 8070 1088 14117 20158 1237 1626 80469 4716 1064 2282 1252 14330 5966 1759 2526 9557 1575 11432 5026 8206 37342
internal_value=-3.47921e-05 -0.00196989 -0.00252149 -0.007467 -0.00143631 -0.00453609 0.000128833 0.000508981 0.00124905 -0.00030353 -0.00217093 -0.00407006 -0.000606023 0.00183684 -0.000136839 -0.000583403 -0.00394774 0.00627735 0.00152585 -0.0102531 0.00144294 -0.00048392 -0.00487542 -0.00139482 0.00238431 0.00357919 0.00254874 0.000820877 0.0027099 0.0012856
internal_weight=98972.2 7707.67 7135.24 1273.36 5861.87 1869.77 91264.5 60150.9 32174.9 13592.8 6567.78 4338.16 31113.6 838.038 26113.1 22479.7 2510.88 567.598 2229.63 714.934 7024.99 3478.92 1024.22 1795.95 18582.1 8890.67 6518.33 3679.72 2433.77 9691.47
internal_count=399185 31484 29160 5212 23948 7618 367701 242349 129706 54872 26506 17506 125352 3389 105194 90589 10120 2301 9000 2878 28366 14036 4195 7242 74834 35796 26239 14807 9781 39038
is_linear=0
shrinkage=0.05


Tree=75
num_leaves=31
num_cat=0
split_feature=2 93 51 53 23 25 31 38 23 65 20 20 53 29 58 86 95 91 30 55 33 42 72 7 50 89 34 48 47 34
split_gain=9.84329 15.0472 17.0547 14.3529 12.8744 14.2211 16.4365 12.6643 12.0113 11.8408 11.5133 19.7218 14.2931 13.5296 12.0496 11.3816 11.7344 12.7699 16.0426 12.7785 10.7481 13.316 12.5352 10.6672 11.054 12.7076 10.6551 11.7506 18.0704 14.0941
threshold=2.5000000000000004 -0.010990499999999999 2555.5203467527294 1991.2034002318012 0.31913200000000003 0.37395100000000009 0.15356450000000002 0.062052850000000007 0.14544150000000003 -1.4999999999999998 13.500000000000002 12.500000000000002 2137.7997908324487 0.60556950000000009 1905.5000000000002 -0.15508249999999996 0.17556450000000004 0.0068040000000000054 0.13811450000000003 1914.4919146486002 2224.5000000000005 134.22128652735691 5.5000000000000009 1.0000000180025095e-35 147.17980309938818 0.5051758500000002 0.56868300000000016 0.53638322278429607 1.6930871733399668 0.51678250000000003
decision_type=2 10 10 8 10 10 10 10 8 2 2 2 8 10 8 8 8 8 10 10 2 10 2 2 8 10 10 10 10 8
left_child=1 15 3 -3 5 7 23 -5 -2 -9 11 12 -10 -14 -13 -1 17 18 19 -17 21 -11 -23 24 25 -7 27 -12 29 -29
right_child=8 2 -4 4 -6 6 -8 9 10 20 26 14 13 -15 -16 16 -18 -19 -20 -21 -22 22 -24 -25 -26 -27 -28 28 -30 -31
leaf_value=-0.0069349083357614933 0.0029533981273649236 0.0094686529090794308 0.012728553882170583 -0.0069692248256817795 0.0066739589149296301 -0.002003618770814447 -0.00076615164193621606 -0.005627542078180274 -0.0075250942602419664 0.0093343944840218913 -0.00051428114435837378 -0.00030880739878958856 -0.0010898038887901874 0.0092493698668571853 0.003247733444853121 0.0055312824288624432 -0.0052376305928823978 0.0085613698493867598 -0.0038421636353816466 -0.0029165742598347686 0.00047276746102588378 0.0042893461094513493 -0.0071421883662489876 -0.012518414498784625 0.0036912412508875586 -0.013311639016309837 0.0022946429926360532 -0.002868637335345195 -0.0038261710217567732 0.0018402750994006907
leaf_weight=265.49404481053352 2670.3642484247684 370.10353212058544 251.98813514411449 513.29928834736347 614.02538052201271 614.92110811173916 4076.3432662039995 608.3209523409605 820.97544342279434 867.26914723217487 39552.82145576179 3618.1854492127895 6099.3965507596731 323.72668120265007 6948.8267647027969 2833.3086780756712 352.78814588487148 1214.644348487258 750.29046709835529 524.76700592041016 5946.9744909703732 878.95349696278572 318.60571485757828 511.02319775521755 339.25830216705799 411.84660629928112 2634.6706294715405 2831.5431603938341 7699.7053861171007 3595.1871882379055
leaf_count=1070 10874 1487 1012 2064 2518 2483 16440 2450 3312 3490 159562 14607 24572 1314 28004 11476 1420 4902 3026 2119 23974 3542 1286 2061 1365 1657 10619 11387 30994 14466
internal_value=-6.65172e-05 0.000858918 7.41744e-05 -0.000132035 -0.000364227 -0.000654908 -0.00255417 0.000584517 -0.000334893 0.00104187 -0.000453736 0.000654031 -0.00135433 -0.00055514 0.00203082 0.00301115 0.00348777 0.0040748 0.00273077 0.00420639 0.00155465 0.00465332 0.00121407 -0.00641253 -0.00405398 -0.00662402 -0.000804158 -0.000956651 -0.00219401 -0.000235651
internal_weight=99059.6 22264.2 16322.9 16070.9 15700.8 15086.8 5953.39 9133.42 76795.4 8620.12 74125 17811.1 7244.1 6423.12 10567 5941.29 5675.8 5323.01 4108.37 3358.08 8011.8 2064.83 1197.56 1877.05 1366.03 1026.77 56313.9 53679.3 14126.4 6426.73
internal_count=399553 89842 65829 64817 63330 60812 24006 36806 309711 34742 298837 71809 29198 25886 42611 24013 22943 21523 16621 13595 32292 8318 4828 7566 5505 4140 227028 216409 56847 25853
is_linear=0
shrinkage=0.05


Tree=76
num_leaves=31
num_cat=0
split_feature=37 92 32 32 92 47 92 21 91 98 15 38 15 93 0 62 33 89 36 91 34 36 0 89 79 33 95 26 48 20
split_gain=13.0741 12.5573 12.1516 23.0896 20.4461 15.5766 14.2359 14.1707 13.2853 14.5522 16.1039 13.2305 12.7096 12.2436 12.0705 16.2709 16.0017 17.1469 11.8192 12.0029 11.7825 11.5452 11.2675 12.9002 12.568 12.7624 12.273 11.1986 11.1662 13.6044
threshold=0.22450550000000005 0.12835350000000004 0.16869950000000003 0.17097900000000002 0.013503000000000003 1.7065326967471146 0.018342500000000001 446.50000000000006 0.060870500000000015 -0.0093261108438759659 54.750000000000007 0.13416100000000003 8.9500000000000011 0.019894499999999999 7.5000000000000009 1.0000000180025095e-35 8534.5000000000018 0.42106970000000005 0.52173150000000013 0.17886200000000002 0.63047650000000011 0.35530950000000006 7.5000000000000009 0.43056460000000008 44.150000000000013 6756.5000000000009 0.053079500000000009 0.40065300000000004 0.57249155515741268 20.500000000000004
decision_type=8 10 8 8 10 8 10 2 10 2 2 8 2 10 2 2 2 10 10 10 8 10 2 8 2 2 10 10 8 2
left_child=28 2 7 6 8 -6 -4 20 9 22 11 -11 -7 -13 27 16 17 -16 -3 -20 -2 -9 23 -5 26 -26 -24 -14 -1 -30
right_child=1 18 3 4 5 12 -8 21 -10 10 -12 13 14 -15 15 -17 -18 -19 19 -21 -22 -23 24 -25 25 -27 -28 -29 29 -31
leaf_value=0.002158777925840408 -0.0019288575112933436 0.0080777690290049914 -0.0020066786505889226 0.0012555961369020276 -0.0027049302862411102 -0.0032012773572066056 -0.012576570777499008 -0.0091280468169021647 -0.0076588100951991735 0.0072107953075747667 -0.0037268647207147156 0.0042516231792285985 -0.0055059491561293035 -0.0061507733326581476 -0.0099142235796590358 0.0020195592753989747 -0.0099859117743659517 0.0015079886061323505 0.0045935533319407208 -0.0076132717818496558 -0.012919783876054742 0.00057894933173472686 -0.0019904698066832544 -0.0084712238335184556 5.7985310874755796e-05 -0.012898968187433232 0.012181333301721097 0.0027411350579637944 0.00063951025782902466 -0.0041548190130779308
leaf_weight=11937.935727924109 3648.7741902470589 853.45678372681141 599.38943545520306 419.94422766566277 4151.419439509511 1814.5413163006306 680.90966139733791 298.95653545856476 1245.3789987564087 978.52705411612988 1532.4011566340923 581.48838113248348 423.33801640570164 532.30973970890045 415.56034317612648 2709.2675432264805 689.17313772439957 1433.4017978906631 492.26361235976219 326.18326184153557 251.92935509979725 36203.639236107469 324.63624422252178 1747.6465252637863 493.70018358528614 298.90548481047153 274.62896834313869 8539.67153185606 13499.192880794406 1651.6775550842285
leaf_count=48145 14748 3434 2413 1708 16761 7319 2749 1197 5025 3941 6167 2335 1724 2140 1692 10912 2777 5772 1992 1322 1019 146202 1315 7042 1993 1207 1103 34378 54356 6650
internal_value=7.97835e-05 -0.000272676 -0.000374787 -0.001139 -0.000843573 2.08075e-05 -0.00768204 0.000190639 -0.00291006 -0.00207736 0.000153769 0.00300012 0.000728183 -0.000730415 0.00123184 -0.000671934 -0.00354155 -0.00109871 0.00399697 -0.000304521 -0.00266994 0.000496971 -0.00434347 -0.00658966 -0.000823384 -0.00492814 0.00459747 0.00234591 0.00101585 0.000114459
internal_weight=99050.2 71961.4 70289.5 29886.2 28605.9 20176.4 1280.3 40403.3 8429.57 7184.19 3624.73 2092.33 16025 1113.8 14210.4 5247.4 2538.14 1848.96 1671.9 818.447 3900.7 36502.6 3559.46 2167.59 1391.87 792.606 599.265 8963.01 27088.8 15150.9
internal_count=399538 290387 283639 120473 115311 81335 5162 163166 33976 28951 14583 8416 64574 4475 57255 21153 10241 7464 6748 3314 15767 147399 14368 8750 5618 3200 2418 36102 109151 61006
is_linear=0
shrinkage=0.05


Tree=77
num_leaves=31
num_cat=0
split_feature=64 54 49 49 21 21 54 49 0 58 89 89 89 54 43 95 92 93 46 95 58 35 8 16 33 90 5 54 54 33
split_gain=11.3406 9.40752 11.154 10.3914 10.2398 17.8062 15.679 9.99132 9.2617 17.5083 11.7958 15.6296 14.4549 11.0492 10.6887 9.31345 9.2647 19.2001 13.6182 13.0549 9.31493 9.1778 8.88018 9.79753 8.85196 8.52747 8.21392 13.9603 13.2639 11.1258
threshold=10.500000000000002 135.29681361446168 120.10741701091966 122.62651332840238 4514.5000000000009 3684.5000000000005 132.87511354191233 126.85971694872869 9.5000000000000018 1355.5000000000002 0.47932095000000002 0.53586990000000012 0.46477850000000004 127.60925478417249 2334.7281058451231 0.042985499999999989 0.1224625 0.068920000000000009 1.7294713408223801 0.059380999999999996 2470.5000000000005 0.15217500000000003 1.0000000180025095e-35 0.22500000000000003 3297.5000000000005 -0.023981000000000054 1.5000000000000002 128.34117201142291 125.19425301260073 4420.5000000000009
decision_type=2 10 8 8 2 2 10 10 2 8 10 10 10 10 8 10 10 10 8 10 10 10 2 2 2 10 2 10 10 2
left_child=8 2 -2 -4 5 6 7 22 16 -10 12 25 14 -13 15 -11 26 -18 21 20 -20 -19 -5 -24 -6 -12 29 28 -28 -1
right_child=1 -3 3 4 24 -7 -8 -9 9 10 11 13 -14 -15 -16 -17 17 18 19 -21 -22 -23 23 -25 -26 -27 27 -29 -30 -31
leaf_value=0.00027708812414016341 0.0058567398982321394 0.0044902772673674303 -0.01048443578037201 0.0059874450155171961 -0.00041609180462240798 0.010677731115371779 -0.012941788266367896 0.008024818565626422 0.0098403842086701859 -0.0081750645393692777 -6.4039510698968061e-05 -0.0036384886248215123 0.014544497038475013 0.0067470986728519755 0.0092964739705266378 0.0039832678148265166 -0.0053551239468914826 0.016222933844881687 0.001464100502914293 -0.0024023969239374073 0.013893451155411891 0.0037228918196553214 0.003939412867634144 -0.0065357084467486575 -0.010005604941759083 -0.011023288186951141 0.00094959041087657424 -0.00019996529993791912 0.0048991064012834798 -0.001088445035699784
leaf_weight=30006.609840378165 310.73719926178455 438.82119213044643 505.53485728800297 254.56036625802517 360.02285601198673 278.07853406667709 300.94083559513092 264.31129123270512 667.32232607901096 305.48911035060883 279.01788495481014 435.33142711222172 277.77229641377926 595.5511010736227 295.91168025135994 305.74759785830975 521.67034792900085 376.28162944316864 304.6096898317337 668.89345623552799 293.61230297386646 248.90099437534809 283.54455083608627 949.05339223146439 721.28055557608604 478.41721239686012 7308.3952518999577 18302.28189741075 2991.6942972689867 29645.279717043042
leaf_count=121024 1255 1776 2043 1028 1454 1122 1220 1070 2690 1239 1119 1761 1114 2413 1196 1229 2102 1518 1234 2693 1182 1003 1152 3843 2914 1922 29476 73793 12081 119582
internal_value=-3.6072e-06 -0.00240686 -0.00313161 -0.00385769 -0.00284802 -0.000971791 -0.00259429 -0.000752986 0.000115561 0.0025848 0.000928814 -0.00163324 0.00477686 0.00236855 0.00166 -0.00212711 1.61403e-05 0.00306571 0.00540312 0.00238653 0.00769266 0.0113833 -0.00235624 -0.00411372 -0.00684582 -0.00703965 -6.76108e-05 0.000628864 0.00210038 -0.000401611
internal_weight=98975.7 4666.89 4228.06 3917.33 3411.79 2330.49 2052.41 1751.47 94308.8 3640.56 2973.24 1788.32 1184.92 1030.88 907.148 611.237 90668.2 2413.97 1892.3 1267.12 598.222 625.183 1487.16 1232.6 1081.3 757.435 88254.3 28602.4 10300.1 59651.9
internal_count=399248 18877 17101 15846 13803 9435 8313 7093 380371 14683 11993 7215 4778 4174 3664 2468 365688 9732 7630 5109 2416 2521 6023 4995 4368 3041 355956 115350 41557 240606
is_linear=0
shrinkage=0.05


Tree=78
num_leaves=31
num_cat=0
split_feature=2 20 88 26 88 20 8 16 90 43 93 43 93 96 18 52 45 53 37 89 37 28 86 56 89 32 31 33 88 28
split_gain=9.00453 10.9699 14.2993 12.0357 11.3887 10.6383 10.9996 16.1542 10.9695 11.1521 11.7827 11.5011 10.6729 10.3532 9.85362 18.5236 14.094 14.2901 11.6314 11.1146 15.9876 14.6792 14.9889 13.7408 12.2096 13.3744 11.7774 11.6183 10.8491 13.7473
threshold=3.5000000000000004 13.500000000000002 0.080029000000000003 0.40640500000000007 0.12591499999999997 12.500000000000002 7.5000000000000009 0.12500000000000003 -0.03639625000000004 2298.4293776050281 -0.017662500000000008 2147.9377927268556 0.062068000000000005 0.38564915000000005 1.5000000000000002 117.44812538777613 29.055113861696324 2373.4555543517113 0.42980800000000008 0.40129240000000005 0.37871050000000006 0.40037450000000008 -0.14230299999999999 2.1477381232442609 0.43173470000000008 0.16401050000000003 0.15754500000000002 2058.5000000000005 0.0057930000000000212 0.44607000000000008
decision_type=2 2 10 10 10 2 2 2 10 10 10 10 8 10 2 8 10 10 8 10 10 10 10 8 10 10 10 2 10 10
left_child=14 2 3 -2 -4 6 7 -5 -7 10 -10 -12 13 -8 15 -1 28 -18 19 20 -17 -21 -23 26 -25 -26 -24 -27 -16 -30
right_child=1 -3 4 5 -6 8 12 -9 9 -11 11 -13 -14 -15 16 18 17 -19 -20 21 -22 22 23 24 25 27 -28 -29 29 -31
leaf_value=0.011647885946459548 -0.0030465687725283585 -0.00085536991667483167 0.010020351519437302 0.012515832776194691 -0.0014711999045137875 0.0043220784398900203 -0.013015445051635996 -0.00012403559167188506 0.0045022025938634552 0.0050586626672768755 -0.000110799396670366 -0.0074445455129040078 0.0047907096678404129 -0.0032981040412883439 0.001871734518888425 0.0012939127889432581 0.012560042543383818 0.0014873947646653651 -0.0048872290739051232 -0.011266832816442099 0.015001395304572266 -0.0068197005331899112 -0.01250081950792052 0.0073292207000424815 0.0018160067241471192 0.0025984475498188157 -0.00054925584827847298 -0.0031100647882218412 -0.010742004257913709 -0.00023994251014945232
leaf_weight=304.56824144721031 2309.9168294817209 49799.843430504203 679.72633583843708 262.9205826818943 310.27347178757191 3190.1833516210318 348.78380197286606 3422.6108775436878 696.20322319865227 949.12681749463081 1409.0875635445118 851.71101827919483 289.42508399486542 1211.7002972215414 10721.742077931762 950.99753661453724 536.24160984158516 631.14937502145767 1431.5238642245531 304.81971691548824 264.86336840689182 824.03817820549011 374.86286245286465 620.87983255088329 5683.5971509665251 1162.7224143445492 445.93429379165173 3720.9347620308399 323.13011163473129 4831.7175391465425
leaf_count=1260 9361 200838 2739 1057 1249 12850 1410 13785 2805 3839 5682 3427 1168 4876 43263 3857 2167 2531 5755 1234 1077 3316 1514 2511 22952 4676 1795 14985 1319 19512
internal_value=-0.000151298 -0.000490063 0.000651648 0.000264067 0.00644012 0.0008714 -0.000770814 0.000809102 0.00215168 0.000372584 -0.00114351 -0.00289426 -0.00390587 -0.00553907 0.000520697 -0.000366676 0.00135811 0.0066371 -0.000605719 -0.000175609 0.00437797 -0.000600037 -0.000338095 0.000111969 0.000572174 0.000168609 -0.00609237 -0.00174842 0.000966019 -0.000917785
internal_weight=98865.2 65731.5 15931.7 14941.7 990 12631.8 5535.44 3685.53 7096.31 3906.13 2957 2260.8 1849.91 1560.48 33133.7 16089.7 17044 1167.39 15785.2 14353.7 1215.86 13137.8 12833 12008.9 11188.1 10567.3 820.797 4883.66 15876.6 5154.85
internal_count=398810 265086 64248 60260 3988 50899 22296 14842 28603 15753 11914 9109 7454 6286 133724 64932 68792 4698 63672 57917 4934 52983 51749 48433 45124 42613 3309 19661 64094 20831
is_linear=0
shrinkage=0.05


Tree=79
num_leaves=31
num_cat=0
split_feature=23 63 52 29 45 26 72 54 35 95 52 51 52 33 40 43 35 89 32 38 42 56 56 29 32 64 52 31 38 7
split_gain=11.8781 10.9899 14.698 14.2045 17.9977 12.735 11.2328 12.4467 12.3662 11.6629 11.6353 14.4872 12.2276 11.9702 11.2062 11.1599 10.6982 12.0309 11.8753 11.5645 19.7368 13.0958 12.683 11.4684 10.8146 10.6369 10.5526 11.0199 10.4092 10.2001
threshold=0.12352800000000001 1.0000000180025095e-35 131.50269422703073 0.36014700000000005 -12.468793597735708 0.42992950000000002 5.5000000000000009 121.09066148730018 0.11849750000000002 -0.023435000000000008 132.86674651328204 2265.7763186261941 131.75389813149175 3081.5000000000005 0.078896721401421024 2377.6829067339218 0.15289350000000004 0.51237375000000018 0.13160700000000003 0.11612150000000002 135.81287953664796 2.9951871657754014 2.9951871657754014 0.51668550000000013 0.12768850000000001 10.500000000000002 124.52004441325965 0.082827200000000004 0.13179550000000004 2.5000000000000004
decision_type=8 2 10 8 8 10 2 8 8 10 10 10 10 2 10 10 8 10 8 8 10 10 10 10 8 2 10 10 10 2
left_child=-1 2 16 4 -3 -4 8 -8 -5 -9 12 -12 -11 -14 -13 29 19 18 -18 20 22 -22 -2 -20 -23 -10 -21 -28 -27 -7
right_child=1 3 5 6 -6 15 7 9 25 10 11 14 13 -15 -16 -17 17 -19 23 26 21 24 -24 -25 -26 28 27 -29 -30 -31
leaf_value=0.0047022202271426094 -0.0022709543445663684 -0.014742603803270813 -0.0024717218709534167 0.0067897162435293576 -0.0013446044757658214 0.0045098306320030283 -0.0077553516474477904 -0.0051536128053901523 0.0012403325326647971 0.00020521319578496738 0.0049505586992611922 -0.0085592106580425018 0.011762398368367665 0.0015401909631720162 0.0028157021500371726 -0.0028662407819795522 0.0034417217592247161 -0.0037885231636118873 -0.0021445609598512881 0.0018004393237697133 -0.0016940006638519495 0.0097801911674846136 -0.0076613672228686555 0.0062093316838921324 0.0014429066275568757 -0.0080005806934945172 -0.0076156900805867817 -0.00029209165923560243 0.00088088494831843253 0.00017052976248972706
leaf_weight=1292.7513812035322 3698.0886909812689 319.33913277089596 1807.8673729747534 951.28071960806847 1059.3351404517889 3932.3102882802486 547.54242664575577 1082.4767973870039 25964.477802634239 12644.722460046411 365.61760351061821 1031.7273811548948 454.80617621541023 755.4932659715414 268.06342026591301 922.2234895080328 1329.4406421482563 6059.4949349910021 7138.8021465539932 7396.2289439439774 2689.7126957923174 518.13220331072807 1546.6415456831455 426.32790105044842 1493.4658197462559 621.20455510914326 533.39703218638897 9403.6619904488325 687.40411657094955 2064.152243450284
leaf_count=5209 14915 1325 7296 3828 4316 15922 2217 4416 104676 50952 1473 4159 1831 3044 1096 3710 5366 24429 28803 29784 10880 2092 6240 1713 6034 2517 2146 37904 2770 8326
internal_value=-4.06174e-05 -0.00010384 -0.000611688 0.000449712 -0.00453177 0.00125537 0.000602035 -0.000407034 0.00121512 -0.000160174 0.000191189 -0.0037447 0.000666653 0.0054464 -0.00620971 0.00223143 -0.000997679 -0.00207204 -0.000899735 -0.000408187 -0.00176633 0.000586096 -0.00387211 -0.00166621 0.00362812 0.00101826 0.000371698 -0.000692466 -0.0033639 0.00301889
internal_weight=99006.2 97713.4 50959.9 46753.5 1378.67 8726.55 45374.8 17150.4 28224.4 16602.9 15520.4 1665.41 13855 1210.3 1299.79 6918.69 42233.4 14954.1 8894.57 27279.3 9946.04 4701.31 5244.73 7565.13 2011.6 27273.1 17333.3 9937.06 1308.61 5996.46
internal_count=399389 394180 205560 188620 5641 35254 182979 69188 113791 66971 62555 6728 55827 4875 5255 27958 170306 60311 35882 109995 40161 19006 21155 30516 8126 109963 69834 40050 5287 24248
is_linear=0
shrinkage=0.05


Tree=80
num_leaves=31
num_cat=0
split_feature=72 86 41 29 36 86 63 3 41 22 92 20 21 50 35 26 21 1 23 26 95 98 23 91 28 41 10 43 31 98
split_gain=12.3991 13.3271 16.0926 12.69 12.5903 11.0068 11.7785 12.7457 13.2295 10.6253 10.4264 13.735 13.6567 10.2573 9.96733 9.91027 9.83372 14.7578 11.876 9.69267 13.544 11.0309 10.8286 9.915 13.067 9.7857 14.9353 13.3373 13.8751 12.4522
threshold=3.5000000000000004 -0.11898799999999997 0.077596286098170417 0.44948950000000004 0.7080550000000001 -0.026209499999999993 1.5000000000000002 1.5000000000000002 0.062421696832745323 0.51424900000000007 -0.00041055000000000253 16.500000000000004 4171.5000000000009 138.52555035529682 0.15470450000000005 0.42486250000000009 6144.5000000000009 3.5000000000000004 0.20823550000000005 0.5000285000000001 0.1229435 -0.054295001253782359 0.38093200000000005 0.063715600000000025 0.44288200000000005 0.080129457541379193 -7.4999999999999991 2372.9716213220859 0.15851400000000002 -0.088512175098033566
decision_type=2 10 10 10 10 10 2 2 10 8 10 2 2 10 10 10 2 2 10 10 8 2 10 10 8 8 2 10 10 2
left_child=1 2 3 9 5 16 7 10 -9 -1 12 -12 -7 -5 15 -8 17 -3 -18 20 22 -22 25 24 -21 27 -27 29 -29 -2
right_child=19 4 -4 13 -6 6 14 8 -10 -11 11 -13 -14 -15 -16 -17 18 -19 -20 23 21 -23 -24 -25 -26 26 -28 28 -30 -31
leaf_value=-0.0064000109129225165 0.0067606344487269321 0.0033477369142304418 0.0040594759449667298 -0.017988304458175699 0.007819827172938271 0.0031416849338541937 0.0064452931098379594 -0.0007203542949714368 -0.012543807462202489 0.0041098588254817525 -0.00087124559094744591 -0.010288564957887917 -0.0064700705206484511 -0.0069139036473603701 0.0071895101049658829 -0.0044269065580102634 0.00013860986820131747 -0.004042298763112618 0.012138919876271142 0.0076798716226987723 -0.0064239189104999999 0.0018139291499242871 -0.0070367810281901201 -0.0086492273291567147 -0.0028920236722202366 0.0095032561802582544 0.00085694224242614944 -0.0075380419201094258 0.00032867281474783844 -0.00018659197153700834
leaf_weight=683.05297136306763 643.99974356591702 1377.7963737696409 420.10630005598068 319.40462397038937 412.321129783988 1313.059353530407 282.26740892231464 363.82940673828125 673.34734785556793 359.88749895989895 864.71727861464024 694.11837968230247 502.83278800547123 638.31463702023029 499.46523842215538 732.999586597085 423.3083553314209 1306.4087523967028 392.3575394153595 340.66962185502052 407.06049610674381 16452.259455248713 528.21418827772141 548.18817409873009 1749.7884505093098 505.21486309170723 16493.895696520805 1242.1404840499163 1013.327952966094 46898.901836782694
leaf_count=2813 2593 5583 1726 1295 1668 5303 1145 1474 2744 1454 3493 2809 2036 2580 2024 2965 1697 5299 1593 1373 1641 66534 2173 2207 7032 2039 66418 5047 4103 188856
internal_value=4.05555e-05 -0.00144727 -0.00476277 -0.00662627 -0.000627507 -0.00100489 -0.00231639 -0.00362038 -0.00844276 -0.00276878 -0.00211772 -0.00510344 0.000459267 -0.010755 0.0014805 -0.0013708 0.00121626 -0.000250664 0.00598819 0.00025078 0.000344442 0.00161134 2.70004e-05 -0.00272749 -0.00114082 8.39036e-05 0.00111935 -0.000269708 -0.00401787 -9.10853e-05
internal_weight=99083.3 12259.6 2420.77 2000.66 9838.83 9426.51 5926.64 4411.9 1037.18 1042.94 3374.73 1558.84 1815.89 957.719 1514.73 1015.27 3499.87 2684.21 815.666 86823.7 84185 16859.3 67325.7 2638.65 2090.46 66797.5 16999.1 49798.4 2255.47 47542.9
internal_count=399717 49701 9868 8142 39833 38165 23993 17859 4218 4267 13641 6302 7339 3875 6134 4110 14172 10882 3290 350016 339404 68175 271229 10612 8405 269056 68457 200599 9150 191449
is_linear=0
shrinkage=0.05


Tree=81
num_leaves=31
num_cat=0
split_feature=33 31 48 85 30 27 87 21 90 50 90 52 50 83 79 27 89 87 28 99 79 48 40 16 90 30 41 64 27 19
split_gain=10.7442 13.6728 14.3546 11.447 9.68125 9.65754 9.02204 13.7786 16.2447 14.169 21.9559 13.3801 12.7681 14.2125 11.9147 11.6786 11.5344 11.4536 14.8037 13.0676 11.4459 11.0778 11.9468 11.0445 12.1668 11.004 21.1632 18.4996 14.5612 12.1371
threshold=114.50000000000001 0.11520300000000001 -0.49485876471508211 0.51962057040590703 0.070751800000000017 0.47849200000000008 -0.0068315000000000172 188.50000000000003 0.016026700000000036 147.62783642724898 -0.0057461000000000309 133.55807239804213 144.75899881708088 0.57630288322486367 97.950000000000017 0.47340100000000002 0.6230490500000001 0.057122500000000027 0.48613850000000008 0.026899499999999996 44.95000000000001 0.27320802390870808 0.046304973884593835 0.03500000000000001 0.023813299999999957 0.11978250000000001 0.080506168809618625 7.5000000000000009 0.57380150000000008 15.500000000000002
decision_type=2 10 8 2 10 10 10 2 10 10 10 10 8 2 2 10 10 10 10 10 2 8 8 2 10 10 10 2 10 2
left_child=1 3 -3 4 -1 -4 -2 -8 9 11 -11 14 13 16 25 -13 23 18 19 -14 -15 -20 -23 -10 -25 27 -27 28 -9 -29
right_child=6 2 5 -5 -6 -7 7 8 12 10 -12 15 17 20 -16 -17 -18 -19 21 -21 -22 22 -24 24 -26 26 -28 29 -30 -31
leaf_value=-0.0011871784858829609 0.00055212290648874057 0.0049255143839905327 -0.011021641083448377 -0.004402521186813408 0.011790366079661259 -0.0031557587976750799 -0.0044048102669140667 -0.0039063905482575488 0.0083607683123833442 -0.01786687403278794 -0.0024519056796639283 -0.0032439338520873755 0.00036155252849021899 0.013038594087672845 -0.0072873120695850632 0.0098861561686856697 -0.0022506503826854778 -0.0026197280606762964 -0.0052902395282256424 -0.011951122774540791 0.0029249234961703828 0.0085173789928903714 0.0013147465226757908 -0.0027849384988815132 0.002262902104999541 -0.0010548797513035453 0.0059591550784559473 -0.0032562272782202676 0.0040380759043823653 -0.017647009123427451
leaf_weight=247.48437452316284 54252.571972861886 273.37396010756493 831.95902189612389 430.21981567144394 327.25639368593693 747.96177068352699 2057.7210460603237 2118.5946141183376 608.17787800729275 313.25351966917515 823.70056082308292 250.11212992668152 451.71102079749107 454.77159155905247 798.40223854780197 489.66525264084339 2030.2247696816921 4360.2679308056831 540.05611972510815 401.08292312920094 722.68609766662121 641.31097842752934 5016.6933140307665 1417.5502922385931 7308.4100046902895 8335.4731221199036 1224.5295733362436 267.17387215793133 782.07180815935135 329.79657152295113
leaf_count=1000 218765 1104 3371 1733 1322 3013 8320 8538 2447 1266 3351 1004 1832 1851 3215 1966 8228 17642 2173 1628 2941 2599 20242 5708 29456 33572 4947 1078 3167 1333
internal_value=3.68946e-05 -0.00297858 -0.00551494 0.00170708 0.00627748 -0.00734107 0.000126981 -0.000425563 -0.00021818 -0.00146589 -0.00681778 -0.00104461 0.000601609 0.00170213 -0.00139574 0.00546293 0.00115715 -0.000608392 0.000637372 -0.0055007 0.00690805 0.00148941 0.00214472 0.00189998 0.00144062 -0.0010302 -0.000151172 -0.00342556 -0.00175791 -0.0113662
internal_weight=98854.3 2858.26 1853.29 1004.96 574.741 1579.92 95996 41743.4 39685.7 15732.8 1136.95 14595.8 23952.9 12541.8 13856 739.777 11364.4 11411.1 7050.85 852.794 1177.46 6198.06 5658 9334.14 8725.96 13057.6 9560 3497.64 2900.67 596.97
internal_count=398812 11543 7488 4055 2322 6384 387269 168504 160184 63437 4617 58820 96747 50631 55850 2970 45839 46116 28474 3460 4792 25014 22841 37611 35164 52635 38519 14116 11705 2411
is_linear=0
shrinkage=0.05


Tree=82
num_leaves=31
num_cat=0
split_feature=5 89 49 35 72 98 32 79 88 39 98 25 51 39 36 74 32 97 86 97 32 51 41 39 25 57 87 47 64 87
split_gain=10.4281 11.4285 12.7715 12.2211 10.482 11.959 13.0889 10.8748 16.0133 10.2857 14.6039 15.7775 12.0471 10.5029 10.0432 12.9398 11.0636 10.5816 13.6741 13.541 10.8577 11.2735 10.0363 9.92809 9.83533 11.5214 12.1202 10.0295 9.78933 9.74753
threshold=1.5000000000000002 0.45956690000000006 119.8211259910119 0.14237150000000001 3.5000000000000004 0.029026579867909328 0.15355050000000003 20.350000000000005 -0.072853500000000029 0.033967766228402772 -0.026752263157417185 0.36366350000000008 2320.8437626671571 0.031781600733493828 0.54657300000000009 7.5000000000000009 0.17479100000000003 1.0083923402698094 0.020500000000000049 0.96399365340246135 0.18341900000000003 2194.8266471305847 0.064670049088329587 0.040211432796873524 0.38804750000000005 8.1869310434850497 0.0031209999999999853 1.8545613388000635 3.5000000000000004 -0.058713500000000023
decision_type=2 10 8 10 2 2 10 2 10 8 2 10 10 10 10 2 10 2 10 2 10 8 8 10 8 8 10 10 2 10
left_child=4 22 3 -3 5 7 -7 23 -9 10 28 13 -13 -12 15 16 -11 18 -18 -20 -19 -22 -2 -1 25 -24 -27 -26 -4 -8
right_child=1 2 9 -5 -6 6 29 8 -10 14 11 12 -14 -15 -16 -17 17 20 19 -21 21 -23 24 -25 27 26 -28 -29 -30 -31
leaf_value=-0.0013763577413570896 -0.0036635712706865478 0.01258195678011413 0.0018049495799854988 0.0029024884663424403 -8.5897243599209415e-05 -0.0014801940961617424 -0.0034303267224604465 0.0066632303953688063 -0.0011152753895822297 -0.0026393277515446632 0.003673114604015744 0.004820400941257047 0.014030823450994932 -0.0042239211643724552 0.0017002502761269637 0.010151626995627884 0.0075972389746050695 0.0069846305745071557 -0.008102552247464187 0.0051103836761115856 0.00053481259200070048 -0.0097410787819270667 -0.0059544966108600649 -0.0093675596787002931 -0.0029102557721686177 0.0018055853318033359 0.012780344214637883 0.005741737002660308 -0.01100898565862355 -0.015311710366125589
leaf_weight=945.27946946024895 2146.3062124848366 449.97225943207741 322.02809689939022 1151.900562748313 58234.406619742513 797.32932236790657 290.1950595676899 762.34177806973457 4606.6736605912447 4758.0975262075663 1612.1200111210346 984.40980193018913 561.61795194447041 559.40743124485016 8403.1905978471041 252.55852971971035 987.93141117691994 251.20210993289948 365.89149470627308 390.92298898100853 554.40375559031963 502.94263841211796 433.25250847637653 655.05102416872978 2861.4033493697643 3793.7241297215223 260.00015859305859 369.80747580528259 263.71391892433167 443.7058968693018
leaf_count=3838 8669 1816 1295 4651 234785 3217 1166 3118 18669 19138 6510 3953 2262 2254 33922 1016 3964 1010 1472 1569 2227 2018 1747 2676 11648 15295 1055 1496 1061 1788
internal_value=3.12574e-05 0.000769565 0.00139451 0.00568268 -0.000325449 -0.0019645 -0.00595095 -0.00108137 -4.78025e-07 0.00106121 0.00323484 0.00439077 0.00823489 0.00162872 0.000491572 -0.000768499 -0.0011341 0.00121253 0.00375252 -0.00129994 -0.00217691 -0.00439854 -0.000647754 -0.00468519 0.000194552 0.00170766 0.00253921 -0.00190539 -0.00405212 -0.0107229
internal_weight=98971.8 32236.8 22372.3 1601.87 66735 8500.58 1531.23 6969.35 5369.02 20770.4 4303.3 3717.56 1546.03 2171.53 16467.1 8063.95 7811.39 3053.29 1744.75 756.814 1308.55 1057.35 9864.49 1600.33 7718.19 4486.98 4053.72 3231.21 585.742 733.901
internal_count=399305 130048 90138 6467 269257 34472 6171 28301 21787 83671 17335 14979 6215 8764 66336 32414 31398 12260 7005 3041 5255 4245 39910 6514 31241 18097 16350 13144 2356 2954
is_linear=0
shrinkage=0.05


Tree=83
num_leaves=31
num_cat=0
split_feature=20 33 30 55 28 32 51 87 88 51 19 85 32 32 51 86 26 86 58 90 87 49 10 44 44 67 15 92 35 2
split_gain=10.7631 14.3907 14.1395 12.3663 12.0203 15.8523 15.4599 14.5412 12.2121 18.5978 11.4426 16.6542 11.4408 11.4379 11.3095 10.7735 10.6109 10.4451 10.2951 17.0767 11.2678 10.1664 9.66773 18.8797 14.6741 11.8278 11.1852 12.9775 10.2173 9.65336
threshold=20.500000000000004 10021.500000000002 0.20856200000000003 1221.2325914145465 0.40037450000000008 0.22378250000000002 2373.0689793702886 -0.012738999999999999 0.0067494999999999647 2364.4450117781303 15.500000000000002 0.53098431744933217 0.23194200000000004 0.23194200000000004 2091.9152689376392 0.0072204999999999917 0.40640500000000007 0.012401500000000011 5704.0000000000009 -0.041771949999999995 0.027877000000000016 125.20700489618106 3.5000000000000004 27.124165777977442 39.126828714171836 1.0000000180025095e-35 86.750000000000014 -0.044031000000000001 0.15252750000000001 2.5000000000000004
decision_type=2 2 8 8 8 10 10 8 10 10 2 2 10 10 8 10 10 10 10 10 10 10 2 10 10 2 2 10 10 2
left_child=4 3 -3 -2 5 -1 12 8 22 14 -5 18 -7 29 -10 -13 -16 -15 20 -20 -12 -19 26 -24 25 -25 -6 -28 -29 -9
right_child=1 2 -4 10 7 6 -8 13 9 -11 11 15 -14 17 16 -17 -18 21 19 -21 -22 -23 23 24 -26 -27 27 28 -30 -31
leaf_value=-0.0024424038815802785 -0.008198035878439083 0.0087020871396073785 -0.0049608291649287824 0.00030346505809823401 0.0014710543337363867 0.010675414993112739 -0.0090586975221643197 0.0013698933884192545 0.005654633510712154 0.0088484709482398987 -0.0075338687643503434 0.010925636505986831 0.0016999507740528973 -0.008593225060019534 -0.013792358824706958 -0.0028021865121492474 -0.0031350493093043816 -0.0050079916099988733 0.010711834232950627 -0.0052803684959975535 8.5920083310767496e-05 0.0059473921881302676 0.002847053719166279 -0.0083494553103502511 0.0068127743016642237 0.00070698208371677948 0.015030465980979161 0.0056956252901371003 -0.00039186952344706693 -0.00041355743122052928
leaf_weight=7870.4326467812061 741.64379805326462 617.62353244423866 263.48645852506161 4307.9594278335571 25000.337423011661 432.32654882967472 267.21743161976337 9982.3564856350422 315.17143861949444 356.38993486762047 2285.2562877833843 298.51135057210922 1827.8909332603216 739.96713991463184 253.0379458963871 260.12315900623798 2209.4169965386391 504.1141891926527 261.082932472229 424.65767450630665 614.92771571874619 350.1389881670475 1820.6044955849648 1261.758084371686 257.21464361250401 501.09594814479351 262.77730505168438 2003.1014746874571 1046.3210636675358 31515.885456949472
leaf_count=32013 2985 2490 1062 17408 100604 1754 1080 40322 1270 1440 9217 1201 7409 2982 1022 1047 8896 2035 1048 1710 2476 1408 7320 5079 1036 2016 1058 8063 4208 127168
internal_value=8.40742e-05 -0.0014638 0.00460652 -0.00204991 0.000259886 -0.00133669 0.00210256 0.000471831 0.00122427 -0.001751 -0.00150141 -0.00337366 0.00345621 -0.000144463 -0.00313786 0.00459653 -0.00428153 -0.00428708 -0.00462463 0.000874813 -0.0059235 -0.00050077 0.00151473 -0.000837477 -0.00415586 -0.00578567 0.001834 0.0045608 0.00361242 1.56764e-05
internal_weight=98852.8 10075.3 881.11 9194.16 88777.6 10397.9 2527.43 78379.7 35287.2 3134.02 8452.52 4144.56 2260.22 43092.5 2777.63 558.635 2462.45 1594.22 3585.92 685.741 2900.18 854.253 32153.2 3840.67 2020.07 1762.85 28312.5 3312.2 3049.42 41498.2
internal_count=398827 40644 3552 37092 358183 42256 10243 315927 142012 12628 34107 16699 9163 173915 11188 2248 9918 6425 14451 2758 11693 3443 129384 15451 8131 7095 113933 13329 12271 167490
is_linear=0
shrinkage=0.05


Tree=84
num_leaves=31
num_cat=0
split_feature=20 52 23 39 92 39 89 21 46 51 52 30 33 35 35 28 34 58 36 58 52 93 92 54 29 58 54 28 98 88
split_gain=9.28323 12.1647 12.5081 14.2026 17.7012 11.0411 11.673 12.3416 11.4957 10.8654 10.5515 10.4064 10.741 11.1207 15.5635 11.7271 11.3222 14.7198 10.5866 19.0648 10.5777 17.1008 13.821 20.6506 17.6387 10.9584 10.703 14.1263 12.753 12.9921
threshold=13.500000000000002 117.59111002990987 0.21523550000000005 0.03407660857826373 -0.062547499999999992 0.043643449359853599 0.52356145000000009 188.50000000000003 1.6714612548294845 2357.6748206756188 133.66548606405078 0.41277900000000006 6408.5000000000009 0.14092750000000001 0.14334750000000004 0.34656200000000009 0.52852850000000007 2536.0000000000005 0.55114050000000014 3964.0000000000005 129.80276198323904 0.012086000000000001 0.024887499999999996 136.02835442812412 0.44105150000000004 2923.5000000000005 129.42457987763399 0.37947000000000003 0.017697235132248693 -0.009287999999999989
decision_type=2 8 8 10 8 10 10 2 10 10 10 10 2 10 10 8 8 10 8 8 10 8 10 10 8 10 8 10 2 10
left_child=5 -2 3 4 -3 9 10 -8 -9 -1 -7 12 20 16 18 -16 -14 -18 19 -15 -4 -22 23 24 -23 -26 -24 -28 29 -29
right_child=1 2 11 -5 -6 6 7 8 -10 -11 -12 -13 13 14 15 -17 17 -19 -20 -21 21 22 26 -25 25 -27 27 28 -30 -31
leaf_value=0.0010947612990303219 0.0040855197391074256 -0.0068262921808593356 -0.00077753634338693445 -0.00031293537192331384 0.0027978983010912509 -0.0032988239039878778 -0.0079914375247479904 0.013165833835568143 0.001838390003049469 0.0052847121969503931 0.0057542829315845685 -0.0066547500577681011 0.0044515323667705308 0.0051805565435440112 0.0050491969748046013 -0.0019997087624885959 -0.0090076988592585252 0.0031873276809779986 -0.012713515431928932 -0.010377479887069293 0.0033914092752157991 0.0068463869230819402 0.0067875575153991553 -0.016651285124822317 0.00013673938353685208 -0.01183424747787535 -0.0085830957274226124 0.0052769535855219808 -0.0087212983531716002 -0.0039357174682435681
leaf_weight=15977.029661372304 1560.1182859092951 498.94951805472374 20979.245801061392 16035.070215523243 7931.4338735044003 3734.1489287763834 265.26092730462551 247.90264527499676 1743.1800120323896 1704.6471366286278 343.05231876671314 743.4788134843111 1359.126933991909 342.74663189053535 607.14016816020012 13738.501531913877 458.46937076747417 516.46142581105232 536.20178301632404 438.38080045580864 4639.1908522993326 376.94439993798733 616.52887083590031 289.95830425620079 357.95461335778236 399.75247092545033 436.98753991723061 1339.949270427227 272.66444624960423 525.73193219304085
leaf_count=64412 6353 2022 84613 64670 32028 15085 1070 997 7026 6920 1378 3013 5478 1381 2486 55393 1847 2078 2168 1766 18700 1529 2486 1166 1440 1611 1777 5397 1095 2116
internal_value=4.66821e-06 -0.000269297 -0.00036235 0.000560726 0.00222088 0.000860033 -0.000930225 0.00194975 0.00330748 0.00150146 -0.00252489 -0.000823489 -0.000732242 -0.00169899 -0.0021787 -0.00169807 0.0015157 -0.00258072 -0.00736048 -0.00357166 -0.00015642 0.00125075 -0.000903134 -0.00497997 -0.00187798 -0.00625082 0.000926334 -0.000497656 0.00118693 0.00267376
internal_weight=99016.2 75001 73440.9 24465.5 8430.38 24015.2 6333.54 2256.34 1991.08 17681.7 4077.2 48975.4 48231.9 17997 15663 14345.6 2334.06 974.931 1317.33 781.127 30234.9 9255.66 4616.47 1424.61 1134.65 757.707 3191.86 2575.33 2138.35 1865.68
internal_count=399501 302613 296260 98720 34050 96888 25556 9093 8023 71332 16463 197540 194527 72597 63194 57879 9403 3925 5315 3147 121930 37317 18617 5746 4580 3051 12871 10385 8608 7513
is_linear=0
shrinkage=0.05


Tree=85
num_leaves=31
num_cat=0
split_feature=71 94 31 44 25 53 48 97 81 91 34 77 44 21 32 50 96 95 92 53 20 50 90 91 32 28 23 90 48 89
split_gain=9.93746 14.6254 14.3414 13.9087 21.39 16.1376 12.6706 12.509 16.9148 11.9165 11.7789 11.6134 13.9057 13.6324 13.5692 13.3997 12.0791 11.3796 10.8619 12.4618 11.2925 10.6824 10.8883 10.5657 11.3516 10.5367 10.4499 10.5724 16.2076 14.1131
threshold=1.0000000180025095e-35 0.37998650000000006 0.15917500000000004 18.544856522776929 0.35370350000000006 2013.8512879676834 -0.55663244005290025 0.74998641444136116 6.9962238222406956 0.123048 0.45834650000000005 1.0000000180025095e-35 23.099459515067824 3684.5000000000005 0.18723400000000004 132.85153568650358 0.56921400000000011 0.079278500000000016 0.012627500000000002 2199.9301105501258 18.500000000000004 140.44001168360265 -0.025707000000000032 0.18565950000000001 0.19013200000000002 0.48841700000000005 0.12352800000000001 -0.12487014999999994 0.42203941974633991 0.48716435000000008
decision_type=2 8 8 8 10 8 8 2 2 10 8 2 8 2 8 8 8 10 10 8 2 10 10 8 10 8 10 10 10 10
left_child=11 2 3 4 -2 -5 25 8 -7 26 -3 15 13 -13 18 17 -17 -1 19 -14 -21 22 -6 -12 -25 -4 -9 28 -28 -29
right_child=1 10 6 5 21 7 -8 9 -10 -11 23 12 14 -15 -16 16 -18 -19 -20 20 -22 -23 -24 24 -26 -27 27 29 -30 -31
leaf_value=0.00055718354258108547 0.0084067889757071506 -0.007655979765232703 0.00098771026912671607 0.0066049153230170023 -0.00041605826130431843 -0.0013297376748148695 0.0023884035746964561 0.0079751540735580623 -0.017972568422212294 -0.011548022165047425 -0.0009203474708606304 0.0019304914124339033 -0.0044305202219826452 0.014330829474843043 -0.0023618154035703609 0.00054152341168765209 -0.0025848088654017894 -0.01285871573877235 0.0085421042985121664 0.0010485597124420545 0.011610728523565941 0.0047909968079518908 -0.013405462953516085 -0.00090139758486282176 -0.010041360710883936 -0.010877878745749758 0.0013689605806143351 0.0044783773792957679 -0.014960466058204884 -0.0017964020589978872
leaf_weight=280.44832561910152 963.53705884516239 707.51096154749393 411.48380905389786 574.94478304684162 397.84984928369522 341.89461858570576 8834.4077808707952 293.14576189219952 268.40935127437115 274.69908480346203 24476.915688216686 429.20300558209419 582.5655625462532 456.36156548559666 1437.4421272426844 41781.291364967823 3326.3771088570356 349.84711404144764 787.22311247885227 781.30529724061489 365.92162039875984 371.40873351693153 262.14644058048725 686.64481367170811 666.57173308730125 330.80819341540337 268.54284609854221 1020.2722698450089 335.41887441277504 6886.5620751231909
leaf_count=1125 3900 2888 1654 2318 1599 1397 35581 1183 1092 1107 99032 1723 2346 1838 5777 168448 13345 1406 3165 3144 1472 1490 1053 2796 2713 1328 1080 4109 1359 27794
internal_value=-3.46681e-05 -0.000546971 0.000411396 -0.000721004 0.00308922 -0.00146387 0.00186019 -0.00194899 -0.00882093 -0.00147783 -0.00133539 0.000455314 0.00278178 0.00840947 0.00150347 0.000208572 0.000310456 -0.00697387 0.00371151 0.00147666 0.00448871 -0.00191147 -0.00569845 -0.00115936 -0.00544422 -0.00437459 -0.00115087 -0.0014742 -0.00779578 -0.000982091
internal_weight=98951.2 48373.2 21835.5 12258.8 1994.94 10263.9 9576.7 9688.94 610.304 9078.64 26537.6 50578 4840.02 885.565 3954.46 45738 45107.7 630.295 2517.02 1729.79 1147.23 1031.41 659.996 25830.1 1353.22 742.292 8803.94 8510.8 603.962 7906.83
internal_count=399262 195473 88044 49481 8042 41439 38563 39121 2489 36632 107429 203789 19465 3561 15904 184324 181793 2531 10127 6962 4616 4142 2652 104541 5509 2982 35525 34342 2439 31903
is_linear=0
shrinkage=0.05


Tree=86
num_leaves=31
num_cat=0
split_feature=64 63 55 54 38 45 38 80 33 15 6 0 36 63 97 2 34 40 58 1 83 55 31 45 4 45 72 64 15 50
split_gain=7.88925 8.22099 14.6806 11.083 19.8256 14.7835 15.3362 14.5885 18.1629 16.8675 13.1031 12.8286 12.9047 12.7333 12.3409 12.0862 11.7931 10.9986 10.6716 13.783 10.5061 10.232 9.91945 9.83697 19.2672 9.79767 9.54478 14.2331 14.5156 12.1034
threshold=10.500000000000002 1.0000000180025095e-35 1180.225245009751 128.72864045438243 0.2016165 25.761415786109541 0.046690950000000009 8.3547918951386286 855.50000000000011 62.550000000000004 1.0000000180025095e-35 5.5000000000000009 0.61961750000000004 6.5000000000000009 0.71734956038000142 2.5000000000000004 0.43530600000000003 0.066933190505847812 665.50000000000011 3.5000000000000004 0.56222927005656731 1708.2656135771374 0.24169450000000001 29.77467934312681 1.0000000180025095e-35 17.773249636151434 3.5000000000000004 3.5000000000000004 96.050000000000011 144.51543505699809
decision_type=2 2 8 8 10 10 10 2 2 2 2 2 8 2 2 2 8 10 8 2 2 10 10 10 2 10 2 2 2 10
left_child=1 26 25 4 21 6 11 13 9 -9 -6 14 -13 16 -5 -12 -8 -15 19 -18 -7 -4 -10 24 -17 -3 27 28 29 -1
right_child=-2 2 3 5 10 20 7 8 22 -11 15 12 -14 17 -16 23 18 -19 -20 -21 -22 -23 -24 -25 -26 -27 -28 -29 -30 -31
leaf_value=-0.00081031270124703721 -0.0021246889881555032 -0.0049603398736857299 -0.0022942133240468269 -0.00083145763977099786 3.3202990713296304e-05 -0.0053183600728559325 -0.0080421714580471947 -0.01115306764057202 -0.00039019481033217182 0.001853181251861277 0.016008976362777996 0.0032176772736976209 -0.0041374643773215121 -0.0064512908032324096 -0.00956548259280726 0.0015699474956094599 0.0036473506863184228 0.0039002440970869207 0.0026247441951471372 -0.0082943630531732912 0.0031413406632105874 0.0022484501567184385 0.0055280881631409422 0.00060364585922414006 0.011865722289548119 0.0025595665318426178 -0.00020081076208866997 -0.0050086051660986975 -0.011153799746596797 0.0066954209369212581
leaf_weight=2635.343451961875 4664.7401864975691 1916.093757390976 2286.8655835241079 724.93487086892128 1017.8416634649038 1812.5934862345457 269.91272893548012 711.62376697361469 7455.5549406558275 376.95883172750473 299.70489762723446 1355.8366519063711 1048.5418718010187 808.19704850018024 910.76341786980629 803.58142778277397 440.62128180265427 365.89769864082336 15792.58058488369 513.52719193696976 452.4064068198204 2682.9842213839293 772.19407327473164 740.80252052843571 1046.2082807868719 551.96779532730579 42870.359083652496 2713.2996105700731 269.30348101258278 664.08463208377361
leaf_count=10669 18881 7726 9227 2938 4112 7270 1090 2872 30129 1521 1213 5477 4252 3259 3681 3249 1780 1477 63666 2075 1819 10824 3106 2976 4230 2232 172840 11004 1093 2683
internal_value=-0.000119737 -2.03549e-05 0.000466622 0.000683655 0.00225483 0.000270569 0.000551123 0.000973772 -0.000634783 -0.00667334 0.00491441 -0.0023218 6.2717e-06 0.00179748 -0.00572317 0.00662733 0.00214534 -0.00321962 0.00231423 -0.0027991 -0.00362226 0.000157744 0.000171287 0.00548459 0.00742555 -0.00327501 -0.000467763 -0.00228631 -0.000208334 0.000716053
internal_weight=98975.3 94310.6 45158.2 42690.1 8877.99 33812.1 31547.1 27507.1 9316.33 1088.58 3908.14 4040.08 2404.38 18190.7 1635.7 2890.3 17016.6 1174.09 16746.7 954.148 2265 4969.85 8227.75 2590.59 1849.79 2468.06 49152.4 6282.03 3568.73 3299.43
internal_count=399371 380490 182201 172243 35831 136412 127323 110975 37628 4393 15780 16348 9729 73347 6619 11668 68611 4736 67521 3855 9089 20051 33235 10455 7479 9958 198289 25449 14445 13352
is_linear=0
shrinkage=0.05


Tree=87
num_leaves=31
num_cat=0
split_feature=85 39 81 47 28 43 50 37 55 83 81 93 31 10 95 93 32 40 26 0 57 15 38 85 94 74 87 46 18 47
split_gain=9.75485 11.267 11.3653 13.0694 12.6746 11.8738 11.8037 10.6504 10.4518 13.3235 12.6132 14.3002 14.1634 12.4904 12.158 11.3425 12.2254 10.8446 10.7979 9.86766 11.6875 10.5215 12.1428 9.61691 10.6169 9.50646 12.5285 13.3419 13.0277 13.5355
threshold=0.50960836078192051 0.02807954440775742 9.1909026767841571 1.8417172039038257 0.44194450000000002 1979.8686160435386 145.41051029630083 0.34426450000000003 1561.7963448329022 0.47310259037454711 8.7872966586805887 -0.060479400000000003 0.24756450000000005 4.5000000000000009 0.15116300000000005 0.068920000000000009 0.12487600000000001 0.11889003474764386 0.4693325000000001 6.5000000000000009 14.734744894252531 7.9500000000000011 0.090547500000000017 0.50745102330257708 0.37421550000000003 1.0000000180025095e-35 -0.049777499999999995 1.7741544966581215 1.5000000000000002 1.4707262382248942
decision_type=2 8 2 8 10 8 10 10 8 2 2 8 8 2 8 10 10 10 10 2 10 2 10 2 10 2 8 10 2 8
left_child=1 -1 3 19 -5 -4 -7 -8 9 -2 12 -12 17 14 18 16 -15 -10 -11 20 21 22 -3 -21 -25 -13 27 -27 29 -28
right_child=8 2 5 4 -6 6 7 -9 10 13 11 25 -14 15 -16 -17 -18 -19 -20 23 -22 -23 -24 24 -26 26 28 -29 -30 -31
leaf_value=0.0058052570689342388 0.0044670193256006281 -0.0018614155115421933 0.011754961628178875 -0.0033014655007115659 0.0016407085282660926 -0.00062704522456206568 0.0015255801158138721 0.013518005052257601 0.00094158943783894723 -0.00053760676145878257 -0.007635532393819847 0.0017936098972503524 0.0050063046887983591 0.00087915670638004763 0.0052487158326475101 0.0040899483999925212 -0.0091268270100586368 0.0064131854758687351 -0.0098008532579260382 -0.00015947708004011957 0.00073347345262146559 -0.0037059172191705719 -0.014919650840532006 -0.013139934930536994 -0.001412897583712173 0.0047816446649161957 -0.011564712975990606 -0.0013368249526285606 7.7358491094214259e-05 -0.0026163211842556346
leaf_weight=636.3234833329916 1260.7373579144478 288.47972579300404 256.81577925384045 1719.7788107097149 5179.7919635623693 2921.0912970155478 469.94995908439159 298.68798862397671 29662.698832988739 17086.667667523026 614.90643754601479 5537.2469983845949 2515.0063450485468 414.95121572911739 890.85152414441109 298.53987292945385 1127.7659174650908 924.52152453362942 310.55349485576153 5741.9748198986053 1266.1765968501568 4819.6695475429296 468.76786205172539 305.80938012897968 503.4936199337244 1865.316514775157 463.75469651818275 1690.8853151649237 5405.0364868789911 4043.091744273901
leaf_count=2585 5117 1168 1036 6975 20869 11790 1901 1200 119647 68792 2495 22353 10151 1679 3700 1204 4545 3732 1256 23164 5108 19474 1890 1232 2035 7525 1864 6824 21808 16337
internal_value=0.00014556 -0.000710969 -0.000884346 -0.00136177 0.000405833 0.00156792 0.000829012 0.00629952 0.000433121 -0.000498921 0.000811284 -0.000193208 0.00140654 -0.000812011 -0.000415599 -0.00472581 -0.00644715 0.00110901 -0.000708498 -0.00227191 -0.00359851 -0.0045816 -0.0100341 -0.000882837 -0.00595046 5.14732e-05 -0.000665585 0.00187687 -0.00157875 -0.00356068
internal_weight=98989.3 24876.8 24240.5 20293.9 6899.57 3946.55 3689.73 768.638 74112.5 21390.1 52722.5 19620.2 33102.2 20129.3 18288.1 1841.26 1542.72 30587.2 17397.2 13394.4 6843.09 5576.92 757.248 6551.28 809.303 19005.3 13468.1 3556.2 9911.88 4506.85
internal_count=399456 100427 97842 81915 27844 15927 14891 3101 299029 86293 212736 79206 133530 81176 73748 7428 6224 123379 70048 54071 27640 22532 3058 26431 3267 76711 54358 14349 40009 18201
is_linear=0
shrinkage=0.05


Tree=88
num_leaves=31
num_cat=0
split_feature=20 20 61 72 1 85 98 25 30 99 47 21 53 44 29 34 8 55 40 21 47 92 48 33 30 41 34 57 71 24
split_gain=12.6509 11.2218 11.9315 11.3416 10.6494 13.58 12.6143 14.3873 12.2621 11.0724 14.3895 11.4915 10.6209 10.3364 9.75475 11.6596 10.5282 14.4517 10.3014 10.004 8.89581 13.4731 12.2298 10.4585 9.61819 8.91066 8.82147 12.3512 8.36242 12.5376
threshold=13.500000000000002 12.500000000000002 1.0000000180025095e-35 3.5000000000000004 3.5000000000000004 0.52114952748742993 -0.035692199896234726 0.39549250000000008 0.15203650000000005 0.019126999999999995 1.6230044714344463 4249.5000000000009 2274.7212485049408 31.022163866934509 0.59204650000000014 0.56088700000000014 9.5000000000000018 1701.4035072235636 0.055841714733959741 7343.5000000000009 1.8268639528057562 -0.040502999999999997 0.3104735076448662 1373.5000000000002 0.077296500000000004 0.06630096722963652 0.49842350000000007 10.462688629331671 1.0000000180025095e-35 0.11662100000000002
decision_type=2 2 2 2 2 2 2 10 10 10 10 2 8 10 10 8 2 10 8 2 10 8 8 2 8 10 10 10 2 8
left_child=1 4 -3 -4 14 9 8 12 -7 10 -6 -12 13 -8 15 16 18 -18 -1 26 21 -5 25 -22 -24 -23 -20 -28 29 -2
right_child=28 2 3 20 5 6 7 -9 -10 -11 11 -13 -14 -15 -16 -17 17 -19 19 -21 23 22 24 -25 -26 -27 27 -29 -30 -31
leaf_value=0.0025317298819755992 0.0037942126862063 0.0029251071387935445 -0.0090040139955488933 0.009208207475020852 -0.0093598855889466346 -0.0097538927579989623 -0.0041072734447354367 -0.0040765436084829491 0.0049614135682311128 0.0050112776870776853 0.0040968818161222905 -0.0046332171398947792 0.011818348077735713 0.0097287229407292328 0.0056110844053917286 -0.012995914253004831 -0.0017094306246837948 -0.017105858361702739 0.0026545272258673351 0.0044696144442943108 0.00088730901462632801 0.00040916232995814785 -0.0073666979051750002 -0.0086849249420856943 0.00045130326614045886 0.012699749155055399 -0.0023323199401898385 -0.011430781892354691 -0.00096315181096180377 -0.00012322868228648306
leaf_weight=1283.4698238223791 2152.5280095785856 8858.7919170260429 321.46983057260513 503.07525803148746 594.49537464976311 272.25548799335957 266.817262545228 271.47985436022282 275.07861909270287 559.42630265653133 754.24515590071678 733.83147084712982 848.68410103023052 254.89411105215549 369.55303138494492 251.5873044282198 375.63272476196289 249.41486366093159 343.09566214680672 360.55236963927746 643.18084931373596 272.82454849779606 456.48401373624802 500.54840511083603 2505.2758422344923 312.72656843066216 900.26245561242104 635.09324413537979 35959.766595512629 36772.192226529121
leaf_count=5167 8714 35760 1315 2020 2395 1108 1073 1093 1112 2254 3047 2966 3418 1027 1508 1014 1517 1010 1382 1449 2597 1097 1841 2021 10114 1257 3623 2557 145362 148122
internal_value=-9.34993e-05 0.000905916 0.00178948 -3.64819e-05 -0.000417578 0.00123573 0.00413884 0.00632062 -0.00240196 -0.00117638 -0.00285453 -0.000210477 0.00839495 0.00270846 -0.00209165 -0.00274999 -0.00209871 -0.00802574 -0.00102724 -0.00306954 0.000534764 0.00163469 0.000537758 -0.00334091 -0.000774388 0.00707625 -0.00453262 -0.00614547 -0.00041354 9.43238e-05
internal_weight=98858.7 23974.2 14374.4 5515.59 9599.87 4831.21 2189.21 1641.88 547.334 2642 2082.57 1488.08 1370.4 521.711 4768.66 4399.11 4147.52 625.048 3522.47 2239 5194.12 4050.39 3547.31 1143.73 2961.76 585.551 1878.45 1535.36 74884.5 38924.7
internal_count=398940 96742 58022 22262 38720 19493 8831 6611 2220 10662 8408 6013 5518 2100 19227 17719 16705 2527 14178 9011 20947 16329 14309 4618 11955 2354 7562 6180 302198 156836
is_linear=0
shrinkage=0.05


Tree=89
num_leaves=31
num_cat=0
split_feature=44 31 90 33 79 21 27 54 97 31 31 47 63 38 94 78 25 78 35 23 93 1 89 28 88 96 95 24 72 56
split_gain=9.59458 11.7503 18.889 9.89113 9.18751 11.8458 10.9008 9.05339 9.02707 10.5364 12.4332 11.5986 10.3177 9.32907 8.80409 8.52405 9.67225 8.66114 8.80837 8.08285 15.6181 10.1424 14.0321 9.48004 8.65402 7.69653 10.1842 9.93562 8.14836 9.56417
threshold=15.850330266593826 0.10172450000000001 0.067384449999999999 6057.5000000000009 5.7500000000000009 5756.5000000000009 0.66501650000000012 128.72864045438243 0.72646540913322999 0.14762600000000003 0.19237400000000002 1.7887011974425742 1.5000000000000002 0.0041414650000000013 0.34410650000000004 0.89812468725045369 0.37032550000000003 0.63921535762197301 0.14988050000000003 0.32894850000000003 -0.0041425000000000064 2.5000000000000004 0.41498545000000003 0.42756100000000008 -0.023814500000000013 0.27212915000000004 0.053806499999999986 0.12105350000000001 3.5000000000000004 2.0129224652087481
decision_type=8 10 10 2 2 2 10 10 2 8 10 10 2 10 8 2 10 2 10 10 10 2 10 10 10 10 10 10 2 8
left_child=1 3 4 14 7 6 -6 -3 9 25 12 13 -11 -12 -1 16 17 -7 -19 -10 23 -22 -23 24 -21 26 27 -2 -27 -30
right_child=8 2 -4 -5 5 15 -8 -9 19 10 11 -13 -14 -15 -16 -17 -18 18 -20 20 21 22 -24 -25 -26 28 -28 -29 29 -31
leaf_value=9.5561809750150357e-05 -0.0032195268659898097 -0.0095151643419785041 -0.008647177900825925 -1.4076952548184373e-05 0.0058477057842019229 -0.0033426158961399909 -0.0049520727250137609 0.0013765294820923322 0.00015642880344996142 0.0049731600481805055 0.0008398248636546237 0.0045284557451760639 -0.0028386442287981536 -0.0089287799953446968 0.010534031736110658 -0.0060895161595393371 0.0075620212659842749 -0.0016501634036693716 0.010240238637492113 -0.0079752226351802579 -0.0054821324254687841 -0.0013399035723152878 0.011643753975924829 -0.014473974875146834 0.0031539640276064015 -0.013866772782902357 -0.009033983324869644 0.0087380046562710416 -0.0018521228176241599 -0.01058462529366376
leaf_weight=262.98347947001457 350.35672599077225 338.63183891773224 482.93886674940586 556.785365447402 2258.9999674707651 1020.1532475203276 252.86639665067196 416.61746537685394 82686.030094459653 1339.6546559929848 350.24335616827011 336.00218831002712 607.65023915469646 786.67800137400627 863.73150865733624 470.41233797371387 465.99413080513477 315.87282885611057 292.7745261490345 491.34228697419167 401.9199942201376 495.68943029642105 346.4381532818079 311.1399799734354 261.2781632989645 284.22320210933685 249.15739853680134 327.15847170352936 987.16239415109158 453.3984135389328
leaf_count=1058 1424 1361 1944 2243 9097 4094 1016 1676 333480 5425 1424 1362 2464 3194 3487 1887 1868 1268 1174 2028 1663 2055 1415 1275 1074 1173 1002 1324 3996 1836
internal_value=8.75802e-05 0.00174677 0.00075372 0.00544554 0.00154562 0.00231175 0.00474518 -0.00356751 -5.83313e-05 -0.00191924 -8.3145e-05 -0.00353623 0.00253346 -0.00593835 0.00811989 -8.02528e-05 0.00129172 -0.000537385 0.00414249 7.48161e-05 -0.00283733 0.000968467 0.00407533 -0.0072557 -0.00412094 -0.00427848 -0.000592853 0.00259764 -0.00624383 -0.00465459
internal_weight=99064.3 7998.76 6315.26 1683.5 5832.32 5077.07 2511.87 755.249 91065.5 6071.69 3420.23 1472.92 1947.3 1136.92 1126.71 2565.21 2094.79 1628.8 608.647 84993.8 2307.81 1244.05 842.128 1063.76 752.62 2651.46 926.673 677.515 1724.78 1440.56
internal_count=399787 32173 25385 6788 23441 20404 10113 3037 367614 24624 13869 5980 7889 4618 4545 10291 8404 6536 2442 342990 9510 5133 3470 4377 3102 10755 3750 2748 7005 5832
is_linear=0
shrinkage=0.05


Tree=90
num_leaves=31
num_cat=0
split_feature=48 51 18 14 16 22 90 87 39 7 51 81 61 88 91 26 44 91 26 89 43 88 57 48 44 20 96 26 88 86
split_gain=7.3976 14.8577 13.4794 15.6397 15.4105 12.8527 11.3137 11.2879 14.5467 23.615 14.4885 12.2373 12.0828 10.43 14.6122 11.5047 10.0428 15.9129 12.0808 18.5039 11.0612 14.9833 10.3462 9.71122 12.8423 12.3958 10.4125 13.1651 11.5892 10.7323
threshold=0.28318391085072331 2464.3874525981123 1.5000000000000002 1.0000000180025095e-35 2.3450000000000002 0.43777050000000006 0.030716650000000071 -0.0089480000000000098 0.040266930989247357 4.5000000000000009 2207.226806432232 7.9531425687417823 1.0000000180025095e-35 0.018021500000000027 -0.046199499999999991 0.43649150000000009 24.412729190087958 0.062678500000000012 0.47240550000000009 0.48661460000000006 2045.7984713951091 -0.084588500000000025 10.179460758226998 -0.58574924347740442 31.853742845725829 15.500000000000002 0.5352610000000001 0.42545750000000004 0.034981500000000033 -0.027370999999999975
decision_type=10 10 2 2 2 10 8 10 8 2 8 2 2 10 10 10 10 10 10 8 10 8 8 8 8 2 8 10 10 8
left_child=1 2 3 16 5 -4 -6 8 9 -7 13 -10 -12 14 -9 -16 17 18 -1 -20 -18 -22 -23 25 -25 -5 27 29 -29 -26
right_child=-2 -3 4 23 6 7 -8 10 11 -11 12 -13 -14 -15 15 -17 20 -19 19 -21 21 22 -24 24 26 -27 -28 28 -30 -31
leaf_value=0.0022841002465986584 -0.00047338037631489529 0.0077508948839619786 -0.0021214222078104021 0.0017578961577382137 -0.0074107178162028178 0.0024782156774667461 0.0037448062176794355 -0.014983419094259027 0.0076023193412395069 -0.0071883070999115969 0.00097595670142498086 0.0026555528104344724 0.0086814548594357829 0.0010628206385046672 -0.0083571777194922162 0.0042900566022267541 0.0020947036657868695 -0.0059303584264009781 0.003975205376521242 -0.0063078023628948673 0.0013049096629030477 -0.01417212554827578 -0.0052751444728631296 0.0043771414076923844 -0.0075003055814481662 -0.0060627931169711345 -0.007661123739312355 0.0040232675583224331 -0.0062821849249992141 0.00092135870854741459
leaf_weight=3379.5400053560734 54579.136043697596 666.13459801673889 2324.3756680041552 986.78433378040791 856.62365368008614 4301.1592942625284 301.05379715561867 342.00317829847336 2251.51324608922 730.4694991260767 7528.0707313716412 2834.3293596357107 536.00737497210503 742.30711196362972 374.20993973314762 329.32314357161522 679.10157924890518 1169.1630448549986 667.42666399478912 1230.5938572138548 791.34739711880684 369.32641997933388 2646.9237102717161 2748.4804308265448 687.70401920378208 1023.819206237793 388.65872237086296 2414.3640858381987 298.38338625431061 822.15605720877647
leaf_count=13652 220101 2697 9539 4010 3456 17292 1215 1374 9049 2933 30360 11396 2151 2980 1501 1322 2753 4713 2694 4958 3217 1506 10743 11133 2793 4173 1565 9726 1207 3326
internal_value=-8.34959e-05 0.000395542 0.000281818 -0.000661173 0.00109817 0.0013909 -0.0045025 0.00180058 0.00297283 0.0010634 0.000594928 0.00485612 0.00149825 -0.00346517 -0.00665956 -0.00245987 -0.00194507 -0.000678877 0.000493524 -0.00268997 -0.00375884 -0.0048056 -0.00640777 0.000837363 0.00167853 -0.00223477 6.40714e-05 0.000791537 0.00287083 -0.00293861
internal_weight=99000.5 44421.4 43755.2 20303.8 23451.4 22293.8 1157.68 19969.4 10117.5 5031.63 9851.92 5085.84 8064.08 1787.84 1045.54 703.533 10933.4 6446.72 5277.56 1898.02 4486.7 3807.6 3016.25 9370.35 7359.75 2010.6 4611.27 4222.61 2712.75 1509.86
internal_count=399535 179434 176737 82169 94568 89897 4671 80358 40670 20225 39688 20445 32511 7177 4197 2823 44236 26017 21304 7652 18219 15466 12249 37933 29750 8183 18617 17052 10933 6119
is_linear=0
shrinkage=0.05


Tree=91
num_leaves=31
num_cat=0
split_feature=26 16 33 29 37 9 94 96 48 91 79 15 89 22 44 99 89 97 16 88 91 88 38 98 99 86 89 22 99 49
split_gain=9.84496 10.007 9.84455 11.8687 8.7003 13.0214 10.8976 9.58366 9.98884 9.35658 8.86897 8.34879 8.53432 11.3603 11.5533 10.0602 9.56483 12.1883 12.6766 10.0364 12.9775 10.1026 10.001 9.1617 9.05331 8.6065 8.49437 8.68925 8.36377 8.27837
threshold=0.5000285000000001 1.6950000000000001 2716.5000000000005 0.4772055 0.22754050000000001 9.5000000000000018 0.27722600000000003 0.58898200000000012 -0.63465534616061337 -0.01793549999999999 52.250000000000007 98.750000000000014 0.57860425000000015 0.52107950000000003 30.170340036447787 -0.012208000000000009 0.55150775000000019 1.0004808686781026 0.89500000000000013 0.019932499999999995 0.037179499999999997 0.017419000000000021 0.29464850000000004 0.0087643900955258775 0.004222499999999991 0.16583499999999998 0.44501310000000011 0.50480150000000013 0.0078675000000000012 119.8211259910119
decision_type=8 2 2 8 10 2 10 10 8 10 2 2 10 10 8 10 10 2 2 10 10 10 10 2 10 8 8 10 8 8
left_child=4 2 3 -2 5 6 10 8 -8 -9 -1 12 16 25 15 -15 19 18 23 21 22 -10 28 -18 -20 -14 -13 -28 -21 -6
right_child=1 -3 -4 -5 29 -7 7 9 11 -11 -12 26 13 14 -16 -17 17 -19 24 20 -22 -23 -24 -25 -26 -27 27 -29 -30 -31
leaf_value=0.0096299536357158204 0.0020828607280791683 -0.0094551971723624006 0.00054412109581890408 -0.010531488992292695 0.0017678407867307531 0.01139862781812773 0.0068335527928872972 0.012456802505172365 0.0005631903276304154 0.00091707718218982039 0.00042301824060185338 -0.010687247989930425 -0.0017036089379623917 -0.00048252475814816812 -0.0012964325990903825 -0.012150763116977464 -0.004100049101727894 -0.0031638249389405026 0.015104159160317841 0.0086048810909651694 -0.0085951656948309585 0.009811801115584275 -0.0066802414850272475 0.0054303174712007065 0.0052200346485474251 0.0085671773870587709 0.0058531663118562187 -0.005252969753845059 -0.0012023765119327727 -0.0004387534637273077
leaf_weight=589.5177448540926 282.30696898698807 479.4342917650938 1693.5089339911938 523.27128544449806 4538.9500298649073 275.14897562563419 557.71715307235718 312.89471833407879 14563.635511547327 389.01569850742817 465.71149978041649 332.29525771737099 415.86915382742882 275.40978759527206 1905.0594486445189 556.38316930830479 423.01548007130623 518.80593223869801 404.19244261085987 361.81727704405785 676.88634213805199 291.44541156291962 384.87319026887417 595.15763773024082 564.80742603540421 385.17405465245247 270.83057914674282 463.04930001497269 518.4078972786665 64816.916211366653
leaf_count=2410 1138 1929 6815 2104 18356 1111 2247 1260 58553 1567 1916 1347 1675 1106 7798 2241 1699 2081 1638 1460 2721 1170 1545 2413 2278 1554 1093 1859 2082 261702
internal_value=-8.77813e-05 -0.00291385 -0.00162625 -0.00613958 3.30198e-07 0.000770844 0.000655024 0.000445173 0.000278647 0.00616393 0.00560871 0.000122937 0.000325574 -0.00192859 -0.0034594 -0.00833899 0.000739506 0.00361462 0.0053913 0.000308668 -0.00306235 0.00075112 -5.78387e-05 0.00146942 0.0094551 0.00327974 -0.00418088 -0.00113078 0.00288028 -0.00029411
internal_weight=98831.5 2978.52 2499.09 805.578 95853 26497.1 26222 25166.7 24464.8 701.91 1055.23 23907.1 22840.9 3537.9 2736.85 831.793 19303 2505.98 1987.17 16797.1 1941.98 14855.1 1265.1 1018.17 969 801.043 1066.18 733.88 880.225 69355.9
internal_count=398868 11986 10057 3242 386882 106824 105713 101387 98560 2827 4326 96313 92014 14374 11145 3347 77640 10109 8028 67531 7808 59723 5087 4112 3916 3229 4299 2952 3542 280058
is_linear=0
shrinkage=0.05


Tree=92
num_leaves=31
num_cat=0
split_feature=37 88 9 16 52 91 86 93 27 23 29 32 34 34 34 80 86 34 92 79 85 79 4 86 41 41 81 52 85 91
split_gain=9.41514 12.4013 10.647 11.0264 10.3468 10.8108 11.9385 10.5915 10.0745 13.0819 12.5058 10.0492 10.4036 9.8225 17.2007 12.3556 17.4136 11.9863 19.0527 11.7885 10.6079 15.8449 12.5408 14.5176 13.0456 11.6666 13.4601 11.3478 11.3136 13.5968
threshold=0.22222600000000003 0.11119849999999994 9.5000000000000018 0.60500000000000009 133.87671452798443 0.031609550000000007 -0.20429049999999999 0.024206500000000009 0.5219315000000001 0.24653250000000002 0.53325700000000009 0.16306650000000003 0.51852850000000006 0.56868300000000016 0.63047650000000011 6.1913389476640104 -0.046210499999999981 0.53501850000000017 -0.025778699999999991 92.15000000000002 0.50868907882724124 90.15000000000002 1.5000000000000002 -0.3092319999999999 0.080129457541379193 0.076405720759185045 9.1696746138942569 134.35404545841797 0.50170818220083002 -0.082678199999999993
decision_type=10 10 2 2 8 10 10 10 10 10 10 10 8 8 10 2 10 10 10 2 2 2 2 10 10 8 2 10 2 10
left_child=1 2 3 8 5 6 -5 11 10 -10 -1 12 -7 17 -15 -16 -17 20 19 -19 25 22 24 -24 27 26 -2 -22 29 -27
right_child=13 -3 -4 4 -6 7 -8 -9 9 -11 -12 -13 -14 14 15 16 -18 18 -20 -21 21 -23 23 -25 -26 28 -28 -29 -30 -31
leaf_value=-0.0011992372410477769 -0.0030551567700894304 0.0075602205350026727 0.010743482684746357 0.013897181490455785 -0.00024781220443126942 0.0058131525203841414 0.0031724314542899744 -0.0017885628651671251 -0.00083545647347159466 0.0054732473604809087 -0.0079099207844012514 0.0079678460306672333 -0.0048592348411358437 0.0033850096829528644 -0.010450854834219991 -0.006460040129980792 0.0063755060340677724 -0.0081071088811773551 -0.00089796807761306644 0.0029080606852534413 0.00058178103127631343 -0.0023074907040917646 0.010663630047523099 -0.0011464271905002451 0.0037543855482393808 -0.0059966458242879583 0.0020156539272915882 0.010004572712310617 -0.0019229132128188555 0.0032178716613293235
leaf_weight=4446.5794118046761 8667.1129216700792 659.54513022303581 249.52022278308868 262.85527330636978 6315.8427764773369 407.4656435251236 5816.5807842612267 2396.7871609777212 2650.0385503172874 1179.7129450142384 813.93947657942772 687.48146106302738 494.0699098110199 4139.8278924077749 388.42985448241234 522.43597365915775 514.58668985962868 1660.8791821449995 6694.2308804690838 278.9857249557972 21230.387194246054 5228.0335562378168 257.1969258338213 10021.518490001559 4244.0214971899986 443.61904761195183 1533.9463228881359 314.45671769976616 3018.5244496613741 3438.6081948876381
leaf_count=17909 35014 2672 1007 1059 25573 1639 23389 9630 10704 4744 3276 2759 1986 16705 1575 2105 2072 6717 26999 1126 85715 21103 1041 40451 17155 1793 6191 1269 12202 13884
internal_value=3.3045e-05 0.000841835 0.000666688 0.000563797 0.00133846 0.00233309 0.0036582 0.000307856 -0.000832123 0.00111706 -0.00225059 0.00346139 -2.47962e-05 -0.000260931 0.00175565 -0.002967 -9.07833e-05 -0.000428594 -0.00216631 -0.00651615 -0.000171344 0.000262354 0.000635393 -0.000840835 0.00122387 -0.00121813 -0.00229143 0.000723889 0.000369482 0.00215223
internal_weight=98977.2 26380.4 25720.9 25471.4 16381.1 10065.2 6079.44 3985.8 9090.27 3829.75 5260.52 1589.02 901.536 72596.8 5565.28 1425.45 1037.02 67031.5 8634.1 1939.86 58397.4 41295.6 36067.6 10278.7 25788.9 17101.8 10201.1 21544.8 6900.75 3882.23
internal_count=399464 106347 103675 102668 66035 40462 24448 16014 36633 15448 21185 6384 3625 293117 22457 5752 4177 270660 34842 7843 235818 166734 145631 41492 104139 69084 41205 86984 27879 15677
is_linear=0
shrinkage=0.05


Tree=93
num_leaves=31
num_cat=0
split_feature=98 59 86 87 54 21 93 90 57 59 46 74 93 91 88 18 36 86 32 35 32 24 10 92 26 91 92 26 10 48
split_gain=9.83538 14.6737 12.4238 9.08548 12.9258 12.7691 10.7834 10.1893 11.9002 10.4898 10.1787 10.1763 10.112 9.34522 9.14648 15.0668 14.7224 14.2069 15.0987 14.0557 13.4395 11.5874 10.8814 10.6339 8.9012 13.7529 23.5146 15.1408 16.5604 12.8774
threshold=-0.094723207730750589 7.9808763348968119 0.015572499999999991 -0.0055185000000000086 137.29693686357629 137.50000000000003 0.045130500000000011 -0.01861485000000004 11.269332815850884 8.1108763582842975 1.6352451411124798 8.5000000000000018 0.041122499999999999 0.10986850000000002 -0.024312500000000011 1.5000000000000002 0.45956350000000007 -0.10064300000000002 0.16251200000000002 0.15770350000000002 0.19833850000000003 0.18377350000000001 1.0000000180025095e-35 0.0099760000000000005 0.44768550000000001 -0.0039634999999999939 0.007373499999999999 0.45591750000000003 -1.4999999999999998 -0.44782859353978016
decision_type=2 2 10 10 10 2 10 10 8 2 10 2 10 10 10 2 8 10 8 8 10 10 2 10 10 8 10 10 2 8
left_child=1 2 -1 4 10 -5 12 13 -9 -10 11 14 24 -8 15 19 -17 18 -18 20 -2 22 -19 -21 -7 29 27 -27 -29 -26
right_child=3 -3 -4 5 -6 6 7 8 9 -11 -12 -13 -14 -15 -16 16 17 21 -20 23 -22 -23 -24 -25 25 26 -28 28 -30 -31
leaf_value=-0.0035136097566838076 -0.0007423388833164284 0.013464578728106625 0.0088383142552879417 -0.0052621774775541549 0.0049765223506860476 -0.0011746789748618624 -0.0027554665880559219 -0.0058706753128105662 0.005088639290454053 -0.0028365168068097048 -0.00017428870330979794 0.009489201566573232 0.0061842653023143354 -0.015379788972564177 -0.00010376491234144422 0.013655721875051771 -0.010144391747117974 0.012590164625108716 0.0026458954124515934 0.00073416987992861729 0.0082463260063685671 -0.0023844363736051843 0.002254191340385397 -0.011454388400482561 -0.0024188644271679245 0.0021461429819710494 0.0019515877305287235 0.0028178874565593735 -0.0063954392570062541 0.0022762795979526357
leaf_weight=545.01913015544415 1335.3446644246578 319.15927045047283 311.66738909482956 1439.5609731525183 1443.8514989763498 17005.840203270316 298.29758656024933 1119.0152170956135 756.61677171289921 907.40371106564999 42117.96669703722 371.14872178435326 593.26044993102551 288.74978089332581 6476.8233447521925 411.05821710824966 282.19823113083839 774.13642974197865 1086.9837965965271 316.96092158555984 592.97647207975388 259.904063180089 384.60882988572121 397.61013086140156 1722.7965600937605 937.54788617789745 3438.3890610933304 572.66384847462177 3095.3508878648281 9323.6538591831923
leaf_count=2221 5383 1291 1260 5829 5865 68519 1200 4509 3046 3657 169857 1503 2388 1163 26111 1652 1141 3121 4394 1280 2388 1051 1552 1603 6961 3791 13898 2314 12522 37803
internal_value=-3.58451e-05 0.00449035 0.00103022 -9.07446e-05 0.00032327 -0.000651879 -0.000484934 -0.00318734 -0.00190806 0.00077586 0.0001998 0.00144058 -0.000235906 -0.00911856 0.00119058 0.00262336 0.00492586 0.00359446 -4.47141e-05 -0.000171602 0.00205004 0.00708247 0.00920811 -0.00611242 -0.000343108 0.000397887 -0.00117393 -0.00350653 -0.00495327 0.0015425
internal_weight=98926.6 1175.85 856.687 97750.7 56251.6 41499.1 40059.6 3370.08 2783.04 1664.02 54807.7 12689.8 36689.5 587.047 12318.6 5841.78 3198.89 2787.83 1369.18 2642.89 1928.32 1418.65 1158.75 714.571 36096.2 19090.4 8043.95 4605.56 3668.01 11046.5
internal_count=399273 4772 3481 394501 226901 167600 161771 13575 11212 6703 221036 51179 148196 2363 49676 23565 12911 11259 5535 10654 7771 5724 4673 2883 145808 77289 32525 18627 14836 44764
is_linear=0
shrinkage=0.05


Tree=94
num_leaves=31
num_cat=0
split_feature=64 52 48 88 49 23 52 24 96 87 45 45 21 97 53 87 10 24 24 7 21 21 74 38 57 46 2 93 33 39
split_gain=7.46474 11.9903 9.00264 11.072 13.8977 13.9466 17.0256 10.7609 12.4984 10.8378 13.935 10.6135 10.011 11.2201 10.5379 12.5546 10.6535 15.3121 15.1723 12.4587 10.0459 9.8952 9.69076 9.53341 13.2509 17.7928 10.1618 11.6584 11.5659 18.8342
threshold=10.500000000000002 132.0677087772448 0.28318391085072331 0.0048520000000000516 127.02305648672392 0.20197400000000001 127.27771346546024 0.19578250000000005 0.35361320000000002 -0.0043154999999999713 15.383346976011859 25.215302209208058 153.50000000000003 0.68253302554701822 2221.5685300123346 0.035490000000000084 1.0000000180025095e-35 0.16261650000000002 0.12462050000000001 5.5000000000000009 1622.5000000000002 3024.5000000000005 2.5000000000000004 0.046690950000000009 10.921526801156594 1.7886188053930572 1.5000000000000002 -0.032170999999999991 6268.5000000000009 0.04944722193084649
decision_type=2 10 8 8 8 10 8 10 10 8 10 10 2 2 10 10 2 10 10 2 2 2 2 8 8 10 2 10 2 10
left_child=2 -2 -1 4 -4 -6 -7 9 -9 10 22 -12 -8 -14 15 16 -15 18 -18 21 -16 -19 -5 24 -11 -26 27 -25 -28 -30
right_child=1 -3 3 7 5 6 12 8 -10 23 11 -13 13 14 20 -17 17 19 -20 -21 -22 -23 -24 26 25 -27 28 -29 29 -31
leaf_value=0.00084414624600866726 -0.0029296275060039464 0.0046708725549325638 -0.00057841502205480111 -0.0032369470674311835 0.0038114362579978254 0.0093061963570410539 -0.0053162019529098548 0.0012045532721431402 -0.0077445488769179232 0.0010534758761611685 -0.009554458221785524 -0.0010032378918314532 0.0085858106698113983 0.0027034239145904554 -0.0065415157203931084 0.0097504358553716659 0.0046660974002363824 -0.0018942406779343007 -0.0091897682603108086 0.010949471537819956 -0.00047660806008204318 0.0082140573932478495 0.0040145288059300847 -0.0039561150046028984 -0.003425793863403981 -0.017682477947073099 0.00074639432657624266 0.0056878287224399653 -0.0011048304635135563 -0.010329869873414247
leaf_weight=27005.647089779377 4091.9787088781595 584.93021282553673 23807.118124678731 1181.8269024640322 4089.2423547506332 524.52192501723766 763.22598426043987 573.5542293637991 1194.2315900474787 911.16975653171539 1084.0242397934198 546.76550316810608 409.02528473734856 4096.8267767131329 767.57180224359035 428.69733460247517 251.5571598559618 1444.2128194719553 829.0733914077282 282.30306652188301 5617.9418304413557 280.47275038063526 741.16917377710342 392.58296313881874 901.50714102387428 282.08429069817066 8991.8028471171856 1433.0565425306559 4712.4560525119305 617.43529456853867
leaf_count=109149 16576 2361 95850 4768 16603 2120 3095 2312 4825 3693 4369 2200 1658 16499 3120 1726 1018 5812 3346 1136 22596 1126 2986 1595 3649 1144 36278 5790 19031 2488
internal_value=-2.35728e-05 -0.00197111 7.33591e-05 -0.000236682 0.000235354 0.00121437 0.00053574 -0.00110966 -0.00485059 -0.000804159 -0.00332614 -0.00671102 0.000226578 0.000523683 0.000282155 0.00153761 0.00103468 -0.00118108 -0.00595109 0.00140402 -0.00121473 -0.000212528 -0.000435743 -0.000311292 -0.00347639 -0.00694325 0.000101208 0.00360375 -0.000347478 -0.00219084
internal_weight=98838 4676.91 94161.1 67155.5 43591.8 19784.7 15695.4 23563.7 1767.79 21795.9 3553.79 1630.79 15170.9 14407.7 13998.7 7613.14 7184.45 3087.62 1080.63 2006.99 6385.51 1724.69 1923 18242.1 2094.76 1183.59 16147.3 1825.64 14321.7 5329.89
internal_count=398919 18937 379982 270833 175705 79855 63252 95128 7137 87991 14323 6569 61132 58037 56379 30663 28937 12438 4364 8074 25716 6938 7754 73668 8486 4793 65182 7385 57797 21519
is_linear=0
shrinkage=0.05


Tree=95
num_leaves=31
num_cat=0
split_feature=0 58 24 29 44 89 41 96 37 46 33 31 98 10 34 40 92 88 26 30 40 92 44 86 92 93 39 30 33 43
split_gain=10.1674 16.1084 11.8332 10.8789 9.9395 8.99483 10.397 8.9437 8.32956 7.83891 7.74766 15.7533 8.52829 8.51544 9.55683 8.0691 7.77645 10.8778 10.4214 15.2687 8.11377 7.21316 6.95981 10.7946 12.6453 22.3405 11.6257 10.5547 10.2312 9.02548
threshold=9.5000000000000018 3488.5000000000005 0.15679050000000003 0.46680050000000006 32.669025990283409 0.48004785000000005 0.069734617037132282 0.43419489999999999 0.27652450000000006 1.7136008615484963 133.50000000000003 0.11520300000000001 -0.018081702935635987 -1.0000000180025095e-35 0.47855250000000005 0.049365767680636753 0.13467050000000003 -0.070114499999999982 0.45495450000000009 0.35747050000000008 0.18929230318209003 -0.036584499999999999 15.850330266593826 0.023739000000000014 -0.0050214999999999973 -0.02212649999999999 0.060359523603820707 0.14009350000000004 4254.5000000000009 2291.5447741558387
decision_type=2 8 10 10 10 10 8 10 10 10 2 10 2 2 8 10 10 10 10 10 10 8 8 10 10 8 10 8 2 10
left_child=10 2 3 -2 5 6 -3 -7 -5 -10 11 15 -13 -14 -15 -1 20 18 19 -18 22 -17 23 24 25 29 -25 -26 -27 -12
right_child=1 4 -4 8 -6 7 -8 -9 9 -11 16 12 13 14 -16 21 17 -19 -20 -21 -22 -23 -24 26 27 28 -28 -29 -30 -31
leaf_value=0.0073320315300818457 0.014683410576591796 -0.0011301790052348794 -0.0019216015409577942 0.010039311692132485 -0.0090120114521234692 0.0047076056546546761 0.01124769844518011 -0.0056121137873536581 0.0071301221537223916 -0.0036616162588917617 -0.0045994900269166741 0.00095275877791118886 -0.0020057884486331208 -0.014341248397171789 -0.0044929359873503117 0.003720573090214225 0.015089026754475038 -0.0016096727193537148 -0.00058102926610052676 0.00026048361977987661 0.0086534767157378355 -0.0067403411341544015 -0.00018468102079054842 0.00079986125351409222 -0.0033578948544227593 0.021945681532956528 -0.0065911946732872609 0.0030448326467965589 0.0078671229477575849 0.0072081537351418356
leaf_weight=458.87720112502575 405.78299994766712 325.89068898558617 395.07397167384624 485.90250471234322 292.77637584507465 301.69038976728916 340.13805638253689 637.79407201707363 307.57267495989799 348.70816990733147 335.28385490179062 459.15518508851528 602.4665035456419 505.80841429531574 496.89093282818794 336.24677890539169 468.5798846334219 694.36308594048023 364.46684870123863 272.96997113525867 258.42000006139278 304.97690504789352 82427.72408631444 2260.5665214955807 863.89573048055172 253.93665044009686 685.13258880376816 2439.6669121533632 287.36887963116169 294.84433878958225
leaf_count=1854 1641 1314 1597 1958 1179 1230 1369 2572 1240 1406 1350 1864 2437 2047 2002 1356 1894 2798 1469 1105 1047 1232 332773 9099 3476 1021 2758 9803 1155 1187
internal_value=5.66717e-05 0.0025752 0.00576338 0.0077245 -0.000701242 0.000860688 0.00526402 -0.00228353 0.00514623 0.00142715 -4.53486e-05 -0.00247391 -0.00504081 -0.00675054 -0.00955344 0.00234484 3.85285e-05 0.00328309 0.00634169 0.00970663 -2.66567e-05 -0.00128192 -5.25825e-05 0.00141302 0.00295771 0.00739859 -0.000935689 0.00136541 0.0147499 0.000951739
internal_weight=98913 3841.33 1943.04 1547.97 1898.29 1605.51 666.029 939.484 1142.18 656.281 95071.6 3164.42 2064.32 1605.17 1002.7 1100.1 91907.2 1800.38 1106.02 741.55 90106.8 641.224 89848.4 7420.7 4475 1171.43 2945.7 3303.56 541.306 630.128
internal_count=399233 15506 7842 6245 7664 6485 2683 3802 4604 2646 383727 12792 8350 6486 4049 4442 370935 7266 4468 2999 363669 2588 362622 29849 17992 4713 11857 13279 2176 2537
is_linear=0
shrinkage=0.05


Tree=96
num_leaves=31
num_cat=0
split_feature=20 33 29 32 32 38 20 55 92 91 99 88 78 49 33 51 29 41 7 92 41 20 43 87 58 38 32 32 86 21
split_gain=10.48 12.1831 10.7593 10.078 17.6181 15.7046 14.6619 14.2034 13.3148 22.474 17.8924 16.3732 13.0573 12.6533 11.152 16.8689 12.2518 10.7872 11.8193 10.3712 11.1212 9.87571 24.7607 13.2786 10.757 21.1539 11.9461 21.973 13.3878 11.3008
threshold=13.500000000000002 114.50000000000001 0.47831050000000003 0.16924800000000004 0.17069950000000003 0.17540500000000003 14.500000000000002 1328.4990616552325 0.019360500000000006 0.068818000000000018 -0.017700999999999998 -0.042078999999999915 0.72512729503938389 127.64513526121156 2224.5000000000005 2303.2667894925221 0.48105650000000005 0.079823431105178894 5.5000000000000009 0.037463500000000018 0.065266166096704228 20.500000000000004 2235.6700711782414 -0.098584500000000005 3927.0000000000005 0.12805150000000001 0.21652800000000003 0.22378250000000002 0.02994649999999999 1226.5000000000002
decision_type=2 2 8 10 10 10 2 8 10 10 8 10 2 10 2 8 10 10 2 10 8 2 8 10 10 10 10 10 10 2
left_child=1 2 -1 12 5 -5 7 -6 9 10 -8 -11 13 -2 15 -12 -16 18 -15 20 -10 24 23 -23 29 -26 28 -28 -27 -21
right_child=3 -3 -4 4 6 -7 8 -9 19 11 14 -13 -14 17 16 -17 -18 -19 -20 21 -22 22 -24 -25 25 26 27 -29 -30 -31
leaf_value=-0.013730157005049507 -0.0010212700788050312 0.0010228948491912088 -0.0011793872195080231 -0.012597109679082955 -0.011725849417928438 0.001176802336869773 -0.010083310610181039 -0.0025594083553983921 0.0070952090781399996 -0.00073080042784921643 -0.0023107696650845853 -0.012561970821661614 0.0013449016905358981 -0.00075378213691880782 -0.0040993930192825068 0.0073501746953846259 0.00057063567011081406 0.0059549015798630103 0.0064227129292974755 -0.0022501956399266303 0.0010904539040638118 -0.0006100540624986721 0.0030582777931459307 -0.012052909946712966 -0.0071096694807624029 -0.00039003631725021424 0.016428325773548063 0.0010005764874598756 -0.010550119825215322 0.0026346829817810004
leaf_weight=246.50106136500835 22433.088011562824 23273.430175349116 517.25510340929031 592.66615998744965 471.6263847053051 312.73515470325947 498.32256145775318 3547.2507098913193 990.34877796471119 465.17659336328506 813.27457834780216 783.40360543131828 14493.613851889968 3309.5292052924633 2490.054039850831 996.28842133283615 3199.9296072870493 1156.497184574604 683.67843715846539 1518.4483759701252 3386.6616757959127 377.95276448130608 810.38231812417507 767.02452823519707 1254.8921410292387 2151.9212071597576 265.14881452918053 1441.3631851226091 371.92900829017162 5262.8272139728069
leaf_count=1004 90511 93936 2083 2388 1907 1264 2008 14316 3989 1873 3276 3163 58565 13484 10062 4012 12861 4676 2764 6148 13661 1524 3269 3091 5062 8659 1065 5794 1494 21219
internal_value=-9.00011e-05 0.000818094 -0.00535522 -0.000381711 -0.00103901 -0.00787857 -0.000842256 -0.00366155 -0.000434183 -0.00198376 -0.00100508 -0.00819493 0.000130326 -0.000508139 -0.000389239 0.00301941 -0.00147667 0.0017248 0.000487883 0.00033684 0.00246217 -0.000318535 -0.00360907 -0.00831365 0.000208509 -0.00143636 0.000259367 0.0034794 -0.00192301 0.00153917
internal_weight=98883.2 24037.2 763.756 74846 32769.6 905.401 31864.2 4018.88 27845.3 9246.45 7997.87 1248.58 42076.4 27582.8 7499.55 1809.56 5689.98 5149.7 3993.21 18598.9 4377.01 14221.9 1955.36 1144.98 12266.5 5485.25 4230.36 1706.51 2523.85 6781.28
internal_count=399128 97023 3087 302105 132105 3652 128453 16223 112230 37255 32219 5036 170000 111435 30211 7288 22923 20924 16248 74975 17650 57325 7884 4615 49441 22074 17012 6859 10153 27367
is_linear=0
shrinkage=0.05


Tree=97
num_leaves=31
num_cat=0
split_feature=68 93 53 57 58 55 47 31 76 85 55 55 39 85 51 19 21 35 92 30 81 10 31 38 99 20 96 21 92 16
split_gain=9.08706 13.7306 13.4575 15.9917 12.4447 11.7457 11.4849 11.0646 10.587 10.5627 11.0155 11.1943 11.4521 10.0976 9.54092 9.81879 12.5996 12.0852 9.87639 11.7233 11.0247 10.4993 9.4435 9.63009 10.9651 10.491 9.43514 9.24165 9.471 11.6783
threshold=1.0000000180025095e-35 0.068920000000000009 2501.7353015705698 14.985409058738695 146.50000000000003 1951.6484046110083 1.8645307233389457 0.29460000000000003 1.0000000180025095e-35 0.50868907882724124 2045.3225104154587 1861.2467106035572 0.02807954440775742 0.5217924967924239 2458.0973888044732 12.500000000000002 6435.5000000000009 0.15564450000000005 0.024354500000000005 0.19023800000000005 8.2460404123158302 -1.4999999999999998 0.089587400000000011 0.046690950000000009 0.025981500000000008 18.500000000000004 0.44676700000000008 11591.500000000002 -0.038870499999999981 0.29500000000000004
decision_type=2 10 8 10 8 10 8 10 2 2 10 10 8 2 8 2 2 10 10 8 2 2 8 10 10 2 10 2 8 2
left_child=4 2 13 22 -1 6 7 8 26 10 11 12 -6 27 15 16 -14 18 19 20 -17 -20 -4 24 -24 -25 -3 28 29 -2
right_child=1 5 3 -5 9 -7 -8 -9 -10 -11 -12 -13 14 -15 -16 17 -18 -19 21 -21 -22 -23 23 25 -26 -27 -28 -29 -30 -31
leaf_value=0.007884517818546188 0.014169692498665124 0.0028261107371670376 0.0052305997779627748 -0.0093140608144932757 0.0082015299495794766 0.013305386712472998 0.012232747360756101 0.0095529349052531978 0.0079623261328266286 -1.5527516644564687e-05 -0.0067097094574955904 0.0022243187632950182 0.0052773973015569206 -0.00012410029782248267 0.00045380495234554594 -0.0068953427255776427 -0.0053203144321663015 -0.0047823874029783832 0.0087021778836482416 -0.010442175796248681 0.0016305589846347065 -0.00050085179921481018 -0.01013184422145718 -0.0017450964826713348 0.0016549587845219864 0.0027217151717352627 -0.006505682311609179 -0.0040258214897006235 0.001982013681941511 0.003781096957794819
leaf_weight=451.2259733080864 353.76006010174751 447.28941778838634 624.61061519384384 557.13487933576107 278.05840729176998 313.16056218743324 278.48986469209194 327.8703108727932 281.1724913418293 53953.949114114046 931.62685798108578 2128.4753847718239 788.41463573276997 7577.1914479136467 3293.9516365528107 568.70214445888996 422.83829367160797 5158.9132966846228 414.15210831165314 437.54537452757359 1091.6456742584705 1147.0299885720015 560.59932889044285 4549.6788989901543 297.78781090676785 1837.1732894182205 659.61544136703014 531.99146862328053 7482.3892174959183 1104.866328522563
leaf_count=1830 1426 1807 2530 2240 1135 1259 1119 1321 1133 217835 3752 8609 3183 30544 13317 2296 1722 20829 1672 1767 4405 4627 2264 18336 1202 7408 2652 2160 30160 4463
internal_value=-2.25559e-06 0.000764273 0.000428917 -0.00120474 -0.000302009 0.00444896 0.00299891 0.00143811 -0.000533264 -0.00035543 -0.00145545 -0.0011402 -0.00166796 0.00123658 -0.00187993 -0.0026461 0.00156455 -0.0032256 -0.00102365 -0.00325794 -0.00131353 0.00198039 -0.000619562 -0.00113042 -0.00607085 -0.000457975 -0.00274325 0.00232393 0.00270582 0.00637997
internal_weight=98851.3 27784.8 25477.2 8426.98 71066.5 2307.6 1994.44 1715.95 1388.08 70615.3 16661.4 15729.7 13601.3 17050.2 13323.2 10029.2 1211.25 8817.99 3659.08 2097.89 1660.35 1561.18 7869.85 7245.24 858.387 6386.85 1106.9 9473.01 8941.02 1458.63
internal_count=399003 112024 102733 33980 286979 9291 8032 6913 5592 285149 67314 63562 54953 68753 53818 40501 4905 35596 14767 8468 6701 6299 31740 29210 3466 25744 4459 38209 36049 5889
is_linear=0
shrinkage=0.05


Tree=98
num_leaves=31
num_cat=0
split_feature=20 81 93 54 41 41 80 57 44 92 22 9 28 38 49 31 83 91 46 48 36 36 28 1 62 19 63 54 81 41
split_gain=7.38822 12.5288 11.7232 11.165 9.64902 11.6332 14.3932 10.0515 11.8062 11.9216 12.7305 12.1742 11.6714 11.2192 10.6418 10.239 9.6223 13.581 9.37953 9.3617 9.21046 14.3564 8.88682 8.70086 12.0554 14.6178 14.4792 16.9656 20.3964 14.5712
threshold=13.500000000000002 5.3958951239350581 0.12129050000000002 132.34931233122472 0.080265822137992063 0.081032057473962374 8.2823565335136262 15.308826348147576 24.102065327584004 -0.036584499999999999 0.46465000000000006 -1.4999999999999998 0.53765250000000009 0.0064446900000000003 122.80247753005715 0.071556600000000012 0.5571013940946804 -0.0039634999999999939 1.7284138864399619 0.33646485037753943 0.60150900000000018 0.63213600000000014 0.55734450000000013 2.5000000000000004 1.0000000180025095e-35 20.500000000000004 1.0000000180025095e-35 131.26861783725653 9.2511463652164014 0.069002356679089646
decision_type=2 2 10 8 10 10 2 10 10 10 10 2 8 10 10 8 2 10 10 10 8 10 8 2 2 2 2 10 2 10
left_child=1 3 4 22 7 -6 20 8 12 15 11 -11 13 -3 -15 -10 17 -14 -17 -20 -7 -22 -1 -2 25 26 -25 28 -28 -29
right_child=23 2 -4 -5 5 6 -8 -9 9 10 -12 -13 16 14 -16 18 -18 -19 19 -21 21 -23 -24 24 -26 -27 27 29 -30 -31
leaf_value=-0.0041824581706281887 0.0005719805658131557 -0.0060113179624169894 0.010595022475254019 -0.0095020838965773242 0.010928335070528343 0.0058521660207415654 -0.0060496857159251932 0.0046163109990532232 -0.0035414022404574187 0.013139646985062287 -0.0025528961125906649 -9.296991163442044e-06 7.6819273511346991e-05 0.0019081740038487606 0.0067635121905799183 0.012639954691955314 0.0044906998291541801 -0.0083921441356059247 0.0081280857273051295 -0.0019751457853587301 -0.0085537306811296378 0.0046276923179891013 0.0067622125683509575 -0.0021333500072589213 0.00022800673755699296 -0.0050188732034660869 0.0011423272517550379 0.001275406598590911 0.01160175442422026 -0.0047625607529719789
leaf_weight=486.39844264090061 25391.380192816257 322.89244085550308 310.62557324767113 523.18115209043026 438.15518318116665 1677.8623707443476 433.96480664610863 1381.1623731702566 454.79990650713444 243.46135100722313 6859.2687053084373 576.22092568874359 1488.5495830625296 3525.8501857370138 1658.6311635375023 304.67574718594551 599.68336449563503 684.00110803544521 406.80488730967045 502.83734856545925 329.11130075156689 518.60270547866821 286.11348311603069 12000.246533080935 24330.874929070473 2419.777989462018 6257.141454398632 1749.7207299619913 493.9431764036417 2308.8820059597492
leaf_count=1967 102496 1312 1254 2122 1766 6780 1749 5562 1839 994 27655 2368 6012 14192 6679 1227 2443 2754 1646 2026 1336 2095 1150 48423 98225 9761 25234 7065 1992 9335
internal_value=6.40333e-05 0.000827096 0.00110042 -0.0039367 0.000964123 0.00341431 0.00226882 0.000524604 0.000201575 -0.00101573 -0.00184831 0.00400749 0.00157554 0.00290568 0.00347154 0.00280287 -0.0010679 -0.00261577 0.00518851 0.00258241 0.00371639 -0.000529846 -9.42905e-05 -0.000180512 -0.000566074 -0.00133165 -0.000938467 0.000388763 0.00192362 -0.00216277
internal_weight=98964.8 24012.9 22717.2 1295.69 22406.5 3397.7 2959.54 19008.8 17627.7 9348.07 7678.95 819.682 8279.61 5507.37 5184.48 1669.12 2772.23 2172.55 1214.32 909.642 2525.58 847.714 772.512 74952 49560.6 25229.7 22809.9 10809.7 6751.08 4058.6
internal_count=399459 96928 91689 5239 90435 13726 11960 76709 71147 37755 31017 3362 33392 22183 20871 6738 11209 8766 4899 3672 10211 3431 3117 302531 200035 101810 92049 43626 27226 16400
is_linear=0
shrinkage=0.05


Tree=99
num_leaves=31
num_cat=0
split_feature=71 46 46 96 24 36 73 50 38 39 51 86 58 54 15 15 32 7 7 0 50 85 35 1 2 88 46 50 50 46
split_gain=8.90406 15.8264 12.6888 13.5705 12.0046 13.4194 12.2976 12.9921 21.7527 12.8447 18.5524 12.2431 12.1912 11.7174 10.857 10.6644 14.2261 9.7595 9.70536 9.56683 9.03792 10.2344 12.1873 13.2769 9.43676 9.1247 13.7187 15.1466 14.8061 13.155
threshold=1.0000000180025095e-35 1.7886188053930572 1.8086780576603607 0.37378250000000007 0.12326950000000002 0.54116550000000008 1.0000000180025095e-35 140.26715296763501 0.11718850000000001 0.043355120068270893 2263.2364035745236 0.034644999999999988 3945.5000000000005 70.962829665946202 0.15000000000000005 86.750000000000014 0.12165750000000002 1.5000000000000002 1.5000000000000002 5.5000000000000009 143.17836604821471 0.54082585417715634 0.12666850000000004 4.5000000000000009 6.5000000000000009 -1.0000000180025095e-35 1.707630502979455 139.74005724974145 140.1521324110816 1.5654736200992427
decision_type=2 10 10 10 10 10 2 10 10 10 10 10 10 8 2 2 10 2 2 2 10 2 10 2 2 8 8 10 10 10
left_child=13 -2 3 -3 5 -4 7 8 -6 10 17 12 -10 -1 19 16 18 -8 -7 -15 21 25 23 -23 -24 26 29 -28 -29 -16
right_child=1 2 4 -5 6 15 9 -9 11 -11 -12 -13 -14 14 20 -17 -18 -19 -20 -21 -22 22 24 -25 -26 -27 27 28 -30 -31
leaf_value=0.01083684904585255 0.00015583660134736886 -0.015960576859380047 -0.013267587282002242 -0.0038320840907253607 -0.0082832687488931644 -0.002830738168873101 0.004098239920280666 -0.0025998894435036706 0.016554233532044948 -0.0022377852041909913 0.0080001054726547925 -0.001770324016562554 0.0043326868087711435 -0.0014819167178353714 0.0041643823398915154 0.0048937091846631029 0.0023239695490508221 -0.0049671503172183367 -0.013806292714925398 0.010299981243092639 0.0010525413914623813 -0.0053262387790048889 0.0026600522149064316 0.0053080631855077498 0.010500729735933502 -0.0018211309292686852 0.0025752153326928317 -0.0083712806853017893 -0.0001051733742420725 -0.0044343517751175583
leaf_weight=258.4875230640173 30721.592319026589 262.03623105585575 376.8630468249321 1602.3401809483767 424.49208272993565 376.78833065927029 551.68458981812 7862.1177816838026 256.06849631667137 1337.8911204636097 1270.9369596391916 573.89913794398308 930.25903338193893 258.41307471692562 533.71143086254597 340.23604261875153 431.41791844367981 620.028748691082 439.13474261760712 493.72441686689854 21206.817144617438 796.76765409111977 1380.0573771446943 451.81288324296474 527.45939770340919 9994.4855801314116 6288.182496458292 593.41748264431953 5301.091333091259 2469.5145755261183
leaf_count=1060 124108 1077 1520 6478 1727 1522 2232 31850 1032 5414 5151 2314 3752 1040 2143 1379 1742 2509 1773 1986 85564 3203 5557 1816 2119 40309 25332 2387 21329 9913
internal_value=-4.49855e-05 -0.000529828 -0.00172229 -0.00561279 -0.00125972 -0.00490708 -0.000738371 -0.0016527 0.00175225 0.00168942 0.00384078 0.00420552 0.00708703 0.000419 0.000363315 -0.00285181 -0.00498667 -0.000700279 -0.00883349 0.00628572 0.000272154 -0.000312047 0.00236747 -0.0014665 0.00487158 -0.000648703 0.000123612 0.000870129 -0.000950115 -0.0028975
internal_weight=98931.7 48377.8 17656.2 1864.38 15791.8 1964.44 13827.4 10046.8 2184.72 3780.54 2442.65 1760.23 1186.33 50553.9 50295.5 1587.58 1247.34 1171.71 815.923 752.137 49543.3 28336.5 3156.1 1248.58 1907.52 25180.4 15185.9 12182.7 5894.51 3003.23
internal_count=399338 195580 71472 7555 63917 7936 55981 40675 8825 15306 9892 7098 4784 203758 202698 6416 5037 4741 3295 3026 199672 114108 12695 5019 7676 101413 61104 49048 23716 12056
is_linear=0
shrinkage=0.05


end of trees

feature_importances:
batter_team_id=105
form_blend=80
tm_m_induced_vert_break=68
asof_pitcher_offspeed_rate=64
asof_pitcher_n=62
hand_combo=60
asof_pitcher_strike_rate=58
asof_pitcher_prev5_game_success_rate=58
tm_v_breaking=58
platoon=58
asof_pitcher_reverse_rate=56
tm_m_horz_break=56
tm_m_rel_side=55
asof_pitcher_ball_rate=54
asof_pitcher_success_rate=53
rev_plus_mid=53
asof_pitcher_breaking_rate=50
tm_sp_offspeed=50
mid_dev5=49
asof_batter_n=48
tm_m_extension=48
form_dev1=48
form_dev5=47
tm_v_offspeed=46
strike_minus_ball=45
asof_pitcher_prev3_game_success_rate=44
asof_pitcher_prev5_game_middle_rate=44
asof_pitcher_prev1_game_success_rate=43
pitcher_team_id=42
tm_rel_var_rel_height=42
tm_m_rel_height=41
form_dev3=41
asof_batter_success_rate=40
asof_batter_middle_rate=40
tm_sp_fastball=40
mid_dev3=40
tm_m_spin_rate=39
cnt_diff=39
cnt_code=38
asof_pitcher_middle_rate=37
mid_dev1=37
mix_entropy=37
tm_prior_n=36
tm_rel_var_rel_side=35
tm_rel_var_extension=35
tm_sp_breaking=35
breaking_plus_off=35
asof_pitcher_fastball_rate=34
asof_pitcher_prev3_game_middle_rate=32
game_month=31
tm_m_zone_speed=31
tm_velo_sep=31
we_pitcher=31
p_succ_eb1000=30
pb_succ_gap=28
tm_v_fastball=27
p_succ_eb200=27
li=26
form_blend_dev=25
tm_m_rel_speed=24
is_F=24
b_succ_eb500=23
inning=19
home_win_expectancy=19
asof_pitcher_prev1_game_middle_rate=18
score_diff_pitcher_team=16
balls_before=15
log_batter_n=15
pb_mid_gap=15
tm_n_types=14
game_dayofweek=13
strikes_before=12
batter_hand=11
outs_before=10
run_total_before=10
log_li=10
log_pitcher_n=10
base_code=9
run_bot_before=8
pitcher_ahead=8
abs_score_diff=8
score_diff_home=7
tm_log_n=7
num_runners_on=6
run_top_before=5
is_full=5
pitcher_hand=3
is_2strike=3
is_bottom=2
pitch_of_pa_est=2
scoring_pos=2
late_close=2
runner_on_1b=1
runner_on_3b=1
blowout=1

parameters:
[boosting: gbdt]
[objective: binary]
[metric: binary_logloss]
[tree_learner: serial]
[device_type: cpu]
[data_sample_strategy: bagging]
[data: ]
[valid: ]
[num_iterations: 100]
[learning_rate: 0.05]
[num_leaves: 31]
[num_threads: 6]
[seed: 1]
[deterministic: 0]
[force_col_wise: 0]
[force_row_wise: 1]
[histogram_pool_size: -1]
[max_depth: -1]
[min_data_in_leaf: 1000]
[min_sum_hessian_in_leaf: 0.001]
[bagging_fraction: 0.8]
[pos_bagging_fraction: 1]
[neg_bagging_fraction: 1]
[bagging_freq: 1]
[bagging_seed: 1]
[bagging_by_query: 0]
[feature_fraction: 0.7]
[feature_fraction_bynode: 1]
[feature_fraction_seed: 1]
[extra_trees: 0]
[extra_seed: 15724]
[early_stopping_round: 0]
[early_stopping_min_delta: 0]
[first_metric_only: 0]
[max_delta_step: 0]
[lambda_l1: 0]
[lambda_l2: 10]
[linear_lambda: 0]
[min_gain_to_split: 0]
[drop_rate: 0.1]
[max_drop: 50]
[skip_drop: 0.5]
[xgboost_dart_mode: 0]
[uniform_drop: 0]
[drop_seed: 6334]
[top_rate: 0.2]
[other_rate: 0.1]
[min_data_per_group: 100]
[max_cat_threshold: 32]
[cat_l2: 10]
[cat_smooth: 10]
[max_cat_to_onehot: 4]
[top_k: 20]
[monotone_constraints: ]
[monotone_constraints_method: basic]
[monotone_penalty: 0]
[feature_contri: ]
[forcedsplits_filename: ]
[refit_decay_rate: 0.9]
[cegb_tradeoff: 1]
[cegb_penalty_split: 0]
[cegb_penalty_feature_lazy: ]
[cegb_penalty_feature_coupled: ]
[path_smooth: 0]
[interaction_constraints: ]
[verbosity: -1]
[saved_feature_importance_type: 0]
[use_quantized_grad: 0]
[num_grad_quant_bins: 4]
[quant_train_renew_leaf: 0]
[stochastic_rounding: 1]
[linear_tree: 0]
[max_bin: 255]
[max_bin_by_feature: ]
[min_data_in_bin: 3]
[bin_construct_sample_cnt: 200000]
[data_random_seed: 1]
[is_enable_sparse: 1]
[enable_bundle: 1]
[use_missing: 1]
[zero_as_missing: 0]
[feature_pre_filter: 1]
[pre_partition: 0]
[two_round: 0]
[header: 0]
[label_column: ]
[weight_column: ]
[group_column: ]
[ignore_column: ]
[categorical_feature: ]
[forcedbins_filename: ]
[precise_float_parser: 0]
[parser_config_file: ]
[objective_seed: 19169]
[num_class: 1]
[is_unbalance: 0]
[scale_pos_weight: 1]
[sigmoid: 1]
[boost_from_average: 1]
[reg_sqrt: 0]
[alpha: 0.9]
[fair_c: 1]
[poisson_max_delta_step: 0.7]
[tweedie_variance_power: 1.5]
[lambdarank_truncation_level: 30]
[lambdarank_norm: 1]
[label_gain: ]
[lambdarank_position_bias_regularization: 0]
[eval_at: ]
[multi_error_top_k: 1]
[auc_mu_weights: ]
[num_machines: 1]
[local_listen_port: 12400]
[time_out: 120]
[machine_list_filename: ]
[machines: ]
[gpu_platform_id: -1]
[gpu_device_id: -1]
[gpu_device_id_list: ]
[gpu_use_dp: 0]
[num_gpu: 1]

end of parameters

pandas_categorical:[]
