tree
version=v4
num_class=1
num_tree_per_iteration=1
label_index=0
max_feature_idx=99
objective=binary sigmoid:1
feature_names=game_month game_dayofweek inning balls_before strikes_before outs_before run_top_before run_bot_before run_total_before score_diff_home score_diff_pitcher_team runner_on_1b runner_on_2b runner_on_3b num_runners_on home_win_expectancy li pitcher_hand batter_hand pitcher_team_id batter_team_id asof_pitcher_n asof_pitcher_success_rate asof_pitcher_reverse_rate asof_pitcher_middle_rate asof_pitcher_ball_rate asof_pitcher_strike_rate asof_pitcher_prev1_game_success_rate asof_pitcher_prev3_game_success_rate asof_pitcher_prev5_game_success_rate asof_pitcher_prev1_game_middle_rate asof_pitcher_prev3_game_middle_rate asof_pitcher_prev5_game_middle_rate asof_batter_n asof_batter_success_rate asof_batter_middle_rate asof_pitcher_fastball_rate asof_pitcher_breaking_rate asof_pitcher_offspeed_rate tm_rel_var_rel_height tm_rel_var_rel_side tm_rel_var_extension tm_m_rel_speed tm_m_spin_rate tm_m_induced_vert_break tm_m_horz_break tm_m_extension tm_m_rel_height tm_m_rel_side tm_m_zone_speed tm_v_fastball tm_sp_fastball tm_v_breaking tm_sp_breaking tm_v_offspeed tm_sp_offspeed tm_n_types tm_velo_sep tm_prior_n tm_log_n tm_has is_F is_bottom base_code cnt_code cnt_diff is_3ball is_2strike pitcher_ahead is_full pitch_of_pa_est platoon hand_combo scoring_pos abs_score_diff close_game blowout late_close log_li we_pitcher log_pitcher_n log_batter_n is_rookie_p p_succ_eb200 p_succ_eb1000 b_succ_eb500 form_dev1 form_dev3 form_dev5 form_blend form_blend_dev mid_dev1 mid_dev3 mid_dev5 rev_plus_mid strike_minus_ball breaking_plus_off mix_entropy pb_succ_gap pb_mid_gap
feature_infos=[3:10] [0:6] [1:13] [0:3] [0:2] [0:2] [0:30] [0:22] [0:36] [-27:19] [-27:27] [0:1] [0:1] [0:1] [0:3] [0:100] [0:10.83] [1:2] [1:2] [12:25] [12:25] [0:15449] [0:1] [0:1] [0:1] [0:1] [0:1] [0:1] [0.130435:0.92857100000000004] [0.14583299999999999:0.84999999999999998] [0:1] [0:0.52941199999999999] [0:0.5] [0:13925] [0:1] [0:1] [0:1] [0:1] [0:0.66666700000000001] [0.013637649574865166:0.18554997200386428] [0.023687706151775116:0.23732486323619806] [0.031366467788529473:0.13700466977235751] [108.45118171673819:148.8045327198364] [1647.0762547857457:2618.9695819456679] [-11.586682218856058:49.265559574468085] [-33.423814428051948:47.192352120698978] [1.4374507923299569:2.0926419850537132] [0.32885211056511054:1.9900524966666668] [-1.0251837142857143:1.1894576892703863] [98.080663690987123:136.06468200409] [49.82336909871244:152.31761089597379] [778.98497854077243:2631.4251249578606] [79.204218749999995:137.76974130285953] [1277.1646875000001:2986.4456182349518] [18.772909547738692:141.12893333333332] [271.06256281407036:2458.9687092244781] [1:3] [-1.876799303439028:22.184692598937389] [28:13891] [0:9.5390684138639639] [0:1] [0:1] [0:1] [0:7] [0:11] [-2:3] [0:1] [0:1] [0:1] [0:1] [0:5] [0:1] [3:6] [0:1] [0:27] [0:1] [0:1] [0:1] [0:2.4706386779902956] [0:100] [0:9.6453642823258914] [0:9.5415128755024927] [0:1] [0.40502784916201112:0.6895921292984869] [0.42614069847856162:0.64407931365313642] [0.46370355555555559:0.66703589996308599] [-0.69898400000000005:0.57520499999999997] [-0.35969699999999993:0.42137200000000008] [-0.32450800000000002:0.33529399999999998] [0.14538039999999999:0.85785460000000002] [-0.35222680000000001:0.33999069999999998] [-0.238342:0.89686100000000002] [-0.228571:0.3972] [-0.228571:0.33333299999999999] [0:2] [-1:1] [0:1] [0:1.098612190055321] [-0.2045944497080987:0.15300624950021002] [-0.91282050000000003:0.87444699999999997]
tree_sizes=3563 3601 3609 3616 3598 3607 3624 3611 3608 3622 3605 3613 3620 3610 3622 3626 3635 3616 3613 3615 3609 3607 3629 3626 3600 3615 3632 3628 3628 3627 3625 3619 3606 3607 3625 3605 3609 3599 3613 3616 3611 3601 3623 3613 3613 3630 3603 3607 3607 3612 3632 3629 3616 3621 3617 3611 3601 3622 3605 3602 3619 3575 3616 3620 3604 3605 3612 3607 3605 3626 3604 3609 3586 3603 3629 3621 3627 3622 3616 3609 3626 3586 3641 3624 3619 3638 3600 3592 3578 3604 3620 3623 3611 3610 3621 3601 3608 3622 3609 3586

Tree=0
num_leaves=31
num_cat=0
split_feature=22 95 29 29 72 83 95 29 97 49 22 72 72 21 38 21 38 20 48 20 41 58 55 72 72 83 49 45 21 21
split_gain=1016.6 426.002 276.687 268.654 76.3516 73.3882 64.3423 61.1599 60.3075 50.5607 49.8005 45.1956 69.1659 43.1102 40.7858 38.4083 36.7561 35.7713 35.4647 33.102 34.8527 33.0905 32.7019 28.7267 26.3118 26.2579 31.2611 25.7301 25.3218 27.5952
threshold=0.51615450000000018 0.058743999999999998 0.45920550000000004 0.56256850000000014 3.5000000000000004 0.45684283255527952 0.15549600000000002 0.49393950000000003 1.0583072496656052 132.9014309569998 0.47797750000000006 5.5000000000000009 3.5000000000000004 8693.5000000000018 0.20154750000000002 9255.5000000000018 0.052084500000000006 13.500000000000002 -0.68096114943981245 13.500000000000002 0.077785135868772573 1011.0000000000001 1524.6393285662441 3.5000000000000004 5.5000000000000009 0.53878582398738117 127.58549459808931 -4.2753731697114308 4978.5000000000009 1306.5000000000002
decision_type=10 10 10 10 2 2 10 8 2 10 10 2 2 2 10 2 10 2 8 2 8 8 8 2 2 2 8 8 2 2
left_child=2 11 5 7 14 18 15 19 9 10 28 12 27 -10 -4 -5 24 -12 -1 -3 -21 -13 -14 -9 -7 -25 -27 -2 29 -6
right_child=1 3 4 6 8 16 -8 23 13 -11 17 21 22 -15 -16 -17 -18 -19 -20 20 -22 -23 -24 25 -26 26 -28 -29 -30 -31
leaf_value=-0.052702982729968734 -0.040858576399927446 -0.021122498515592295 -0.03864954173663375 -0.018290206700117863 -0.036456391145549889 -0.037307180237656924 -0.0076771403002960509 -0.02746175412191983 -0.024370799886005486 -0.012532032240677067 -0.024594413087424098 -0.040012325404662451 -0.030909791551130487 -0.0020201532344101859 -0.020797607702471001 -0.010844387839845031 -0.034773488267442573 -0.029876118732839279 -0.041123862185911603 -0.030000019065079958 -0.014907397494851576 -0.031593959500399081 -0.023570668005814571 -0.023349617762076058 -0.045678964219409826 -0.020315167170751929 -0.011393377558745959 -0.024331420982345465 -0.041731791918278097 -0.028689544944194678
leaf_weight=819.08573216199875 1229.0035230517387 1751.6487064361572 3222.3537561893463 6660.4142523407936 2258.0471481084824 2870.4243357181549 2866.6750876307487 1899.6190309524536 655.3685656785965 416.91638731956482 4226.1524441242218 1556.9377557635307 2246.7994038462639 314.93683934211731 347.9302225112915 2377.0232874155045 13004.891865849495 13169.358881950378 3707.756408572197 5437.9094259738922 401.4194952249527 4631.0712375640869 4635.0704355239868 6237.9989678263664 1426.2139724493027 6779.140441775322 1152.7688119411469 285.69270426034927 891.32124531269073 2308.7869722247124
leaf_count=3277 4917 7008 12892 26647 9034 11484 11469 7600 2622 1668 16908 6229 8989 1260 1392 9510 52030 52688 14834 21756 1606 18528 18544 24957 5706 27122 4612 1143 3566 9237
internal_value=-0.0283142 -0.0232938 -0.0333862 -0.0203433 -0.0300779 -0.0375985 -0.014219 -0.0234292 -0.029071 -0.0295822 -0.0299 -0.030489 -0.0280987 -0.0169221 -0.0368937 -0.0163147 -0.0361073 -0.0285916 -0.0432681 -0.02713 -0.0289413 -0.0337275 -0.025967 -0.0216829 -0.0401199 -0.0209093 -0.0189989 -0.0377356 -0.0340621 -0.0325392
internal_weight=99788.7 50149.2 49639.5 35564.6 27811.2 21828.4 11904.1 23660.5 24240.9 23270.6 22853.7 14584.6 8396.57 970.305 3570.28 9037.44 17301.5 17395.5 4526.84 7590.98 5839.33 6188.01 6881.87 16069.5 4296.64 14169.9 7931.91 1514.7 5458.16 4566.83
internal_count=399235 200637 198598 142287 111267 87331 47626 94661 96983 93101 91433 58350 33593 3882 14284 36157 69220 69596 18111 30370 23362 24757 27533 64291 17190 56691 31734 6060 21837 18271
is_linear=0
shrinkage=1


Tree=1
num_leaves=31
num_cat=0
split_feature=22 95 89 89 71 23 71 94 71 45 43 26 54 22 89 58 95 47 94 41 3 80 83 40 22 28 36 20 89 44
split_gain=896.384 339.937 280.383 241.636 107.144 93.072 89.2422 70.2814 68.9792 67.6576 61.2086 56.8494 41.5705 48.0937 40.5956 39.7098 35.4289 34.0726 33.6866 32.989 36.225 31.6438 34.2868 29.1301 25.9799 25.3379 24.7272 24.2581 27.1627 23.8032
threshold=0.51867050000000015 0.058743999999999998 0.46321740000000006 0.55610335000000011 1.0000000180025095e-35 0.29594900000000007 1.0000000180025095e-35 0.34939900000000007 1.0000000180025095e-35 9.0773950944369819 1986.9695012331383 0.44768650000000004 104.7123293812724 0.4733690000000001 0.34153660000000002 1325.5000000000002 0.14580650000000003 1.5764158388149681 0.39348000000000005 0.078619818170676661 1.5000000000000002 9.2151786473784707 0.52885259866819789 0.078896721401421024 0.46230250000000006 0.67470950000000018 0.42111650000000006 13.500000000000002 0.47354220000000002 25.881205403148737
decision_type=10 10 10 10 2 8 2 10 2 8 8 10 8 10 8 8 10 10 10 10 2 2 2 8 10 8 10 2 8 8
left_child=2 6 5 19 12 8 -2 10 -1 -6 -5 -11 -4 -14 -7 -8 -12 23 -13 20 27 22 -9 -10 -20 -17 -19 -3 -29 -22
right_child=1 3 4 7 9 14 15 21 17 11 16 18 13 -15 -16 25 -18 26 24 -21 29 -23 -24 -25 -26 -27 -28 28 -30 -31
leaf_value=-0.003239532921350448 0.0024221049791750297 0.0086035364019302601 0.021368624091439189 -0.0069543165423129666 -0.010336852838107299 -0.023608615655675409 -0.010823885531722975 -0.0031206690015571689 0.0091179852889383146 -0.0056339123622407604 0.013733160026435452 0.013216878835893823 -0.005356276894307262 0.0026434431413978002 -0.011897339079311238 -0.0039932011945494426 0.020675714340807037 0.002500423131392746 -0.014042063600252688 0.010123777635037308 -0.0053457767783629435 0.016474865347304201 0.0082576990851204821 -0.0067077922397548936 0.0015666978201084821 0.010203687048799849 -0.012094447592491122 -0.00062488416479074228 0.0050036915977076492 0.0022097379043614662
leaf_weight=8179.0844296813011 6448.3884439170361 3017.8982402831316 255.22183977067471 293.22469545900822 3581.5811806321144 838.86094741523266 2452.3511474430561 821.90836058557034 347.65007345378399 5452.6974503695965 5623.8451751768589 578.40576978027821 2219.836338147521 11936.244742617011 6636.8575241416693 4443.5545008927584 2836.9213859736919 301.16456039249897 280.170754134655 2009.7917515784502 1620.7497822195292 868.95591974258423 3300.4470342099667 1561.4677884280682 3270.7960972934961 328.66273325681686 6201.2255039960146 2887.6418833732605 8284.372537240386 2879.8384688198566
leaf_count=32726 25798 12073 1021 1173 14331 3357 9813 3288 1391 21816 22497 2314 8882 47755 26558 17779 11348 1205 1121 8040 6484 3476 13203 6248 13086 1315 24813 11553 33142 11521
internal_value=-9.18428e-05 0.00481764 -0.00466647 0.00746479 -0.00122373 -0.00860898 -0.00185177 0.0126021 -0.00651496 -0.00448317 0.015304 -0.00228669 0.00175456 0.0013861 -0.0132413 -0.00566454 0.0160827 -0.00969225 0.00213615 0.00404912 0.00339085 0.00784219 0.00598704 -0.00379343 0.000299194 -0.00299617 -0.0114157 0.00462978 0.00354961 -0.00051697
internal_weight=99759.8 48118.6 51641.3 34445.6 27575 24066.3 13673 13745.3 16590.6 13163.7 8753.99 9582.07 14411.3 14156.1 7475.72 7224.57 8460.77 8411.51 4129.37 20700.3 18690.5 4991.31 4122.36 1909.12 3550.97 4772.22 6502.39 14189.9 11172 4500.59
internal_count=399127 192503 206624 137798 110326 96298 54705 54985 66383 52668 35018 38337 57658 56637 29915 28907 33845 33657 16521 82813 74773 19967 16491 7639 14207 19094 26018 56768 44695 18005
is_linear=0
shrinkage=0.05


Tree=2
num_leaves=31
num_cat=0
split_feature=22 25 22 29 71 71 44 83 29 29 47 58 20 23 20 37 44 95 45 27 80 94 3 22 25 52 20 94 29 36
split_gain=844.981 314.996 241.526 190.251 156.946 106.799 90.5012 85.5936 58.6417 49.9648 49.8237 47.849 45.0312 43.8609 33.7457 31.4022 30.9669 30.1549 29.7205 28.0398 38.883 31.5022 25.7969 25.6944 25.4879 28.2162 25.2608 28.276 25.2368 24.0308
threshold=0.51801550000000007 0.37358850000000005 0.44939550000000006 0.53973400000000005 1.0000000180025095e-35 1.0000000180025095e-35 23.158601585993306 0.58420344373046607 0.56535300000000011 0.44834850000000009 1.9239938650704411 1196.5000000000002 13.500000000000002 0.29594900000000007 13.500000000000002 0.30137500000000006 23.099459515067824 0.088890500000000025 -12.468793597735708 0.52020400000000011 9.048350712425874 0.35833350000000008 2.5000000000000004 0.50706100000000009 0.36491150000000006 132.0386340855795 12.500000000000002 0.37930050000000004 0.49393950000000003 0.62159400000000009
decision_type=10 10 10 8 2 2 10 2 10 8 10 8 2 8 2 10 10 10 8 8 2 10 2 10 10 10 2 10 10 10
left_child=2 3 13 12 8 15 16 10 14 -8 19 29 -2 -1 26 -3 22 -10 -16 20 -5 -21 -6 -11 25 -20 -4 -28 -14 -7
right_child=1 5 4 7 6 11 9 -9 17 23 -12 -13 28 -15 18 -17 -18 -19 24 21 -22 -23 -24 -25 -26 -27 27 -29 -30 -31
leaf_value=-0.0066378925154549212 0.0087012107241018939 0.0059638204759746554 -0.0014514987491107288 0.00077176500735479754 -0.0016638344963578863 -0.0060052709957804408 -0.012796507627232176 0.017342633960012656 0.0034817302084774204 -0.0079336828073585334 0.019189104441800674 -0.0029534933269572267 -0.00027196392374510191 -0.014784647051416085 0.0048436072975651424 -0.000771982670812285 0.012346415059267944 0.019125953468763973 -0.00083119818776376949 0.012078250186484923 0.014679217283275637 0.0059851355360381634 -0.012701651434551396 -0.0016696822785713752 -0.004037597329334828 0.011964630778569744 -0.0088254874713017909 0.0074173073955370169 0.0041412854721547699 -0.016738244115378473
leaf_weight=2362.5795764923096 3459.7346772104502 4085.4908611029387 1978.2716826945543 2275.8506844490767 6947.5150251835585 996.42183463275433 4604.550144508481 4187.8808484822512 700.11621956527233 6393.7894385755062 1110.9907696247101 5671.2748622745275 5551.1081994324923 5690.4990956038237 1517.6029867976904 2992.5566218644381 358.19805170595646 547.95177897810936 4584.6057348549366 5094.0852982848883 635.47445785999298 3692.0350570976734 563.54290454089642 2207.8058378696442 9346.9529796689749 465.41390977799892 288.93667112290859 2698.2632046937943 7764.5759787708521 1125.0861924886703
leaf_count=9455 13840 16344 7915 9104 27800 3988 18429 16752 2801 25586 4444 22692 22209 22779 6072 11972 1433 2192 18343 20377 2542 14769 2255 8834 37399 1862 1156 10796 31061 4503
internal_value=1.81228e-05 0.00473803 -0.00446112 0.00740735 -0.00297772 -0.00132492 -0.00606457 0.0111346 -3.63083e-05 -0.00859243 0.00909281 -0.00535998 0.00362667 -0.0124058 -0.000667667 0.00311889 -0.00181682 0.0104476 -0.0017904 0.00811832 0.00384729 0.00952756 -0.00250777 -0.00632968 -0.00249258 0.000369391 0.00292712 0.00582202 0.00230264 -0.011749
internal_weight=99899.2 48642.6 51256.6 33771.7 43203.5 14870.8 21075.4 16996.3 22128.1 13206.1 12808.4 7792.78 16775.4 8053.08 20880 7078.05 7869.26 1248.07 15914.6 11697.4 2911.33 8786.12 7511.06 8601.6 14397 5050.02 4965.47 2987.2 13315.7 2121.51
internal_count=399704 194597 205107 135098 172873 59499 84337 67988 88536 52849 51236 31183 67110 32234 83543 28316 31488 4993 63676 46792 11646 35146 30055 34420 57604 20205 19867 11952 53270 8491
is_linear=0
shrinkage=0.05


Tree=3
num_leaves=31
num_cat=0
split_feature=22 95 22 29 71 44 71 22 47 29 45 89 26 2 26 20 44 55 38 44 96 26 95 26 54 96 71 65 45 55
split_gain=740.08 269.456 219.113 189.829 126.72 91.6305 69.8748 56.8261 46.9314 42.2761 38.0696 34.7333 34.1199 34.0487 32.731 32.5648 38.5027 30.978 30.9628 30.4294 30.3999 30.071 29.5254 43.4735 25.8708 24.8614 23.9408 23.5001 22.3423 23.3003
threshold=0.51801550000000007 0.058743999999999998 0.45795250000000004 0.53973400000000005 1.0000000180025095e-35 24.102065327584004 1.0000000180025095e-35 0.58827200000000013 1.9239938650704411 0.47138350000000001 -10.522967468686643 0.52730395000000008 0.38320700000000002 2.5000000000000004 0.45889550000000007 13.500000000000002 39.369109069410932 1573.4534370840595 0.11831850000000001 24.037863814132841 0.34127911000000005 0.41400950000000009 0.080664500000000042 0.46049050000000008 127.49138030893927 0.40084500000000006 1.0000000180025095e-35 -1.0000000180025095e-35 -12.468793597735708 1457.0657406434259
decision_type=10 10 10 10 2 10 2 10 10 10 8 8 10 2 10 2 8 8 10 10 10 10 10 10 8 10 2 2 8 10
left_child=2 6 10 15 9 18 17 8 13 28 -1 12 -7 24 -13 -3 -17 21 -6 -8 -21 -2 -11 25 -5 -24 -12 -14 -4 -30
right_child=1 3 4 7 5 11 19 -9 -10 22 26 14 27 -15 -16 16 -18 -19 -20 20 -22 -23 23 -25 -26 -27 -28 -29 29 -31
leaf_value=-0.015812039532873676 -0.010997901667852188 0.0073257684729435071 0.0059152754376795638 0.024057537407190247 -0.0042956396028214902 -0.027232409288034182 -0.0004517658972887545 0.015312102378965046 0.018634370656003249 6.7067618382628849e-05 -0.0060387343974864097 -0.0057078164764594371 -0.0048955501658030642 0.006291651321084374 0.0086766483622154437 0.0010056556589054949 0.0088018926184065972 0.0050089238138075276 0.0019280841594394563 -0.015203844342488275 -0.0051620783322271525 0.0012878312012463656 0.026968964361963978 0.0024108224280117978 0.010544867722731562 0.0094062272034070148 -0.011649932414993821 -0.010447141786144136 0.00031661532908969724 -0.005258917874871448
leaf_weight=2662.912757307291 674.88544388115406 3675.4138592928648 725.05131043493748 419.48476055264473 3997.3774647861719 253.28434711694717 2590.6212743073702 4596.9470446407795 1100.8820227235556 7186.6172913908958 3857.3782548606396 1761.6153438389301 2679.8637049794197 8714.4339157491922 499.61700315773487 12020.504986017942 1814.6272790580988 4043.1756482422352 3977.6859207749367 940.39120531082153 3754.5580128580332 1819.6997941285372 253.70785979926586 3768.1146342158318 2334.6623528301716 956.37207187712193 3825.7392131239176 6845.3464399576187 2972.3729830682278 5055.0587517023087
leaf_count=10665 2700 14702 2901 1678 15997 1014 10367 18390 4404 28753 15441 7050 10727 34859 1999 48088 7259 16174 15916 3765 15026 7280 1015 15075 9339 3826 15317 27401 11894 20228
internal_value=3.3944e-05 0.00446124 -0.00415357 0.00681373 -0.00250902 -0.00535201 -0.00144082 0.0105488 0.00879594 0.000212566 -0.0106512 -0.00810369 -0.0093944 0.00783613 -0.00250537 0.00314814 0.00203384 0.00231012 -0.00119293 -0.0048053 -0.00720147 -0.00206659 0.00211854 0.00507402 0.0126826 0.0132793 -0.00884429 -0.00889201 -0.00243589 -0.0031966
internal_weight=99778.4 48500.3 51278.1 34677 40932.1 20014.8 13823.3 17166.4 12569.5 20917.3 10346 12039.7 9778.49 11468.6 2261.23 17510.5 13835.1 6537.76 7975.06 7285.57 4694.95 2494.59 12164.8 4978.19 2754.15 1210.08 7683.12 9525.21 8752.48 8027.43
internal_count=399250 194031 205219 138719 163796 80104 55312 68670 50280 83692 41423 48191 39142 45876 9049 70049 55347 26154 31913 29158 18791 9980 48669 19916 11017 4841 30758 38128 35023 32122
is_linear=0
shrinkage=0.05


Tree=4
num_leaves=31
num_cat=0
split_feature=25 29 23 22 19 22 38 95 20 94 44 48 35 29 96 22 44 72 28 33 50 18 30 72 20 56 48 18 38 51
split_gain=695.007 429.637 169.021 101.923 88.6332 95.6225 62.5787 43.0339 40.5478 43.2515 56.3897 39.1714 36.2419 36.3633 29.9597 29.2852 29.2288 28.5493 26.4448 25.637 28.7318 25.5652 25.0942 24.5044 24.1143 23.6741 26.0231 32.6834 23.37 23.3211
threshold=0.37358850000000005 0.53973400000000005 0.29033050000000005 0.49429350000000005 13.500000000000002 0.58621150000000011 0.04971190000000001 0.079884000000000024 13.500000000000002 0.36839900000000009 37.982860640568212 0.42203941974633991 0.13754150000000001 0.47724800000000006 0.40646100000000007 0.46350500000000006 21.947386432853023 5.5000000000000009 0.57184150000000011 2638.5000000000005 143.20436258397697 1.5000000000000002 0.18379050000000002 3.5000000000000004 13.500000000000002 2.8860946566731145 -0.41026009723089224 1.5000000000000002 0.20014150000000003 2344.2649794397043
decision_type=8 10 8 10 2 10 10 10 2 10 8 10 8 8 10 10 8 2 10 2 10 2 10 2 2 8 10 2 10 10
left_child=1 3 6 15 7 -6 16 -3 19 10 17 25 -5 14 -14 -1 -2 22 -9 28 -21 -13 -10 -17 -25 26 27 -4 -8 -20
right_child=2 4 11 12 5 -7 8 18 9 -11 -12 21 13 -15 -16 23 -18 -19 29 20 -22 -23 -24 24 -26 -27 -28 -29 -30 -31
leaf_value=-0.0079360915677331376 0.0018100366002018467 0.00030826762448002995 -0.012465083256604139 0.0070117846495333942 0.0049268065759828401 0.014770670572070708 -0.0040773360502171533 0.010510800431459988 0.0034206243062020847 -0.0047240136718067613 0.008158963159565066 -0.00061359833791684666 -0.0084991257037065823 0.0028960446816171997 9.9918324630432576e-05 -0.0085457387447074179 -0.0080868365908800862 -0.0064514493524034117 0.01981135879957727 0.0001557168584421653 0.0084080470327970013 -0.010587505363154075 -0.0056474404692059268 0.0060089657799284428 -0.0021386598816926054 -0.014845960669288762 -0.015009710443538819 0.0079972236248531774 0.0056984298406950705 0.0098503934489981033
leaf_weight=2824.759054929018 832.38374792039394 476.89326533675194 342.06439194083214 3536.7295157164335 9410.1579464375973 3342.9964981228113 2870.8485456258059 1674.250371992588 2420.9777302443981 14177.458172097802 1631.616613343358 1271.6119941920042 1266.2671990692616 14688.635927557945 4907.9728782325983 1171.2213943749666 6917.5726439505816 2438.5552651882172 3447.0206068754196 2463.4671501666307 1834.9852174669504 1291.2842454314232 1101.9648721814156 1095.914655610919 5070.2862416803837 4519.982452660799 594.87241740524769 427.98208786547184 766.72529663145542 746.12303401529789
leaf_count=11310 3331 1908 1370 14149 37643 13376 11489 6698 9686 56740 6528 5090 5067 58761 19637 4689 27690 9760 13792 9858 7343 5171 4409 4385 20289 18109 2383 1713 3068 2985
internal_value=4.92876e-05 0.0039128 -0.00446677 0.00058632 0.00992946 0.00751674 -0.00302426 0.01476 -0.00197906 -0.00309399 -4.82874e-05 -0.0108516 0.00233847 0.00154325 -0.00167454 -0.00361878 -0.0070229 -0.00230445 0.0159321 0.00107951 0.00368993 -0.00566045 0.000576207 -0.00194817 -0.000683203 -0.0130989 -0.00724758 -0.00113566 -0.00200683 0.0180666
internal_weight=99563.6 53659.2 45904.4 34561.8 19097.4 12753.2 37456.6 6344.29 29706.6 21770.6 7593.11 8447.8 24399.6 20862.9 6174.24 10162.2 7749.96 5961.5 5867.39 7936.03 4298.45 2562.9 3522.94 7337.42 6166.2 5884.9 1364.92 770.046 3637.57 4193.14
internal_count=398427 214689 183738 138287 76402 51019 149902 25383 118881 87123 30383 33836 97614 83465 24704 40673 31021 23855 23475 31758 17201 10261 14095 29363 24674 23575 5466 3083 14557 16777
is_linear=0
shrinkage=0.05


Tree=5
num_leaves=31
num_cat=0
split_feature=25 89 71 94 94 22 20 89 25 19 43 94 94 96 46 43 46 34 32 57 87 20 44 43 46 28 64 99 90 45
split_gain=637.181 371.339 128.192 99.6737 87.2882 78.4893 71.084 67.6943 51.9142 50.2089 43.7256 40.1058 36.4157 35.4167 38.508 33.1027 31.1366 30.289 27.99 26.2716 25.6381 24.6572 24.3101 24.3008 23.948 23.8609 23.5026 23.3874 20.9614 21.8491
threshold=0.37575850000000005 0.52730395000000008 1.0000000180025095e-35 0.34849300000000005 0.47058815000000004 0.46350500000000006 13.500000000000002 0.42658170000000006 0.33629900000000007 13.500000000000002 2155.8654263536105 0.38410350000000004 0.42348750000000007 0.49331550000000007 1.7294713408223801 2321.8209216660862 1.9958864006502954 0.48077000000000009 0.13779900000000003 12.238932815096721 -0.11059349999999997 12.500000000000002 24.246570680779538 1986.9695012331383 1.6871765003550203 0.45854150000000005 4.5000000000000009 0.0095465000000000012 0.053686100000000049 18.901105546805997
decision_type=8 10 2 10 10 10 2 8 10 2 8 10 8 10 10 10 8 10 10 10 8 2 10 8 8 10 2 8 10 10
left_child=1 5 4 8 15 -1 21 -4 -3 10 -5 16 13 14 24 18 26 -10 -2 -12 -13 22 -7 -19 -9 -20 -8 -14 -11 -30
right_child=2 3 7 9 -6 6 11 12 17 28 19 20 27 -15 -16 -17 -18 23 25 -21 -22 -23 -24 -25 -26 -27 -28 -29 29 -31
leaf_value=-0.0077761649731784817 0.002927196385526879 0.016350881519792585 -0.01173644873942109 0.016957421140865476 -0.010924618381510497 0.0062746641112169117 0.0027637374346643766 -0.0073595764926883429 -0.0046027240208520517 0.0048174003887616994 0.010104288298058756 -0.010204720363480442 -0.013976688479404455 0.00011056075499820106 -0.0087960096101161369 -0.0061246671010234937 0.010241085273837859 -0.0011507120648673367 -0.0041058681620066316 -0.0029807301584303969 -0.0017413999052933978 0.008169114246976401 -0.0029492946816083933 0.01069562666115159 0.00080266843930649014 0.00067635089913260001 -0.002672927515293585 -0.0062905102481002062 -0.0048638754924092524 0.0044258471463681876
leaf_weight=2945.3802883327007 5886.2968088984489 3867.6495087742805 5973.5431227982044 1479.6073632240295 2302.1968551725149 1505.2663016021252 5836.9710040092468 1390.4529447853565 373.92300447821617 7418.4995719194412 970.94823212921619 958.63066564500332 1744.5867702811956 3497.306930705905 4875.6662575602531 2386.4443729817867 986.43413183093071 461.97385483980179 4542.6893366128206 623.85598157346249 11873.793438136578 3580.0980742573738 1342.9376087188721 6459.8551460206509 2503.2579968422651 6102.0303580611944 3002.535528883338 2343.7800783514977 1324.4432381242514 1194.1388200074434
leaf_count=11796 23552 15482 23932 5921 9228 6022 23351 5567 1496 29676 3885 3837 6989 13998 19520 9551 3946 1848 18180 2496 47513 14323 5373 25845 10019 24415 12012 9387 5299 4777
internal_value=1.28201e-06 0.00351844 -0.00453801 0.00819516 -0.00175399 -1.25866e-05 0.000775973 -0.0071818 0.0116609 0.00521501 0.0107905 -0.000541163 -0.0055121 -0.00414412 -0.00583912 -0.000632767 0.00186172 0.00915566 0.000163276 0.00499901 -0.0023811 0.00541222 0.00193043 0.00990446 -0.00212347 -0.00136642 0.000916119 -0.00959645 0.0034809 -0.000459242
internal_weight=99755.2 56206.9 43548.3 24174.9 21219.7 32032 29086.7 22328.6 11163.4 13011.5 3074.41 22658.4 16355.1 12266.7 8769.38 18917.5 9825.94 7295.75 16531 1594.8 12832.4 6428.3 2848.2 6921.83 3893.71 10644.7 8839.51 4088.37 9937.08 2518.58
internal_count=399236 224898 174338 96725 84926 128173 116377 89412 44671 52054 12302 90659 65480 49104 35106 75698 39309 29189 66147 6381 51350 25718 11395 27693 15586 42595 35363 16376 39752 10076
is_linear=0
shrinkage=0.05


Tree=6
num_leaves=31
num_cat=0
split_feature=89 95 22 71 47 94 97 94 71 95 94 48 52 95 26 84 71 28 35 41 3 40 40 46 26 35 39 58 37 94
split_gain=592.957 241.135 191.147 104.793 87.3622 75.0485 65.7238 54.5547 50.8303 43.9674 42.781 41.9656 39.9602 34.1315 33.7672 31.5179 30.3494 27.723 27.1641 27.038 25.7327 25.2804 31.0837 24.9621 24.1089 24.0991 23.6497 23.232 22.5449 31.3382
threshold=0.52398170000000011 0.067947500000000008 0.47411450000000005 1.0000000180025095e-35 1.4707262382248942 0.34939900000000007 0.77092363089126625 0.40172050000000009 1.0000000180025095e-35 0.058316000000000014 0.47852750000000005 -0.50354630243272791 118.17308635723457 0.14848600000000003 0.40763900000000003 0.49510191823662397 1.0000000180025095e-35 0.29460000000000003 0.14172750000000003 0.063783842543042993 2.5000000000000004 0.044571490529101095 0.044101808873637759 1.7574419790092757 0.48002550000000005 0.13144850000000005 0.037214716501138896 985.00000000000011 0.22515150000000003 0.36700750000000004
decision_type=10 10 10 2 10 10 2 10 2 10 8 10 8 10 10 2 2 8 10 8 2 10 10 10 10 10 10 10 10 10
left_child=2 8 10 11 20 13 27 9 -2 -8 16 -4 -7 19 -13 -10 25 -12 -19 -3 -5 22 -16 -11 -23 -1 -18 -6 -14 -30
right_child=1 5 3 4 6 12 7 -9 15 23 17 14 28 -15 21 -17 26 18 -20 -21 -22 24 -24 -25 -26 -27 -28 -29 29 -31
leaf_value=0.0062386188160561597 0.0029392386993993946 0.0025235913473933107 0.0044805520444782046 0.0032859618911334773 -0.022769577309009581 0.016117713738743978 -0.0053245838897042798 -0.0083056004327447721 -0.013816959989301898 0.0050444784431744336 -0.026397561325862819 -0.0070052869827866779 0.0072900593368642221 0.015856491741427049 -0.0014007698830911964 -0.002365124666776628 -0.00463289766411257 -0.0043628061797668883 -0.012822693308704456 0.010775094418815485 -0.010282432744871851 0.002348456960701472 -0.015533319290641338 -0.0016251456517765422 -0.004041751657169859 -0.004249148936699013 -0.011506088289432692 -0.010322610164764457 0.007367357452360228 0.00026411161186962022
leaf_weight=610.2006072551012 5650.2329426556826 1169.8066777437925 6894.7748951613903 4769.2312921434641 514.87625533342361 849.10186885297298 5554.5140726417303 5160.3549835532904 666.65833294391632 2217.5927750468254 282.26223868131638 1604.896776035428 5542.1153461635113 3010.8955439180136 2633.5658259242773 5432.3247770667076 2286.4671213030815 1351.221412435174 3292.056677043438 6828.6187695711851 367.33395251631737 11489.598781600595 447.05635812878609 3780.3833692073822 1684.1051016449928 4740.4622732400894 2814.3560858517885 1461.4596216827631 2491.1308498680592 4097.0267654508352
leaf_count=2443 22605 4680 27584 19083 2064 3399 22241 20665 2670 8872 1133 6422 22172 12059 10537 21745 9159 5418 13201 27327 1470 45970 1789 15125 6738 18980 11281 5854 9966 16391
internal_value=0.000236062 0.00539371 -0.00264633 -0.00110784 -0.00347422 0.00826705 -0.00506092 -0.00403607 -0.000474892 -0.00212338 -0.00750293 0.00117028 0.00568414 0.0113042 -0.000109478 -0.00363745 -0.00568302 -0.0113453 -0.0103755 0.00957293 0.00229754 0.000575279 -0.00349529 0.000845063 0.0015291 -0.0030437 -0.00844024 -0.0136636 0.00494113 0.0029571
internal_weight=99694.7 35737.9 63956.8 48579.7 23825.7 23988.7 18689.2 16712.8 11749.2 11552.5 15377 24754 12979.4 11009.3 17859.2 6098.98 10451.5 4925.54 4643.28 7998.43 5136.57 16254.3 3080.62 5997.98 13173.7 5350.66 5100.82 1976.34 12130.3 6588.16
internal_count=399043 143014 256029 194414 95374 95994 74821 66903 47020 46238 61615 99040 51928 44066 71456 24415 41863 19752 18619 32007 20553 65034 12326 23997 52708 21423 20440 7918 48529 26357
is_linear=0
shrinkage=0.05


Tree=7
num_leaves=31
num_cat=0
split_feature=84 89 89 71 25 83 52 71 38 61 54 23 61 65 38 45 44 21 44 51 45 45 96 44 64 25 20 44 91 96
split_gain=538.697 168.109 133.877 82.7299 78.5068 68.6026 52.2302 48.0858 46.113 44.7817 44.2019 43.2093 38.7236 35.9854 30.7915 28.5933 28.1967 36.9793 27.1783 26.7411 26.3633 26.3113 24.7518 23.9168 23.5399 23.4174 22.066 24.6306 20.5295 24.5727
threshold=0.52726080116643481 0.46321740000000006 0.52730395000000008 1.0000000180025095e-35 0.33776950000000006 0.46482678501509583 116.1173645782569 1.0000000180025095e-35 0.28547750000000005 1.0000000180025095e-35 99.462906839098011 0.29884050000000006 1.0000000180025095e-35 1.0000000180025095e-35 0.074834550000000014 -0.62017195743542397 11.921116673335716 2150.5000000000005 32.355880834284868 2274.496303093299 -1.4686615587670178 27.251591174329587 0.47868400000000005 32.92675152221225 9.5000000000000018 0.34393950000000006 13.500000000000002 39.369109069410932 0.058863500000000006 0.45173900000000006
decision_type=2 8 8 2 10 2 8 2 10 2 8 8 2 2 8 8 10 2 8 10 8 10 10 10 2 8 2 10 10 10
left_child=1 5 9 6 24 -1 -3 -7 23 16 -8 13 18 20 -12 -16 -2 -18 19 -6 -5 -13 25 -9 -4 -17 -19 28 29 -28
right_child=2 3 4 11 12 7 10 8 -10 -11 14 21 -14 -15 15 22 17 26 -20 -21 -22 -23 -24 -25 -26 -27 27 -29 -30 -31
leaf_value=-0.010697981012557263 0.01104851851487043 0.019534131337563859 0.013412272182804425 -0.0063362583673087017 0.0014809100669026726 -0.0020321906705911786 0.021284184507811194 -0.0067672569831598558 0.0030809348617122107 -0.00472179595571198 -0.003260638513735026 -0.013827801070649582 -0.0012669199508460287 -0.0062208748539391264 0.0063775871257277074 0.0073574865234945627 -0.0045348930476764122 0.0077459511967026291 0.0090824972771201291 0.0072466742528871217 8.3398401274061929e-05 -5.2932952243567256e-05 -0.0014444737901391782 -0.013031176884914895 -0.00081130805098477169 0.00088869264441045334 0.0080950620003958709 0.016342006468299721 -0.0015699344879607328 0.00047170311785789767
leaf_weight=6015.5050431489944 874.62718097865582 381.56551285088062 5014.9002421498299 1895.42313554883 3747.4336865395308 9457.547135591507 257.24201357364655 6816.3224491775036 1006.4775130152702 2626.320443764329 3736.3666253983974 1394.5911582559347 1831.8787073642015 4444.6104608178139 2776.9198088049889 2052.4463459402323 1926.5798349380493 1968.324723392725 5774.925893381238 4345.8228013962507 9951.0568752139807 460.36004078388214 6286.1912183910608 1980.2246184498072 307.58802442252636 4359.8661909848452 1780.4579240083694 272.97901852428913 3431.1262535750866 2583.8885109275579
leaf_count=24132 3499 1528 20087 7591 14993 37855 1030 27310 4030 10514 14952 5591 7332 17793 11110 8212 7711 7874 23109 17391 39829 1842 25150 7937 1232 17444 7123 1092 13727 10337
internal_value=-8.98066e-05 -0.00287981 0.00474787 -0.000777311 0.00734459 -0.00603887 0.00145305 -0.00457893 -0.00703134 0.00121537 0.00108884 -0.00321664 0.00555935 -0.00238966 0.000807494 0.00179117 0.00243269 0.0017941 0.00646131 0.00458207 -0.000948217 -0.0104278 0.000783979 -0.00819055 0.0125903 0.00296745 0.00301226 0.0018493 0.00132152 0.00359309
internal_weight=99759.6 63272.7 36486.9 37996.6 21022.5 25276.1 19850.6 19260.6 9803.02 15464.3 19469 18146 15700.1 16291.1 19211.8 15475.4 12838 11963.4 13868.2 8093.26 11846.5 1854.95 12698.5 8796.55 5322.49 6412.31 10036.8 8068.45 7795.47 4364.35
internal_count=399357 253336 146021 152072 84144 101264 79426 77132 39277 61877 77898 72646 62825 65213 76868 61916 51363 47864 55493 32384 47420 7433 50806 35247 21319 25656 40153 32279 31187 17460
is_linear=0
shrinkage=0.05


Tree=8
num_leaves=31
num_cat=0
split_feature=25 89 94 83 56 23 20 19 89 23 35 65 95 72 72 89 24 52 87 29 23 97 21 26 41 41 84 91 29 96
split_gain=495.006 290.641 113.233 79.8262 68.7083 65.0287 51.475 49.5101 40.5927 34.2495 33.6033 31.2914 30.8242 28.3354 38.1766 27.5742 21.9616 22.9345 21.3492 20.3877 20.7276 19.8673 19.6701 19.6556 21.0944 19.1701 19.1655 19.4379 19.1061 18.3398
threshold=0.37605650000000007 0.55410515000000016 0.44565250000000006 0.51364607859393752 2.1777651606268282 0.2393045 13.500000000000002 13.500000000000002 0.44605140000000004 0.19214050000000002 0.14904050000000005 -1.0000000180025095e-35 0.085630500000000012 5.5000000000000009 3.5000000000000004 0.48043170000000013 0.14226950000000002 124.38378618418028 -0.0043580000000000277 0.40022350000000007 0.30985700000000005 0.86782446138893765 237.50000000000003 0.49950650000000002 0.066942755876974666 0.066074285160173343 0.49549560939510945 -0.0077204999999999973 0.4793245000000001 0.59297350000000015
decision_type=8 10 8 2 8 10 2 2 8 10 8 2 10 2 2 10 10 8 10 10 8 2 2 10 8 8 2 8 8 10
left_child=1 3 4 6 -2 7 -1 16 18 -9 28 -10 -7 14 -13 26 17 -3 22 20 -4 -18 -6 24 -12 -21 -8 -28 -5 -30
right_child=2 5 19 10 8 12 15 9 11 -11 23 13 -14 -15 -16 -17 21 -19 -20 25 -22 -23 -24 -25 -26 -27 27 -29 29 -31
leaf_value=0.0033978697589522109 -0.0082982821397057892 -0.0030480394737772728 -0.0062146637742387448 0.0012744363771676767 0.007375322777514833 -0.0083145897541227736 -0.007747969349826145 0.010789598369293531 0.0026422458749749645 0.0045062732788930119 -0.0014466159174627963 -0.0065533947969460757 0.0044603369715962042 -0.0043780253467182893 0.0014739344611090735 -0.00064560978293879442 0.0043259241479984955 0.012472723737189082 -0.018688397663977611 0.0010213276560734877 -0.014822519543882598 0.019406717084246367 -0.0049265434903666278 -0.0095840786936077296 0.0030120657764082679 -0.0080793141889930267 0.0019518011867463694 -0.0053671476322377032 0.0066000612465908666 -0.0025921829918043927
leaf_weight=3803.896480858326 4637.7451488524675 259.99256536364555 1056.2447311878204 2984.7989716231823 332.05661210417747 600.81035393476486 3700.7277840226889 4602.1101631224155 5443.5631441771984 4139.3658172190189 4351.0529299229383 1817.6797622442245 2073.5220158547163 6213.1639826893806 7801.5792558789253 6030.1470616459846 252.2795849442482 2418.8981721699238 260.80610692501068 642.6392870247364 2196.9202426820993 2013.7758745104074 7025.564759477973 423.62027913331985 6767.2975470423698 5617.0155936777592 1415.1693143993616 2496.4217643290758 7634.3665129393339 578.92332421243191
leaf_count=15226 18579 1041 4236 11942 1330 2404 14824 18433 21788 16562 17407 7280 8297 24879 31213 24131 1010 9690 1045 2575 8826 8072 28138 1695 27074 22524 5667 9996 30542 2316
internal_value=1.69337e-05 0.00309223 -0.00402279 0.000804317 -0.00265537 0.00870803 -0.00173929 0.0101006 -0.00174708 0.00782279 0.0027557 -0.00062479 0.00157006 -0.00174903 -4.81606e-05 -0.00317312 0.0141034 0.0109607 -0.00487639 -0.00883502 -0.0120553 0.0177542 -0.00436209 0.000861242 0.00126747 -0.00714487 -0.00517182 -0.00272101 0.00470583 0.00594977
internal_weight=99592.2 56547.2 43045 40186.4 33532.2 16360.8 17446.4 13686.4 28894.4 8741.48 22740.1 21276 2674.33 15832.4 9619.26 13642.5 4944.95 2678.89 7618.43 9512.82 3253.16 2266.06 7357.62 11542 11118.4 6259.65 7612.32 3911.59 11198.1 8213.29
internal_count=398742 226329 172413 160820 134252 65509 69844 54808 115673 34995 90976 85160 10701 63372 38493 54618 19813 10731 30513 38161 13062 9082 29468 46176 44481 25099 30487 15663 44800 32858
is_linear=0
shrinkage=0.05


Tree=9
num_leaves=31
num_cat=0
split_feature=83 95 71 29 94 45 29 71 25 52 42 94 41 96 56 64 61 28 46 64 44 95 65 28 53 46 57 45 28 58
split_gain=453.195 146.55 115.206 101.257 89.9261 59.6505 51.4201 41.2992 34.2444 32.6771 36.8508 31.2704 28.4583 28.2619 26.9936 26.8658 25.6401 24.3065 22.5783 27.6865 22.5114 20.0348 19.9636 19.8994 19.7939 18.7076 18.4712 19.2367 20.0129 18.3739
threshold=0.51871010730847122 0.058743999999999998 1.0000000180025095e-35 0.5737270000000001 0.47374600000000006 -5.8145548717539191 0.45837550000000005 1.0000000180025095e-35 0.33008350000000003 134.59924453545489 143.10802419269271 0.36700750000000004 0.071716260055811457 0.30547584500000002 2.246334458104895 8.5000000000000018 1.0000000180025095e-35 0.45854150000000005 1.7551331810794024 4.5000000000000009 23.333306469230951 0.015073499999999991 1.0000000180025095e-35 0.30830000000000007 2199.9301105501258 1.8017415244843173 10.593117183574789 9.0773950944369819 0.60599650000000016 5789.5000000000009
decision_type=2 10 2 10 10 8 10 2 10 10 10 10 8 10 8 2 2 10 10 2 10 10 2 8 8 10 10 10 10 10
left_child=2 7 4 11 9 -4 22 -2 -5 14 -11 12 15 -9 -1 -3 -10 -16 19 29 24 -19 23 -7 -8 -22 -23 -28 -29 -13
right_child=1 3 5 8 -6 6 20 13 16 10 -12 18 -14 -15 17 -17 -18 21 -20 -21 25 26 -24 -25 -26 -27 27 28 -30 -31
leaf_value=-0.0046238029518208433 0.0020788961877008893 0.004138480086875995 -0.010666434704951974 0.014744703819071607 -0.0090008021057448959 -0.018337683257703321 0.0093382783156336011 -0.012459162250692291 0.008555312887953052 -0.00037049247772271798 0.025171732658049263 0.007770122136927674 0.0078763381499161508 -0.002317797784444606 -0.0018051646001516449 -0.0060446742958709561 -0.005733061198499193 -0.0030188158130054332 -0.0010300002929380615 -0.0013405884854422615 -0.0024168344616964516 0.00044519913445064096 -0.011181169153453194 -0.0051678956412175526 -0.00091759669748882008 -0.0082310891665564687 0.0092967648569313773 0.0017293263249468834 0.013758947702373264 -0.0016944676778041707
leaf_weight=2908.3839501738548 6542.1794934272766 8542.7488687634468 4760.3687934279442 2491.3278304040432 3016.7027408182621 293.94224248826504 509.81272213160992 758.73913864791393 6556.6192915439606 290.15021760761738 264.56863717734814 3043.4093931913376 5663.0704262405634 6549.7327110469341 7137.5188280045986 692.05112317204475 323.0895211994648 1808.9798878729343 4743.77605445683 1829.2921249270439 4219.7121850550175 5065.1074530333281 2475.3740805238485 5782.0594007819891 4945.659816339612 2058.2081953436136 1566.0045382678509 3858.5451185405254 370.3267438262701 612.44645076990128
leaf_count=11646 26173 34182 19100 9996 12112 1180 2041 3044 26261 1161 1060 12175 22664 26227 28575 2769 1293 7239 18978 7318 16900 20266 9930 23187 19795 8245 6265 15439 1483 2450
internal_value=6.54004e-05 0.00353886 -0.00320626 0.0052827 -0.000893517 -0.00563229 -0.00444622 -0.000805206 0.00971654 0.000160938 0.0120417 0.00362589 0.00508689 -0.00338622 -0.000134372 0.00336965 0.00787695 0.000526856 0.00149513 0.00367686 -0.00229399 0.00184107 -0.00739317 -0.0058341 5.6145e-05 -0.00433309 0.00265263 0.00457798 0.00281275 0.00618427
internal_weight=99679.9 48348.5 51331.4 34497.8 26286.3 25045.1 20284.8 13850.7 9371.04 23269.6 554.719 25126.8 14897.9 7308.47 22714.9 9234.8 6879.71 19806.5 10228.9 5485.15 11733.4 12669 8551.38 6076 5455.47 6277.92 10860 5794.88 4228.87 3655.86
internal_count=399154 193530 205624 138086 105246 100378 81278 55444 37550 93134 2221 100536 59615 29271 90913 36951 27554 79267 40921 21943 46981 50692 34297 24367 21836 25145 43453 23187 16922 14625
is_linear=0
shrinkage=0.05


Tree=10
num_leaves=31
num_cat=0
split_feature=84 22 89 95 51 29 21 21 20 95 95 20 20 44 48 20 44 86 48 32 9 32 28 84 99 72 72 48 86 55
split_gain=391.321 128.576 126.998 93.105 75.6692 63.687 51.0349 44.7024 43.4957 48.9297 37.0046 32.803 32.6449 31.5775 25.497 23.6821 23.4926 22.5428 22.2672 22.0982 22.0525 21.5799 20.8782 19.8924 19.8764 19.7798 22.8861 21.3392 18.841 18.4616
threshold=0.52657212374165363 0.45795250000000004 0.53368990000000016 0.077616000000000032 2209.0626778225383 0.56181000000000014 8878.5000000000018 2209.5000000000005 13.500000000000002 -0.01851849999999999 0.14293000000000003 12.500000000000002 13.500000000000002 22.485845078042296 -0.63126534077532526 13.500000000000002 27.810742711442035 -0.35091999999999995 0.7746597114363184 0.093781200000000023 1.5000000000000002 0.16357450000000004 0.40779350000000009 0.58507304788259673 0.032977550000000015 5.5000000000000009 3.5000000000000004 0.53638322278429607 0.084911000000000028 1675.5384495612445
decision_type=2 10 8 10 8 8 2 2 2 10 10 2 2 10 8 2 8 8 8 10 2 10 10 2 8 2 2 10 10 8
left_child=1 14 7 8 23 12 19 13 9 -3 29 16 18 -2 24 -9 -11 -10 -5 -7 -17 -22 -14 -4 -1 26 -19 -28 -18 -6
right_child=2 3 4 5 10 6 -8 15 17 11 -12 -13 22 -15 -16 20 28 25 -20 -21 21 -23 -24 -25 -26 -27 27 -29 -30 -31
leaf_value=-0.014559392511012554 0.0043459931917518386 -0.0084460015397796306 0.00023913405322800323 0.0012574979775000542 0.0045019072646947803 0.010358074865856997 0.01935255160320315 0.006433277279336666 -0.016460715498460714 0.0022772350248518223 0.012841293739390015 0.0042296868685531295 -0.0074080993728909555 -0.0060301117859269636 -0.0063034890500086654 0.0025573619791704871 -0.0096870204937797647 -0.0072707429603602854 0.0090855731771063604 -0.00055832520545925056 0.0023769296702340539 -0.0067697177669301572 -0.00042402444318864692 0.0082570808434317047 0.00040511282041045702 -0.0059836826180155629 -0.0007637556442049772 -0.0059526757361080089 0.0051448246101680473 0.0087566153827114881
leaf_weight=1717.6613136082888 945.44759860634804 1453.6173185557127 4395.7974594533443 2448.4846857339144 4211.3204776495695 783.70813751220703 749.6966892182827 2763.3326843082905 365.95524969696999 1241.6649529188871 3830.8133832961321 4432.8029976934195 1154.3042856007814 3165.6786601990461 8351.0813126415014 7828.0903493463993 1193.3805692195892 2460.4346502274275 1437.9825215041637 1112.3310760110617 1144.4920313805342 1455.4620747864246 13242.886450320482 928.94637489318848 253.98602811992168 8530.1921659708023 8664.8861751407385 2560.2440129220486 253.80809240043163 6608.710885360837
leaf_count=6913 3784 5824 17590 9799 16860 3137 3008 11056 1467 4971 15374 17748 4624 12678 33515 31319 4779 9866 5753 4451 4579 5823 52997 3723 1021 34185 34676 10248 1016 26463
internal_value=-8.49719e-06 -0.00242952 0.00404423 -0.00141849 0.00675932 0.00116045 0.00839569 0.000907581 -0.00315068 -0.000118766 0.00861359 0.00159038 0.000109462 -0.00363913 -0.00752471 0.00232626 -0.00276028 -0.00430147 0.00416975 0.00398453 0.00123282 -0.00274971 -0.000988731 0.00165079 -0.0126394 -0.00409385 -0.00291242 -0.0019515 -0.00706835 0.0071063
internal_weight=99687.2 62409.1 37278.1 52086.4 19975.6 20929.4 2645.74 17302.5 31157 8575.27 14650.8 7121.66 18283.7 4111.13 10322.7 13191.4 2688.85 22581.7 3886.47 1896.04 10428 2599.95 14397.2 5324.74 1971.65 22215.8 13685.6 11225.1 1447.19 10820
internal_count=399247 249998 149249 208549 80010 83769 10596 69239 124780 34338 58697 28514 73173 16462 41449 52777 10766 90442 15552 7588 41721 10402 57621 21313 7934 88975 54790 44924 5795 43323
is_linear=0
shrinkage=0.05


Tree=11
num_leaves=31
num_cat=0
split_feature=25 89 71 84 23 20 23 22 84 47 39 65 54 90 20 20 20 41 79 71 22 36 4 85 27 37 90 36 52 37
split_gain=367.869 219.783 93.957 64.8545 64.395 53.8317 47.7719 45.626 43.6754 35.2467 33.6299 31.6458 31.0998 28.4948 25.211 29.6836 24.7436 22.9986 22.3152 21.7238 20.8014 20.1639 20.9103 20.066 20.7217 19.978 19.8466 19.1759 18.2441 17.362
threshold=0.37358850000000005 0.53735070000000007 1.0000000180025095e-35 0.45395493520582725 0.29033050000000005 13.500000000000002 0.18475150000000004 0.51345350000000012 0.52569969340337097 1.9239938650704411 0.037289542654493427 1.0000000180025095e-35 126.40528521857716 0.053686100000000049 13.500000000000002 12.500000000000002 12.500000000000002 0.078619818170676661 91.050000000000011 1.0000000180025095e-35 0.56525600000000009 0.47789350000000003 1.5000000000000002 0.51098898921448932 0.61057250000000007 0.28483050000000004 -0.11241059999999996 0.48412150000000004 123.77172903786196 0.26975050000000006
decision_type=8 10 2 2 8 2 10 10 2 10 10 2 8 10 2 2 2 8 2 2 10 10 2 2 10 10 8 10 8 10
left_child=1 5 3 -2 10 16 19 26 14 12 -4 -12 25 21 15 -5 18 -9 -1 -3 -18 -14 28 -16 -25 -8 -7 -13 -23 -10
right_child=2 6 4 8 -6 7 9 17 29 -11 11 27 13 -15 23 -17 20 -19 -20 -21 -22 22 -24 24 -26 -27 -28 -29 -30 -31
leaf_value=0.0023459868990719493 -0.016191514245581292 0.013249834914159465 -0.0018118520446264354 -0.0044466967821882092 -0.011111417046453187 -0.013013762941782506 0.013794867879151712 0.00017461636431964373 0.0070937767971977475 0.013388628344779894 -0.0043230816578354427 -0.0013085888639314106 -0.001774598563072187 -0.00085985125017060723 -0.0061943816942823526 0.0041683940539968796 0.0053377070012101176 0.0053395818825975163 -0.010201551742857381 0.0073522762870401777 0.016572601072880045 -0.0037840863321710518 0.0017528905090766506 -0.0025432501515170736 0.0049439672505821423 0.0025189905002409715 -0.0026238463385942394 -0.011741500832745513 0.0084537341250426438 0.001073717606116393
leaf_weight=2752.1775050908327 671.14824044704437 3334.3790418356657 8006.5065967440605 1457.3882511109114 4220.986844137311 469.50854717195034 1301.2540482133627 11356.501775801182 2070.911567106843 1201.4738287776709 7961.868810147047 524.47010725736618 977.45386351644993 2858.9588846713305 3369.3221804946661 3130.8034474998713 3655.9012530595064 2650.361134365201 396.53467971086502 3031.4129454791546 458.57444117963314 320.40685558319092 2160.5019455254078 7859.8469158560038 1037.6957578659058 568.23482911288738 11592.152493238449 2830.0097705423832 4632.1477267146111 2831.9129060506821
leaf_count=11014 2705 13377 32078 5836 16975 1883 5217 45434 8285 4823 31914 2101 3912 11443 13492 12535 14632 10604 1587 12160 1835 1282 8649 31479 4153 2276 46424 11349 18544 11330
internal_value=-3.28126e-05 0.00277678 -0.00331563 -0.000999011 -0.0055212 0.000275129 0.00686488 -0.000785799 -0.000523157 0.00522748 -0.00429492 -0.00604859 0.00445272 0.00342887 -0.00173145 0.00142819 0.00407878 0.00115504 0.000738512 0.0104573 0.00662703 0.00494358 0.00586797 -0.00291345 -0.00166547 0.0103992 -0.00303873 -0.0101191 0.00765598 0.0036258
internal_weight=99690.8 53717.9 45972.9 22429 23543.8 33331.7 20386.2 26068.5 21757.9 14020.4 19322.9 11316.3 12819 10949.5 16855.1 4588.19 7263.19 14006.9 3148.71 6365.79 4114.48 8090.51 7113.06 12266.9 8897.54 1869.49 12061.7 3354.48 4952.55 4902.82
internal_count=399328 215096 184232 89815 94417 133413 81683 104345 87110 56146 77442 45364 51323 43830 67495 18371 29068 56038 12601 25537 16467 32387 28475 49124 35632 7493 48307 13450 19826 19615
is_linear=0
shrinkage=0.05


Tree=12
num_leaves=31
num_cat=0
split_feature=25 89 71 83 22 89 83 71 31 68 21 26 83 71 58 49 37 47 42 94 37 22 49 44 54 44 41 28 83 54
split_gain=341.097 175.984 98.7786 59.8741 45.8764 44.9578 44.4178 40.8244 44.1364 35.1696 28.9789 27.7589 31.0108 26.7709 39.1972 31.2019 26.3316 25.4056 24.6112 24.4439 23.8407 23.4743 21.464 20.6322 20.2035 19.2586 19.2186 19.2076 18.7685 21.3777
threshold=0.37358850000000005 0.52809705000000007 1.0000000180025095e-35 0.4473268114099998 0.58621150000000011 0.44605140000000004 0.51818203409090924 1.0000000180025095e-35 0.097126700000000024 1.0000000180025095e-35 1800.5000000000002 0.40763900000000003 0.51592922667242735 1.0000000180025095e-35 5538.5000000000009 122.37616189475294 0.36928250000000007 1.6573949852781464 137.21099347753747 0.45788550000000006 0.31574600000000003 0.46692950000000005 128.13927114424732 32.92675152221225 128.96639926105541 26.181877527083756 0.065732884535084926 0.45354800000000006 0.49582217660811601 128.38242251961194
decision_type=8 10 2 2 10 8 2 2 10 2 2 10 2 2 8 10 10 10 10 8 10 10 8 10 10 10 10 10 2 8
left_child=1 6 3 -2 7 10 13 8 22 25 23 18 -13 15 -15 16 -1 26 19 -5 -14 -20 24 27 -3 -7 -10 -4 -9 -30
right_child=2 4 5 11 -6 9 -8 28 17 -11 -12 12 20 14 -16 -17 -18 -19 21 -21 -22 -23 -24 -25 -26 -27 -28 -29 29 -31
leaf_value=-0.00074812160446977602 -0.01071256327354723 0.016747652021558024 -0.0080579300744281126 0.00069740967076969279 0.010414178833113555 -0.0029260476173327936 0.00215517798174133 -0.0054244221437260848 0.003991339976420284 0.0001837234769232265 -0.0056323560743576822 -0.00088040918124807392 0.0063247362538689711 -0.0077072096213705926 -0.00038921813197188306 0.0031860095063487148 -0.010131447131628453 0.0073090887888995221 0.002980497095518864 -0.012003579743543907 -3.126428126895066e-05 -0.012810822969365643 0.020173152304532347 -0.018039670994244781 0.0036171115924701486 -0.0071317812519068732 -0.0055399693866621264 -0.020939733563824107 0.0079088276061095013 0.0016761483161265925
leaf_weight=3489.5722381919622 1434.2244734913111 514.89414958655834 2728.3750731647015 2531.9347460120916 4547.0804977267981 4845.2612989544868 14359.952072963119 706.3239586353302 1809.518533334136 3960.9611690789461 4454.2228222191334 10685.710103109479 3437.2038418054581 3506.0740676671267 3817.8216603398323 4370.0798638612032 942.18719066679478 5283.0758349150419 298.09094509482384 435.28801855444908 2578.9949359595776 1051.865397170186 776.55275106430054 933.90494841337204 679.4182136952877 6267.837329223752 735.93228247761726 320.32456292212009 1746.4556419998407 6388.3904711604118
leaf_count=13971 5776 2065 10964 10133 18263 19414 57451 2828 7245 15871 17889 42788 13751 14053 15292 17489 3774 21157 1195 1748 10318 4211 3117 3755 2720 25134 2945 1286 6998 25580
internal_value=-7.62564e-05 0.00263077 -0.00323719 -0.000864682 0.00591258 -0.00550165 0.000133483 0.00480949 0.00703093 -0.00386165 -0.0084238 -0.000187943 0.000736308 -0.00166705 -0.0038982 0.000191769 -0.00276132 0.00533486 -0.00375704 -0.00119987 0.00360455 -0.00932758 0.013707 -0.0115239 0.00937003 -0.00530238 0.00122478 -0.00947545 0.00234212 0.0030223
internal_weight=99637.5 53673.3 45964.2 22453.3 23187.6 23510.9 30485.7 18640.6 9799.39 15074.1 8436.83 21019.1 16701.9 16125.7 7323.9 8801.84 4431.76 7828.53 4317.18 2967.22 6016.2 1349.96 1970.87 3982.6 1194.31 11113.1 2545.45 3048.7 8841.17 8134.85
internal_count=399181 214948 184233 89920 92918 94313 122030 74655 39249 60419 33894 84144 66857 64579 29345 35234 17745 31347 17287 11881 24069 5406 7902 16005 4785 44548 10190 12250 35406 32578
is_linear=0
shrinkage=0.05


Tree=13
num_leaves=31
num_cat=0
split_feature=89 25 83 71 19 25 83 84 71 83 58 71 51 21 84 50 3 45 36 94 50 91 70 89 41 94 35 23 47 55
split_gain=299.352 143.817 91.7532 69.1356 54.8294 45.7199 45.4833 35.0135 27.0566 26.6035 26.0935 26.0135 25.904 25.87 34.4123 25.1958 26.0102 24.2885 23.8739 23.6033 23.437 22.9029 21.5862 20.4232 20.189 19.9192 19.7221 19.5341 23.2896 19.1134
threshold=0.52398170000000011 0.36787450000000005 0.48575498307975845 1.0000000180025095e-35 13.500000000000002 0.38224550000000007 0.56991909679639208 0.45395493520582725 1.0000000180025095e-35 0.54872970987396452 2153.5000000000005 1.0000000180025095e-35 2344.7483182675946 463.50000000000006 0.50089367093662163 145.63108962787467 2.5000000000000004 24.993211622439492 0.49877400000000011 0.38302600000000003 140.1521324110816 0.11021050000000003 1.5000000000000002 0.56712220000000013 0.059126857407762107 0.38468350000000012 0.13927350000000002 0.30147850000000004 1.6361627534390035 1775.1789518434819
decision_type=10 10 2 2 2 8 2 2 2 2 8 2 10 2 2 8 2 10 8 8 8 10 2 10 10 10 10 10 8 10
left_child=2 4 7 9 8 15 22 -1 20 12 18 26 -4 24 -15 16 25 -10 -7 -12 -2 -8 -6 -16 -3 29 -9 28 -13 -5
right_child=1 13 3 5 6 10 21 11 17 -11 19 27 -14 14 23 -17 -18 -19 -20 -21 -22 -23 -24 -25 -26 -27 -28 -29 -30 -31
leaf_value=-0.013194648271898764 0.000623689775410679 -0.0011494979060210587 0.0011467880028894124 -0.001234252707701433 0.0050964639730625991 0.0020348720180294287 0.0099310927464233648 0.0022763147874871417 0.0036435581351934123 0.00477384749417787 0.00052861241212002672 0.0053733858675373428 -0.0039996593483585322 -0.0052187764639569532 -0.00036300851881585481 0.0023451228929951694 -0.011534024666993051 0.013329251225459686 -0.0096779069668252934 -0.0067625506189678032 0.014182430442803349 -0.0027982026236120852 0.0007583642406513892 0.0044830932190756375 -0.011005142841519096 -0.0042604786883449633 -0.0036414572242500446 -0.0097134878702050294 -0.0056617248542736014 0.005950867393891072
leaf_weight=1193.3132199645042 353.83115364611149 1181.3989825993776 16245.35495364666 3883.6684081703424 5639.9167119115591 487.83518455922604 4089.2185463309288 1755.1824046075344 2218.90405420959 4176.3887711316347 2384.7160912156105 522.18588317930698 2868.0418540537357 2076.0016309767962 4591.6982174813747 4115.1216181218624 700.04479220509529 911.07218715548515 3785.6691434532404 2064.3592998236418 3290.0665167570114 382.46574136614799 5831.443677008152 4116.8642966151237 921.33132509887218 3928.8512988984585 6988.2428672164679 2855.2591200321913 4870.045901954174 1204.2776779681444
leaf_count=4820 1418 4730 65012 15541 22575 1956 16414 7034 8902 16709 9556 2092 11478 8318 18379 16473 2803 3658 15199 8284 13216 1535 23340 16479 3691 15738 28015 11494 19554 4819
internal_value=0.000104378 0.0037791 -0.00193929 -0.000746814 0.00617172 -0.00271931 0.00456565 -0.00494357 0.00993949 0.00116376 -0.00555199 -0.00435666 0.000372855 -0.000439988 0.000550674 -0.000930281 -0.00231841 0.00649634 -0.00833922 -0.00286205 0.0128712 0.00883853 0.00289378 0.00193044 -0.00549949 -0.00159095 -0.00245226 -0.00637015 -0.00458511 0.000474747
internal_weight=99632.8 35604.2 64028.6 45844.3 22716.9 22554.5 15943 18184.2 6773.87 23289.8 8722.58 16990.9 19113.4 12887.3 10784.6 13832 9716.84 3129.98 4273.5 4449.08 3643.9 4471.68 11471.4 8708.56 2102.73 9016.8 8743.43 8247.49 5392.23 5087.95
internal_count=399232 142655 256577 183568 91058 90369 63864 73009 27194 93199 34995 68189 76490 51597 43176 55374 38901 12560 17155 17840 14634 17949 45915 34858 8421 36098 35049 33140 21646 20360
is_linear=0
shrinkage=0.05


Tree=14
num_leaves=31
num_cat=0
split_feature=83 89 89 25 21 71 25 71 48 35 48 37 23 19 24 28 44 42 87 89 38 48 38 53 39 93 45 40 84 20
split_gain=270.87 96.9813 84.1552 53.2067 47.7547 43.9234 45.1373 39.399 35.0289 32.3897 31.7846 29.2745 28.9834 27.016 25.91 24.623 23.6226 23.0301 22.4724 25.4507 21.7123 24.5932 22.6101 21.8147 20.8361 20.8887 20.0159 19.6677 18.3689 18.0422
threshold=0.51871010730847122 0.55610335000000011 0.44605140000000004 0.33746350000000008 1306.5000000000002 1.0000000180025095e-35 0.37034750000000005 1.0000000180025095e-35 -0.58684814521126871 0.14155150000000002 0.36353882610540328 0.30896750000000006 0.29884050000000006 19.500000000000004 0.11673250000000002 0.29460000000000003 26.792891198239726 133.70951511752045 -0.0043580000000000277 0.37822060000000007 0.055593400000000008 0.26581363946966791 0.17894850000000004 2177.8285564481898 0.036962022288013881 0.041730500000000025 -13.249827168206119 0.074485990460698134 0.56683126478291057 15.500000000000002
decision_type=2 8 10 8 2 2 10 2 8 8 10 10 10 2 10 8 10 10 10 8 10 8 10 10 10 10 8 10 2 2
left_child=2 5 9 -3 10 11 27 14 29 15 -5 13 17 -2 -4 -1 -8 -10 19 26 -16 22 23 -22 25 -18 -11 -7 -26 -9
right_child=1 3 7 4 -6 6 16 8 12 18 -12 -13 -14 -15 20 -17 24 -19 -20 -21 21 -23 -24 -25 28 -27 -28 -29 -30 -31
leaf_value=-0.016229967303672415 0.0058868523890158123 0.0097336334522222512 0.011871452395210893 0.0025908963820448598 0.0054243902307764859 -0.00017216958202931411 -0.00066003667020874204 -0.0044839763570081476 0.0015348413248809246 -0.01742817868561328 -0.0077197675489641768 0.00016648843791534495 -0.0083152393295581502 -0.0011758385832400463 -0.0042060688467080061 -0.0010991328178616552 -0.0056335155893722129 -0.0029526735067261357 -0.012051309915558493 -0.0043860570140210409 -0.010829781424461711 -0.00014767909601001773 0.012174776469074075 0.0041362278163964211 -0.012700991198049417 0.0091393375294557787 -0.0075881232019114177 0.0053774634910811313 -0.0029069484042532883 -0.016300907022472971
leaf_weight=274.56189797818661 7199.8963109999895 5175.8995242118835 481.51551511883736 1777.1628856658936 9835.45751260221 6732.4106808304787 2402.6580221951008 624.78316371142864 4415.1239742785692 640.57674703001976 1275.623644605279 6613.4071891307831 1696.6908630132675 1663.4003792852163 2360.8999511599541 4922.3840586990118 897.44329530000687 8076.1207351237535 1642.2542199641466 8784.992216899991 266.2327898144722 10982.784903228283 783.37804810702801 2062.2162209898233 1641.7790655344725 315.24279472231865 2739.3647416383028 2082.5118980407715 684.24025665223598 682.516157746315
leaf_count=1105 28811 20818 1931 7116 39411 26940 9623 2507 17681 2588 5109 26462 6814 6656 9453 19762 3597 32371 6606 35259 1066 43953 3139 8255 6588 1263 11004 8333 2742 2742
internal_value=-0.00013164 0.00255717 -0.00265636 0.00545469 0.00373006 0.000824682 -0.00112674 -0.00110757 -0.00292871 -0.00529752 -0.00172861 0.0026848 -0.00220281 0.00456155 0.000559287 -0.00192815 -0.0044913 -0.00136657 -0.00656342 -0.00581327 0.000221265 0.000965316 0.00488138 0.00238603 -0.00708341 -0.00174991 -0.00949895 0.00114353 -0.00984468 -0.0107303
internal_weight=99733.5 48297.1 51436.4 18064.1 12888.2 30233 14756.3 32432.3 15495.2 19004.1 3052.79 15476.7 14187.9 8863.3 16937 5196.95 5941.36 12491.2 13807.2 12164.9 16455.5 14094.6 3111.83 2328.45 3538.71 1212.69 3379.94 8814.92 2326.02 1307.3
internal_count=399705 193469 206236 72454 51636 121015 59086 129912 62115 76324 12225 61929 56866 35467 67797 20867 23813 50052 55457 48851 65866 56413 12460 9321 14190 4860 13592 35273 9330 5249
is_linear=0
shrinkage=0.05


Tree=15
num_leaves=31
num_cat=0
split_feature=25 29 89 20 27 71 68 29 71 94 80 71 84 20 94 53 37 53 49 27 45 85 25 22 46 32 37 26 31 48
split_gain=250.347 151.17 68.8944 44.729 38.993 38.2233 33.7964 30.6618 29.5555 29.1203 28.7837 28.3261 28.243 27.8174 26.5272 25.5361 24.4907 22.2069 21.6488 21.1168 20.6692 22.0752 20.3857 19.2607 18.7919 18.6845 18.1478 18.5254 18.1204 19.1147
threshold=0.37358850000000005 0.53973400000000005 0.44605140000000004 13.500000000000002 0.46190100000000006 1.0000000180025095e-35 1.0000000180025095e-35 0.41967150000000003 1.0000000180025095e-35 0.47226650000000009 7.60762974945915 1.0000000180025095e-35 0.57442342527876999 12.500000000000002 0.37056200000000006 2474.2013139620435 0.41812150000000009 2612.3106945996283 127.02305648672392 0.46495250000000005 -5.8145548717539191 0.48585071452960832 0.42261550000000009 0.51701450000000004 1.5811023709173957 0.20729100000000003 0.30896750000000006 0.41661950000000009 0.15696550000000001 -0.55546919963171348
decision_type=8 10 8 2 10 2 2 8 2 10 2 2 2 2 10 8 10 10 8 10 8 2 10 10 8 10 10 10 10 10
left_child=1 3 8 13 -3 17 20 -5 9 24 -10 16 -13 15 18 19 -6 23 -9 -1 -7 -22 -11 -4 -2 28 -26 -28 -25 -30
right_child=2 4 5 7 11 6 -8 14 10 22 -12 12 -14 -15 -16 -17 -18 -19 -20 -21 21 -23 -24 25 26 -27 27 -29 29 -31
leaf_value=-0.0093645695204218997 0.011147154103048666 -0.0012188957345982991 -0.00060507757393994427 -0.0059464349840038892 0.0090874944470285112 -0.0092655426902923336 0.00089207946911422755 0.00090553823630526843 -0.010246637814556423 -0.011578401291955023 -0.0043735296182118473 0.002956237897152774 0.010048876773348793 0.0064858488373303437 -0.0011955151255038357 0.0050688457758026814 -0.0036813217998894069 -0.009054951318953855 0.0072403228033046932 0.0013604550275959795 -0.017002867935269055 -0.0030580196302529769 0.0017689373105663183 0.0040731698623136577 0.00085897513134915746 0.012568478262630382 -0.010132718872214959 -0.0019670438946313693 0.0086600442667380245 -0.0055868308023215036
leaf_weight=846.15248297154903 270.04403483867645 1761.951874256134 8394.2847019284964 2450.1124840080738 8589.8786552995443 1870.697312489152 3966.168472930789 5961.1639625579119 4334.3147130906582 1378.4902905374765 4062.8148646354675 6575.2145930230618 1780.2027105093002 4124.8780100047588 16997.620606139302 1553.8581373244524 387.55192811787128 571.70765720307827 1734.4592114239931 984.5557087212801 283.75511710345745 8953.4407342672348 357.24853020906448 3790.7209341078997 2731.7090073227882 473.91632413864136 1039.6866684257984 2072.5423093140125 289.22516649961472 1101.5538454651833
leaf_count=3387 1082 7054 33605 9827 34489 7515 15897 23850 17449 5566 16336 26359 7160 16512 68053 6220 1553 2290 6941 3940 1138 35902 1438 15166 10941 1896 4166 8303 1157 4407
internal_value=-2.56809e-05 0.00229068 -0.00273548 0.000321858 0.00586162 -0.00130252 -0.00306838 -0.000623282 -0.0053522 -0.00314041 -0.00741361 0.00658167 0.0044776 0.00373441 -9.2915e-05 0.000371919 0.00853279 0.000518866 0.00234083 -0.00362059 -0.00448203 -0.00350431 -0.00883686 0.000914605 -0.00151141 0.00316734 -0.0021144 -0.00471863 0.00228493 -0.00258339
internal_weight=99689.9 53747.6 45942.3 34652.8 19094.8 29695.5 15074.1 27143.4 16246.9 7849.72 8397.13 17332.8 8355.42 7509.44 24693.2 3384.57 8977.43 14621.4 7695.62 1830.71 11107.9 9237.2 1735.74 14049.7 6113.98 5655.42 5843.94 3112.23 5181.5 1390.78
internal_count=399599 215345 184254 138730 76615 118973 60452 108671 65281 31496 33785 69561 33519 30059 98844 13547 36042 58521 30791 7327 44555 37040 7004 56231 24492 22626 23410 12469 20730 5564
is_linear=0
shrinkage=0.05


Tree=16
num_leaves=31
num_cat=0
split_feature=22 95 29 71 71 94 3 44 52 22 41 89 87 44 89 58 97 20 19 48 65 38 25 95 58 56 44 25 33 50
split_gain=222.986 94.3206 69.1891 67.571 49.8897 41.6952 38.8581 36.3026 35.6384 34.174 27.2832 24.739 24.2913 23.5871 23.043 22.6962 22.6548 20.8961 21.4406 25.0285 24.5747 24.3118 25.0703 20.2911 19.2553 19.2457 19.1611 18.9557 18.5981 18.2313
threshold=0.50605650000000002 0.065449000000000021 0.58421400000000012 1.0000000180025095e-35 1.0000000180025095e-35 0.47558950000000005 1.5000000000000002 26.232762596974592 134.59924453545489 0.46692950000000005 0.078619818170676661 0.46664415000000004 0.0093060000000000104 32.446584965931038 0.34153660000000002 5746.0000000000009 0.74772341338373527 13.500000000000002 13.500000000000002 0.29056963782192174 -1.0000000180025095e-35 0.15824050000000003 0.34245150000000008 0.0058054999999999921 2923.5000000000005 2.5029799584270593 35.843655517633429 0.33546250000000005 2599.5000000000005 145.90568889590506
decision_type=10 10 8 2 2 10 2 10 10 10 8 8 8 10 10 10 2 2 2 8 2 8 10 10 10 10 10 10 2 10
left_child=3 4 6 5 23 8 -3 9 17 12 16 -8 -5 29 -9 27 -6 28 19 20 -19 22 -20 -2 25 -16 -27 -4 -1 -13
right_child=1 2 15 7 10 -7 11 14 -10 -11 -12 13 -14 -15 24 -17 -18 18 21 -21 -22 -23 -24 -25 -26 26 -28 -29 -30 -31
leaf_value=-0.0019464137463784577 -0.0023055943799840761 0.0033091617065772053 0.0088054932928926053 -0.0034379420798087952 -0.011670731406909796 -0.0065687241611008381 -0.0071511794935118084 -0.016450340017400988 0.013875627231941324 -0.00079747435551577942 0.0020540699077706988 -0.0030242839409335026 -0.011949101942567868 0.0059987402552830731 -0.0099572246221096873 0.011030410361575564 -0.0034704631449933745 -0.0039291496790390531 0.0024557964812231287 -0.00088470390824098777 0.012316258910530608 0.00092515840741582203 -0.0057415085865517579 0.0030630801984605238 -0.0096865819559879621 -0.0049633809919020291 0.0028686806968993492 0.0027197243080388242 0.004994450807308432 0.0044925896600594871
leaf_weight=1451.3573230206966 2298.5290898829699 22885.303959965706 2350.5509166717529 2080.8308810740709 937.88018445670605 2807.5932416468859 1284.7279562801123 621.36214150488377 439.15676549077034 6692.8299709111452 2036.5117243975401 3509.5463731586933 1407.7761805951595 1450.2379718720913 1377.2983887642622 2917.870039254427 7782.6978705525398 313.89491555094719 1120.4810304194689 2562.7472832351923 848.31242352724075 3302.6650255471468 5414.7942960858345 7416.8260726481676 3131.159749135375 3447.3847047537565 1001.5562607198954 2823.10629953444 2844.8065913468599 1036.9966779798269
leaf_count=5811 9198 91634 9464 8375 3771 11315 5142 2509 1762 26821 8160 14050 5664 5808 5547 11752 31200 1257 4485 10262 3397 13221 21692 29677 12587 13858 4020 11315 11387 4153
internal_value=-3.88552e-05 0.00193451 0.00339997 -0.00287467 -0.000804426 -0.000906665 0.00229728 -0.00497516 -3.47914e-05 -0.0028921 -0.00314877 -0.000883168 -0.00689683 0.000469337 -0.00718397 0.00750312 -0.00436474 -0.000384424 -0.00134703 0.0018802 0.00793253 -0.00256963 -0.00433447 0.00179186 -0.00652354 -0.00480997 -0.00319773 0.00549633 0.00265057 -0.0013037
internal_weight=99596.8 58730.8 38258.3 40866 20472.4 21105.8 30166.8 19760.2 18298.2 10181.4 10757.1 7281.51 3488.61 5996.78 9578.76 8091.53 8720.58 17859.1 13562.9 3724.95 1162.21 9837.94 6535.28 9715.36 8957.4 5826.24 4448.94 5173.66 4296.16 4546.54
internal_count=399294 235324 153318 163970 82006 84589 120787 79381 73274 40860 43131 29153 14039 24011 38521 32531 34971 71512 54314 14916 4654 39398 26177 38875 36012 23425 17878 20779 17198 18203
is_linear=0
shrinkage=0.05


Tree=17
num_leaves=31
num_cat=0
split_feature=29 95 94 71 27 71 89 26 94 52 20 20 25 35 68 81 35 95 44 16 45 94 81 25 45 26 20 46 9 92
split_gain=212.685 115.495 55.004 53.9242 42.1485 41.2807 36.5674 25.9134 25.7582 24.7937 24.4081 29.0877 23.8291 22.7878 21.7149 20.0329 23.9316 19.3004 19.2317 18.7051 18.5504 18.2491 18.1481 17.6835 17.6251 17.4067 18.0818 17.936 16.7242 19.8201
threshold=0.49594300000000008 0.067947500000000008 0.48131650000000004 1.0000000180025095e-35 0.57004650000000001 1.0000000180025095e-35 0.41973025000000008 0.4985150000000001 0.38184000000000007 129.88328994302694 13.500000000000002 12.500000000000002 0.42901650000000008 0.14195950000000004 1.0000000180025095e-35 5.9493387708841867 0.13721950000000002 0.050105500000000004 26.792891198239726 0.37500000000000006 4.3578659926473291 0.36700750000000004 6.7861522978065061 0.33008350000000003 6.6334014857195349 0.39968100000000001 13.500000000000002 1.7886188053930572 1.0000000180025095e-35 0.122597
decision_type=10 10 8 2 10 2 8 10 10 10 2 2 10 10 2 2 10 10 10 2 10 10 2 10 8 10 2 10 2 8
left_child=2 5 3 10 7 12 18 15 22 23 11 -1 20 -4 -10 -3 -17 19 -5 -13 -2 -18 -8 -6 -24 -7 27 -27 29 -12
right_child=1 4 13 6 9 25 8 -9 14 -11 28 17 -14 -15 -16 16 21 -19 -20 -21 -22 -23 24 -25 -26 26 -28 -29 -30 -31
leaf_value=-0.0019496483158756618 0.0052750522199120076 -0.0045237777230542663 -0.0021874916866508431 -0.0035042795724122382 0.0092898701678559362 -0.008910664319205867 -0.0053378337794500524 -0.0052749628490959561 -0.0052592099601950978 0.0088900562730650987 -0.00034713296017228098 0.0098283611184205241 -0.0070425893370587413 -0.0098805191833749913 -0.00012331278851638276 0.00815502637929366 0.0043467825510436426 0.0091858018462284211 -0.0091919419771758354 -0.0018778596791805574 0.00032629345991489557 0.00081063339176329721 -0.0028400116021487613 0.0035447311568664952 0.0039750315363768452 0.0044671461440668556 -0.0039889401162612453 -0.0047433182590217908 -0.0031276357688851692 0.0094295597981624707
leaf_weight=2006.2113587856293 3121.6419097334146 864.56124766170979 1381.5316318422556 2544.0951172113419 1607.8747192919254 1204.6478473693132 1079.6771378815174 1027.0439299792051 7263.1894655823708 4923.9569101035595 10125.675040751696 477.35667991638184 740.26560118794441 3217.1689457148314 2870.991721868515 2153.652576893568 7040.1913198381662 1791.3733095228672 3628.9618753045797 1130.3891088962555 4793.844912648201 7573.6503805071115 1366.3724805116653 7984.2577209621668 3051.041594684124 1502.6553650796413 5698.6873659342527 802.90713815391064 6100.5734798759222 536.34242688119411
leaf_count=8032 12491 3462 5568 10219 6469 4836 4331 4111 29160 19788 40547 1911 2963 12992 11517 8627 28224 7169 14608 4526 19183 30318 5474 32014 12220 6021 22845 3219 24429 2148
internal_value=-1.3612e-05 0.00223999 -0.00238174 -0.00183659 0.00398496 -0.00100088 -0.00360147 0.002411 -0.0023121 0.00600509 -9.98166e-05 0.00281877 0.00147745 -0.00757916 -0.00380578 0.00286143 0.0032447 0.00563063 -0.00685735 0.00163711 0.00228214 0.00251597 0.000443484 0.00451643 0.00186538 -0.00332942 -0.00247936 0.00125299 -0.00104208 0.000153049
internal_weight=99610.8 51039.8 48571 43972.3 33175.2 17864.7 21804.3 18659.1 15631.3 14516.1 22167.9 5405.33 8655.75 4598.7 10134.2 17632.1 16767.5 3399.12 6173.06 1607.75 7915.49 14613.8 5497.09 9592.13 4417.41 9208.9 8004.25 2305.56 16762.6 10662
internal_count=399422 204571 194851 176291 133013 71558 87529 74742 62702 58271 88762 21638 34637 18560 40677 70631 67169 13606 24827 6437 31674 58542 22025 38483 17694 36921 32085 9240 67124 42695
is_linear=0
shrinkage=0.05


Tree=18
num_leaves=31
num_cat=0
split_feature=29 95 29 71 83 71 65 2 44 64 44 36 45 88 21 54 29 33 49 86 49 49 46 55 36 55 8 14 50 26
split_gain=203.762 111.563 59.7413 44.8739 36.2304 30.3248 32.3215 27.9126 25.1221 22.853 23.0279 22.032 25.1853 20.9408 19.1325 19.1606 18.9436 18.7451 18.3755 18.32 18.0551 19.9207 17.525 16.3787 15.6082 15.4635 18.1198 16.1459 15.2118 21.5635
threshold=0.47797250000000008 0.069677500000000045 0.56802350000000013 1.0000000180025095e-35 0.45962094558330435 1.0000000180025095e-35 1.0000000180025095e-35 4.5000000000000009 22.485845078042296 4.5000000000000009 32.446584965931038 0.48093950000000002 -7.6935021495418567 -0.0056824999999999922 4678.5000000000009 120.47865167886108 0.43029300000000004 501.50000000000006 132.09766945606785 -0.1658375 126.51704507549714 125.20700489618106 1.73308733560086 1975.3444856477292 0.54565600000000014 1868.2210791869502 5.5000000000000009 1.0000000180025095e-35 138.3090481245836 0.41841850000000008
decision_type=10 10 10 2 2 2 2 2 10 2 10 10 10 10 2 8 8 2 10 10 8 8 10 10 10 10 2 2 10 8
left_child=4 3 9 13 -1 22 8 -4 -7 17 25 12 -5 20 15 -13 -10 -3 -19 -15 21 -2 -6 28 -8 27 -27 -11 -24 -30
right_child=1 2 7 11 5 6 24 -9 16 10 -12 14 -14 19 -16 -17 -18 18 -20 -21 -22 -23 23 -25 -26 26 -28 -29 29 -31
leaf_value=-0.0067437110873692675 0.0047033153196599856 -0.0029662041422942056 0.0091553983896922007 -0.0098791867897262773 -0.0024969383882955595 0.00087470819514828477 -0.0044445236172310949 0.0040913906265366241 -0.006895923786949679 -0.0051051784796575109 0.0051014880164038899 -0.014798147050994824 0.003172998397845286 -0.0094730608936069161 -0.010076660979724305 -0.0028554702656493135 -0.0019962299181200977 0.0033725876277586248 0.015617377905852462 0.00041133068432275873 0.010138774966337215 -0.0051209970218858399 0.0096613814905391962 -0.0041042322644659858 -0.010275218046885505 0.0048396877910273708 -0.0064192917256178251 0.00052293539151051312 -0.0045264342915627585 0.0025012462256062688
leaf_weight=5347.8997312933207 2035.2220972031355 1153.5315660387278 5216.0544789135456 435.51821047067642 7901.5601360797882 3862.7297659367323 2329.4223406612873 5739.5234163999557 3353.6319287568331 2903.1149763166904 1819.284340813756 341.65857644379139 2160.4384650886059 491.38600988686085 1216.3020959496498 7875.2529359459877 4800.0793205648661 16112.111217826605 303.22849276661873 7198.6376394182444 977.1434293538332 681.01124805212021 547.66913869976997 1434.9097727537155 2305.3561150282621 1656.4178218990564 445.6558578312397 2262.1702544540167 1363.1177240759134 5318.1085458099842
leaf_count=21594 8145 4618 21004 1749 31653 15494 9353 23062 13491 11622 7285 1372 8654 1967 4880 31587 19267 64510 1217 28809 3910 2725 2192 5745 9275 6631 1784 9056 5461 21287
internal_value=-8.26395e-05 0.0017152 0.00340161 -0.000994213 -0.00292722 -0.00231091 -0.00381714 0.00650856 -0.00244543 0.00212267 8.66531e-05 -0.00312244 0.000953753 0.00125551 -0.004244 -0.00336943 -0.00401746 0.00317505 0.00360815 -0.000231756 0.00434444 0.00223042 -0.000795487 0.00075736 -0.00736061 -0.00117403 0.00243361 -0.00264406 0.00172671 0.00106282
internal_weight=99588.1 61023.7 37611.1 23412.6 38564.5 33216.6 16651.2 10955.6 12016.4 26655.5 9086.64 12029.2 2595.96 11383.4 9433.21 8216.91 8153.71 17568.9 16415.3 7690.02 3693.38 2716.23 16565.4 8663.81 4634.78 7267.36 2102.07 5165.29 7228.9 6681.23
internal_count=399399 244587 150789 93798 154812 133218 66880 44066 48252 106723 36378 48242 10403 45556 37839 32959 32758 70345 65727 30776 14780 10870 66338 34685 18628 29093 8415 20678 28940 26748
is_linear=0
shrinkage=0.05


Tree=19
num_leaves=31
num_cat=0
split_feature=22 89 25 89 72 29 21 39 42 31 48 29 37 36 72 38 48 51 33 2 55 3 88 23 36 28 24 35 83 38
split_gain=204.999 73.7355 43.5722 42.1445 38.1979 33.2773 30.718 29.6059 26.8666 25.0426 22.2434 23.4078 22.3092 20.6826 20.3644 21.4077 20.1154 19.8377 19.1346 18.6461 25.9148 18.3762 17.637 19.1611 21.2177 16.8864 16.7766 16.2567 18.6483 16.6976
threshold=0.50533250000000007 0.55222075000000015 0.33580450000000006 0.44893745000000007 3.5000000000000004 0.41682050000000009 1306.5000000000002 0.035564706961301394 144.87125336367188 0.12774000000000002 -0.49485876471508211 0.50795250000000014 0.49069850000000009 0.62662400000000018 3.5000000000000004 0.0092415300000000013 0.33214024894580313 2208.7503177470121 827.50000000000011 2.5000000000000004 1970.152684795052 2.5000000000000004 0.0066454999999999717 0.32500550000000006 0.60449600000000003 0.57825300000000013 0.14477550000000003 0.13563900000000004 0.5395467993513049 0.14207450000000002
decision_type=10 8 10 10 2 10 2 8 10 10 10 10 10 10 2 10 10 8 2 2 10 2 10 8 8 10 10 10 2 10
left_child=3 4 21 22 7 13 9 -2 14 16 11 -7 18 -6 -5 -16 -4 -8 -12 -19 -21 -3 23 -1 -25 27 -26 29 -29 -20
right_child=1 2 6 8 5 10 17 -9 -10 -11 12 -13 -14 -15 15 -17 -18 19 25 20 -22 -23 -24 24 26 -27 -28 28 -30 -31
leaf_value=-0.0034480052317437757 0.0015387037965099784 0.0089898119228183655 0.0066463418092815654 -0.0053655386072627535 -0.0016202050546494054 0.0080277464305639253 0.00092885782686700407 -0.0069606687062069338 0.011057907383982948 -0.006689740225106911 -0.002589499234610753 0.0016743967103703421 0.012518864859693689 -0.011423256265064144 -0.0095254551632298831 -0.00073439887964539671 -0.0030379788209772408 0.009824316097512973 0.00062117119596094301 0.0050699400437395669 -0.0058453473186035618 -0.0035934954852814786 -0.0098148341830497574 -0.00079392297518950594 -0.0073491057172336829 -0.0075274710276896934 -0.017911872134264692 -0.00033384451616006681 0.0029490243034807338 0.0089766867651633244
leaf_weight=13231.084684953094 1608.3470483720303 4771.1484351158142 1123.4167984426022 3169.1850742101669 2208.6608220934868 2463.4889717400074 3595.7729295492172 2797.8727344572544 413.68003703653812 1307.9138341844082 3711.4340422302485 3519.617431268096 396.88107888400555 703.22741605341434 708.70789505541325 19098.208904057741 1009.2744100093842 1829.6497881710529 1056.1025001555681 6443.132540345192 585.53437219560146 303.72778117656708 1524.4424345344305 653.69651056826115 1000.8667217940092 517.96944996714592 618.72934901714325 10573.464569702744 7308.9878976345062 1373.0125990509987
leaf_count=53189 6439 19246 4499 12737 8850 9857 14410 11219 1662 5239 14867 14088 1589 2826 2843 76516 4045 7350 4231 25845 2347 1224 6144 2637 4046 2074 2510 42335 29261 5497
internal_value=-5.49208e-05 0.00181891 0.00420088 -0.00279964 0.00051192 0.0010825 0.00290974 -0.00386179 -0.00142104 -0.00126933 0.00156403 0.00429936 0.000906311 -0.00401866 -0.00165044 -0.0010536 0.00207055 0.00406435 0.000713488 0.00533463 0.00415361 0.00823112 -0.00469124 -0.00418147 -0.00841662 0.00130298 -0.0114695 0.00153176 0.00100884 0.00536141
internal_weight=99627.2 59208.6 20969.6 40418.6 38239.1 33832.8 15894.7 4406.22 23389.8 3440.61 30921 5983.11 24937.9 2911.89 22976.1 19806.9 2132.69 12454.1 24541 8858.32 7028.67 5074.88 17028.8 15504.4 2273.29 20829.5 1619.6 20311.6 17882.5 2429.12
internal_count=399622 237338 84205 162284 153133 135475 63735 17658 93758 13783 123799 23945 99854 11676 92096 79359 8544 49952 98265 35542 28192 20470 68526 62382 9193 83398 6556 81324 71596 9728
is_linear=0
shrinkage=0.05


Tree=20
num_leaves=31
num_cat=0
split_feature=22 25 71 55 22 47 50 55 50 36 55 40 20 26 27 19 97 36 20 94 55 26 87 64 19 8 30 71 58 0
split_gain=166.677 62.8791 54.0009 38.1696 37.4611 37.3483 32.6937 32.6604 30.8119 29.3568 28.9625 26.4428 26.2746 26.1389 26.0625 25.3503 25.4234 24.9516 24.1133 24.0447 22.8072 24.0385 22.2083 21.6493 18.1592 24.447 17.6368 17.4687 17.5258 17.4244
threshold=0.50605650000000002 0.3775515000000001 1.0000000180025095e-35 1109.2581559407888 0.58827200000000013 1.8429714751389581 142.87240159572488 1755.2752125626955 144.85027948020678 0.43548450000000005 1307.135380489138 0.044797032638589876 13.500000000000002 0.48434650000000007 0.33184500000000006 13.500000000000002 1.0012755587362101 0.7300580000000001 12.500000000000002 0.48928600000000005 1931.3224504204557 0.45172750000000006 -0.039238999999999989 10.500000000000002 12.500000000000002 6.5000000000000009 0.18138500000000005 1.0000000180025095e-35 4322.0000000000009 4.5000000000000009
decision_type=10 10 2 8 10 8 10 10 10 8 8 10 2 10 10 2 2 10 2 8 10 10 10 2 2 2 10 2 10 2
left_child=2 4 3 8 5 7 -7 13 -1 -4 -3 19 18 23 -13 24 -17 -16 -5 -11 21 -9 -22 27 25 -14 -23 28 -2 -20
right_child=1 10 9 12 -6 6 -8 20 -10 11 -12 14 15 -15 17 16 -18 -19 29 -21 22 26 -24 -25 -26 -27 -28 -29 -30 -31
leaf_value=-0.0012792646817853398 0.0049594719801870999 -0.0058740876056571816 0.0022204102154541969 -0.00244252938370319 0.0065011576779562324 0.0023955427813127845 0.0079804252103179932 0.0011157441557448267 0.020344411447043752 -0.0011955272357411896 3.5769645178750725e-05 -0.012221832248666069 0.0020125879722370653 -0.0094875601328726702 -0.0059834427451436294 -0.0044540112552495887 0.0013694264340539213 0.005971017793277824 -0.0024731072850039983 -0.0088977662541580623 0.0050946920661288199 0.0097916040071066995 -0.0022208396040752825 -0.009096553183867968 0.0049980678419236828 -0.0097035425413725465 0.0010484179663588665 -0.0014603841611887313 -0.00022033308146427201 0.0066239268947728656
leaf_weight=287.21970918774605 3130.8419581353664 2381.8462059348822 1568.7105096578598 1860.059183806181 5848.9958769977093 6702.0344536155462 4306.8807953298092 2061.905363202095 372.81845210492611 5909.6021342724562 15555.77958060801 1649.1143855452538 1334.2605427801609 753.79550892114639 8905.0454710572958 9184.6119331717491 2348.9944502562284 451.22035336494446 660.50651869177818 1214.0861170142889 1664.8378580957651 2719.508186981082 2716.4052041321993 609.80568435788155 1836.3048058450222 656.32346896827221 734.60907797515392 6044.4543744623661 3399.9509043246508 2497.983573243022
leaf_count=1151 12535 9559 6288 7460 23561 26850 17296 8256 1499 23730 62329 6659 5344 3019 35829 36862 9405 1813 2646 4909 6663 10930 10875 2441 7358 2630 2944 24196 13608 10008
internal_value=7.37475e-06 0.00171418 -0.00244901 -0.000686963 0.00280108 0.00217831 0.00458571 0.00106498 0.0110561 -0.00432973 -0.000751806 -0.00489743 -0.00107253 -0.000494728 -0.00643338 -0.00209848 -0.00326782 -0.00540116 0.00206556 -0.00251885 0.00325988 0.00539604 0.000564276 2.61968e-05 0.00142504 -0.00187958 0.00794053 0.000475459 0.00226664 0.00471975
internal_weight=99368.5 58631.7 40736.9 21039.1 40694 34845 11008.9 23836.1 660.038 19697.8 17937.6 18129.1 20379 13938.8 11005.4 15360.5 11533.6 9356.27 5018.55 7123.69 9897.27 5516.02 4381.24 13185.1 3826.89 1990.58 3454.12 12575.2 6530.79 3158.49
internal_count=398653 235062 163591 84363 163174 139613 44146 95467 2650 79228 71888 72940 81713 55799 44301 61599 46267 37642 20114 28639 39668 22130 17538 52780 15332 7974 13874 50339 26143 12654
is_linear=0
shrinkage=0.05


Tree=21
num_leaves=31
num_cat=0
split_feature=25 22 42 71 64 27 51 64 35 84 44 59 45 48 32 26 42 59 47 25 40 56 40 27 20 24 71 51 40 45
split_gain=160.591 73.9132 46.9532 45.3216 40.9164 35.6597 33.8836 33.0206 30.8209 27.5362 23.9928 22.063 20.4748 19.721 19.6041 19.0907 18.7966 18.4372 18.2188 22.6053 18.1973 16.5132 20.2685 16.5063 16.5918 16.4897 21.135 20.6005 18.3616 16.3472
threshold=0.3775515000000001 0.50364350000000002 145.09249437257921 1.0000000180025095e-35 9.5000000000000018 0.5519035000000001 2208.7503177470121 9.5000000000000018 0.14967050000000001 0.46823036466078133 24.757465181154945 8.2095801504622212 -5.8145548717539191 0.31786643419623645 0.16514800000000004 0.45084050000000003 130.87295434770905 7.2126598034504434 1.503614773282675 0.35210350000000007 0.045527112311083619 2.662128827356542 0.042519810955698456 0.32338050000000007 13.500000000000002 0.15462050000000002 1.0000000180025095e-35 2484.0861601857623 0.08019922456633892 4.9904578339587955
decision_type=8 10 10 2 2 8 8 2 8 2 10 2 8 8 8 10 8 2 8 10 10 8 10 10 2 10 2 10 10 10
left_child=1 2 23 9 5 8 20 12 10 -2 -3 -6 17 14 -14 29 -10 -5 19 -8 -7 22 -15 -1 -25 26 27 -20 -28 -11
right_child=3 4 -4 7 11 6 18 -9 16 15 -12 -13 13 21 -16 -17 -18 -19 25 -21 -22 -23 -24 24 -26 -27 28 -29 -30 -31
leaf_value=-0.0067981888472313061 -0.0070489234340706435 0.0064060570703525334 0.014480962848073457 -0.012233412029292958 0.001553306258433247 -0.0097300630880651617 0.0052476347061977064 -0.010862014678970791 0.0081994289417971992 0.0021153605816806999 0.0017699368638317678 -0.0074332438607191591 0.0064520004611584364 0.0018983767098859309 -0.0023350040386983929 -0.0061437009931188703 -0.00053210584020814389 -0.004506300672449972 0.011910567949623656 -0.0071793819052452541 0.0019718382208834318 -0.0022721025140247922 -0.0083156965153369129 0.0021734529961892914 -0.0018248324619721326 0.004271915649366023 0.0039309452343693797 0.00025062240676979698 0.013774565927852436 -0.00099561946331032164
leaf_weight=1307.9771114438772 1517.0096916407347 4926.6031621843576 467.11596576869488 1041.3673591464758 1340.526005089283 358.12488268315792 1143.2564467191696 1582.0698388516903 647.83129580318928 7503.3192517757416 6445.1796639859676 1376.4078475385904 1109.247344404459 592.12915694713593 1457.8565373718739 1195.0257216244936 9767.8462673425674 2998.214574098587 3678.9735268205404 526.27472169697285 3402.1691280007362 9430.5651695281267 2611.0054655522108 3295.5968007296324 12067.694349750876 3987.8061529994011 3098.0658600330353 422.64842647314072 553.20352245867252 9632.1672178804874
leaf_count=5257 6142 19733 1879 4213 5373 1434 4589 6371 2597 30058 25813 5518 4449 2382 5854 4791 39119 12090 14824 2107 13632 37890 10522 13201 48383 16013 12451 1695 2232 38567
internal_value=0.000107364 0.00177778 -0.000985864 -0.00230809 0.00291426 0.00332808 0.00503175 -0.00393709 0.00198374 -0.000597942 0.00378231 -0.00300987 -0.00336233 -0.0025185 0.00147217 -6.05145e-05 1.83194e-05 -0.00652357 0.00620718 0.00131093 0.000834515 -0.00332991 -0.0064275 -0.00142765 -0.0009663 0.00690172 0.00824715 0.0107126 0.0054559 0.000367062
internal_weight=99483.3 58813.3 17138.4 40670 41674.9 38958 17170.5 20822.5 21787.5 19847.5 11371.8 2716.93 19240.4 15200.8 2567.1 18330.5 10415.7 4039.58 13410.2 1669.53 3760.29 12633.7 3203.13 16671.3 15363.3 11740.7 7752.89 4101.62 3651.27 17135.5
internal_count=399179 235850 68720 163329 167130 156239 68977 83771 87262 79558 45546 10891 77400 61097 10303 73416 41716 16303 53911 6696 15066 50794 12904 66841 61584 47215 31202 16519 14683 68625
is_linear=0
shrinkage=0.05


Tree=22
num_leaves=31
num_cat=0
split_feature=25 29 23 56 22 27 72 48 4 19 83 27 43 64 57 65 34 38 80 39 30 58 65 38 35 96 81 44 23 23
split_gain=133.259 68.8291 41.2573 34.4366 33.0639 29.9489 29.8023 27.9687 26.5364 26.5349 32.2754 24.8204 26.9627 22.5971 21.0466 19.2876 20.8623 18.5951 18.5094 18.3931 18.3051 33.4142 18.1814 28.0048 19.6707 17.9551 17.8209 17.5057 17.2097 25.8696
threshold=0.3775515000000001 0.53973400000000005 0.28846650000000001 2.1777651606268282 0.46350500000000006 0.48164950000000006 3.5000000000000004 0.23807794440659219 1.5000000000000002 13.500000000000002 0.56991909679639208 0.61270150000000012 1925.6572745411497 9.5000000000000018 13.279731964235982 1.0000000180025095e-35 0.51694950000000006 0.06834765000000001 6.1409609789068069 0.031850802410912614 0.090454550000000009 4667.0000000000009 -1.0000000180025095e-35 0.16162850000000004 0.13413950000000005 0.57552500000000018 9.1218915972991841 30.024102269016705 0.24096600000000004 0.22647200000000003
decision_type=8 10 8 8 10 10 2 10 2 2 2 8 10 2 10 2 10 10 2 10 10 10 2 10 10 10 2 10 10 10
left_child=1 4 3 -2 -1 -3 13 8 17 28 20 22 -13 19 -4 -9 26 -8 -14 -6 21 -11 23 -5 27 -19 -17 -24 29 -7
right_child=2 5 14 11 6 9 7 15 -10 10 -12 12 18 -15 -16 16 -18 25 -20 -21 -22 -23 24 -25 -26 -27 -28 -29 -30 -31
leaf_value=-0.0047453314176195589 -0.0054798347459825789 -0.0012132780055652947 -0.0069397453874226207 -0.0015807432688220721 0.0025078258417462695 0.0064538917463474871 -0.0030020136155661506 0.001026090586360861 -0.00061617124460519113 0.0010508523293353193 0.0068600443653322038 0.0094379886012811599 -0.0091012521065549062 -0.016681328006233159 -0.00096041898470386456 -0.0078435255957168947 0.00044026675192763098 0.0067515038131060346 0.00172715055938994 -0.004632149592436084 0.0026299163591373305 -0.013889889905000063 0.0047788649763436872 0.0056976694345302337 -0.0031100048305525308 -0.002363445454080456 0.00231053160371707 -0.0030203282091506552 -2.5223499199476175e-05 0.015266215309111458
leaf_weight=3123.7853239029646 4686.1677643954754 2601.8085775226355 6146.6962561458349 3922.8758526295424 1335.7512090951204 4208.6560680270195 643.60749050974846 15884.635066196322 2942.9912889003754 1358.1351108253002 3833.353233769536 1058.0070130378008 439.3120601773262 282.84013171494007 1938.6625664830208 2022.8509799093008 3001.9618708789349 5656.9872618168592 3234.4087995886803 2734.8170473873615 5778.1622753292322 505.90673223137856 1647.1494214236736 1980.7884804457426 14294.078110188246 592.30632092058659 543.80823300778866 1262.5466594099998 717.90102633833885 1041.2020665109158
leaf_count=12562 18834 10426 24865 15729 5346 16991 2577 63607 11779 5442 15458 4238 1762 1134 7800 8101 12023 22643 12958 10966 23159 2027 6603 7937 57335 2370 2177 5065 2883 4205
internal_value=-0.000112075 0.00140897 -0.00231462 -0.00151909 0.000178729 0.00378692 0.000611493 0.00115101 0.00335729 0.00453301 0.00312216 -0.000850649 0.00244513 -0.00325994 -0.00550901 0.000138389 -0.0023911 0.00505223 0.000411074 -0.00228877 0.00124071 -0.00305659 -0.00152629 0.000866804 -0.00234754 0.0058852 -0.00569153 0.00139596 0.0072362 0.00822734
internal_weight=99422.2 58811.5 40610.7 32525.3 38766.3 20045.1 35642.6 31289.1 9835.89 17443.3 11475.6 27839.2 4731.73 4353.41 8085.36 21453.3 5568.62 6892.9 3673.72 4070.57 7642.2 1864.04 23107.4 5903.66 17203.8 6249.29 2566.66 2909.7 5967.76 5249.86
internal_count=399002 235876 163126 130461 155285 80591 142723 125277 39369 70165 46086 111627 18958 17446 32665 85908 22301 27590 14720 16312 30628 7469 92669 23666 69003 25013 10278 11668 24079 21196
is_linear=0
shrinkage=0.05


Tree=23
num_leaves=31
num_cat=0
split_feature=89 72 98 48 34 89 97 42 54 20 48 90 65 46 43 26 58 44 28 37 51 87 72 44 97 37 35 87 55 91
split_gain=129.462 56.5823 45.8349 33.0681 31.1395 28.9836 25.8735 22.5269 22.4193 26.4852 21.3899 20.8333 20.2581 19.5118 19.1195 19.0722 18.6446 18.5241 18.2448 17.2848 16.5672 17.9566 17.6124 16.3385 18.6181 16.148 15.9302 15.7338 14.9961 14.9265
threshold=0.46321740000000006 3.5000000000000004 0.028472625121135634 0.45101756227338208 0.48077000000000009 0.56712220000000013 0.9915224059695481 145.09249437257921 132.8304705802955 20.500000000000004 0.3104735076448662 -0.036702549999999994 1.0000000180025095e-35 1.5654736200992427 1972.0327089770174 0.44180200000000008 2153.5000000000005 12.360279215806116 0.50081450000000005 0.43246050000000008 2303.2667894925221 -0.016053500000000023 3.5000000000000004 21.564281697975428 0.92910625215469189 0.21458550000000001 0.15322350000000004 -0.027897000000000029 1558.9072807982873 0.15626500000000002
decision_type=10 2 2 8 10 10 2 10 8 2 10 10 2 10 8 10 8 10 10 10 10 10 2 10 2 8 8 10 10 10
left_child=6 14 3 5 10 13 12 11 9 29 -4 17 16 18 -2 -16 25 -5 -3 23 21 22 -14 24 -13 -1 27 -18 -11 -6
right_child=1 2 4 7 8 -7 -8 -9 -10 28 -12 19 20 -15 15 -17 26 -19 -20 -21 -22 -23 -24 -25 -26 -27 -28 -29 -30 -31
leaf_value=0.0027488134226162676 0.008772680258982965 0.014578244191872747 0.004990648171791982 0.012119029071057845 0.0050124003817488454 0.0063414731145937792 2.5631676701178731e-05 0.011372447243991307 0.0080964289416583582 -0.012437461661914666 -0.0055926893542113257 -0.0015489900325457158 -0.009609734662928044 0.00084466786301533282 -0.0066669453891655796 -0.0013725526027227389 0.0017693457317372937 0.0017908484325398521 0.0028090191260798543 -0.0075018642427598752 -0.0098030427007548184 -0.0095337761473773298 -0.00121001242672972 -0.0018555185283048695 0.0025815750464096639 -0.0052731731654686994 -0.0037832890146144611 -0.003633938931536912 0.00021147267698870127 -0.0050370584492239016
leaf_weight=692.8397583514452 336.39283967018127 503.7048446983099 749.16568823158741 522.43520110845566 8433.0473464131355 4120.9472969919443 7363.9346596300602 409.66461482644081 4019.7460918724537 327.01077821850777 1278.2520903497934 4717.7302444577217 747.34066644310951 11552.526863411069 2631.1216016411781 4798.7302926033735 5027.2781438529491 2379.3129689544439 935.10050354897976 913.85469995439053 1746.8019138425589 1224.2422194033861 3569.3033237606287 11384.158887088299 6442.2024160027504 6106.7789292633533 3587.6617774367332 1829.262547776103 767.92423798143864 378.67410412430763
leaf_count=2784 1349 2016 3004 2092 33835 16567 29530 1650 16220 1311 5128 18903 3020 46270 10581 19246 20188 9528 3743 3662 7035 4938 14346 45616 25816 24602 14424 7368 3079 1517
internal_value=5.15915e-05 0.00129042 0.00181162 0.000976759 0.00410588 0.00269278 -0.00257366 -0.0001208 0.00494831 0.00366405 -0.00167666 -0.000303666 -0.00335361 0.0015314 -0.00272235 -0.00325389 -0.00241714 0.00368558 0.00700144 -0.000798496 -0.00556311 -0.00421119 -0.00268311 -0.000523561 0.000835604 -0.00445295 -0.00108876 0.000324606 -0.0036446 0.00457532
internal_weight=99497.1 67601.7 59835.5 43881.6 15953.8 17112.3 31895.4 26769.4 13926.4 9906.66 2027.42 26359.7 24531.5 12991.3 7766.24 7429.85 17243.8 2901.75 1438.81 23457.9 7287.69 5540.89 4316.64 22544.1 11159.9 6799.62 10444.2 6856.54 1094.94 8811.72
internal_count=399368 271133 239957 175863 64094 68596 128235 107267 55962 39742 8132 105617 98705 52029 31176 29827 69366 11620 5759 93997 29339 22304 17366 90335 44719 27386 41980 27556 4390 35352
is_linear=0
shrinkage=0.05


Tree=24
num_leaves=31
num_cat=0
split_feature=22 39 64 71 94 89 55 54 65 31 19 44 71 53 99 23 84 4 45 46 49 46 45 57 97 55 6 95 40 93
split_gain=120.142 47.6066 45.5923 33.8031 34.0072 30.9078 29.5277 26.7064 26.3113 28.4722 24.195 23.9064 23.2688 25.6908 21.4583 21.136 19.4713 18.2566 31.2991 23.1481 17.3937 17.0998 15.935 15.915 15.9092 16.2147 15.5834 15.2328 17.9729 16.7298
threshold=0.50533250000000007 0.036962022288013881 9.5000000000000018 1.0000000180025095e-35 0.35411650000000006 0.46251255000000008 1611.83912380991 131.86060202313868 1.0000000180025095e-35 0.12094150000000002 13.500000000000002 32.180333378713534 1.0000000180025095e-35 2575.0730205782183 -0.0022035000000000106 0.25497700000000006 0.52657212374165363 1.5000000000000002 -20.309114705303369 1.7457217952458435 123.8679385557581 1.9459212030942752 -7.0312186480752628 8.1869310434850497 0.96116630729683827 1558.9072807982873 2.5000000000000004 0.1723635 0.051347074022978674 0.034935000000000008
decision_type=10 10 2 2 10 10 10 8 2 8 2 10 2 10 8 10 2 2 8 8 10 10 8 8 2 10 2 10 8 8
left_child=2 3 5 4 7 11 14 -2 26 -10 -4 -1 13 -7 -3 -14 -9 19 -19 20 -6 27 -17 -24 25 -16 -8 28 -5 -30
right_child=1 6 10 21 17 12 8 16 9 -11 -12 -13 15 -15 24 22 -18 18 -20 -21 -22 -23 23 -25 -26 -27 -28 -29 29 -31
leaf_value=-0.002199735015835258 0.0034625566944022461 -0.0042458822356409801 -0.00010788016026446067 -0.0018356807695747816 -0.0020123547703766527 0.0018749081697874946 0.0034861847164779549 0.0025644066539311215 0.0036170406955584552 -0.0041284694580127927 -0.01062168328017374 -0.0065259784472676274 0.0010034381656194352 -0.012556437728297676 -0.0052052030999051495 -0.0092862191681178617 0.011297133916403917 -0.01628967971432075 0.00072540168308865669 0.0016232983053793525 0.011160469790291014 0.0064844285851254277 0.0048132332711199339 -0.0038614944064115108 0.0025054144045701335 0.007362629303573516 0.0001731596878790354 -0.0062251072203590259 0.0011187037043622785 0.007167907186615842
leaf_weight=14715.659959450364 3173.0767563432455 5630.5803324282169 719.29203669726849 3929.8408205807209 305.14307242631912 9498.6820928752422 9183.0533062964678 800.78854575753212 1687.6660487502813 3936.3107387274504 2279.8590366989374 4076.0241156071424 3347.1414469331503 308.83164504170418 1648.1550772190094 1135.0804566442966 3276.6634776443243 303.37446844577789 1959.850448384881 3951.9379440695047 1324.1734024137259 1253.0191865861416 606.43505793809891 3752.6507870256901 3048.2158618122339 294.58113439381123 5783.3963042646646 807.15893909335136 5393.2250062972307 1442.1435331851244
leaf_count=59234 12731 22572 2892 15757 1221 38036 36823 3215 6774 15777 9173 16458 13417 1239 6614 4578 13235 1214 7848 15823 5308 5050 2431 15069 12202 1181 23182 3243 21645 5783
internal_value=-8.707e-05 0.00134913 -0.00218695 0.00284873 0.00445164 -0.00171054 7.1908e-06 0.00691832 0.00111164 -0.00180187 -0.00810888 -0.00314109 -0.000268113 0.00140815 -0.00213287 -0.00212705 0.00959255 0.00216582 -0.00161701 0.00369993 0.0086962 0.000960174 -0.00403256 -0.00264641 0.000254668 -0.00327157 0.00220692 0.000356943 0.000855774 0.00240359
internal_weight=99572 59132.4 40439.7 27920.4 15095 37440.5 31212 7250.53 20590.4 5623.98 2999.15 18791.7 18648.8 9807.51 10621.5 8841.31 4077.45 7844.48 2263.22 5581.25 1629.32 12825.4 5494.17 4359.09 4990.95 1942.74 14966.4 11572.4 10765.2 6835.37
internal_count=399725 237198 162527 112073 60595 150462 125125 29181 82556 22551 12065 75692 74770 39275 42569 35495 16450 31414 9062 22352 6529 51478 22078 17500 19997 7795 60005 46428 43185 27428
is_linear=0
shrinkage=0.05


Tree=25
num_leaves=31
num_cat=0
split_feature=22 25 22 20 22 47 39 55 39 96 50 83 42 97 45 24 48 51 34 72 44 79 25 72 17 97 27 64 64 31
split_gain=119.061 48.9927 36.1939 38.0832 35.555 31.1803 29.9228 28.3251 27.6388 20.6285 20.1645 18.7609 21.5548 18.2556 19.2373 17.2781 17.8648 20.8408 16.68 16.5825 16.3844 22.0334 19.7198 15.8056 21.4903 19.0866 17.0005 15.7544 15.5624 15.498
threshold=0.50533250000000007 0.37358850000000005 0.44640900000000006 13.500000000000002 0.58621150000000011 1.8435153006301881 0.045610755026316958 1712.1216931920615 0.038668760156734948 0.37531545000000005 142.87240159572488 0.55493698261672619 130.51029809842998 1.0486303322399333 33.654149577305823 0.17268550000000002 0.38049314672657147 2191.8262040087811 0.48853050000000003 3.5000000000000004 31.498159986137704 53.850000000000001 0.38761850000000003 3.5000000000000004 1.5000000000000002 1.0030433758900019 0.22474750000000002 5.5000000000000009 7.5000000000000009 0.082827200000000004
decision_type=10 10 10 2 10 10 10 8 10 10 10 2 8 2 10 10 10 10 8 2 10 2 10 2 2 2 10 2 2 10
left_child=2 4 -1 6 5 7 -4 9 -3 -2 -7 12 -9 14 23 16 19 29 -19 -10 21 -20 -22 25 -25 27 -26 -5 -11 -18
right_child=1 8 3 13 -6 10 -8 11 15 28 -12 -13 -14 -15 -16 -17 17 18 20 -21 22 -23 -24 24 26 -27 -28 -29 -30 -31
leaf_value=-0.0053858524038750168 -0.010102520677915977 0.0015054967542354005 0.0029864110406318781 -0.0028038746819489778 0.0061320575214393342 0.00098069554167330166 -0.0047798736663932162 0.0087152606022459413 -0.0041880903859608824 0.0003339873219232945 0.0069099701623331544 0.0050928771349314055 0.00070912328016304628 0.0054477272486347086 0.0059034308149123688 -0.014054300355704215 0.0078521964752241852 -0.015158487553780199 -0.0055999905526193348 0.0020297313771818334 -0.017191272711294916 0.0048875939884572778 -0.0032494616083455531 0.00097335388135090213 -0.011679561884070995 -0.019240924736543388 -0.0028691737202909155 -0.01131665315086626 -0.0055738812566977448 -0.0020177572976246587
leaf_weight=7205.6340041905642 607.42141798138618 8975.5759735554457 6526.251153215766 2104.3567812889814 5501.0386979132891 2168.5326485484838 1521.3036074340343 892.9065838009119 1478.9586105793715 6871.0466776192188 4244.3519250452518 4210.9265379607677 12243.579072609544 704.08907569944859 628.47729161381721 288.0467351526022 479.57513315975666 430.03551365435123 1664.9132517725229 3822.1673824191093 488.35189116001129 705.54874765872955 528.29571551084518 3843.9307555258274 558.03629669547081 249.73340752720833 16220.75395847857 727.84550486505032 1320.3314388096333 2110.1178452074528
leaf_count=29163 2434 35957 26173 8479 22219 8687 6112 3606 5947 27510 17073 16909 49034 2825 2528 1156 1922 1728 6676 15306 1963 2828 2124 15400 2247 1005 65090 2937 5286 8456
internal_value=-8.17774e-05 0.00134832 -0.00217691 -0.00147661 0.00241734 0.00178803 0.00151417 0.00102081 -0.000592009 -0.00128899 0.00490962 0.00219244 0.00125953 -0.00243813 -0.00266846 -0.00216134 -0.00185699 -0.00363147 -0.00597546 0.000290405 -0.00476837 -0.00247103 -0.0100487 -0.00289812 -0.00239678 -0.00623423 -0.00316898 -0.00502369 -0.000623911 -0.000166806
internal_weight=99322.1 59031.7 40290.4 33084.8 38060.1 32559.1 8047.55 26146.2 20971.6 8798.8 6412.88 17347.4 13136.5 25037.2 24333.1 11996 11708 6406.84 3817.15 5301.13 3387.11 2370.46 1016.65 23704.7 20622.7 3081.94 16778.8 2832.2 8191.38 2589.69
internal_count=398780 236821 161959 132796 152758 130539 32285 104779 84063 35230 25760 69549 52640 100511 97686 48106 46950 25697 15319 21253 13591 9504 4087 95158 82737 12421 67337 11416 32796 10378
is_linear=0
shrinkage=0.05


Tree=26
num_leaves=31
num_cat=0
split_feature=25 89 71 23 64 22 35 39 36 51 23 23 25 22 3 39 24 64 28 22 45 24 51 26 51 15 89 24 44 98
split_gain=104.519 48.6262 33.9511 29.1332 23.6639 24.8258 23.4953 21.4961 30.289 20.0072 21.8934 18.4999 18.1804 18.0805 17.5356 16.9513 16.511 16.4344 17.4029 15.0227 14.9333 17.7608 16.5578 14.6186 14.5349 14.4336 17.5688 15.3075 14.4275 14.384
threshold=0.3775515000000001 0.54015970000000013 1.0000000180025095e-35 0.30147850000000004 10.500000000000002 0.59613400000000005 0.13601650000000001 0.044484211869444075 0.61660350000000019 2263.2364035745236 0.24387050000000002 0.30425600000000003 0.32294200000000001 0.51118150000000007 1.5000000000000002 0.053400472616409837 0.12650750000000002 10.500000000000002 0.32483750000000006 0.49570900000000001 6.0628492723463987 0.17068350000000002 2255.7566240014262 0.44930250000000005 2464.3874525981123 46.050000000000004 0.62316070000000001 0.15167350000000004 19.748584253508792 -0.0090331986542479519
decision_type=8 10 2 8 2 10 8 10 10 8 10 10 10 10 2 10 10 2 8 10 10 10 10 10 8 2 10 10 10 2
left_child=1 6 13 7 5 9 16 17 -9 11 12 19 -11 -2 29 -10 -1 18 -4 -3 21 -15 -22 -6 -12 -21 27 -27 -18 -8
right_child=2 4 3 -5 23 -7 14 8 15 10 24 -13 -14 20 -16 -17 28 -19 -20 25 22 -23 -24 -25 -26 26 -28 -29 -30 -31
leaf_value=-0.0035912199495875918 -0.0016421317421144201 -0.010815569540106155 -0.011773841920469602 -0.0077253664716163467 -0.014541154180356267 0.0075627168721356611 -0.0011143856362401136 -0.0024725248672435429 -0.01465532061663119 -0.0056726560817441773 -0.0052568064997703494 0.012304307171434959 0.0054439444547287738 0.0049303428711573909 -0.0022135017251003653 -0.0042227004233457216 0.0084540829137213572 -0.0094493690251422208 -0.00072967833291417658 -0.0031818235467967943 0.0013172422807539851 -0.0083268443607134104 -0.0058623988079809231 -0.00058346941981519886 0.0037535039671771579 -1.9346812584717759e-05 -0.009563701479875359 0.0078023651640465059 0.0024047832898019365 0.0013729053818099146
leaf_weight=690.24997092783451 12260.274418234825 316.52727517485619 357.89962668716908 3204.9023811370134 250.20496861636639 3393.1743604391813 9108.7464069873095 3143.9008924216032 1049.5875579714775 375.42634057998657 945.60056099295616 291.61541318893433 9117.202069953084 3180.7456497251987 8011.9752664119005 632.52490691840649 1589.3983187228441 604.15450513362885 11801.211685478687 1802.2512760907412 3058.1185824722052 265.37342667579651 1077.8545640408993 675.47098027169704 832.38906392455101 1260.8794130831957 260.46503961086273 1231.2454648464918 2600.106462225318 16024.136978104711
leaf_count=2765 49236 1269 1447 13021 1004 13752 36538 12636 4246 1507 3787 1176 36711 12729 32108 2548 6367 2433 47427 7224 12238 1062 4315 2716 3336 5057 1044 4938 10418 64161
internal_value=1.39035e-05 0.00136184 -0.00193562 -0.0033469 0.00330792 0.00367318 0.000299157 -0.00254517 -0.00538458 0.00286597 0.00404589 0.000287405 0.00499878 -0.000455709 -0.000178107 -0.0107805 0.00353462 -0.00146817 -0.00106417 -0.000455697 0.00146238 0.00388831 -0.000563434 -0.00447124 -0.00104111 0.000286352 0.00256043 0.00386074 0.00471441 0.000471368
internal_weight=99413.6 58777.1 40636.5 20794.2 20752.5 19826.8 38024.6 17589.3 4826.01 16433.6 11270.6 5162.98 9492.63 19842.4 33144.9 1682.11 4879.75 12763.3 12159.1 4871.37 7582.09 3446.12 4135.97 925.676 1777.99 4554.84 2752.59 2492.12 4189.5 25132.9
internal_count=399216 235878 163338 83758 83521 79801 152357 70737 19430 66049 45341 20708 38218 79580 132807 6794 19550 51307 48874 19532 30344 13791 16553 3720 7123 18263 11039 9995 16785 100699
is_linear=0
shrinkage=0.05


Tree=27
num_leaves=31
num_cat=0
split_feature=83 27 27 71 65 39 52 32 38 38 49 94 71 58 21 35 19 44 94 92 23 54 97 55 35 32 23 96 51 26
split_gain=84.0865 41.9975 37.1598 30.7372 33.7805 28.482 24.9233 22.5744 23.161 21.8442 21.0358 20.6171 24.0784 20.5824 20.1548 19.7035 23.0327 23.0226 18.0906 18.8718 18.0073 17.7216 16.9163 16.8622 16.402 15.8849 15.6933 15.6162 19.7779 14.2464
threshold=0.5230180060162567 0.31851150000000006 0.50581450000000017 1.0000000180025095e-35 1.0000000180025095e-35 0.037214716501138896 134.59924453545489 0.24852850000000001 0.11597650000000001 0.22751350000000001 121.39398244832503 0.35607750000000005 1.0000000180025095e-35 4797.5000000000009 8310.5000000000018 0.1409195 13.500000000000002 25.939237993744779 0.46762750000000003 0.039054499999999999 0.25696650000000004 131.35484922549423 0.90989156066893473 1611.83912380991 0.16361150000000005 0.15813450000000004 0.20819450000000003 0.54424805000000009 2195.3140806174238 0.43984150000000005
decision_type=2 10 8 2 2 10 10 10 10 10 10 10 2 8 2 8 2 8 10 10 10 8 2 10 10 10 10 10 8 10
left_child=1 -1 7 6 10 11 15 8 23 -9 14 12 21 -13 -5 -3 17 -17 22 -20 -12 -4 -18 -2 -15 -7 -6 -28 -29 -27
right_child=2 3 5 4 26 25 -8 9 -10 -11 20 13 -14 24 -16 16 18 -19 19 -21 -22 -23 -24 -25 -26 29 27 28 -30 -31
leaf_value=-0.0051284247337299617 -0.005905583576704637 0.0027051725483536421 0.0038317678118161783 0.0006667733152879938 0.0058965058325467631 0.0022296114805583087 0.011426021123579398 0.01402640256191477 0.00077713853051649762 -0.0016332462326025404 -0.00011924450857228791 0.0051431854600765626 0.0029395370961161123 0.00049565862292041984 0.011345277120584496 0.0096727688454048416 -0.0028439527552216386 0.00063760780721235262 -0.0038282867150617977 -0.017464429079670649 -0.0040087344188824495 0.010115858518683947 0.00073963426466931346 -0.00052936305921177289 -0.0097682289990517323 -0.0061450155150472455 -0.0066410984732543019 -0.0059038648352486836 0.0098246933677960217 0.00043828530549214727
leaf_weight=6424.319734454155 2809.7149873673916 5789.4044540822506 1710.7344246804714 4913.0088165104389 298.2774967700243 7750.3115252703428 489.66372640430927 522.59176117181778 10894.942752659321 379.46573634445667 5746.7755639851093 2282.1645464748144 4402.0261974781752 2205.2973758280277 475.72478203475475 929.4422206133604 5717.9281813055277 2832.3450494855642 1849.6087065339088 286.17684242129326 6162.9725839495659 3351.2590218037367 7739.8494278788567 3025.6573881655931 462.44388574361801 1221.4711233377457 5506.1812987923622 457.02349764108658 339.47968621551991 2466.5807396620512
leaf_count=25907 11279 23201 6879 19719 1197 31116 1970 2093 43641 1519 23065 9159 17736 8833 1910 3737 22916 11349 7475 1155 24852 13563 30982 12123 1852 4892 22190 1834 1364 9886
internal_value=-4.64727e-05 -0.00132806 0.00160266 -0.000834235 -0.00212378 0.0028094 0.000368396 -0.000167218 -0.00058448 0.00749323 -0.000961324 0.00428711 0.00565386 0.0016678 0.00162875 0.000148605 -0.000617095 0.00288969 -0.00146438 -0.00572829 -0.00213362 0.00800385 -0.000783938 -0.00312367 -0.00131339 0.000945159 -0.00516407 -0.00569603 0.000838542 -0.0017528
internal_weight=99442.8 55958.2 43484.7 49533.9 23899.4 25852.3 25634.4 17632.4 16730.3 902.057 17298.5 14413.9 9464.02 4949.91 5388.73 25144.8 19355.4 3761.79 15593.6 2135.79 11909.7 5061.99 13457.8 5835.37 2667.74 11438.4 6600.96 6302.68 796.503 3688.05
internal_count=399394 224823 174571 198916 96131 103916 102785 70655 67043 3612 69546 58022 38178 19844 21629 100815 77614 15086 62528 8630 47917 20442 53898 23402 10685 45894 26585 25388 3198 14778
is_linear=0
shrinkage=0.05


Tree=28
num_leaves=31
num_cat=0
split_feature=23 29 25 22 20 20 19 61 61 20 25 20 41 21 21 46 25 96 87 54 0 29 93 64 93 97 57 35 85 57
split_gain=102.483 49.6488 31.4015 24.0065 22.6121 23.5206 22.2305 22.2061 20.886 18.7834 20.7246 25.1249 18.7595 23.2289 17.5441 17.3105 17.2634 19.1787 16.6806 16.522 15.6844 15.0799 14.9927 14.4757 14.3014 14.1825 21.7529 14.1364 14.0007 13.9852
threshold=0.24270050000000001 0.59381800000000007 0.37358850000000005 0.44640900000000006 13.500000000000002 12.500000000000002 13.500000000000002 1.0000000180025095e-35 1.0000000180025095e-35 13.500000000000002 0.43502900000000005 12.500000000000002 0.080319181111713503 1497.5000000000002 5900.5000000000009 1.7741544966581215 0.35753300000000005 0.31400804500000007 -0.16650799999999999 131.39930408645191 5.5000000000000009 0.41362750000000009 0.098299000000000011 4.5000000000000009 -0.031860099999999988 0.85780567697754218 16.121929406309061 0.17837700000000004 0.52672548456740831 2.8168567936021431
decision_type=8 8 10 10 2 2 2 2 2 2 10 2 8 2 2 8 10 10 8 8 2 10 10 2 10 2 10 10 2 8
left_child=1 2 4 27 5 28 7 -6 -3 10 11 14 13 -4 -5 -13 17 -11 -18 -10 -17 -19 -15 -8 -14 26 29 -2 -1 -20
right_child=3 8 12 9 6 -7 23 -9 19 16 -12 15 24 22 -16 20 18 21 25 -21 -22 -23 -24 -25 -26 -27 -28 -29 -30 -31
leaf_value=-0.0012117609398854057 -0.004212219445545594 0.0058186248474567433 -0.0052359701513081036 -0.00018072751465362562 0.0049838410896379873 0.007256259276043682 0.0011575215711281314 -0.0091003533933296799 0.002957228675842573 0.0059680658227390746 -0.0090077150320468629 0.00063746723550641891 -0.0059967389288813448 -0.0010838796988180224 -0.0089755720936384419 0.0010002850898988488 -0.011610858657586461 -0.009740410356012183 0.0052249957918477797 -0.0076001178855690981 0.0097026142388643554 -0.00051855413220032529 0.006769220647567159 -0.0017563995388669687 0.0035090165678679994 -0.0016972645969929362 0.0068174624340171215 -0.015510879220498817 0.0060824311939195134 -0.0060314472844611331
leaf_weight=2055.4479452371597 6597.9044525325298 7317.6405211985111 3613.9411327838898 2431.306814044714 4239.4847262948751 3234.7575295269489 12534.082264304161 290.54677119851112 1188.3960045725107 1085.079010695219 518.04184241592884 2510.4844290316105 444.39963439106941 11002.391439110041 729.68727943301201 799.61676931381226 531.85920016467571 466.05677475035191 283.51640743017197 526.51004986464977 1472.1098851114511 6466.5983668863773 633.34758476912975 6445.5546154230833 3087.3219913989305 11931.882767155766 377.28407211601734 280.82236076891422 955.83417604863644 5350.8346710205078
leaf_count=8241 26747 29565 14512 9758 17054 12973 50237 1163 4765 4359 2084 10072 1781 44117 2925 3207 2145 1873 1136 2112 5903 25906 2540 25829 12371 47914 1517 1140 3833 21516
internal_value=-0.000113987 0.00125448 0.000620622 -0.00199709 0.0016308 0.0043025 0.000919451 0.00406246 0.00465612 -0.00146491 0.000585526 0.00122172 -0.000979829 -0.00174027 -0.00223284 0.00350504 -0.00211974 -0.000181863 -0.00296016 -0.000309355 0.00665732 -0.00115164 -0.00065098 0.000167539 0.00229934 -0.00269742 -0.00467642 -0.00469533 0.00111601 -0.00545678
internal_weight=99402.7 57569.7 48537.1 41833.1 29755.7 6246.04 23509.7 4530.03 9032.55 34954.4 8461.25 7943.21 18781.4 15249.7 3160.99 4782.21 26493.1 8017.73 18475.4 1714.91 2271.73 6932.66 11635.7 18979.6 3531.72 17943.5 6011.64 6878.73 3011.28 5634.35
internal_count=399295 231093 194651 168202 119330 25047 94283 18217 36442 140315 33949 31865 75321 61169 12683 19182 106366 32138 74228 6877 9110 27779 46657 76066 14152 72083 24169 27887 12074 22652
is_linear=0
shrinkage=0.05


Tree=29
num_leaves=31
num_cat=0
split_feature=89 95 72 20 20 61 38 39 65 39 84 48 33 1 38 64 46 32 41 99 22 27 94 20 52 37 65 8 86 31
split_gain=70.7602 50.3886 46.3924 35.1334 37.2318 48.4615 28.2988 25.5544 24.392 26.9622 23.5793 22.7152 20.8799 21.167 20.6483 23.1931 20.3755 17.1446 21.0429 16.7019 15.8383 15.785 15.7757 15.4787 15.3923 19.058 19.3374 18.8386 18.79 19.6352
threshold=0.53650455000000019 0.079884000000000024 3.5000000000000004 13.500000000000002 12.500000000000002 1.0000000180025095e-35 0.16443650000000001 0.02925478742570117 1.0000000180025095e-35 0.035564706961301394 0.54353428503424117 0.45198870748888231 174.50000000000003 3.5000000000000004 0.30837300000000006 7.5000000000000009 1.8095175437801856 0.14943800000000004 0.080129457541379193 0.037717500000000008 0.45498700000000009 0.55612850000000014 0.45155100000000009 15.500000000000002 131.75389813149175 0.43053250000000004 -1.0000000180025095e-35 5.5000000000000009 0.02506149999999999 0.16465750000000004
decision_type=10 10 2 2 2 2 8 8 2 8 2 10 2 2 10 2 10 10 10 10 10 10 10 2 8 10 2 2 10 10
left_child=2 10 8 4 12 -6 7 -5 23 -10 11 -2 -4 16 15 -8 22 18 21 -3 -15 -9 -14 -1 25 26 -19 -27 29 -26
right_child=1 19 3 6 5 -7 14 17 9 -11 -12 -13 13 20 -16 -17 -18 24 -20 -21 -22 -23 -24 -25 28 27 -28 -29 -30 -31
leaf_value=-4.2673996075711655e-05 0.00023950906397956963 0.0041126239633931128 -0.014149292269201148 0.0056619273953397789 0.0068221506931743312 -0.00074073796112469317 0.0025199290443951809 -0.0023619350128769537 0.0003645766032155813 -0.01121297268644459 0.0029202582277056809 -0.0050101312106587623 0.0010793488104317724 -0.0069835842296576897 -0.0021342136920052077 -0.0032339810646752828 -0.0095745319589144017 -0.001553058220807718 0.0056655374412897808 -0.003106469041441357 0.0039579242608473314 0.0044194643616174787 -0.011605610404560934 -0.0048441756134911572 -0.0064965160503952166 0.0054136518317716873 -0.0067560687232164525 -0.0051165234114039235 -0.0055232313048605326 0.0019742440860534842
leaf_weight=3214.2288710474968 5170.4270017743111 16599.081136956811 289.45532217621803 1018.6166702061892 5307.2240821123123 3517.6790238469839 10621.772604629397 7025.9120478481054 676.19294790923595 1945.0192760825157 3693.6516316235065 3415.0727598369122 1740.0105403214693 372.93805269896984 5320.555459305644 2087.809120953083 944.04800572991371 2449.393370911479 1151.5712014138699 834.80985364317894 2444.7466617971659 967.97377929091454 275.06548163294792 3503.4604349583387 830.2336287945509 886.73472246527672 6653.5456160008907 796.99939239025116 1893.4322883933783 3672.6057491600513
leaf_count=12950 20723 66914 1163 4081 21275 14145 42568 28226 2724 7861 14829 13687 6971 1510 21314 8370 3789 9844 4627 3352 9797 3882 1111 14117 3335 3554 26755 3197 7606 14742
internal_value=-4.16229e-06 0.00203811 -0.000876109 -0.000367686 0.00173893 0.00381009 -0.00105923 -0.00207282 -0.0041533 -0.00823628 -0.0004153 -0.00185205 -0.00127541 -0.000607006 0.000478405 0.00157293 -0.0035546 -0.0023741 -0.000624253 0.00376536 0.00249017 -0.00153628 -0.000700955 -0.00255027 -0.00330454 -0.00445631 -0.0053593 0.00042839 -0.00135825 0.00040147
internal_weight=99320.3 29713 69607.2 60268.3 14891.2 8824.9 45377.2 27347 9338.9 2621.21 12279.2 8585.5 6066.26 5776.81 18030.1 12709.6 2959.12 26328.4 9145.46 17433.9 2817.68 7993.89 2015.08 6717.69 17182.9 10786.7 9102.94 1683.73 6396.27 4502.84
internal_count=399019 119505 279514 241862 59761 35420 182101 109849 37652 10585 49239 34410 24341 23178 72252 50938 11871 105768 36735 70266 11307 32108 8082 27067 69033 43350 36599 6751 25683 18077
is_linear=0
shrinkage=0.05


Tree=30
num_leaves=31
num_cat=0
split_feature=64 84 26 71 44 71 47 25 19 37 72 87 35 52 67 38 30 94 23 52 37 24 38 81 43 23 81 93 40 42
split_gain=66.5116 64.6697 31.0673 26.9141 31.1865 26.6679 29.2395 29.9814 27.6952 34.9587 25.7794 24.8304 23.3342 23.5727 20.7441 19.7322 18.5017 17.7039 17.4897 17.0822 16.7312 15.8719 15.8489 15.3844 21.1219 15.5965 15.04 19.3154 14.9869 20.9568
threshold=9.5000000000000018 0.52335526317499304 0.40763900000000003 1.0000000180025095e-35 27.380987387308977 1.0000000180025095e-35 1.1473403093205496 0.35680250000000008 18.500000000000004 0.42289500000000008 3.5000000000000004 -0.013203499999999977 0.14041150000000005 117.44812538777613 1.0000000180025095e-35 0.040471750000000008 0.19552700000000003 0.46762750000000003 0.21049200000000004 128.410189602727 0.17067800000000002 0.22359450000000003 0.11935050000000001 6.7196166547602783 2128.4513858667374 0.18600550000000002 6.7196166547602783 0.026632500000000007 0.084668697254059483 131.70338299292425
decision_type=2 2 10 2 10 2 8 10 2 10 2 10 8 8 2 10 8 8 10 8 8 10 10 2 8 10 2 10 10 8
left_child=1 3 19 12 15 8 7 -7 9 16 -2 -11 -1 -14 20 -5 26 -15 -17 -3 -6 -20 -18 24 25 -8 27 -4 29 -25
right_child=10 2 5 4 14 6 23 -9 -10 11 -12 -13 13 17 -16 18 22 -19 21 -21 -22 -23 -24 28 -26 -27 -28 -29 -30 -31
leaf_value=0.0030287045349592779 -0.012599925805820977 -0.00083915634194010468 -0.00099791472073340495 -0.0046658825105691483 0.00081462075363190336 0.014139608682689278 -0.0013552780262380789 -0.004126132130671931 -3.9705333955405044e-05 0.0017539978388358335 -0.0035084941476694722 -0.015449728552415588 0.014212648569918716 -9.1368827367426412e-05 -0.00025507325594282642 0.0064273121125283193 -0.0042308859129157831 -0.0044734762369967492 7.2663010017039748e-05 -0.010191542324484465 -0.0060348110523104591 -0.012204614715758413 0.0038789784540384717 -0.006026031959667083 2.4368327704090841e-05 -0.015480930023462272 0.00718523856884354 0.013252948808854746 0.0054843235915940447 0.0010647179421081788
leaf_weight=6211.3978207111359 885.75003160536289 1593.1421347111464 1226.2356336116791 2303.4407319128513 1014.5858493447304 763.1238084435463 328.33922669291496 311.32589326798916 4056.5480051636696 524.21428649127483 6170.9334683418274 337.66174799203873 260.52047784626484 18342.086654648185 2872.8901319652796 1074.5246473550797 753.13178281486034 2626.1689889878035 11358.935267582536 695.31058268249035 7213.3560565859079 259.49031369388103 2867.385809391737 1135.4354458451271 1617.1337986141443 480.32721735537052 8463.6888315528631 284.62672467529774 1645.3521601855755 11537.228562355042
leaf_count=24902 3578 6389 4925 9296 4082 3071 1319 1247 16254 2099 24792 1353 1057 73491 11577 4308 3021 10630 45641 2795 29114 1048 11517 4557 6499 1926 34081 1141 6619 46317
internal_value=9.00578e-06 0.000367437 0.00192664 -0.000757477 -0.00190671 0.00228278 0.000901199 0.0088578 0.00361127 0.00463504 -0.00466586 -0.00508589 0.000335806 -0.000453173 -0.0039144 -0.000418927 0.00525459 -0.000642077 0.000354851 -0.00371271 -0.00519025 -0.000211802 0.00218498 0.000385642 -0.00328829 -0.00983217 0.00636548 0.00175625 0.00100995 0.000425156
internal_weight=99214.3 92157.6 38620.2 53537.4 26097.2 36331.8 17818.3 1074.45 18513.5 14456.9 7056.68 861.876 27440.2 21228.8 11100.8 14996.4 13595.1 20968.3 12693 2288.45 8227.94 11618.4 3620.52 16743.8 2425.8 808.666 9974.55 1510.86 14318 12672.7
internal_count=398646 370276 155130 215146 105066 145946 71555 4318 74391 58137 28370 3452 110080 85178 44773 60293 54685 84121 50997 9184 33196 46689 14538 67237 9744 3245 40147 6066 57493 50874
is_linear=0
shrinkage=0.05


Tree=31
num_leaves=31
num_cat=0
split_feature=3 94 61 20 44 97 49 56 87 95 65 91 93 42 72 39 42 31 20 91 21 72 48 23 45 65 93 37 36 58
split_gain=50.9386 49.3492 42.2555 42.1329 28.8377 27.8592 25.8166 20.728 20.8654 20.5906 19.6784 19.481 23.9936 19.2767 18.4896 18.3154 18.9563 17.4064 16.9162 18.4917 18.3921 16.589 17.25 22.7462 17.5803 16.7789 16.8736 17.7168 15.8663 15.6426
threshold=2.5000000000000004 0.3693800000000001 1.0000000180025095e-35 13.500000000000002 25.232653062535629 1.0556231679024848 127.02305648672392 2.6476021763131254 -0.014401000000000051 0.051692499999999982 -1.4999999999999998 0.053223000000000013 0.0025099999999999988 145.09249437257921 3.5000000000000004 0.044877404522006538 141.60620824411509 0.17113200000000003 13.500000000000002 0.087737000000000023 2012.5000000000002 3.5000000000000004 0.36353882610540328 0.33634750000000008 25.389818356730441 -1.0000000180025095e-35 -0.0038024999999999999 0.32708950000000009 0.70062200000000019 3675.0000000000005
decision_type=2 8 2 2 8 2 8 10 10 10 2 10 10 10 2 10 10 8 2 10 2 2 10 10 10 2 8 10 10 10
left_child=1 2 6 4 7 13 18 8 -3 -4 -8 -12 -13 21 -2 16 -6 -7 19 -1 -20 28 23 24 -23 -24 27 -27 -5 -16
right_child=14 3 9 5 15 17 10 -9 -10 -11 11 12 -14 -15 29 -17 -18 -19 20 -21 -22 22 25 -25 -26 26 -28 -29 -30 -31
leaf_value=0.0028776363234853013 -0.0098878893580252071 0.0055709255789010963 -0.00022955048606189966 -0.0048253449535903756 0.00083571113279141864 0.0094690678140400292 -0.0033778995292952484 0.0074861459371211555 -0.0078228439721064452 -0.0072638796365610799 0.006554541029844773 -0.0091037869553481365 0.0038488709738368019 0.0095949400666551637 -0.0010979606499206156 -0.0038081679477892324 0.010290916331717782 -0.00090916247702459542 -0.0028181449426668797 0.011814201884001622 0.0016809673952657004 0.00025286595279140254 2.204063660071815e-05 -0.007256641806483036 0.012698134785739688 0.00173466473207573 -0.0044597463373702772 -0.004689303284322946 0.0062728337503677447 -0.0060214724995470148
leaf_weight=2957.40466183424 1029.4369798749685 648.59975296258926 3604.3197446912527 5164.1241856068373 7223.433421626687 955.43055330216885 690.40282644331455 3096.4971285760403 510.67071810364723 1452.7968104183674 7283.3003474473953 444.22361201047897 1671.2044433653355 379.33744297921658 4826.2194323837757 2013.2449940741062 562.31587012112141 691.98615309596062 2766.0449745804071 713.30760735273361 12499.9756578058 15001.154072657228 5879.4607778340578 1000.6288276612759 279.24757830798626 2818.0793523639441 8799.595554202795 1720.0665402114391 334.99497073888779 2417.753600910306
leaf_count=11878 4162 2605 14467 20861 29033 3858 2785 12410 2051 5830 29374 1783 6726 1531 19396 8097 2254 2770 11100 2861 50187 60185 23587 4069 1129 11304 35336 6910 1347 9709
internal_value=0.000107487 0.000448555 0.00195374 -0.000450404 0.00192548 -0.00122681 0.00268853 0.00535697 -0.000345613 -0.0022607 0.0047305 0.00532908 0.00109888 -0.0014811 -0.00364662 0.000431222 0.00153093 0.00513058 0.00159869 0.00464161 0.000864464 -0.0015859 -0.00118933 8.28328e-06 0.000488458 -0.00220343 -0.00318373 -0.000705131 -0.00413911 -0.00274727
internal_weight=99435.3 91161.8 34083 57078.9 14054.8 43024.1 29025.9 4255.77 1159.27 5057.12 10089.1 9398.73 2115.43 41376.7 8273.41 9798.99 7785.75 1647.42 18936.7 3670.71 15266 40997.4 35498.2 16281 15280.4 19217.2 13337.7 4538.15 5499.12 7243.97
internal_count=399595 366328 136991 229337 56450 172887 116694 17066 4656 20297 40668 37883 8509 166259 33267 39384 31287 6628 76026 14739 61287 164728 142520 65383 61314 77137 53550 18214 22208 29105
is_linear=0
shrinkage=0.05


Tree=32
num_leaves=31
num_cat=0
split_feature=25 89 20 20 64 89 87 91 83 0 61 45 19 90 71 46 31 99 38 40 86 91 29 16 53 55 89 1 1 54
split_gain=61.8224 32.8669 28.2254 33.8047 24.4899 22.8884 22.4189 21.9527 20.4606 19.8285 28.8913 16.9009 15.72 16.6995 15.6888 17.1189 17.5748 15.459 15.3306 15.2706 17.4881 15.3498 25.5854 15.5472 15.1325 16.3995 16.1023 14.8554 14.7407 14.6049
threshold=0.3775515000000001 0.55410515000000016 13.500000000000002 12.500000000000002 10.500000000000002 0.44605140000000004 0.0056205000000000291 0.058863500000000006 0.47307393055733443 4.5000000000000009 1.0000000180025095e-35 -16.687573277436673 15.500000000000002 0.068044850000000004 1.0000000180025095e-35 1.6016415774719674 0.29860400000000004 0.051107500000000021 0.20154750000000002 0.063023378138374886 0.11919950000000003 -0.030064999999999991 0.53620100000000015 0.10500000000000002 2474.2013139620435 1317.9321976341519 0.49075335000000009 3.5000000000000004 3.5000000000000004 120.92817193669602
decision_type=8 10 2 2 2 8 10 8 2 2 2 8 2 10 2 8 10 10 10 8 10 10 10 2 10 10 10 2 2 8
left_child=1 2 3 24 11 6 14 19 -9 -5 17 -3 -13 -14 15 -2 -17 -11 29 -4 21 -21 23 -23 25 -1 -26 -22 -27 -7
right_child=5 4 7 9 -6 18 -8 8 -10 10 -12 12 13 -15 -16 16 -18 -19 -20 20 27 22 -24 -25 26 28 -28 -29 -30 -31
leaf_value=0.002312404787662242 0.0091631834817655407 -0.0086805407918956953 -0.0010479679355809904 -0.0010002727392577242 -0.005930241634256499 -0.0071815372730810491 -0.0101000453547282 -0.013310957247566122 -0.0019195040651472609 0.010302639788157986 -0.003106770490455546 0.005038227015637815 0.0030201071183464136 -0.0028767479990685556 -0.0042274111609346019 -0.0020426862280235763 0.011030198253038609 0.0019522536016220175 0.0022081000519687845 -0.00038035861224881232 -0.01386874954294069 0.010987549770749318 0.010245435597631115 0.0014533392338036907 0.012832144607324143 -0.0093694067843567985 -0.00087069222902367508 0.0018120779286301101 -0.00079857352322635115 -0.00090546929606994493
leaf_weight=1198.6429224461317 392.2454394698143 281.0169733017683 10054.935399770737 976.82719592750072 748.08224345743656 960.2470039576292 1063.5251168906689 401.20724807679653 9773.4893884211779 2809.8341410458088 608.0143656283617 8012.148784071207 6062.5503934025764 1488.0191459804773 7053.5734502524137 5950.1567194014788 258.82108062505722 696.51630441844463 3919.152534738183 4438.8568580895662 321.40430074930191 449.8259766548872 1124.592455804348 6189.9216049611568 371.51061075925827 989.27766309678555 486.73961682617664 273.72602596879005 1011.4984876960516 20949.254804193974
leaf_count=4803 1574 1126 40296 3916 3009 3859 4321 1619 39169 11262 2436 32442 24414 5972 28582 23949 1040 2792 15709 17802 1289 1804 4510 24820 1488 3965 1950 1098 4053 84096
internal_value=-6.39818e-05 0.000972153 0.000230307 0.0026863 0.00285667 -0.00156562 -0.00313865 -0.000450621 -0.00238132 0.00539558 0.00691282 0.00327504 0.00349635 0.00185572 -0.00258945 -0.000835508 -0.00148088 0.00865415 -0.000668373 0.000409628 0.0015547 0.00196469 0.00330412 0.00211481 -0.000717958 -0.00230057 0.00514033 -0.0067457 -0.00506192 -0.00118369
internal_weight=99315.6 58768.6 42176.8 9148.86 16591.8 40547 14718.3 33028 10174.7 5091.19 4114.36 15843.7 15562.7 7550.57 13654.8 6601.22 6208.98 3506.35 25828.7 22853.3 12798.3 12203.2 7764.34 6639.75 4057.67 3199.42 858.25 595.13 2000.78 21909.5
internal_count=399165 236035 169072 36665 66963 163130 59466 132407 40788 20406 16490 63954 62828 30386 55145 26563 24989 14054 103664 91619 51323 48936 31134 26624 16259 12821 3438 2387 8018 87955
is_linear=0
shrinkage=0.05


Tree=33
num_leaves=31
num_cat=0
split_feature=22 25 24 34 64 56 64 91 28 20 52 32 20 46 32 53 25 53 72 33 31 83 55 29 97 21 46 47 79 52
split_gain=58.0824 30.8784 29.1354 24.262 25.0532 26.4211 22.4648 20.3112 19.9809 19.5804 18.9976 18.9034 18.8069 17.2073 17.1122 27.8138 15.9697 15.8184 15.6321 15.6312 16.4552 15.3444 15.131 15.0863 16.8257 15.1998 14.3263 13.6795 13.1379 12.1539
threshold=0.50533250000000007 0.33776950000000006 0.15835850000000004 0.48077000000000009 10.500000000000002 2.0383018477309878 9.5000000000000018 -0.010836500000000004 0.39564350000000009 13.500000000000002 132.0677087772448 0.16863300000000001 12.500000000000002 2.0601088169748039 0.21956900000000004 2485.873527886672 0.43502900000000005 2184.2218987025476 3.5000000000000004 6539.5000000000009 0.24462300000000003 0.47592030350763997 1569.8731377261631 0.43850200000000006 0.94061999046761235 6030.5000000000009 1.9606219933880487 1.6167228077869014 48.850000000000001 121.20480362692535
decision_type=10 10 10 8 2 8 2 8 10 2 10 8 2 10 10 8 10 8 2 2 10 2 8 10 2 2 10 8 2 8
left_child=6 2 7 -3 5 -5 8 -2 14 12 -6 -8 17 18 -1 -16 -14 -10 29 23 -21 -19 26 24 -11 27 -20 -25 -26 -7
right_child=1 3 -4 4 10 13 11 -9 9 19 -12 -13 16 -15 15 -17 -18 21 22 20 -22 -23 -24 25 28 -27 -28 -29 -30 -31
leaf_value=-0.0049675327926959915 0.0089097162028472163 -0.0039411040077430527 0.00018078761233600955 -0.0050083967626821787 -0.0062476464838017989 -0.0088799286769886826 -0.0015444121184605909 0.0031088548572208302 -0.010478027488882337 -0.0063048007803226313 0.0072329796107613855 -0.0095484942525851137 0.0048322389840789138 0.0084906849994950302 -0.0035951816581315842 0.0097983754917275005 -0.0044758569338966018 -0.006698389793205646 0.00028091985053554225 -0.0024215801859780138 -0.0112482705932654 0.0023725545490679931 0.0021754154772664082 0.0077922558624977786 0.0074027426817512114 -0.0031782465555592098 -0.010930351109575857 0.00082250714947786356 -0.0035603628224536166 -0.00071125099299033543
leaf_weight=5298.3932229429483 2670.2834945619106 2948.1908895522356 4065.2378659248352 1749.8444258719683 1925.7931400537491 499.94569705426693 1433.31847473979 3492.8148479759693 407.96517764031887 1897.2710588127375 293.58399729430676 1519.9384458959103 3857.1969401836395 794.06628969311714 1193.3209016919136 561.8850300014019 515.19981016218662 616.45800349116325 11795.890596538782 7937.0930261164904 556.93264943361282 1812.6172047108412 24307.077107220888 757.67496131360531 496.00692901015282 2243.746443271637 281.99444481730461 8536.8304028213024 585.02371536195278 4276.7792812436819
leaf_count=21451 10830 11829 16331 7040 7725 2011 5783 14130 1639 7662 1177 6132 15480 3186 4822 2271 2079 2488 47291 31910 2242 7266 97509 3048 2002 9013 1133 34274 2358 17154
internal_value=-2.62193e-05 0.000971227 0.00346805 0.000448081 0.000730644 0.000994164 -0.00149155 0.00563255 -0.00115808 -0.000598257 -0.00443996 -0.00568216 0.00167396 0.00124565 -0.00355233 0.000723648 0.00372775 -0.00149329 0.00110385 -0.00131058 -0.00301287 5.24784e-05 0.00145692 -0.00031314 -0.00347944 0.000506465 1.03333e-05 0.00139844 0.00149156 -0.00158297
internal_weight=99328.4 59101.5 10228.3 48873.2 45925 43705.6 40226.9 6163.1 37273.6 30220 2219.38 2953.26 7209.44 41955.8 7053.6 1755.21 4372.4 2837.04 41161.7 23010.6 8494.03 2429.08 36385 14516.6 2978.3 11538.3 12077.9 9294.51 1081.03 4776.72
internal_count=399266 237346 41291 196055 184226 175324 161920 24960 150005 121461 8902 11915 28952 168284 28544 7093 17559 11393 165098 92509 34152 9754 145933 58357 12022 46335 48424 37322 4360 19165
is_linear=0
shrinkage=0.05


Tree=34
num_leaves=31
num_cat=0
split_feature=84 86 94 20 39 97 21 20 79 39 65 21 94 53 38 28 46 34 33 97 9 93 30 28 89 97 20 50 86 32
split_gain=59.6025 27.9421 27.3002 23.1102 25.2337 24.4475 22.8832 21.1013 23.6183 20.9124 20.8647 20.4175 19.857 19.3288 22.3264 19.099 19.9535 18.5993 18.0731 17.0346 16.159 15.8286 20.9327 15.7334 15.5163 15.4253 16.4837 14.4194 14.3176 14.3163
threshold=0.52657212374165363 -0.086495499999999989 0.48540150000000004 13.500000000000002 0.044877404522006538 1.0600063114217146 8407.5000000000018 12.500000000000002 92.15000000000002 0.028993227787685056 1.0000000180025095e-35 402.50000000000006 0.34168250000000006 2256.6868322619753 0.024892500000000005 0.58347550000000015 1.8308642000386575 0.50124550000000012 6539.5000000000009 0.9932570024328089 3.5000000000000004 0.008747500000000007 0.2802440000000001 0.32483750000000006 0.5769799000000001 1.0349906540353475 13.500000000000002 141.02715911493513 -0.0062780000000000049 0.11909100000000002
decision_type=2 8 8 2 10 2 2 2 2 10 2 2 10 8 10 10 8 10 2 2 2 10 10 10 10 2 2 8 10 8
left_child=2 20 3 4 7 9 -7 8 24 15 -4 -9 13 -3 -15 16 -5 19 23 -11 -2 22 -18 -19 27 26 -14 -1 -10 -29
right_child=1 12 10 5 -6 6 -8 11 28 17 -12 -13 25 14 -16 -17 21 18 -20 -21 -22 -23 -24 -25 -26 -27 -28 29 -30 -31
leaf_value=-0.0062629396009989098 0.00020446089144341754 0.000645060393864015 -0.0026046756320373772 0.010481836146308468 -0.0029098239702401718 -0.00071219359961343905 0.012556133682556373 -0.0012223160730831985 -0.017479760998038663 -0.0066093765644824991 -0.010545073315779564 0.0052842933121140957 0.006064128495602731 -0.0077270656179487243 0.0054180744910564942 -0.0085438825078360866 -0.00021718449518856009 -0.0089817101601704277 -0.0031457750183959822 -0.00080950775119354259 -0.0052991266383250494 0.0037771083060284005 -0.013495321015432002 -0.00021610270233926679 0.012445149393115047 -0.0019929125350665808 0.00096402729527603767 -0.0083479752896879027 -0.0015754905329159108 0.002646153062773323
leaf_weight=734.45617938041687 9594.0351820886135 3553.2897397428751 2710.0321264863014 522.34902310371399 3247.6863219887018 699.85946026444435 594.98804058134556 1550.8048598915339 293.81710775196552 3841.8169051259756 1187.2597620338202 5356.3846458643675 1991.7985001504421 326.20231264829636 9266.3164329230785 535.43190950155258 5621.4793034344912 519.31121401488781 10815.559878721833 1890.4232532531023 1538.9300125837326 2562.6526920497417 303.3874167650938 15597.186114996672 257.39385233819485 3166.8599978536367 7622.7026378661394 321.48878665268421 268.94247016310692 2780.2950525283813
leaf_count=2947 38474 14287 11015 2101 13061 2802 2415 6228 1180 15462 4839 21483 7992 1309 37444 2155 22541 2102 43476 7581 6172 10276 1220 62673 1038 12698 30604 1291 1079 11153
internal_value=-5.2663e-05 0.00153445 -0.000998196 -0.000726965 0.000978452 -0.00130767 0.00543416 0.00207206 -0.000529008 -0.00151573 -0.00504441 0.00382377 0.00243383 0.0037976 0.00496348 0.000542604 0.00109146 -0.0021172 -0.00156564 -0.00470139 -0.000560383 0.000501894 -0.000918695 -0.000503945 0.000799672 0.0010293 0.0020258 -1.20108e-05 -0.0100393 0.00148349
internal_weight=99273.1 37060.1 62213 58315.7 14811.3 43504.4 1294.85 11563.6 4656.39 42209.6 3897.29 6907.19 25927.2 13145.8 9592.52 9545.3 9009.87 32664.3 26932.1 5732.24 11133 8487.52 5924.87 16116.5 4093.63 12781.4 9614.5 3836.24 562.76 3101.78
internal_count=399098 148980 250118 234264 59460 174804 5217 46399 18688 169587 15854 27711 104334 53040 38753 38293 36138 131294 108251 23043 44646 34037 23761 64775 16429 51294 38596 15391 2259 12444
is_linear=0
shrinkage=0.05


Tree=35
num_leaves=31
num_cat=0
split_feature=94 39 65 26 25 25 94 42 34 13 26 44 55 53 36 64 55 40 58 50 92 55 35 28 88 88 35 55 87 34
split_gain=53.2402 31.062 29.712 28.7435 23.4148 21.1817 20.2228 17.3303 17.3182 16.8977 16.713 16.6072 16.4802 16.634 15.7832 14.0621 16.1961 14.3201 13.968 12.9269 12.8556 12.7204 12.6911 12.4862 12.1925 14.816 21.105 11.7524 11.7041 14.3034
threshold=0.38139450000000008 0.03438240576263165 1.0000000180025095e-35 0.39968100000000001 0.33199350000000005 0.35680250000000008 0.46762750000000003 130.51029809842998 0.50347150000000018 1.0000000180025095e-35 0.5000285000000001 18.79234180132358 1134.4115527978677 2565.5690424499667 0.51819350000000008 10.500000000000002 1808.4113650708589 0.044571490529101095 1199.0000000000002 142.35607117125673 -0.077610749999999978 1055.0290312337813 0.16338150000000004 0.30830000000000007 0.07971099999999999 0.002568499999999974 0.12409200000000002 1669.1884112903228 -0.039238999999999989 0.48853050000000003
decision_type=8 10 2 10 10 8 10 8 10 2 10 8 8 10 10 2 10 10 10 10 8 8 10 8 10 10 8 10 10 10
left_child=1 11 5 19 -5 10 8 14 -4 15 -2 -1 -10 -14 -7 17 -17 -6 -15 -3 -19 -9 -22 -23 25 -13 -27 -11 29 -24
right_child=2 3 6 4 9 7 -8 21 12 27 -12 24 13 18 -16 16 -18 20 -20 -21 22 23 28 -25 -26 26 -28 -29 -30 -31
leaf_value=-0.0058976312758376934 0.002134295467996808 -0.0032134284065020893 -0.0056724649522841 0.0056120299039606357 -0.0029511357308307745 0.0092636014609727025 -0.0073878106505240156 -0.010879260079471707 0.0079294042995577615 0.00099410821110272282 -0.0031926457741566893 0.0044531663645430179 -0.0023035924130294003 0.01348684191128734 -0.0017252921016462745 -0.0088927528428081291 0.0053748402094856628 0.0080201351054179255 0.00033847154653883548 -0.012875968917837419 0.0010031951676715326 -0.0076320356402079931 -0.0066572160602502636 -0.001057277785986148 0.0096269251840086396 -0.012302410313779211 0.0017991592770852348 0.0072113228245807423 -0.0060067666880912439 0.0041527123343189504
leaf_weight=477.94129064679146 10726.541541874409 1459.5538382977247 2754.6447241455317 2298.0408200770617 3135.7765831798315 739.47427643835545 2152.3058176636696 338.25280633568764 460.86138597130775 1662.378416493535 1697.4085153341293 8268.2452854067087 8871.9294465482235 297.20293100178242 574.55166058242321 845.46819524466991 251.76331648230553 570.05557127296925 591.34269689023495 448.40255427360535 15738.755296304822 734.70919743180275 448.28492817282677 24203.35645326972 759.29921239614487 270.56671945750713 4895.0637475252151 1396.3176258653402 1336.9959185868502 911.19725473225117
leaf_count=1914 43010 5865 11074 9372 12578 2981 8757 1364 1855 6668 6806 33202 35660 1193 2304 3392 1010 2290 2377 1805 63159 2986 1797 97382 3073 1088 19734 5606 5369 3652
internal_value=2.85631e-05 0.00129578 -0.00102879 0.00038615 0.000783333 -0.00029916 -0.00290898 -0.00109541 -0.00216097 0.00035939 0.00140453 0.00318546 -0.00121 -0.00164921 0.00448202 -0.00010106 -0.00560003 0.000173854 0.00483752 -0.00553959 0.000690743 -0.00138702 0.000459878 -0.00125396 0.00349526 0.00314178 0.0010382 0.00384656 -0.00270334 0.00056559
internal_weight=99316.7 45174.1 54142.6 30503 28595 39014.3 15128.3 26590.3 12976 26297 12424 14671.1 10221.3 9760.48 1314.03 23238.3 1097.23 22141.1 888.546 1907.96 19005.3 25276.3 18435.2 24938.1 14193.2 13433.9 5165.63 3058.7 2696.48 1359.48
internal_count=399323 181574 217749 122563 114893 156833 60916 107017 52159 105521 49816 59011 41085 39230 5285 93247 4402 88845 3570 7670 76267 101732 73977 100368 57097 54024 20822 12274 10818 5449
is_linear=0
shrinkage=0.05


Tree=36
num_leaves=31
num_cat=0
split_feature=71 94 89 61 68 40 20 20 2 19 40 38 47 21 46 86 55 21 84 34 87 38 20 85 86 79 43 41 41 40
split_gain=51.8981 33.4855 31.7308 27.7436 26.668 26.0739 24.3941 36.5274 27.4925 25.243 23.5974 22.681 21.4021 21.4301 18.2011 17.6405 17.2896 15.342 15.1879 15.151 15.1248 15.0432 14.9781 21.536 14.8864 18.1838 14.3725 14.8673 13.866 13.8263
threshold=1.0000000180025095e-35 0.38139450000000008 0.53650455000000019 1.0000000180025095e-35 1.0000000180025095e-35 0.082828149524162106 13.500000000000002 12.500000000000002 6.5000000000000009 13.500000000000002 0.084668697254059483 0.16162850000000004 1.0393755130698803 361.50000000000006 1.7536668091816461 -0.13742499999999999 2188.7866949641207 381.50000000000006 0.56072217766942634 0.55682100000000012 -0.04316649999999999 0.40834900000000002 13.500000000000002 0.51812704938637855 -0.17323749999999999 55.550000000000004 2051.2136574147185 0.064374921100200405 0.077596286098170417 0.079117720044025217
decision_type=2 8 10 2 2 10 2 2 2 2 10 8 8 2 10 10 10 2 2 8 10 10 2 2 10 2 8 8 8 10
left_child=2 3 6 10 15 -5 7 -1 -9 24 22 19 -4 -14 -7 -3 -6 -10 -12 -11 -15 -17 23 -2 25 -8 29 -28 -24 -13
right_child=1 4 12 5 16 14 9 8 17 11 18 26 13 20 -16 21 -18 -19 -20 -21 -22 -23 28 -25 -26 -27 27 -29 -30 -31
leaf_value=-0.0015867963413006185 -0.0010742867522257284 -0.006977475014993322 -0.0078960045530422091 -0.00092884948593052036 -0.0003899971052814814 -0.0039823390483538692 0.0017274246221622817 0.0027421580780494885 0.0011318536965697413 -0.0032429108976910399 0.0024230912071060303 0.0057747735457510281 -0.0036125440601959798 0.010426998135652867 -0.016833229838762759 -0.0030461074649443722 0.011495230591391049 0.013059209207199871 0.010645793860354889 0.0052728115192728084 0.0034331036863678426 0.0053999591026397597 -0.0014643455492659345 0.0070201608232074858 0.0033941920603646116 -0.011958561740709228 -0.0052826281247242554 0.00049877024934474195 0.0021327238927790876 -0.0064739435542580763
leaf_weight=3188.9985015690327 1508.6484065502882 2932.8635758012533 427.61376874148846 2460.6878817677498 7117.5696391761303 587.08095292747021 682.24603563547134 3594.5863896608353 343.01431757211685 10626.551594749093 1441.8729833066463 1774.8313178271055 1024.5995028764009 816.0583288371563 523.30504612624645 15214.108698755503 309.71931578218937 1285.3405879735947 918.39010637998581 540.51283805072308 12813.218544870615 537.24705594778061 9395.2678646445274 1788.6366083174944 5274.1397403925657 364.94672460854053 1338.04749815166 6343.2700178474188 3736.5500410497189 256.08660209178925
leaf_count=12795 6058 11872 1717 9897 28649 2362 2734 14413 1376 42706 5789 7105 4113 3289 2111 61335 1243 5151 3719 2170 51656 2154 37730 7186 21139 1464 5360 25409 15038 1025
internal_value=-2.86001e-05 -0.00119824 0.00108978 0.000221927 -0.002414 -0.00381168 0.000275459 0.00262693 0.00519785 -0.000452445 0.000990167 -0.00129055 0.00301122 0.00333467 -0.0101349 -0.003421 0.000120409 0.0105689 0.005654 -0.00282638 0.0038592 -0.00275479 0.000317113 0.00332456 0.00231347 -0.00311014 0.000476429 -0.00051388 -0.000439985 0.00420613
internal_weight=99166 48471.9 50694.1 22360.4 26111.5 3571.07 35612.6 8411.94 5222.94 27200.6 18789.4 20879.3 15081.5 14653.9 1110.39 18684.2 7427.29 1628.35 2360.26 11167.1 13629.3 15751.4 16429.1 3297.29 6321.33 1047.19 9712.24 7681.32 13131.8 2030.92
internal_count=398765 195143 203622 89890 105253 14370 142847 33735 20940 109112 75520 83775 60775 59058 4473 75361 29892 6527 9508 44876 54945 63489 66012 13244 25337 4198 38899 30769 52768 8130
is_linear=0
shrinkage=0.05


Tree=37
num_leaves=31
num_cat=0
split_feature=23 71 65 88 64 24 58 29 38 49 24 91 54 0 20 52 99 99 19 20 20 95 52 33 84 38 98 0 2 48
split_gain=50.0151 24.4399 24.5746 20.4301 19.6232 18.8571 18.7637 20.9734 18.4244 28.2455 19.2927 17.8344 16.7736 15.689 15.5095 19.2376 15.6606 15.5118 15.4585 14.5703 38.6061 14.4533 15.1753 14.1837 13.9879 20.1498 15.6207 14.5195 13.9506 15.56
threshold=0.23199350000000005 1.0000000180025095e-35 1.0000000180025095e-35 0.029184000000000047 10.500000000000002 0.18660850000000004 1015.5000000000001 0.60019900000000004 0.22751350000000001 119.19489760451211 0.1594305 0.061784350000000002 132.19519673159974 4.5000000000000009 13.500000000000002 123.6355135658968 0.026300499999999994 0.048242500000000015 13.500000000000002 13.500000000000002 12.500000000000002 0.0031165000000000225 128.79052002977841 690.50000000000011 0.4874205782355337 0.062932200000000008 -0.021389794735477721 8.5000000000000018 6.5000000000000009 0.45101756227338208
decision_type=8 2 2 10 2 10 8 8 10 8 10 10 8 2 2 10 10 10 2 2 2 10 10 2 2 10 2 2 2 10
left_child=4 3 8 19 6 13 -1 14 9 -3 23 -9 -6 -5 15 16 -8 -18 -16 20 -2 -17 -23 -11 25 -15 -26 -28 -22 -30
right_child=1 2 -4 5 12 -7 7 11 -10 10 -12 -13 -14 24 18 21 17 -19 -20 -21 28 22 -24 -25 26 -27 27 -29 29 -31
leaf_value=-0.0017847963624810321 -0.0038541333729797816 0.0094669778568172974 -0.0046682695144458809 -0.0018104075228338103 -0.0068114478362759122 -0.0087181893332290809 -0.0041658156550218881 0.0054349958199904937 0.0022041323367470492 -0.0082842929122416628 3.7221552788890734e-05 -0.0031787104467574053 0.0021032093853168695 0.0070668807158086981 0.0028969953628124067 -0.0067813731132402915 0.011559024454510045 -0.002155008799972406 5.6554994440039173e-05 -0.0013742457162561239 0.0028728432785090695 0.0080738081506416589 0.0026090024846082477 -0.0028712410918418259 0.012199905867337848 -0.0096536305703647692 0.0067608994203869873 -0.0032439012668128292 0.0036680840805153633 0.016556750769657139
leaf_weight=4138.7686171978712 1985.8395880907774 515.83587118983269 7056.8826380819082 981.31319713592529 1364.0894960463047 314.58624051511288 1292.9379840195179 5338.4062794595957 3260.6078299731016 1420.4159123748541 5473.0178359001875 670.39851835370064 850.42222811281681 364.57503135502338 6216.6671034991741 245.28766925632954 398.60973164439201 410.89590366184711 20762.256843239069 16627.26382407546 2349.0576556175947 2644.5544552206993 2463.0163308382034 8049.4243869185448 921.402075111866 337.32151986658573 1438.0311041623354 477.02332995831966 481.62030126154423 459.72915454208851
leaf_count=16636 7978 2070 28522 3934 5475 1264 5185 21639 13083 5733 22081 2709 3418 1468 25018 986 1598 1647 83287 66774 9420 10615 9899 32442 3696 1356 5776 1912 1932 1841
internal_value=1.62222e-06 -0.00105752 -0.00215579 1.66775e-06 0.00119014 0.00294015 0.00141856 0.00174674 -0.00120664 -0.00192701 -0.00232641 0.00447029 -0.00339395 0.00376907 0.00127031 0.00328742 -0.000762957 0.00465658 0.000711899 -0.000647921 0.00163925 0.00487674 0.00544877 -0.00369105 0.0053172 -0.000991488 0.00687632 0.00426489 0.00495627 0.0100704
internal_weight=99310.3 52513.9 25776.2 26737.8 46796.3 4834.25 44581.8 40443 18719.3 15458.7 14942.9 6008.8 2214.51 4519.67 34434.2 7455.3 2102.44 809.506 26978.9 21903.5 5276.25 5352.86 5107.57 9469.84 3538.35 701.897 2836.46 1915.05 3290.41 941.349
internal_count=399394 211282 103931 107351 188112 19406 179219 162583 75409 62326 60256 24348 8893 18142 138235 29930 8430 3245 108305 87945 21171 21500 20514 38175 14208 2824 11384 7688 13193 3773
is_linear=0
shrinkage=0.05


Tree=38
num_leaves=31
num_cat=0
split_feature=25 71 3 19 37 50 23 47 65 44 20 29 83 33 40 30 41 40 26 44 50 86 95 20 37 33 89 90 30 91
split_gain=46.0922 26.7703 26.2919 26.0013 26.2587 22.5706 22.25 21.8486 20.1048 18.4801 17.8727 17.1556 16.3754 20.7945 16.3582 15.2546 15.2498 15.1438 14.9138 14.7948 14.5555 15.4017 13.5411 12.7051 12.659 14.5217 12.5865 14.2288 12.5669 12.5499
threshold=0.3775515000000001 1.0000000180025095e-35 2.5000000000000004 19.500000000000004 0.42847850000000004 145.90568889590506 0.25271800000000005 1.2085053402093993 -1.0000000180025095e-35 9.9795637352554341 13.500000000000002 0.44417800000000002 0.51818203409090924 8793.5000000000018 0.035500876933737067 0.24519050000000003 0.066878210128599 0.11072100910216108 0.44639150000000005 32.92675152221225 141.38667360231611 0.031011500000000001 0.11916300000000001 12.500000000000002 0.28591100000000008 10914.500000000002 0.42779310000000009 0.078908050000000021 0.064866750000000015 -0.15718399999999996
decision_type=8 2 2 2 10 10 10 8 2 8 2 8 2 2 8 8 8 10 10 8 8 10 10 2 10 2 10 10 8 8
left_child=1 3 6 4 9 -4 7 18 26 -1 -5 19 15 14 -14 -11 -16 -9 -3 23 21 -12 -6 -10 -15 -26 -2 -28 -22 -13
right_child=8 2 5 10 22 -7 -8 17 11 12 20 29 13 24 16 -17 -18 -19 -20 -21 28 -23 -24 -25 25 -27 27 -29 -30 -31
leaf_value=0.013934755531552901 -0.002049825874128405 -0.0010955176156619273 -0.0081385224390462668 0.0040264845187942084 5.4541598441262248e-05 0.0055187232856678536 -0.0020751416808446428 0.0010099375740106015 -0.0086749347572849331 0.002238939829961711 -0.010826741640841306 0.0078812804365962011 -0.0075992307659805041 0.010077245352309654 0.0010990239081103889 -0.0034707541288864796 0.0049505134507585018 -0.0087446563978709861 0.012161556643857364 -0.0058789716424138229 -0.01087068357904869 0.0014778954248685764 -0.0089568155357247197 -0.0011759006451511249 0.0068053453668470987 -0.0048978543952756396 0.0025253440362952803 -0.0050288536674517326 5.3703652976624808e-05 -0.0011906088217113191
leaf_weight=386.93878622353077 2945.2827734053135 297.4657166749239 1639.5879644602537 1499.8274671882391 1265.4105737060308 363.01685918867588 7187.5951329320669 17194.249688655138 621.70221546292305 6345.8029522150755 810.14236664772034 378.82241941988468 344.03321222960949 1958.3723113536835 4428.6852802932262 1424.3353938609362 6137.5113136768341 397.37027667462826 716.38715097308159 4044.9954855144024 273.15792520344257 365.43918833136559 611.60630238056183 5386.3818361461163 1000.6019206047058 351.17800703644753 6622.3328316956758 678.71882931888103 3743.4939071238041 19841.489127054811
leaf_count=1562 11910 1192 6592 6014 5071 1459 28897 69087 2511 25443 3248 1522 1378 7902 17812 5712 24774 1594 2892 16415 1096 1465 2458 21779 4036 1414 26579 2723 15001 79710
internal_value=8.79215e-05 0.000982707 -0.000143589 0.00199405 0.00275508 -0.00564772 0.000285782 0.00119847 -0.00120919 0.00323166 -0.000764221 -0.00185698 0.00303709 0.00404525 0.00298722 0.00118919 0.00333878 0.000784752 0.0082992 -0.00354412 -0.00215314 -0.00702154 -0.00291362 -0.00196501 0.00751299 0.00375134 0.0007047 0.00181717 -0.000714376 -0.00101684
internal_weight=99261.9 58742.2 27795.7 30946.5 24254.5 2002.6 25793.1 18605.5 40519.7 22377.5 6692.06 30273.4 21990.5 14220.4 10910.2 7770.14 10566.2 17591.6 1013.85 10053.1 5192.23 1175.58 1877.02 6008.08 3310.15 1351.78 10246.3 7301.05 4016.65 20220.3
internal_count=399248 236099 111713 124386 97562 8051 103662 74765 163149 90033 26824 121937 88471 57316 43964 31155 42586 70681 4084 40705 20810 4713 7529 24290 13352 5450 41212 29302 16097 81232
is_linear=0
shrinkage=0.05


Tree=39
num_leaves=31
num_cat=0
split_feature=84 25 44 22 44 68 71 83 52 64 19 28 53 31 72 43 0 19 25 56 55 26 48 39 55 64 26 38 35 73
split_gain=45.6863 27.4115 24.161 25.6634 22.6852 22.1845 20.38 23.3805 20.7756 20.2228 19.9416 22.2397 19.707 18.4073 17.7943 15.6564 15.5123 18.2656 23.9226 16.4643 15.4318 15.0213 14.8174 14.7568 14.6438 14.4945 14.0627 14.0115 13.8721 13.871
threshold=0.538071059760037 0.33008350000000003 24.102065327584004 0.46350500000000006 36.951462399239283 1.0000000180025095e-35 1.0000000180025095e-35 0.4473268114099998 135.65726055835873 4.5000000000000009 13.500000000000002 0.5064240000000001 2565.5690424499667 0.18148800000000001 3.5000000000000004 2372.9716213220859 4.5000000000000009 13.500000000000002 0.37929100000000004 2.8718987510003378 1576.0730182931677 0.49950650000000002 0.44954341983527762 0.036753816388031803 1723.9293281962171 10.500000000000002 0.44015850000000006 0.04971190000000001 0.13873050000000001 1.0000000180025095e-35
decision_type=2 10 10 8 10 2 2 2 8 2 2 10 10 10 2 10 2 2 10 10 8 10 10 10 10 2 10 10 8 2
left_child=2 -2 3 27 14 6 7 -4 16 13 -11 24 29 15 -3 21 22 18 23 -20 26 -5 -9 -18 -12 -22 -16 -1 -19 -8
right_child=1 4 5 9 -6 -7 12 8 -10 10 11 -13 -14 -15 20 -17 17 28 19 -21 25 -23 -24 -25 -26 -27 -28 -29 -30 -31
leaf_value=-0.0062753444797131941 0.0067045013662160955 -0.0037182793873787967 -0.0096656066934567367 0.0018078990477521041 0.0050585187167024592 0.00058154333019714286 -0.0050790289598903028 -0.00011592631673405383 0.013031875758073781 0.003915644278572699 0.0026079421321600787 -0.004681439761819531 0.0025054597995950193 0.0042230575907720811 -0.0035285627641334521 -0.007272295065195185 0.0048800121190863601 0.0034350856412301116 0.0079338989916054262 -0.0039145149082459368 0.0026100733495310635 -0.004978414408985974 -0.0076283248969188644 0.016598240827731883 -0.0037719206000667764 -0.0056624004365651249 0.001591613298105481 -0.00095397657612305566 -0.0018499796883486139 -0.0014955906497530057
leaf_weight=1752.7950076460838 2688.1903812885284 2030.901837348938 693.20061238110065 10838.33710539341 3518.6269291639328 10723.1433313936 9080.4139426648617 1254.3332208096981 275.36415779590607 1832.7868337333202 2895.3574736267328 3697.8900427371264 1267.0392228215933 6365.9183650910854 2713.9949569106102 548.30570656061172 765.71093033254147 1502.489600777626 401.44180063903332 1010.4452147930861 11313.027554184198 872.11556681990623 1367.6217767000198 415.19350714981556 1292.942821085453 546.28142410516739 2632.8977136909962 4163.1003305464983 6931.5470399260521 3857.2419545799494
leaf_count=7109 11004 8159 2844 43537 14153 43103 36671 5028 1104 7390 11608 14818 5110 25513 10874 2198 3069 6020 1610 4052 45476 3494 5480 1665 5188 2191 10585 16816 27795 15583
internal_value=0.000112165 0.00193879 -0.000517734 0.00045415 0.0013731 -0.00135962 -0.00208177 -0.00077027 -0.000320805 0.00107946 -0.000768854 -0.00186113 -0.00342988 0.00204387 0.000696733 0.000909709 -0.000599539 0.000223483 0.00388534 -0.00051355 0.00121971 0.00129868 -0.00404852 0.0091048 0.000634163 0.00222456 -0.00100904 -0.00253855 -0.000905514 -0.00401264
internal_weight=99248.7 25443.9 73804.7 34259.5 22755.7 39545.2 28822 14617.3 13924.1 28343.7 9718.98 7886.19 14204.7 18624.7 19237.1 12258.8 13648.8 11026.8 2592.79 1411.89 17206.2 11710.5 2621.95 1180.9 4188.3 11859.3 5346.89 5915.9 8434.04 12937.7
internal_count=399247 102442 296805 137671 91438 159134 116031 58667 55823 113746 39004 31614 57364 74742 77285 49229 54719 44211 10396 5662 69126 47031 10508 4734 16796 47667 21459 23925 33815 52254
is_linear=0
shrinkage=0.05


Tree=40
num_leaves=31
num_cat=0
split_feature=71 61 40 19 0 23 19 61 20 20 79 38 26 45 37 74 2 98 40 68 96 45 39 86 19 23 41 96 16 79
split_gain=37.9225 31.3037 36.3487 22.9385 27.1103 23.791 23.4329 28.8032 22.5111 32.8018 30.5722 23.4481 21.841 21.8129 19.7228 19.0849 18.6129 19.1225 18.2156 18.1191 18.1345 17.9136 17.1734 17.1521 17.1359 20.1637 16.2741 16.4129 16.3568 19.4328
threshold=1.0000000180025095e-35 1.0000000180025095e-35 0.085185974700052083 13.500000000000002 4.5000000000000009 0.16893100000000003 12.500000000000002 1.0000000180025095e-35 13.500000000000002 12.500000000000002 7.9000000000000039 0.15042650000000005 0.43027050000000006 -8.7075194900437953 0.26631750000000004 3.5000000000000004 4.5000000000000009 0.048728998506472811 0.14686474076476502 1.0000000180025095e-35 0.57964450000000012 24.583799340218615 0.036753816388031803 0.015737500000000019 17.500000000000004 0.23328750000000001 0.059126857407762107 0.48132100000000005 1.0950000000000004 46.45000000000001
decision_type=2 2 8 2 2 10 2 2 2 2 2 10 10 8 10 2 2 2 10 2 8 10 10 8 2 10 10 10 2 2
left_child=3 13 21 4 14 -5 -6 22 9 -7 -11 -10 24 26 -1 23 18 19 -15 20 -18 -3 -8 -16 -12 -26 -2 -28 -29 -30
right_child=1 2 -4 5 6 8 7 -9 11 10 12 -13 -14 16 15 -17 17 -19 -20 -21 -22 -23 -24 -25 25 -27 27 28 29 -31
leaf_value=0.0052120731765270371 0.0032915254786083981 -0.0025781191430540207 -0.0091463269812742162 0.0048085982168675767 0.0011974063227997728 -0.0015868671002553421 0.0056877120867550347 0.0015525620431336498 -0.0022101104755075144 0.014298324799251106 -0.0052215547206806651 0.00075853573973628488 0.0059814092909195411 0.001123931745509367 -0.0063349605124176193 -0.014853190532507221 -0.0028630704008686201 0.0037779241910908291 0.013484107179749218 0.0010182194443027323 0.0039797639923235166 0.0074220325619343474 0.012689797266605974 0.0048874207051792301 -0.0055405872397853804 0.009384089513794899 -0.0068661456695289537 -0.0040454084741073648 0.015071741969524453 -0.0017466136914628663
leaf_weight=711.99869433045387 802.49570396542549 3426.0862648934126 2335.6831918209791 2860.1176728904247 4096.0153845101595 3460.2019458860159 1953.4925915747881 2138.1582866311073 12680.7308896631 700.91513873636723 1045.2962384074926 13970.255283594131 2860.3164598345757 14584.368806749582 860.20174317061901 351.26147839426994 12956.028963476419 1957.2660208046436 294.42535379528999 5564.0139178782701 1037.7326728254557 505.1529016494751 1623.75824457407 550.12557029724121 347.19270685315132 612.89253677427769 2809.1013009697199 1476.9595572948456 282.22000601887703 412.23692534863949
leaf_count=2870 3221 13814 9442 11561 16481 13892 7899 8570 50967 2810 4190 56006 11479 58702 3450 1411 52164 7888 1190 22358 4164 2031 6571 2222 1391 2459 11393 5962 1139 1667
internal_value=7.51113e-05 -0.000925776 -0.00422015 0.00102914 0.00290961 0.000429088 0.00408816 0.00615414 7.67552e-05 0.00223338 0.00460663 -0.000654267 0.00318405 -0.000435391 -0.00176273 -0.00459532 1.8207e-05 -0.000921958 0.00137741 -0.00139399 -0.00235315 -0.00127756 0.00889256 -0.00195386 -0.000815759 0.00398545 -0.00328509 -0.00434924 -0.00107663 0.00520512
internal_weight=99266.7 48443.8 6266.92 50822.9 12285 38537.9 9811.42 5715.41 35677.8 9026.82 5566.61 26651 4865.7 42176.8 2473.59 1761.59 36393.8 21515 14878.8 19557.8 13993.8 3931.24 3577.25 1410.33 2005.38 960.085 5783.01 4980.52 2171.42 694.457
internal_count=399364 195135 25287 204229 49474 154755 39521 23040 143194 36221 22329 106973 19519 169848 9953 7083 146466 86574 59892 78686 56328 15845 14470 5672 8040 3850 23382 20161 8768 2806
is_linear=0
shrinkage=0.05


Tree=41
num_leaves=31
num_cat=0
split_feature=71 64 19 94 38 25 20 83 33 35 65 51 74 61 90 34 0 53 79 38 45 38 54 95 53 50 89 50 21 24
split_gain=36.0895 29.4992 28.2308 25.0315 24.9875 24.786 23.6595 22.694 22.0951 22.0184 19.4212 18.261 18.1125 18.1086 18.6748 17.4222 16.784 15.8063 18.9985 15.6879 15.2002 15.1359 14.9845 14.8055 14.7808 14.5173 14.5097 14.9352 14.4768 14.2154
threshold=1.0000000180025095e-35 9.5000000000000018 13.500000000000002 0.38139450000000008 0.13916150000000002 0.35135250000000007 13.500000000000002 0.56991909679639208 2638.5000000000005 0.15086850000000004 1.0000000180025095e-35 2098.7163191304112 1.0000000180025095e-35 1.0000000180025095e-35 -0.072093349999999959 0.48853050000000003 4.5000000000000009 2494.3420370361673 41.350000000000001 0.37668600000000008 19.864631984641971 0.35923450000000007 134.4649159881279 0.14486850000000004 2342.7393780968619 145.49584101760192 0.58185310000000012 148.49732546590783 5962.5000000000009 0.10416000000000002
decision_type=2 2 2 8 10 8 2 2 2 8 2 10 2 2 8 8 2 10 2 10 8 10 8 8 10 10 8 10 2 8
left_child=2 3 5 13 6 -1 8 9 -4 21 11 -5 16 15 -15 -2 22 23 -19 -13 -7 26 -8 -10 -16 -12 27 -6 -23 -22
right_child=1 -3 4 10 7 20 12 -9 17 -11 25 19 -14 14 24 -17 -18 18 -20 -21 29 28 -24 -25 -26 -27 -28 -29 -30 -31
leaf_value=0.0075464329393766308 -0.0045659635195437432 -0.0055357210091093552 -0.0023773386910832576 0.0014798254314762923 0.0032943995532401607 0.0031314823249126845 0.00021948500176263193 0.0063978851482861809 0.0080031853288500369 -0.00095486685729824147 -0.0057915394901597037 -0.002418873306012718 -0.0034744710009329029 -0.0067631602067084228 -0.0027426074407212271 0.001697733351045757 -0.00073590303122726469 0.0071917137009023073 -0.010743120677652275 0.0042256381938746354 0.0062897022216932778 0.0029758108006596147 0.017093451702793503 -0.0042892414249394292 0.0066261842313701143 0.00046992920207574021 -0.002958785017873505 0.015254436148538584 -0.0080666077107574199 -0.0029316398505462981
leaf_weight=2422.6112535893917 1181.2658004909754 3286.0537681877613 1889.7416968494654 5404.1882014721632 8446.0375730544329 7090.1709878146648 248.7175520658493 2032.8619004786015 1967.57311026752 9055.1804628521204 4131.3456699550152 12652.316765651107 9035.5335275828838 1538.778797775507 1124.9706500172615 16383.293073698878 2256.4567290842533 258.29909153282642 319.53264047205448 946.36409342288971 502.5751451253891 546.83844508230686 269.9565906971693 273.21042144298553 659.37194453179836 1190.3525228202343 904.72426541149616 260.34296205639839 628.87601122260094 2258.9064154028893
leaf_count=9886 4749 13275 7584 21749 33863 28479 1000 8245 7892 36301 16708 51036 36323 6209 4524 65887 9077 1039 1288 3794 2015 2193 1085 1098 2646 4808 3634 1045 2520 9063
internal_value=5.90412e-06 -0.000968944 0.000939012 -0.000635877 0.000271417 0.00302533 -0.00119602 0.0013796 0.00179832 0.000862506 -0.00172577 -0.000976982 -0.00239023 0.000633569 -0.00274579 0.00127412 0.00113974 0.0045964 -0.00274003 -0.0019537 0.00190702 0.0023876 0.00915916 0.00649202 0.000737096 -0.00439273 0.00304279 0.00366913 -0.00294887 -0.00123677
internal_weight=99166.4 48498.3 50668.1 45212.2 38393.9 12274.3 16519 21874.9 4708.36 19842 24324.6 19002.9 11810.7 20887.7 3323.12 17564.6 2775.13 2818.62 577.832 13598.7 9851.65 10786.8 518.674 2240.78 1784.34 5321.7 9611.1 8706.38 1175.71 2761.48
internal_count=399015 195385 203630 182110 154187 49443 66386 87801 18901 79556 98095 76579 47485 84015 13379 70636 11162 11317 2327 54830 39557 43255 2085 8990 7170 21516 38542 34908 4713 11078
is_linear=0
shrinkage=0.05


Tree=42
num_leaves=31
num_cat=0
split_feature=71 29 65 23 28 42 46 23 84 57 53 49 36 52 21 31 99 84 58 11 37 29 88 46 91 20 50 20 33 29
split_gain=33.1108 31.9523 27.994 23.4455 23.202 19.1652 18.87 29.8927 23.0537 25.8424 17.4441 23.6827 16.2792 24.5219 15.613 17.6975 16.0959 15.0968 14.9768 16.4895 14.4119 14.0575 13.8639 14.1339 16.2318 13.6231 13.5585 13.5467 19.5417 13.471
threshold=1.0000000180025095e-35 0.47797250000000008 -1.0000000180025095e-35 0.16208950000000003 0.30830000000000007 133.36530536779824 1.7886188053930572 0.25409550000000009 0.57212710538822875 16.304659670093667 2492.1908287872625 123.39533607491441 0.50848550000000015 126.10365317618626 254.50000000000003 0.098076200000000016 -0.0063319999999999895 0.45395493520582725 7063.5000000000009 1.0000000180025095e-35 0.21004400000000004 0.51318300000000006 -0.14297599999999996 1.9927692184384471 0.0014205000000000053 13.500000000000002 147.18860641930186 13.500000000000002 5844.5000000000009 0.44112650000000003
decision_type=2 10 2 10 8 8 10 10 2 10 10 8 8 10 2 10 10 2 10 2 10 10 10 10 10 2 10 2 2 10
left_child=1 17 5 -3 -4 18 7 10 9 12 11 -6 13 29 21 -16 27 -1 19 -2 -7 -5 -14 -24 -25 -12 -15 -17 -29 -8
right_child=2 3 4 14 6 20 8 -9 -10 -11 25 -13 22 26 15 16 -18 -19 -20 -21 -22 -23 23 24 -26 -27 -28 28 -30 -31
leaf_value=-0.0082189080196778362 -0.00039699904358298063 0.0059602193459423053 -0.011503748186839659 0.0037453077480531548 -0.0049751395821685356 0.0034315168396108296 0.013094298533963723 -0.0032689814098683782 0.0024583038948185285 0.011527720013198794 0.011815943465313439 0.00089261546549065463 -0.015862782911062839 -0.0067300461100550449 0.0046966544471704992 0.004534446915398083 0.0020224722844902165 -0.00050375978917353587 0.01350231460616492 0.009260755967332699 -0.00085399965126636997 -0.0088988170245337551 -0.0062743403421698643 -0.006741317097505627 0.0069724375211528515 0.0025606680344442698 0.0045199377392182213 0.0002149149686380986 -0.0055056486169351064 0.00083095724287266632
leaf_weight=646.51442302763462 1211.9503157734871 3073.8764500468969 589.7546439319849 319.48375025391579 2071.8072057068348 2492.1484561264515 256.42009907960892 7395.7888308465481 1594.5567931085825 253.12775202095509 500.9618773907423 9873.7549258321524 322.56797035038471 1944.3839850872755 3919.4118386954069 1051.2092913091183 15305.379960417747 18621.343877613544 418.30345495045185 684.9665245860815 9074.3354406654835 663.46981823444366 5409.0264326930046 390.33302736282349 458.13824957609177 1832.7949294000864 303.21280786395073 4905.5292448699474 2135.5026194751263 1414.5943831950426
leaf_count=2665 4866 12472 2414 1280 8327 10023 1033 29912 6457 1022 2013 39694 1309 7835 15811 4220 61400 74762 1688 2751 36532 2660 21829 1569 1841 7368 1218 19697 8580 5687
internal_value=-5.84764e-05 0.000835628 -0.00099218 0.00181965 -0.00175285 0.000904283 -0.00158049 -0.000691165 -0.00313994 -0.00397171 0.000645335 -0.000128383 -0.00435602 -0.00179835 0.00136796 0.00159132 0.00106935 -0.000766763 0.00504636 0.00312064 7.15369e-05 -0.00479284 -0.00587414 -0.00533475 0.000658488 0.00458933 -0.00519906 -0.00073362 -0.00152545 0.00277949
internal_weight=99134.6 50641.7 48492.9 31373.9 34611.2 13881.7 34021.5 21675.1 12346.4 10751.8 14279.3 11945.6 10498.7 3918.61 28300 27317 23397.6 19267.9 2315.22 1896.92 11566.5 982.954 6580.07 6257.5 848.471 2333.76 2247.6 8092.24 7041.03 1671.01
internal_count=398935 203547 195388 126120 139528 55860 137114 87314 49800 43343 57402 48021 42321 15773 113648 109708 93897 77427 9305 7617 46555 3940 26548 25239 3410 9381 9053 32497 28277 6720
is_linear=0
shrinkage=0.05


Tree=43
num_leaves=31
num_cat=0
split_feature=20 34 20 61 0 23 91 67 71 37 45 78 98 79 52 1 85 86 38 72 39 85 78 33 98 29 47 61 94 93
split_gain=30.5896 31.6158 32.3524 38.5664 31.8783 27.0573 24.7137 19.9945 23.8483 21.1442 23.9619 20.6783 19.3563 17.8067 24.7906 19.6442 19.8073 17.7397 17.248 15.7028 15.111 14.8801 14.6095 16.373 15.4645 13.6765 13.7336 13.43 15.19 13.3352
threshold=13.500000000000002 0.45059100000000007 12.500000000000002 1.0000000180025095e-35 4.5000000000000009 0.23199350000000005 0.059839500000000011 1.0000000180025095e-35 1.0000000180025095e-35 0.29871650000000005 -15.980982833709495 0.51580870992191585 -0.057291720556054186 92.550000000000011 131.52815568170851 4.5000000000000009 0.51982106142959394 -0.0062780000000000049 0.30296700000000004 3.5000000000000004 0.044296424751377413 0.52577482348130633 0.014876479074673899 12725.500000000002 0.036038930439302459 0.56992000000000009 1.6930871733399668 1.0000000180025095e-35 0.30146900000000004 -0.041413649999999996
decision_type=2 8 2 2 2 10 10 2 2 10 8 2 2 2 10 2 2 10 10 2 8 2 2 2 2 8 8 2 10 8
left_child=1 -1 12 4 -4 6 7 8 11 20 -11 29 -3 14 15 25 -17 -15 27 -5 -9 -22 -6 24 -24 26 -14 -10 -29 -2
right_child=5 2 3 19 22 -7 -8 9 18 10 -12 -13 13 17 -16 16 -18 -19 -20 -21 21 -23 23 -25 -26 -27 -28 28 -30 -31
leaf_value=-0.0072939998802955186 0.0098934649926571278 -0.010886279277115321 -0.00037498359192534073 -0.01151267503856197 0.017625359427933505 -0.0013910232205590384 -0.0016915806866314596 0.0037807468412347093 0.0015919720425248763 -0.017820125846604595 -0.002510885369342828 0.0057418463703664008 -0.0098385954001897601 -0.012067001332315724 0.0075986812903330375 -0.00049904847601610542 0.0090082857394983284 0.0010194726499122436 -0.0069803248816103216 0.00059481349414729288 0.001051691147533269 -0.0091772037402744738 0.0061630784655661705 -0.0015469518297629818 0.013228932870827652 0.0040805600119864158 -0.0019136332334740347 0.0011717193520244102 -0.013222221661446246 0.00014567065505675597
leaf_weight=955.95942831039429 378.35846458375454 404.39458608627319 1862.0059361755848 274.59264801442623 301.60495419800282 39029.233085393906 9399.121726334095 2690.2386541366577 7422.3454705625772 268.4482140392065 3195.3410991132259 5888.3662929683924 653.64715164899826 547.10380852222443 1188.0586299449205 1255.0971966683865 960.81715606153011 481.20782752335072 737.38636027276516 4528.7432530075312 1062.7178382128477 522.9787839949131 5227.6330102235079 577.58631359040737 913.15941213071346 742.93519940972328 3148.1331938356161 393.13400115072727 330.97402949631214 3636.380195826292
leaf_count=3847 1530 1646 7489 1110 1212 157172 37745 10844 29876 1075 12857 23729 2626 2200 4780 5045 3860 1935 2961 18219 4278 2103 21003 2322 3691 3002 12644 1583 1341 14627
internal_value=1.78823e-05 0.00157017 0.00194053 0.00349001 0.00544013 -0.00047976 0.000510333 0.00129087 0.00217162 -0.000847049 -0.00374525 0.00385761 -0.00032112 0.000166402 0.000969664 -0.000204769 0.00364527 -0.00599223 0.000289977 -0.000119816 0.00150395 -0.00235827 0.00698089 0.00647755 0.0072336 -0.00208585 -0.00329842 0.000955809 -0.00549793 0.00108662
internal_weight=98977.7 24022.7 23066.7 13685.3 8881.99 74955 35925.8 26526.7 18786.9 7739.72 3463.79 9903.1 9381.39 8977 7948.69 6760.63 2215.91 1028.31 8883.84 4803.34 4275.94 1585.7 7019.98 6718.38 6140.79 4544.72 3801.78 8146.45 724.108 4014.74
internal_count=398352 96631 92784 55046 35717 301721 144549 106804 75647 31157 13932 39886 37738 36092 31957 27177 8905 4135 35761 19329 17225 6381 28228 27016 24694 18272 15270 32800 2924 16157
is_linear=0
shrinkage=0.05


Tree=44
num_leaves=31
num_cat=0
split_feature=64 95 84 52 79 86 85 38 49 56 54 34 5 6 65 45 53 49 94 72 46 44 44 84 79 0 52 26 89 21
split_gain=32.0484 27.8456 19.8039 19.6245 17.295 16.8456 14.7525 13.3903 20.7514 17.9049 14.5245 13.7771 13.2818 14.7938 14.7833 22.4602 19.96 16.0119 24.2951 16.3265 14.7129 14.5037 12.9883 12.9501 14.2255 12.3526 12.2661 12.1241 12.1192 12.094
threshold=10.500000000000002 -0.0095814999999999911 0.5701541428534983 132.0677087772448 49.850000000000001 -0.13972799999999999 0.5915413334219477 0.073144700000000021 132.37259777091901 2.1909743005935156 120.47865167886108 0.49668150000000005 1.5000000000000002 1.0000000180025095e-35 -1.0000000180025095e-35 -20.309114705303369 2550.3823551886812 127.82414279189858 0.35753150000000006 3.5000000000000004 1.7584758919327486 35.544359134410541 33.600199161465021 0.5095426571229057 97.550000000000011 4.5000000000000009 126.39219453992781 0.42827750000000003 0.38851005000000005 2323.5000000000005
decision_type=2 10 2 10 2 10 2 10 10 10 8 8 2 2 2 8 10 8 10 2 10 8 10 2 2 2 8 10 10 2
left_child=1 -1 5 -2 -4 22 7 8 9 11 -9 -7 14 -14 15 -12 17 19 -19 29 25 -15 -3 -21 -25 -18 -6 -11 -24 -16
right_child=3 2 4 -5 26 6 -8 10 -10 27 12 -13 13 21 16 -17 20 18 -20 23 -22 -23 28 24 -26 -27 -28 -29 -30 -31
leaf_value=-0.0026256459466393162 -0.0052026033385074609 -0.000590958736651345 0.005368435766911716 0.0044887661826287428 -0.003084304804280881 -0.010452100160599616 0.0066705938548261082 -0.007874502489779122 0.0075048116649010441 0.0035656417528204874 -0.0089935017804055953 -0.0027717026635907423 0.0041198147935342872 -6.1968459459954702e-05 0.0015178126283064803 0.0023162821080172083 -0.0031598070058564461 0.0051206738658687023 -0.00082520235445446288 0.00086340934996890638 -0.0011360069133654065 0.0037694963269450637 -0.0094394394825561626 -0.0018317281324679699 -0.010598561067165451 0.0083315019899241546 0.0029231000784376575 -0.00120401239159282 -0.002140992699389074 -0.0081993266497502933
leaf_weight=7695.1816539764404 4099.1357691586018 9025.8649676591158 3744.9760379940271 590.63678522408009 1421.9145947545767 678.01292303204536 970.74908217787743 466.22751276195049 662.16399359703064 1845.888336583972 447.74838152527809 3964.0814745873213 5685.416670575738 8674.6130712926388 404.90535397827625 10859.476980373263 272.8429741859436 2474.6676665246487 5560.9856451302767 5018.1122425496578 983.02614484727383 3443.0352375805378 857.10094821453094 7528.156481936574 483.81702029705048 1454.2235339730978 2080.2493498772383 4713.1114030480385 1677.7373199909925 1471.6317713409662
leaf_count=31073 16517 36303 15153 2377 5733 2735 3897 1873 2674 7416 1797 15980 22864 34868 1640 43643 1096 10013 22322 20175 3968 13840 3472 30219 1942 5843 8450 18951 6740 5936
internal_value=5.48855e-05 0.000255142 0.000510601 -0.0039751 0.00301109 0.000282664 0.00058243 0.00049336 -0.00103012 -0.00154092 0.000820735 -0.00391354 0.000896187 0.00201774 0.000355547 0.00186088 -0.00030845 -0.000788285 0.00100998 -0.0017577 0.00374155 0.00102889 -0.00148117 -0.00112731 -0.00237368 0.00650836 0.000482195 0.000141688 -0.0046362 -0.0061057
internal_weight=99255.7 94565.9 86870.7 4689.77 7247.14 79623.6 68062.9 67092.1 11863.3 11201.1 55228.9 4642.09 54762.7 17803.1 36959.6 11307.2 25652.4 22942.3 8035.65 14906.6 2710.09 12117.6 11560.7 13030.1 8011.97 1727.07 3502.16 6559 2534.84 1876.54
internal_count=399510 380616 349543 18894 29336 320207 273692 269795 47756 45082 222039 18715 220166 71572 148594 45440 103154 92247 32335 59912 10907 48708 46515 52336 32161 6939 14183 26367 10212 7576
is_linear=0
shrinkage=0.05


Tree=45
num_leaves=31
num_cat=0
split_feature=64 84 44 37 90 37 33 30 26 36 71 97 33 30 32 95 73 97 89 23 0 53 33 33 54 88 32 37 95 34
split_gain=29.0524 24.5668 20.2088 21.2438 26.9941 19.516 19.2636 17.7421 17.6121 16.9789 16.4986 16.0891 16.8209 15.8282 15.7125 15.6317 16.5294 15.4291 14.9661 14.9459 14.2224 13.7597 13.9914 13.6276 13.4312 16.9768 13.4017 13.1948 17.7767 12.8679
threshold=9.5000000000000018 0.53706357934884552 26.232762596974592 0.22676800000000003 -0.0040247999999999664 0.21458550000000001 358.50000000000006 0.10551600000000001 0.48809600000000003 0.60449600000000003 1.0000000180025095e-35 0.91326152341590283 5167.5000000000009 0.41277900000000006 0.15078150000000004 0.069677500000000045 1.0000000180025095e-35 0.96821661520717428 0.48708235000000005 0.31919700000000006 4.5000000000000009 2405.7313895261564 3242.5000000000005 12224.500000000002 132.8304705802955 0.004697500000000022 0.20729100000000003 0.26492700000000008 -0.035618999999999977 0.49084250000000001
decision_type=2 2 10 8 10 8 2 8 8 8 2 2 2 8 10 10 2 2 10 10 2 8 2 2 8 10 10 10 10 10
left_child=1 2 8 4 5 7 17 -4 11 13 14 12 21 19 -2 -12 -17 29 20 -5 -9 -1 -23 -14 -8 -26 -10 -11 -29 -3
right_child=10 6 3 9 -6 -7 24 18 26 27 15 -13 23 -15 -16 16 -18 -19 -20 -21 -22 22 -24 -25 25 -27 -28 28 -30 -31
leaf_value=0.0048050800980423795 0.0029975110856204704 0.0056889801944381268 0.005543682262599982 -0.0011948137230613021 0.0043176187062953092 0.0095772698763316455 0.001274049387890327 -0.0095105721064728671 -0.0036957663130020692 -0.0074832468169930407 -0.0088067722099035833 0.0019147643082392482 -0.0029044840320280713 -0.012325731631848903 -0.0035611184581061262 -0.0052608560532050111 0.0061238199411758482 -0.0094857411908648992 -0.010119041492413373 0.0079609498908753459 -0.00048563636485702871 -0.001243774410488936 0.004485700139788943 0.0079650371352671459 0.006546140374888744 0.00094528458547838291 0.0031931524195974192 -0.011828609437659112 -0.0015719325196233017 -0.0038527982544522134
leaf_weight=1930.6157441437244 1546.2586387246847 562.86777694523335 581.15641218423843 15828.321355372667 3441.8608860969543 353.56498549878597 16835.894203200936 526.22455079853535 3729.0697515457869 2042.6386330425739 1815.5998430252075 17732.762694701552 5689.8483628332615 301.05092562735081 2200.9279905706644 1074.063614025712 442.23029634356499 631.91306482255459 736.17241440713406 448.74867506325245 2354.9174954891205 4942.251472890377 1347.6673079431057 294.24838027358055 3113.7884303480387 2393.5242703408003 862.15598651766777 462.03123545646667 4072.7840027809143 912.06893035769463
leaf_count=7761 6214 2266 2335 63677 13811 1419 67681 2114 14974 8280 7372 71251 22890 1215 8842 4323 1779 2537 2949 1833 9467 19906 5423 1184 12632 9755 3461 1872 16457 3669
internal_value=-4.99848e-05 0.000187333 -0.000303455 -0.0012389 0.000982536 -0.0015431 0.00154541 -0.00250011 0.000494355 -0.00200588 -0.00313438 0.000910774 -0.000343051 -0.00115177 -0.000853957 -0.0056888 -0.00192212 -0.00301511 -0.00380415 -0.000937662 -0.00216118 0.00112452 -1.10153e-05 -0.00235761 0.0019766 0.00411809 -0.00239801 -0.00415361 -0.00264066 -0.00019766
internal_weight=99207.2 92128.1 67678.1 31149.5 7993.9 4552.04 24450.1 4198.47 36528.6 23155.6 7079.08 31937.4 14204.6 16578.1 3747.19 3331.89 1516.29 2106.85 3617.31 16277.1 2881.14 8220.53 6289.92 5984.1 22343.2 5507.31 4591.23 6577.45 4534.82 1474.94
internal_count=399349 370819 272279 125429 32095 18284 98540 16865 146850 93334 28530 128415 57164 66725 15056 13474 6102 8472 14530 65510 11581 33090 25329 24074 90068 22387 18435 26609 18329 5935
is_linear=0
shrinkage=0.05


Tree=46
num_leaves=31
num_cat=0
split_feature=72 20 20 21 48 34 94 65 27 88 48 19 42 83 64 92 1 55 36 51 44 53 95 33 57 57 70 89 55 94
split_gain=31.5511 22.3951 24.9168 32.6903 20.6301 30.494 25.4702 19.3629 19.3539 19.417 26.6496 18.8829 18.368 18.0405 15.1155 16.5273 14.9702 18.3943 14.9047 14.8771 14.8182 14.1314 14.0277 14.0134 16.2264 13.5938 13.4067 13.207 13.1979 18.2439
threshold=3.5000000000000004 13.500000000000002 12.500000000000002 463.50000000000006 0.27575621653434773 0.47858400000000006 0.4444510000000001 -1.4999999999999998 0.61452050000000014 0.0077160000000000293 -0.50354630243272791 14.500000000000002 145.09249437257921 0.54734603984325325 9.5000000000000018 -0.0019834999999999987 3.5000000000000004 1974.5486543598226 0.494701 2013.1282692460165 22.238014547435231 2304.2923178350452 0.12669450000000002 9706.5000000000018 8.9349052929502459 10.25580180285113 1.5000000000000002 0.48844515000000005 1670.5935135726988 0.36995750000000005
decision_type=2 2 2 2 10 8 10 2 8 10 10 2 10 2 2 8 2 10 10 10 10 10 10 2 10 10 2 10 10 10
left_child=14 2 13 -4 6 -6 7 -3 9 10 -9 27 19 16 15 -1 17 21 -5 -7 -11 25 -18 24 -20 -2 -24 -12 -21 -30
right_child=1 4 3 18 5 12 -8 8 -10 20 11 -13 -14 -15 -16 -17 22 -19 23 28 -22 -23 26 -25 -26 -27 -28 -29 29 -31
leaf_value=0.00036913361553086364 -0.0017256174344180281 -0.0042939342968589438 -0.0012223405670643108 0.0079734124741036253 -0.0063567636912009451 0.0070642461002430532 -0.0018931001146892735 0.0046933431272481972 0.0060362113041710387 -0.0038374777079350207 0.0097849993704383041 -0.0032985536034069868 0.0059683504441894238 0.0037862238937911652 -0.0086403060749604479 -0.0034800574059071806 -0.00099517025286528869 -0.014471786407494809 0.0072874468605985086 -0.0016896148095753242 0.0020118986631012985 0.0013522569411177137 0.013004219377595799 0.0080405227447946613 0.00070982239933518876 -0.010962355469224956 6.6317020124001392e-05 -0.0016445132421703892 0.0019707621695334212 -0.0011219436599055894
leaf_weight=4827.967688664794 941.2954498231411 1144.1466295421124 3041.0076513439417 2582.854435890913 2285.7043105065823 611.4540913105011 5511.6588664501905 6563.7327134013176 3007.7766546607018 2353.3657642751932 574.23715458810329 2305.741981908679 1080.9565037339926 2089.6235685497522 875.14742004871368 6586.5646034181118 2536.3403416723013 358.35349050164223 1223.2018439024687 18570.013185694814 1989.4409011006355 1271.7912271022797 394.01699955761433 1325.9211492836475 3922.7515600770712 686.40546329319477 397.17881906032562 441.03305143117905 8182.0501506775618 11400.47240100801
leaf_count=19495 3781 4599 12244 10370 9204 2451 22305 26341 12143 9452 2302 9239 4440 8419 3560 26605 10204 1438 4917 74651 8010 5110 1585 5333 15778 2762 1597 1767 32990 45797
internal_value=2.70104e-05 0.000362835 0.00179434 0.00325998 -8.77266e-05 -0.000753247 0.0010857 0.00197954 0.00239824 0.00162546 0.00284891 -0.000799627 -0.000430287 -0.000250628 -0.00234303 -0.00185308 -0.00153537 -0.00393937 0.00476505 -0.00061021 -0.00115941 -0.00259238 0.000823028 0.0034743 0.00228444 -0.00566393 0.00659131 0.00485241 -0.000735024 0.00017061
internal_weight=99082.2 86792.5 20770.7 12095.7 66021.8 42130.7 23891.1 18379.5 17235.3 14227.6 9884.74 3321.01 39844.9 8675.01 12289.7 11414.5 6585.38 3257.85 9054.73 38764 4342.81 2899.49 3327.54 6471.87 5145.95 1627.7 791.196 1015.27 38152.5 19582.5
internal_count=398889 349229 83538 48642 265691 169533 96158 73853 69254 57111 39649 13308 160329 34896 49660 46100 26477 13091 36398 155889 17462 11653 13386 26028 20695 6543 3182 4069 153438 78787
is_linear=0
shrinkage=0.05


Tree=47
num_leaves=31
num_cat=0
split_feature=71 52 23 29 55 64 37 55 46 96 43 94 54 27 88 46 96 42 88 58 64 85 99 55 81 41 98 35 87 29
split_gain=25.934 21.8838 20.9652 18.4281 19.7179 18.3112 21.0553 20.392 18.394 17.9007 17.6197 17.1043 16.5723 17.4323 15.6877 15.2911 14.7797 14.691 15.3271 14.4778 13.6001 13.78 13.3195 12.8377 12.6341 12.5969 12.4684 12.3988 15.0763 12.6841
threshold=1.0000000180025095e-35 134.55730414587066 0.29884050000000006 0.58731900000000004 1730.196097580796 1.5000000000000002 0.30714900000000006 1786.5594130065099 1.5811023709173957 0.3826715750000001 2177.8894036320189 0.36995750000000005 128.9905389560457 0.33184500000000006 0.0013130000000000088 1.7088122939316643 0.54424805000000009 136.35879033327654 -0.066104499999999997 1302.5000000000002 8.5000000000000018 0.5791207613717908 -0.017108999999999996 2219.7151344015879 5.040188859666439 0.063783842543042993 -0.024492080273535135 0.14736250000000004 0.060847500000000006 0.52145850000000016
decision_type=2 10 8 8 8 2 10 10 8 10 8 10 8 10 8 10 10 10 10 10 2 2 10 10 2 8 2 8 8 10
left_child=1 5 3 4 9 8 23 -8 22 15 17 24 -12 19 -4 -2 -5 18 -6 -14 21 -11 -1 -7 -10 -26 -3 -13 29 -29
right_child=2 26 14 16 10 6 7 -9 11 20 12 27 13 -15 -16 -17 -18 -19 -20 -21 -22 -23 -24 -25 25 -27 -28 28 -30 -31
leaf_value=-0.0014049654531064883 -0.01235017096345978 0.017205005642905644 -0.0013475699340065963 0.001250507963879073 0.0019731925776229693 0.0014531799167927153 -0.00049514023001125107 -0.0051892644732215928 -0.0066897882728134007 -0.0010026995010694812 0.0049892088801283341 0.0023716235849243397 -0.013689105337947172 0.0010131281775378992 -0.0069853743938129639 -0.0035476744382059709 0.0087657035917639917 0.0020580361642985462 -0.0069296975978361186 0.00081286056019509191 -0.0058939415699846972 0.010151234843025332 0.011387767567055118 -0.0065953353682543878 -0.001269421187779167 0.0050064692326599429 0.0047966845566668583 -0.00088276502363131802 0.0057321751036799873 -0.0073018896422423337
leaf_weight=267.4567499756813 616.8885565251112 242.82592894136906 2846.4769317805767 5136.2885998636484 642.11934307217598 15637.232145234942 11759.944289684296 2871.0846113413572 277.4126909673214 16056.16478793323 2508.9566394835711 4467.0208730846643 373.30136893689632 9813.5914695113897 2176.3058193475008 2390.947974562645 740.63945354521275 1175.8929850310087 1900.7864112108946 310.41908022761345 1421.904586404562 271.8175145983696 814.25990179181099 501.88267767429352 938.49678908288479 5255.9817268252373 1095.2360752075911 4890.2276621907949 719.48321376740932 904.1723228096962
leaf_count=1074 2500 985 11634 20755 2588 62880 47230 11561 1112 64558 10089 17934 1511 39431 8849 9669 2997 4728 7661 1254 5739 1092 3270 2012 3763 21199 4464 19642 2895 3624
internal_value=8.31291e-05 0.000873938 -0.000744632 -0.000389976 -0.000798247 0.000701941 -4.60127e-05 -0.0014192 0.00194302 -0.00182727 0.000479219 0.00154818 0.00134705 0.00047262 -0.00379938 -0.00538795 0.00221089 -0.00255144 -0.00468267 -0.00718819 -0.0012212 -0.000810917 0.00824084 0.00119896 0.00358494 0.00405512 0.00715942 0.000345595 -0.0010453 -0.00189528
internal_weight=99025.2 50642.7 48382.5 43359.7 37482.8 49304.7 30770.1 14631 18534.5 20757.7 16725.1 17452.8 13006.3 10497.3 5022.78 3007.84 5876.93 3718.8 2542.91 683.72 17749.9 16328 1081.72 16139.1 6471.89 6194.48 1338.06 10980.9 6513.88 5794.4
internal_count=398700 203645 195055 174572 150820 198196 123683 58791 74513 83558 67262 70169 52285 42196 20483 12169 23752 14977 10249 2765 71389 65650 4344 64892 26074 24962 5449 44095 26161 23266
is_linear=0
shrinkage=0.05


Tree=48
num_leaves=31
num_cat=0
split_feature=26 20 20 8 61 0 35 27 43 47 98 84 33 43 35 97 53 34 42 92 44 8 19 37 88 95 97 26 32 92
split_gain=22.0632 27.6175 35.2171 19.8684 18.7556 30.8258 18.0982 16.3811 22.0961 15.6759 17.4906 15.44 15.334 14.8969 14.3326 14.1799 14.094 15.4401 19.9014 14.008 13.0145 13.1525 12.6468 17.686 17.0083 15.2725 12.4543 13.4956 17.5514 18.4781
threshold=0.40087350000000005 13.500000000000002 12.500000000000002 3.5000000000000004 1.0000000180025095e-35 4.5000000000000009 0.13636650000000003 0.60894550000000014 2045.7984713951091 1.7813058818765817 -0.057291720556054186 0.54630579392207934 9812.5000000000018 2498.5408373919831 0.12664050000000002 1.0463203081978023 2241.455804394323 0.52368550000000014 138.58617421290157 0.014778000000000001 26.760152944301236 7.5000000000000009 15.500000000000002 0.28483050000000004 -0.066104499999999997 0.069046500000000025 0.9076605481007014 0.41661950000000009 0.15955900000000003 0.054570000000000014
decision_type=10 2 2 2 2 2 8 10 8 10 2 2 2 10 10 2 8 10 10 10 8 2 2 10 10 10 2 10 10 10
left_child=-1 2 9 7 5 6 14 26 -9 10 -2 20 -8 22 -4 -11 -12 -18 19 -19 21 -7 23 24 25 -5 27 -3 -29 -30
right_child=1 3 4 13 -6 11 12 8 -10 15 16 -13 -14 -15 -16 -17 17 18 -20 -21 -22 -23 -24 -25 -26 -27 -28 28 29 -31
leaf_value=-0.00279595949375729 -0.013584349824413151 -0.0067471459777227868 -0.00097454859377288545 0.0014931800952707212 0.00040894365288391213 0.0059006976897887781 -0.0090322358018649265 -0.0054599710166466668 0.0044925431760575374 0.0032558657975884121 -0.0054938020987112274 0.011448040614064976 0.0026852615428466339 -0.0090205826273023204 0.014497358046503256 -0.0087543197662049398 -0.0023997290144851038 -0.0025473488700752428 0.01591823714615349 0.0080026021720286788 0.0032680059254128189 0.014959515852591688 -0.0017777261617566882 -0.0014753657273966487 0.0030832050396848404 -0.0076750947055989026 0.00078098107891919977 0.0019417469669833873 -0.0050999061210752587 0.0031052331901232385
leaf_weight=6796.0160844177008 304.8173181116581 1071.6249616444111 331.53657372295856 1065.2614919543266 3451.5325354933739 1592.6397431641817 737.54648651182652 630.89379812777042 4348.3671313226223 2892.1506372392178 1560.9448045939207 1199.9610792249441 439.68465356528759 573.30771942436695 261.14599992334843 258.91395789384842 2472.3278638720512 851.99010342359543 273.17211340367794 485.8919470757246 3439.9523991793394 539.04264384508133 21158.848259225488 8774.5215106010437 5988.3721095025539 778.49491846561432 19967.255038961768 3240.3026252985001 2790.5271052122116 901.32039001584053
leaf_count=27450 1246 4314 1334 4293 13865 6395 2968 2540 17614 11636 6278 4863 1768 2297 1050 1039 9942 3429 1097 1952 13823 2164 85138 35337 24134 3130 80342 13050 11238 3632
internal_value=-4.85524e-05 0.000153839 0.00174269 -0.000316456 0.00352122 0.00477691 -0.00109356 0.000583841 0.0032231 -0.000602497 -0.00211167 0.00631065 -0.00467011 -0.00109017 0.00597007 0.00224445 -0.00146916 7.89868e-05 0.00387417 0.00131513 0.00518568 0.00825057 -0.000967421 6.54533e-05 0.00179135 -0.00239849 0.000113029 -0.00155222 -0.000740592 -0.00309374
internal_weight=99178.4 92382.3 21093.3 71289.1 11993 8541.51 1769.91 32950.3 4979.26 9100.21 5949.14 6771.6 1177.23 38338.8 592.683 3151.06 5644.33 4083.38 1611.05 1337.88 5571.63 2131.68 37765.5 16606.7 7832.13 1843.76 27971 8003.78 6932.15 3691.85
internal_count=399358 371908 84849 287059 48230 34365 7120 132730 20154 36619 23944 27245 4736 154329 2384 12675 22698 16420 6478 5381 22382 8559 152032 66894 31557 7423 112576 32234 27920 14870
is_linear=0
shrinkage=0.05


Tree=49
num_leaves=31
num_cat=0
split_feature=71 96 81 28 52 84 44 87 4 29 44 52 0 53 45 99 22 26 94 54 34 45 87 83 50 15 32 27 0 35
split_gain=23.7416 22.2301 19.7715 19.2159 16.6059 16.4228 19.7205 20.8845 17.2939 16.3834 15.8439 14.6048 14.6996 28.6126 16.776 16.6098 15.6017 15.3401 14.6966 14.5199 13.5919 13.4542 13.3022 13.2315 12.7331 12.6634 12.4574 14.615 12.8609 11.9374
threshold=1.0000000180025095e-35 0.49188350000000008 5.3913496380844323 0.29460000000000003 118.09730032563967 0.53758453824578523 27.89719591398805 0.08143549999999998 1.5000000000000002 0.45049950000000005 38.714263885722595 134.55730414587066 4.5000000000000009 2415.8767583198423 15.982756032326387 0.0087114999999999988 0.4733690000000001 0.49950650000000002 0.42023450000000007 125.00172980761333 0.48739550000000004 24.583799340218615 -0.00062800000000001732 0.46482678501509583 132.85153568650358 51.750000000000007 0.21476600000000004 0.40560100000000004 4.5000000000000009 0.13636650000000003
decision_type=2 10 2 8 8 2 10 10 2 8 10 10 2 10 10 10 8 10 10 8 8 10 10 2 8 2 10 10 2 10
left_child=4 2 9 -4 19 6 7 -5 -8 20 21 12 13 14 -6 25 -14 24 22 -1 -2 26 -13 -10 -18 -15 27 -7 -29 -3
right_child=1 29 3 5 11 10 8 -9 23 -11 -12 18 16 15 -16 -17 17 -19 -20 -21 -22 -23 -24 -25 -26 -27 -28 28 -30 -31
leaf_value=0.00023944048455572074 -0.01992183940679558 0.0041127119421108197 -0.011114029473792818 0.0002901930003366039 0.0022460675410718935 -0.0090395980313690682 -0.0047905758389427469 -0.0073462674165028653 -0.010604746584434157 -0.0029982434449910703 0.0071251721979738144 0.0081084776510296462 -0.0012360654825035603 -0.0042169395023071909 -0.0030120044424026497 -0.00010545593145865191 -0.0080978520166453665 -0.0046847727469105154 0.016350073389748532 0.011136346380471996 -0.0055857043585248872 0.0049624168435255011 -0.0028854304075692631 0.0011136129644158613 0.001744504694095098 -0.01288523814985198 0.0056042309395099542 0.0044847828118898311 -0.0020311916502015466 0.00023615252289207428
leaf_weight=529.85254989564419 319.9900625795126 2286.3300169855356 466.94503532350063 10652.83014665544 4536.1238990873098 584.73000027239323 6696.0313061624765 967.41442227363586 257.27255962789059 1303.2005260288715 904.61765383183956 606.59993076324463 6517.5011925399303 862.99327345192432 2266.8472741395235 883.50905668735504 322.43025857210159 979.69798009097576 256.78079473972321 714.06810632348061 353.35090006887913 1189.5756979733706 489.62784051895142 2430.1963785141706 30808.488916322589 841.25530275702477 655.50669719278812 939.20527178049088 3738.1291072666645 14701.566763654351
leaf_count=2123 1306 9189 1916 42918 18226 2351 27116 3902 1057 5252 3643 2460 26317 3472 9095 3556 1294 3933 1048 2907 1439 4820 2007 9812 123749 3382 2629 3782 15068 59150
internal_value=9.38952e-05 -0.00069722 -0.00148411 -0.00115835 0.0008511 -0.00099436 -0.00172881 -0.000351331 -0.00343245 -0.00631292 0.000930836 0.000706633 0.00056164 -0.00121173 0.000492153 -0.00567575 0.00099296 0.00144563 0.00581062 0.0065337 -0.0125905 0.0001335 0.00321638 -4.33456e-05 0.00164 -0.00854601 -0.000843964 -0.00165634 -0.000716012 0.000759995
internal_weight=99062.7 48446.9 31459 29482.5 50615.8 29015.5 21003.7 11620.2 9383.5 1976.54 8011.76 49371.9 48018.8 9390.73 6802.97 2587.76 38628.1 32110.6 1353.01 1243.92 673.341 7107.15 1096.23 2687.47 31130.9 1704.25 5917.57 5262.06 4677.33 16987.9
internal_count=398919 195350 127011 119014 203569 117098 84805 46820 37985 7997 32293 198539 193024 37731 27321 10410 155293 128976 5515 5030 2745 28650 4467 10869 125043 6854 23830 21201 18850 68339
is_linear=0
shrinkage=0.05


Tree=50
num_leaves=31
num_cat=0
split_feature=64 37 97 23 44 20 92 20 48 58 54 55 38 54 27 92 34 27 54 29 91 29 65 87 93 91 88 97 33 89
split_gain=23.9013 18.964 21.0198 16.7549 21.9948 18.2245 17.6564 16.5096 18.9549 16.2198 15.8216 15.7985 15.5826 15.0841 16.0403 18.3588 18.6761 14.9106 14.7476 14.4387 15.0681 14.2015 14.1108 13.7053 14.2356 13.4676 13.0691 13.1209 16.3016 17.5864
threshold=10.500000000000002 0.22515150000000003 0.75346884827298466 0.21517950000000005 26.181877527083756 13.500000000000002 -0.047554799999999994 19.500000000000004 0.60185798780417366 1905.5000000000002 135.37471715518376 1801.6386849089208 0.019233150000000001 129.84114365087353 0.53201250000000011 0.080416000000000029 0.51727750000000017 0.75140450000000014 120.92817193669602 0.41682050000000009 -0.0077204999999999973 0.57821900000000015 -1.0000000180025095e-35 -0.014401000000000051 0.0040200000000000105 0.13189850000000003 -0.072651499999999994 0.90884010902616208 5390.5000000000009 0.41542230000000002
decision_type=2 8 2 10 10 2 8 2 10 8 10 10 10 8 10 10 10 8 8 10 10 10 2 10 10 10 8 2 2 10
left_child=1 7 9 13 5 -5 -7 18 19 25 -2 -10 -6 14 15 -4 -17 22 -1 -9 -21 -22 -14 -11 -25 -3 -8 28 -28 -30
right_child=10 2 3 4 12 6 26 8 11 23 -12 -13 17 -15 -16 16 -18 -19 -20 20 21 -23 -24 24 -26 -27 27 -29 29 -31
leaf_value=0.012245758538151737 -0.0044266859902901716 -0.0065151233131974188 -0.0038723151483292246 0.0030732948441722805 0.010047093636833426 0.0044243517068185056 0.0039909857674038799 -0.0088071935400310698 -0.012782033420867088 0.0030243074519683156 0.0057113888100602615 -0.0021432260159032139 0.00032597189992414149 0.0021659262347753726 0.0019162794039578553 -0.0048768305105998007 0.012734858603508753 -0.013040085318213258 0.0017133076571776253 0.0059438053031339554 0.0012672627876408667 -0.00900995460074412 -0.0026232869900900901 0.00015511366310992609 -0.010095006393216185 0.0034361080991144842 -0.0010065866027861995 -0.00018185139160751033 0.0045612591957677221 -0.008947254120304492
leaf_weight=328.10971421003342 4299.2370182722807 3023.221409201622 3834.5380463153124 5221.5881481617689 264.60304425656796 1722.6021536886692 1221.5601637065411 348.63104742765427 534.86320933699608 1486.4898358136415 414.03275835514069 984.91219666600227 5672.700901389122 12948.974250987172 3524.7979362905025 250.41255368292332 352.09308870136738 288.81468123197556 20682.187458619475 1282.7311124801636 1492.8003329187632 423.16069309413433 14200.084873467684 871.42402440309525 543.82123553752899 376.65520898997784 2709.0922882407904 8045.309486374259 275.25300326943398 1659.042087584734
leaf_count=1334 17337 12242 15387 20973 1065 6960 4909 1410 2150 5990 1671 3950 22851 52176 14219 1005 1412 1162 83204 5167 5991 1728 57346 3511 2192 1525 10914 32285 1116 6674
internal_value=-5.47301e-05 0.000118624 -0.00031828 -3.92539e-05 -0.000623324 0.00051882 -0.000335829 0.00126585 -0.00129402 -0.0030676 -0.00352591 -0.00594648 -0.0017891 0.00111352 -0.000598655 -0.00259634 0.005455 -0.00194934 0.00188354 0.000710336 0.00177188 -0.00103757 -0.00178168 -0.000318801 -0.00382679 -0.00540583 -0.000928069 -0.0014044 -0.0035177 -0.0070114
internal_weight=99283.7 94570.5 68493.1 62191.5 41280.7 20854.4 15632.9 26077.4 5067.1 6301.61 4713.27 1519.78 20426.2 20910.8 7961.84 4437.04 602.506 20161.6 21010.3 3547.32 3198.69 1915.96 19872.8 2901.74 1415.25 3399.88 13910.3 12688.7 4643.39 1934.3
internal_count=399856 380848 275914 250454 166255 83831 62858 104934 20396 25460 19008 6100 82424 84199 32023 17804 2417 81359 84538 14296 12886 7719 80197 11693 5703 13767 55898 50989 18704 7790
is_linear=0
shrinkage=0.05


Tree=51
num_leaves=31
num_cat=0
split_feature=27 21 19 44 86 6 58 86 23 99 53 99 79 38 41 49 86 89 86 39 94 34 55 40 88 1 53 31 18 21
split_gain=20.4159 20.2135 19.9244 15.9051 14.9532 16.2119 17.8704 15.9875 14.2921 13.7258 14.3805 13.2925 13.2239 14.259 19.1373 16.0326 14.7889 14.6519 20.6468 19.7592 18.8772 15.6417 14.4186 14.0112 14.458 16.2295 16.1071 15.5791 13.8828 13.7952
threshold=0.52150800000000008 169.50000000000003 13.500000000000002 34.518122126583513 0.0073879999999999788 1.0000000180025095e-35 6409.5000000000009 0.02748999999999999 0.17402750000000003 0.0090034999999999855 2556.7250408299487 -0.0060849999999999923 95.65000000000002 0.13494900000000001 0.079223396981154035 132.37259777091901 -0.015051499999999994 0.49450235000000003 -0.099037499999999987 0.0523228467399987 0.52007150000000013 0.51615850000000008 1221.2325914145465 0.046233673699382825 0.0051934999999999907 5.5000000000000009 2526.7361854438191 0.10741050000000002 1.5000000000000002 7468.5000000000009
decision_type=10 2 2 8 10 2 10 10 10 10 8 8 2 10 10 10 8 10 8 10 8 8 8 8 10 2 8 10 2 2
left_child=12 8 9 4 -4 -6 11 -8 -2 -3 -11 -7 13 14 15 17 23 18 21 29 22 -1 -20 -15 25 -25 -27 -26 -21 -19
right_child=1 2 3 -5 5 6 7 -9 -10 10 -12 -13 -14 16 -16 -17 -18 19 20 28 -22 -23 -24 24 27 26 -28 -29 -30 -31
leaf_value=-0.0060973956022627685 0.00164775099643036 0.0036128721659311573 0.0026623703187425886 0.0021207205607542147 0.0013590197525049355 -0.0035819443736580048 0.0045116391390328464 -0.0091205688176858608 -0.0094886667300205299 0.00078572491506777591 -0.011206507614145714 6.208951060587996e-05 -0.003043596559572169 -0.0014809965210877938 0.0017142482256416736 0.0076988786517979482 -0.0020971511790673527 -0.0049304017023279198 -0.0073228233345676089 -0.0044809540218946195 -0.0071384615860928926 -0.0014173737618146183 0.001381412540702269 0.003117261465314831 0.0068820961182119375 -0.003800065924428496 0.0058546519180050381 -0.0027153242427294328 0.011068625348736517 -0.015198689751218434
leaf_weight=3059.2700152695179 446.44513481855392 9067.3284289985895 3236.9970762580633 8464.6545158922672 5021.5789072364569 3943.7927799969912 249.78543609380722 1332.282009229064 789.09040001034737 1683.3626280277967 283.37453946471214 6817.0372032672167 5298.6635177284479 4650.953099116683 4472.0134834498167 418.71586939692497 4871.3100279718637 3482.1223082691431 495.90903243422508 254.4983703494072 796.42400208115578 4287.8091157376766 8005.628737539053 11331.869181886315 485.41616648435593 1768.3809545040131 560.9979369789362 2885.0764340758324 307.12016606330872 354.93284195661545
leaf_count=12355 1795 36755 13041 34082 20179 15848 1003 5350 3175 6793 1140 27390 21340 18710 18063 1684 19591 13982 2005 1021 3248 17298 32322 45512 1954 7103 2250 11587 1236 1424
internal_value=-5.85447e-05 0.000789785 0.000984399 0.000297371 -0.000452465 -0.00103431 -0.00200833 -0.00695342 -0.00548374 0.00279227 -0.00099011 -0.00127552 -0.000665396 -0.000424784 -0.00125845 -0.00187837 0.0003896 -0.0020725 -0.00139265 -0.00463613 0.00017314 -0.00337174 0.000865673 0.000948991 0.00161304 0.00233633 -0.00145978 -0.00131684 0.00406719 -0.00591727
internal_weight=99122.8 41335.7 40100.2 29066.1 20601.5 17364.5 12342.9 1582.07 1235.54 11034.1 1966.74 10760.8 57787.1 52488.4 25934.4 21462.4 26554 21043.7 16645 4398.67 9297.96 7347.08 8501.54 21682.7 17031.7 13661.2 2329.38 3370.49 561.619 3837.06
internal_count=399236 166551 161581 116893 82811 69770 49591 6353 4970 44688 7933 43238 232685 211345 104638 86575 106707 84891 67228 17663 37575 29653 34327 87116 68406 54865 9353 13541 2257 15406
is_linear=0
shrinkage=0.05


Tree=52
num_leaves=31
num_cat=0
split_feature=20 34 20 21 0 79 42 91 94 56 21 94 27 93 92 96 28 93 27 79 90 94 50 0 87 98 46 40 27 45
split_gain=19.9289 18.9399 18.5384 20.7295 17.5957 19.3788 19.4598 15.917 17.2509 18.9848 22.3511 17.2682 16.6919 20.6913 15.7975 20.6654 16.1081 16.1379 15.6453 17.7197 15.3531 14.2387 14.9217 19.1287 15.5411 14.1483 13.5375 13.6579 15.8702 13.428
threshold=13.500000000000002 0.45059100000000007 12.500000000000002 962.50000000000011 4.5000000000000009 80.350000000000009 137.97294972999671 0.055599849999999999 0.47852750000000005 2.3463915683447398 1703.5000000000002 0.29782450000000005 0.40093450000000003 0.0034254999999999984 0.014401499999999999 0.45274000000000009 0.41729450000000007 0.0047745000000000018 0.59788200000000014 92.550000000000011 0.038556349999999968 0.45070450000000006 142.33181319208623 8.5000000000000018 -0.010511500000000033 -0.013466834181705299 1.9977292927289625 0.043965286178583619 0.50531950000000014 10.353503765279543
decision_type=2 8 2 2 2 2 10 10 10 8 2 10 10 10 10 10 10 10 8 2 10 10 8 2 10 2 10 10 10 8
left_child=1 -1 18 29 5 6 -5 8 9 10 -2 20 -12 -14 15 -9 -17 -18 19 21 -11 22 -3 -24 -25 -6 27 28 -16 -4
right_child=7 2 3 4 25 -7 -8 14 -10 11 12 -13 13 -15 26 16 17 -19 -20 -21 -22 -23 23 24 -26 -27 -28 -29 -30 -31
leaf_value=-0.0055829713807618725 -0.0070470526018843269 -0.0028327114488953505 -0.0037653155142421211 0.0019119993423100533 0.0027350795445393217 0.011276993031184169 -0.01012229017128626 -0.0074397312543224214 -0.0038066737998820768 0.002798141822971131 0.0072371008712822735 0.00028018838726233001 0.0019542426926012417 -0.0064741292889356544 0.0036333617319771055 0.010890758010954344 0.0017376356514610055 -0.006993379626098451 0.0037487248370640909 -0.0083919775765771056 0.01349344997715859 -0.0060365657970070079 0.0041247404212159519 0.0015959327262842753 -0.01388607614261877 0.0071636176552176333 0.0075698461759233851 -0.001872428583662525 -0.0054220882168076467 0.0018858030611173873
leaf_weight=971.55232363939285 1839.9115606248379 2088.7960924208164 1567.9052547961473 816.66154269874096 3332.4979887753725 276.54139371216297 557.63106232881546 2372.5599579364061 2797.2721963375807 2823.8864401131868 603.94211703538895 43420.482546746731 1616.2425284981728 1310.1667780429125 2463.5077897906303 250.90603271126747 1146.1636767089367 968.34128527343273 1977.5058237165213 766.64650572836399 372.48006899654865 953.87748555839062 3012.262677744031 359.54920738935471 282.46107955276966 3971.363665625453 452.6481256633997 12025.266752660275 592.1542382389307 3139.1487296670675
leaf_count=3915 7456 8390 6322 3283 13405 1112 2248 9565 11443 11451 2442 174677 6521 5279 9912 1014 4602 3890 7969 3087 1516 3878 12106 1446 1134 15994 1818 48396 2389 12635
internal_value=-3.03267e-05 0.00122114 0.00150957 0.00268631 0.00409709 -0.000562263 -0.00300887 -0.000431847 1.11475e-05 0.000217266 -0.00259506 0.000541733 -0.00026147 -0.00182838 -0.00162847 -0.00415273 -0.000838363 -0.00227485 -0.000194273 -0.0012426 0.00408269 -0.000412871 0.000530048 0.0024547 -0.00532409 0.00514953 -0.000856353 -0.00111411 0.00186655 -5.58998e-07
internal_weight=99130.3 24074.4 23102.8 13661.7 8954.7 1650.83 1374.29 75055.9 54784.4 51987.1 5370.26 46616.8 3530.35 2926.41 20271.5 4737.97 2365.41 2114.5 9441.1 7463.59 3196.37 6696.95 5743.07 3654.27 642.01 7303.86 15533.6 15080.9 3055.66 4707.05
internal_count=399295 96924 93009 54999 36042 6643 5531 302371 220785 209342 21698 187644 14242 11800 81586 19071 9506 8492 38010 30041 12967 26954 23076 14686 2580 29399 62515 60697 12301 18957
is_linear=0
shrinkage=0.05


Tree=53
num_leaves=31
num_cat=0
split_feature=71 23 87 48 46 46 44 96 58 42 20 74 20 16 33 33 33 83 86 27 95 43 36 87 5 96 44 46 5 55
split_gain=19.7271 20.895 20.3037 15.2256 15.3226 19.9678 21.0892 17.3636 14.8268 13.7871 14.3087 17.0905 16.5155 26.6749 18.6068 18.0629 16.4562 18.1088 14.8004 14.4387 13.8036 17.6463 16.5543 14.3126 14.1398 13.91 12.9618 13.2804 12.5752 16.5058
threshold=1.0000000180025095e-35 0.30147850000000004 -0.13522599999999996 1.0462074379219519 1.7886188053930572 1.8086780576603607 37.735447349330386 0.32248890000000008 146.50000000000003 145.09249437257921 13.500000000000002 1.0000000180025095e-35 12.500000000000002 0.03500000000000001 2638.5000000000005 2031.5000000000002 2195.5000000000005 0.59579157448203113 0.15046300000000004 0.25143700000000008 1.0000000180025095e-35 2383.0558635449083 0.42476400000000009 0.074195000000000025 1.0000000180025095e-35 0.40543250000000003 23.9968693615299 1.9294066654385296 1.5000000000000002 2151.3200863941806
decision_type=2 10 8 10 10 10 10 8 8 10 2 2 2 2 2 2 2 2 8 10 8 10 8 10 2 10 8 10 2 10
left_child=8 2 -2 4 -4 -6 7 -7 -1 10 12 19 -10 -14 15 -15 18 20 -13 -12 -18 22 24 -24 -22 -23 -16 -28 29 -21
right_child=1 -3 3 -5 5 6 -8 -9 9 -11 11 16 13 14 26 -17 17 -19 -20 28 21 25 23 -25 -26 -27 27 -29 -30 -31
leaf_value=0.011719970991458431 -0.0041249761477546894 -0.0039016318908861158 0.00051677283282896799 0.0073242675061333321 -0.006839947868593709 -0.0098762532949627831 0.0056091585482031057 -0.0010552906251945101 -0.00026876881040116253 0.0081089952102904161 0.012454034308473314 0.0016981728852086882 0.015280913802833883 0.0014895420595697172 0.0092467467939420876 -0.0092670680610177983 -0.006228444254964445 0.0078301108123458776 -0.0057915318954729796 0.00086190272437648621 0.0012086403946982487 -0.00084114735418097805 -0.00085522612846132605 0.0048886598336518421 -0.010410627172733583 -0.012714313220045362 0.0018873080640143492 0.012391950270887395 0.004249632078300751 -0.01095581580853832
leaf_weight=293.33743137121201 3324.1903315484524 4634.9162316173315 26128.70052985847 675.2139565050602 1567.5780624300241 579.85089756548405 1132.1684648990631 10389.507377818227 4507.8357963860035 599.09029227495193 299.74319887161255 8744.5255043953657 448.28602139651775 1763.0216057449579 1150.052824229002 490.54690109193325 1523.5482514500618 504.02145586907864 703.62009620666504 6771.5090272426605 389.50244349241257 431.24696628749371 13214.707867905498 1171.4872825145721 776.99847726523876 571.11809210479259 2777.4237054735422 328.33004096150398 2907.4129541516304 298.93707443773746
leaf_count=1176 13438 18935 105144 2734 6322 2354 4555 41883 18140 2490 1207 35142 1799 7075 4625 1969 6129 2047 2828 27251 1561 1754 53120 4731 3114 2291 11158 1330 11698 1198
internal_value=8.57931e-06 -0.000712886 -0.000374618 -6.5645e-05 -0.000192831 -0.00154864 -0.000858142 -0.00153015 0.000698236 0.000631739 0.00054013 7.61673e-05 0.0020889 0.00361462 0.00278898 -0.000882506 -0.000563366 -0.00142696 0.00113487 0.00181926 -0.00168923 -0.00126798 -0.000851043 -0.000384423 -0.00655358 -0.00766489 0.00473064 0.00303403 0.00148763 0.000347484
internal_weight=99098.4 48432.1 43797.2 40473 39797.8 13669.1 12101.5 10969.4 50666.3 50373 49773.9 38308.4 11465.5 6957.66 6509.38 2253.57 28030.8 18582.6 9448.15 10277.6 18078.6 16555.1 15552.7 14386.2 1166.5 1002.37 4255.81 3105.75 9977.86 7070.45
internal_count=399198 195365 176430 162992 160258 55114 48792 44237 203833 202657 200167 154071 46096 27956 26157 9044 112717 74747 37970 41354 72700 66571 62526 57851 4675 4045 17113 12488 40147 28449
is_linear=0
shrinkage=0.05


Tree=54
num_leaves=31
num_cat=0
split_feature=64 45 48 34 20 20 61 0 29 40 97 1 24 55 33 21 71 65 37 26 55 44 55 96 23 84 70 91 33 91
split_gain=20.634 18.0337 17.1718 17.1328 17.5685 17.9482 31.3381 26.1998 16.6253 16.1483 16.0078 15.799 14.9688 17.7211 13.5893 13.4158 13.2189 15.809 14.5191 23.948 16.2576 17.5278 16.1565 14.8737 19.8383 17.6859 19.2593 14.8537 13.7418 13.2906
threshold=9.5000000000000018 31.876373521978419 0.73652709660158766 0.45059100000000007 13.500000000000002 12.500000000000002 1.0000000180025095e-35 4.5000000000000009 0.59249200000000013 0.059397230260407129 1.0463203081978023 3.5000000000000004 0.18721950000000001 1723.2964625141628 1152.5000000000002 4428.5000000000009 1.0000000180025095e-35 -1.0000000180025095e-35 0.3063590000000001 0.41028650000000005 1975.3444856477292 23.158601585993306 1417.3408565364887 0.57964450000000012 0.20872350000000003 0.52032173066085541 1.5000000000000002 0.054468500000000024 5390.5000000000009 0.068882500000000013
decision_type=2 10 10 8 2 2 2 2 10 10 2 2 10 8 2 2 2 2 8 10 8 10 8 10 10 2 2 10 2 8
left_child=3 2 -2 -1 5 8 7 9 10 -7 11 -5 13 -13 -8 -15 18 -18 20 22 21 28 -20 24 29 -26 27 -27 -6 -21
right_child=1 -3 -4 4 16 6 14 -9 -10 -11 -12 12 -14 15 -16 -17 17 -19 19 23 -22 -23 -24 -25 25 26 -28 -29 -30 -31
leaf_value=-0.0040948443339282707 -0.0026918802743022526 -0.013979440107138367 0.0076080519731516116 -0.0025203293762872409 0.0101945220321242 0.0032171023352620463 0.0025045840507522455 0.0060524278179038202 0.0065823438844695992 -0.0066105320550368454 -0.0082265404540491464 0.0047721750805030808 0.012999845505488709 0.00056363909842921422 -0.0029957109132935488 -0.0090411012745117546 0.00083513182738983766 -0.0015329185123374965 -0.015916574307748319 0.0056690204659383273 -0.00036218490506013978 0.0017554333327884824 -0.0035266674433817786 -0.0049407921731727611 0.00075358552779660609 0.0031167886226453594 -0.008127922504066477 -0.0081327673371222702 0.0021922251175304774 -0.0019684405084319815
leaf_weight=2241.9137894362211 6272.6612043678761 321.91191896796227 422.95906439423561 3634.1701710522175 1226.1162823736668 984.27518334984779 2000.7181542664766 6496.4556904733181 815.17320653796196 711.4357333034277 667.23172351717949 1697.3522149175406 281.60255070030689 1153.1224137842655 2533.9736322760582 520.263676404953 10233.733085945249 22592.761637508869 350.69652999937534 2544.1781710833311 7021.1978127509356 9683.7805872112513 1005.0846208930016 1331.7505511194468 7792.1416571587324 1086.1761071532965 1357.4651839584112 390.69070851802826 959.89890103042126 727.58788506686687
leaf_count=9039 25317 1294 1703 14619 4954 3961 8055 26163 3308 2864 2678 6824 1132 4643 10200 2103 41221 91183 1411 10299 28238 39003 4044 5333 31313 4362 5444 1565 3879 2920
internal_value=1.33837e-05 -0.00259809 -0.00203086 0.000212752 0.000320739 0.00156703 0.00276555 0.00460969 -0.000173623 -0.000920665 -0.000873433 -0.000189751 0.00212978 0.00118589 -0.000568795 -0.00245849 -7.16547e-05 -0.000794644 0.00059736 -0.000482031 0.00154479 0.00267215 -0.00682461 8.66952e-05 0.000571643 -0.000477343 -0.00385216 0.000106146 0.00670663 0.00396975
internal_weight=99058.5 7017.53 6695.62 92040.9 89799 21495.8 12726.9 8192.17 8768.92 1695.71 7953.74 7286.51 3652.34 3370.74 4534.69 1673.39 68303.3 32826.5 35476.8 16585.8 18891 11869.8 1355.78 15230 13898.2 10626.5 2834.33 1476.87 2186.02 3271.77
internal_count=399072 28314 27020 370758 361719 86550 51243 32988 35307 6825 31999 29321 14702 13570 18255 6746 275169 132404 142765 66691 76074 47836 5455 61236 55903 42684 11371 5927 8833 13219
is_linear=0
shrinkage=0.05


Tree=55
num_leaves=31
num_cat=0
split_feature=72 61 14 96 79 88 93 28 87 51 42 45 88 47 85 21 23 19 86 21 20 58 35 41 39 32 64 53 87 85
split_gain=23.1707 19.0418 16.6597 16.8928 16.8064 16.3927 16.8234 15.435 17.337 17.0745 16.6366 18.8706 22.1814 17.7003 17.1621 16.168 18.2152 15.0013 18.7595 14.8317 18.9684 14.7055 14.3883 14.9303 14.1098 13.4954 13.4334 15.9413 12.7716 12.5952
threshold=3.5000000000000004 1.0000000180025095e-35 1.0000000180025095e-35 0.32542280000000007 2.0999999999999974 -0.12440450000000002 0.032557500000000003 0.40779350000000009 -0.0067865 2323.7453185958925 142.54419642197763 15.121300749035429 0.0061479999999999877 1.6321055212321027 0.54101785157841553 1080.5000000000002 0.23753150000000003 13.500000000000002 0.013681999999999974 962.50000000000011 13.500000000000002 1056.5000000000002 0.1427495 0.058792800959830589 0.044771750473851187 0.11909100000000002 10.500000000000002 2641.3570729479538 0.0011770000000000116 0.52307391243712098
decision_type=2 2 2 8 2 10 10 8 8 10 8 10 10 10 2 2 10 2 10 2 2 10 10 8 8 10 2 10 10 2
left_child=1 2 4 -4 -1 -6 22 9 10 28 11 13 15 -9 -12 16 -13 18 -10 25 -21 -22 29 -24 -3 -15 27 -19 -2 -7
right_child=7 24 3 -5 5 6 -8 8 17 -11 14 12 -14 19 -16 -17 -18 26 -20 20 21 -23 23 -25 -26 -27 -28 -29 -30 -31
leaf_value=-0.01509539989840347 2.7634316357004378e-05 -0.0021200475297783955 0.0099321193392824803 -0.00025633048499156859 0.0094411802079612129 0.0099384768181989477 -0.0081444612414549675 0.008493174746948785 -0.0014806773426983709 -0.0048956341417252733 0.0028607618353767733 0.0019139508650085802 -0.0062453210001547476 0.0044485107995183588 0.012081904743668936 -0.00024442785060143203 0.017076341929536151 -0.00035222829189187732 0.0030052090640095321 0.0057306933658857612 0.0099310651816961592 0.00077032538822761388 0.0075727373000435156 -0.0042500452068312692 -0.014139918707813113 -0.005378527770451641 -0.0057166562844271126 -0.0071579235257877172 -0.010769065091276392 -0.0015738074410130349
leaf_weight=275.11890558898449 7917.3810327500105 452.08773365616798 434.8719270825386 4754.2796216607094 258.21747000515461 430.33081924915314 1316.7814773023129 987.66124460101128 3599.2310648411512 2746.6525359302759 5107.4263538271189 655.32374638319016 1460.5597673505545 471.58600862324238 551.85382884740829 13188.814336404204 275.79667910933495 26134.466708466411 6576.5405606478453 2925.1774546355009 448.489666685462 9918.3155661374331 283.32057382166386 3065.2451706826687 531.51591277122498 1272.5800233632326 1324.0684426575899 879.79206098616123 273.71971929073334 510.95221973955631
leaf_count=1116 31985 1823 1761 19234 1050 1737 5323 3967 14538 11129 20577 2631 5872 1894 2221 52940 1111 105074 26689 11771 1801 39848 1137 12392 2168 5120 5328 3556 1122 2063
internal_value=-2.50914e-05 -0.00205387 -0.00147037 0.000614964 -0.00323091 -0.0026496 -0.00322227 0.000263179 0.000516657 -0.0014918 0.00128538 0.00083768 -0.000401303 0.00204188 0.00377967 0.000207191 0.00653876 -0.000227247 0.00141863 0.00161276 0.00218177 0.00117583 -0.00169596 -0.00323016 -0.00869224 -0.00271129 -0.000818542 -0.000576441 -0.000345847 0.00373847
internal_weight=99028.2 12312.7 11329.1 5189.15 6139.97 5864.85 5606.63 86715.4 75777.7 10937.8 37263.6 31604.3 15580.5 16023.8 5659.28 14119.9 931.12 38514.1 10175.8 15036.1 13292 10366.8 4289.85 3348.57 983.604 1744.17 28338.3 27014.3 8191.1 941.283
internal_count=398978 49804 45813 20995 24818 23702 22652 349174 304938 44236 149753 126955 62554 64401 22798 56682 3742 155185 41227 60434 53420 41649 17329 13529 3991 7014 113958 108630 33107 3800
is_linear=0
shrinkage=0.05


Tree=56
num_leaves=31
num_cat=0
split_feature=20 33 29 39 20 50 21 79 23 0 39 96 96 44 95 51 23 22 25 85 33 23 52 26 21 64 41 49 23 71
split_gain=18.1886 15.9737 19.104 14.4591 13.4068 17.6081 17.4203 14.7121 14.3677 17.9752 15.7399 13.5091 16.0818 14.3522 12.9019 13.8117 16.8356 17.0822 17.552 12.8951 15.6775 15.4987 15.0772 12.5318 13.4238 14.0418 12.995 12.4345 11.9392 11.806
threshold=13.500000000000002 218.50000000000003 0.44417800000000002 0.029883237417579336 12.500000000000002 143.10078316857997 442.50000000000006 0.40000000000000291 0.29166900000000007 8.5000000000000018 0.029883237417579336 0.42494700000000007 0.39121855000000005 33.525957853105979 0.058743999999999998 2310.9343758894142 0.19155850000000005 0.5594205000000001 0.37501100000000004 0.5117344277232504 5844.5000000000009 0.17801150000000002 117.44812538777613 0.41138150000000007 5378.5000000000009 10.500000000000002 0.082044386103300324 131.66806001458914 0.21710950000000004 1.0000000180025095e-35
decision_type=2 2 8 8 2 10 2 2 10 2 10 10 8 10 10 10 10 10 10 2 2 8 8 10 2 2 8 10 10 2
left_child=1 2 -1 -2 5 11 -6 -8 9 10 -7 12 -3 28 -9 16 -16 18 -18 21 22 29 -21 26 -25 -26 -22 -24 -13 -5
right_child=3 4 -4 19 6 8 7 14 -10 -11 -12 13 -14 -15 15 -17 17 -19 -20 20 23 -23 27 24 25 -27 -28 -29 -30 -31
leaf_value=-0.015609895434517185 0.0023104896283803718 -0.0020210070154308558 -0.00090834618315736252 0.0058624515493157668 -0.00087537294390099764 -0.0063969528524232535 0.013965690443539942 0.0013146927359557791 -0.0071011201621350613 -0.0046689855741793495 0.0060292466702951868 -0.01022633196497056 0.0076854876149845628 0.0050032029677880745 -0.0032997862168582222 0.0088885328866918824 0.0022376656061571295 0.015216847974179838 0.015500625291772692 0.0089627559287325451 -0.0074822396476870168 -0.0021026394684565898 0.00030142534151282287 0.00020065529841962871 -0.0020002905889206549 -0.012228964391232059 0.0010110945206430622 0.0055659683455172339 -0.0030127085895942218 -0.001829317014847439
leaf_weight=274.0099301636219 4875.1439954340458 1144.1547737717628 1001.9140649437904 1138.5430173873901 2901.1011593937874 271.55030564963818 315.79974733293056 4975.4965575039387 343.89794492721558 568.32020120322704 2861.764768704772 790.89857344329357 667.7171445786953 398.4201624840498 776.67413787543774 1512.6763634234667 2526.4879188835621 346.0699715167284 267.5416871458292 528.4937127828598 1409.4762324690819 17045.964569211006 27372.877907037735 13390.070528879762 6255.2108799219131 345.20503905415535 656.46373037993908 1159.6363523304462 2072.6679318547249 875.32024055719376
leaf_count=1112 19646 4611 4029 4622 11697 1100 1270 20013 1409 2285 11509 3173 2690 1605 3147 6116 10146 1402 1074 2147 5689 68665 110221 53940 25218 1392 2651 4715 8343 3536
internal_value=6.3461e-05 0.00126079 -0.0041624 -0.000319808 0.00156676 8.26986e-05 0.0025595 0.00348895 0.00253981 0.00345221 0.0049354 -0.00187757 0.00157861 -0.00379626 0.00315787 0.00484142 0.00325975 0.00488751 0.00355841 -0.000502835 -8.88721e-05 -0.00161243 0.000673882 -0.00109371 -0.000709345 -0.00255295 -0.00479157 0.000517265 -0.00503372 0.00252673
internal_weight=99069.6 24017.2 1275.92 75052.4 22741.2 9119.39 13621.8 10720.7 4045.53 3701.64 3133.32 5073.86 1811.87 3261.99 10404.9 5429.45 3916.77 3140.1 2794.03 70177.3 51117.4 19059.8 29061 22056.4 19990.5 6600.42 2065.94 28532.5 2863.57 2013.86
internal_count=399173 96731 5141 302442 91590 36725 54865 43168 16303 14894 12609 20422 7301 13121 41898 21885 15769 12622 11220 282796 205973 76823 117083 88890 80550 26610 8340 114936 11516 8158
is_linear=0
shrinkage=0.05


Tree=57
num_leaves=31
num_cat=0
split_feature=72 48 14 25 84 39 23 20 34 47 31 34 93 47 79 22 25 30 83 4 50 54 30 44 38 45 39 23 5 39
split_gain=17.0385 18.2038 17.4105 17.2778 17.2776 13.918 15.8345 13.1684 13.3386 16.1694 15.1264 12.721 14.3432 13.4347 12.4229 13.0764 12.1874 12.1168 13.0317 11.4628 16.0868 12.4579 12.0772 10.8317 10.8261 10.6749 10.5914 13.5104 11.4409 18.2366
threshold=3.5000000000000004 0.28318391085072331 1.0000000180025095e-35 0.34499650000000009 0.46684282533698157 0.035564706961301394 0.22447650000000005 13.500000000000002 0.52912350000000019 1.6950858641311262 0.21869400000000003 0.47858400000000006 0.012576500000000006 1.7501107677027938 92.550000000000011 0.57383350000000011 0.36843200000000004 0.24456250000000004 0.4747185522520993 1.5000000000000002 144.59996703562317 132.19519673159974 0.11050050000000002 39.369109069410932 0.045564900000000012 -3.4133292258116108 0.040585241140527216 0.3291150000000001 1.0000000180025095e-35 0.031662524389294754
decision_type=2 8 2 10 2 8 10 2 8 10 10 8 10 8 2 8 10 8 2 2 10 10 8 10 10 10 10 10 2 8
left_child=2 4 5 14 -2 6 -1 -6 19 -10 23 12 -5 -14 17 -16 -8 18 -3 22 -21 -22 24 -11 -9 -4 28 -28 29 -13
right_child=1 3 25 11 7 -7 16 8 9 10 -12 26 13 -15 15 -17 -18 -19 -20 20 21 -23 -24 -25 -26 -27 27 -29 -30 -31
leaf_value=0.0047976700774981246 -0.0043154512978827112 -0.0059119694211511448 -0.00059894119740441397 -0.00069730271831659621 0.0044678923049150839 -0.0050544398288047045 -0.010520243792074904 -0.0028274344832771997 0.0058836126387298016 -0.0053251252763205923 0.0055884318249303962 -0.0061375094974981878 -0.01259919256751558 -0.002950590144319822 -0.0050805323102005029 0.0067731574980691642 0.00050534132553835644 -0.0012317377598051497 0.0027401763281714705 0.0018633727731574173 -0.01161317663006876 0.0015414092628326527 0.0019675455890025575 0.0034868662892229571 0.0081568355482934327 0.0061805390836326985 -0.001505960153229018 0.0069213623838613736 0.00089393243596155077 -0.00025902805013670996
leaf_weight=900.81058616936207 1172.1155453622341 443.93887986242771 5037.4448326081038 1800.6555020362139 3946.157844260335 4691.3246919512749 432.19634562730789 254.42662853002548 650.65220308303833 2420.0231061279774 464.53421984612942 1575.7310035526752 658.44129039347172 801.62177102267742 1302.4274527132511 273.72609862685204 576.57178798317909 2866.0491115301847 11005.007276713848 1944.3602292835712 469.56690026819706 284.71578672528267 4783.5985257029533 400.05729115009308 1644.963172763586 646.13210205733776 20753.637455493212 476.99007742106915 18418.783758670092 7859.1922462880611
leaf_count=3618 4818 1797 20407 7258 15854 18993 1736 1021 2627 9711 1864 6334 2654 3238 5236 1112 2347 11534 44512 7823 1883 1143 19218 1613 6637 2602 83520 1946 74070 31610
internal_value=-0.000105765 0.000141312 -0.00184768 -0.000235378 0.00153497 -0.00359231 7.38407e-06 0.00193447 0.00118096 -0.0012601 -0.00268877 -0.000673754 -0.00369312 -0.0073579 0.00120814 -0.00299221 -0.00427535 0.00167238 0.00239982 0.00220515 -0.000543931 -0.00669257 0.0033144 -0.00406715 0.00667837 0.000181279 -0.000472463 -0.00131345 0.000168797 -0.00124625
internal_weight=98955.9 86671.4 12284.5 68236.2 18435.2 6600.9 1909.58 17263.1 13316.9 3935.27 3284.61 52345.1 3260.72 1460.06 15891.1 1576.15 1008.77 14315 11448.9 9381.63 2698.64 754.283 6682.99 2820.08 1899.39 5683.58 49084.3 21230.6 27853.7 9434.92
internal_count=398736 349033 49703 274821 74212 26694 7701 69394 53540 15815 13188 210630 13150 5892 64191 6348 4083 57843 46309 37725 10849 3026 26876 11324 7658 23009 197480 85466 112014 37944
is_linear=0
shrinkage=0.05


Tree=58
num_leaves=31
num_cat=0
split_feature=20 20 33 72 2 52 29 79 86 45 78 50 29 94 50 64 78 64 78 91 45 97 1 43 30 98 26 95 83 5
split_gain=15.7081 19.5925 17.361 14.6946 15.7248 18.7335 13.8922 14.4141 14.8855 13.2039 12.6363 13.5661 18.2086 12.4309 17.2976 12.9728 12.4054 13.553 13.4671 14.3169 12.3031 11.9585 11.8619 11.7427 12.4562 12.6973 11.5157 11.4215 11.4156 11.7237
threshold=13.500000000000002 12.500000000000002 3351.5000000000005 3.5000000000000004 3.5000000000000004 117.44812538777613 0.61067150000000014 92.550000000000011 -0.010747500000000047 -6.1853430826940858 0.99139648331201558 144.52863566125362 0.50378800000000001 0.45070450000000006 143.12179932149311 6.5000000000000009 0.72512729503938389 2.5000000000000004 0.40212061403276617 -0.027563999999999995 11.923461967850361 1.0178996657022596 3.5000000000000004 2029.4419111431678 0.19552700000000003 -0.035270062443932569 0.5000285000000001 0.14293000000000003 0.44933133437655243 1.5000000000000002
decision_type=2 2 2 2 2 8 10 2 10 10 2 10 10 8 8 2 2 2 2 8 8 2 2 8 8 2 10 8 2 2
left_child=1 6 21 9 5 -5 7 13 -9 16 28 20 -13 14 -1 22 17 18 19 -2 -12 -3 -15 -18 25 -25 27 -6 -7 -30
right_child=3 2 -4 4 26 10 -8 8 -10 -11 11 12 -14 15 -16 -17 23 -19 -20 -21 -22 -23 -24 24 -26 -27 -28 -29 29 -31
leaf_value=-0.0026363687024921535 -0.0050940480039270812 -0.00016458886229089466 0.0039530069699297461 0.01056312986213816 -0.00075735077267952491 -0.0051132303220247982 0.00725150448291136 -0.012081727670065712 -6.5826432710360778e-05 0.0021012987156236109 0.0068147604062761685 -0.017299359287557593 -0.00040979229238885398 -0.0087846688346065304 0.0024214709419288997 -0.015045323701608149 0.0095219304378498237 -0.0068764961218630051 -0.0051713752770562726 0.0068660859346645984 -0.0033437273578384701 0.0069386931708721247 0.0030557152847228292 -0.012858264149382232 0.0038032323180909895 -0.0016547097021599043 -0.0054318070100467597 0.0021606732431159819 0.00053542064679010183 0.0032171841921857488
leaf_weight=2812.8561228066683 387.47551907598972 6415.4861518740654 7435.169564858079 490.0458909124136 39115.423528045416 688.85664516687393 517.69908435642719 558.50596213340759 471.72011734545231 1458.8900319188833 421.89406649768353 315.58619122207165 313.95740287005901 372.8371626585722 4204.1454312354326 251.88570167124271 265.2560271024704 2751.0828195810318 1247.739010989666 668.46852205693722 951.85159248113632 642.75664038956165 464.50256988406181 310.22731797397137 758.26669488847256 1221.8040485680103 1211.2357247471809 3658.1244295239449 12694.659823745489 5995.8418373912573
leaf_count=11304 1569 25846 29957 2008 157388 2826 2101 2251 1898 5885 1698 1277 1270 1515 16905 1029 1072 11166 5043 2706 3830 2583 1887 1276 3073 4931 4869 14834 51111 24142
internal_value=-1.92192e-06 0.00110681 0.00226861 -0.000359348 -9.93631e-05 0.000995982 -0.000637883 -0.00109236 -0.00663341 -0.00224508 0.000771888 -0.00299912 -0.00901453 -0.000380838 0.000393104 -0.00532494 -0.00307994 -0.00451297 -0.00167291 0.00247073 -0.000197229 0.000491171 -0.00225783 -0.000238927 -0.00140588 -0.00399204 -0.000644157 -0.000507346 0.00116305 0.00139698
internal_weight=99074.3 24147.6 14493.4 74926.7 65857.5 21872.7 9654.15 9136.45 1030.23 9069.21 21382.6 2003.29 629.544 8106.23 7017 1089.23 7610.32 5054.77 2303.68 1055.94 1373.75 7058.24 837.34 2555.55 2290.3 1532.03 43984.8 42773.5 19379.4 18690.5
internal_count=399250 97276 58386 301974 265253 88162 38890 36789 4149 36721 86154 8075 2547 32640 28209 4431 30836 20484 9318 4275 5528 28429 3402 10352 9280 6207 177091 172222 78079 75253
is_linear=0
shrinkage=0.05


Tree=59
num_leaves=31
num_cat=0
split_feature=64 52 21 0 58 83 5 58 58 95 93 41 86 51 53 31 27 20 19 21 90 24 86 71 54 52 22 20 94 55
split_gain=19.7494 19.036 21.4203 13.9813 15.289 14.0402 12.8202 16.6469 12.1607 12.3378 11.9623 13.9894 11.6604 11.5169 12.8403 13.4405 11.4523 11.2058 13.8049 10.8629 13.3704 12.7668 14.0384 13.3809 10.7798 11.5825 10.9595 10.8562 10.7667 10.735
threshold=9.5000000000000018 131.79855817941279 5516.5000000000009 9.5000000000000018 1355.5000000000002 0.56612354463441827 1.5000000000000002 1222.0000000000002 1606.0000000000002 0.029850499999999978 -0.017065000000000007 0.068574842009039877 -0.15154749999999997 2289.3973471193635 1986.2196085858589 0.10912300000000001 0.37912850000000003 18.500000000000004 16.500000000000004 326.50000000000006 -0.0035050000000000354 0.11822750000000001 -0.036796500000000003 1.0000000180025095e-35 128.38242251961194 125.91607629033186 0.61224600000000018 17.500000000000004 0.28881700000000005 1790.6107999211251
decision_type=2 10 2 2 8 2 2 8 8 10 8 8 8 8 10 10 10 2 2 2 10 10 10 2 10 10 10 2 10 10
left_child=3 6 -3 5 -5 12 7 -2 -8 -10 -11 -12 13 14 -1 -16 -17 -6 -19 20 -14 22 29 -24 -7 -26 27 -27 -29 -21
right_child=1 2 -4 4 17 24 8 -9 9 10 11 -13 19 -15 15 16 -18 18 -20 21 -22 -23 23 -25 25 26 -28 28 -30 -31
leaf_value=-0.0090698497023620206 0.002570378757585329 0.0085756358954820911 -0.0070573012732644165 0.010269138707649977 0.0039624015843689455 0.0036342597368882838 -0.0075793876429594972 -0.0065342659810992496 0.01018941479764564 0.0080491096399472536 -0.011415580289963891 0.0010400433572042009 0.00045509120093668198 -0.0040483432923558603 0.0069319127924516487 1.3959813487830295e-05 -0.010244443732469641 0.0048989580876711292 -0.0074359667713817428 -0.007837203843461411 -0.0041857739735580131 0.00022867846657123218 0.010575504004717275 0.0017987427561260338 -0.0025326324843428418 0.0051910066922459704 -0.0025971869526588611 0.0070694836215059583 -0.0025770749783325178 0.0047894082975987236
leaf_weight=380.45069223642349 584.90248429775238 713.15747417509556 305.627307087183 649.46509684622288 1966.1839628517628 4767.5550910830498 440.71379214525223 3343.77295550704 329.01218807697296 301.09425815939903 330.33476768434048 663.35263292491436 3162.1457553058863 3376.1282852590084 661.04938317835331 4116.625163719058 281.31498804688454 362.30258290469646 573.53363257646561 367.47832743823528 3034.527955442667 59162.184263855219 882.7481095790863 855.19301554560661 2113.8845075517893 2394.366400256753 1068.9134245663881 374.34541702270508 1159.147177875042 294.81911185383797
leaf_count=1544 2370 2873 1233 2615 7925 19316 1784 13496 1332 1215 1331 2673 12759 13617 2664 16596 1130 1464 2307 1481 12235 238095 3587 3449 8499 9709 4355 1523 4677 1185
internal_value=0.000127301 -0.00242864 0.00386287 0.000322341 0.0033939 0.000198645 -0.00350279 -0.00517568 -0.000309746 0.00169762 -0.000521751 -0.0031731 -4.95435e-05 -0.00175905 -0.000333323 0.000340285 -0.000663973 0.00182526 -0.00265928 0.000173093 -0.00182064 0.000374038 0.00394112 0.0062917 0.00179732 0.000562317 0.00187408 0.00309438 -0.00019168 -0.00222888
internal_weight=99016.3 7011.97 1018.78 92004.4 3551.49 88452.9 5993.18 3928.68 2064.51 1623.79 1294.78 993.687 76574.7 8815.57 5439.44 5058.99 4397.94 2902.02 935.836 67759.1 6196.67 61562.4 2400.24 1737.94 11878.2 7110.66 4996.77 3927.86 1533.49 662.297
internal_count=399039 28307 4106 370732 14311 356421 24201 15866 8335 6551 5219 4004 308342 35551 21934 20390 17726 11696 3771 272791 24994 247797 9702 7036 48079 28763 20264 15909 6200 2666
is_linear=0
shrinkage=0.05


Tree=60
num_leaves=31
num_cat=0
split_feature=38 64 45 58 84 19 48 58 5 78 58 85 20 29 30 63 53 67 28 18 96 27 46 88 6 92 40 30 38 88
split_gain=16.3648 17.5724 21.2196 16.4581 15.7692 16.051 15.0723 13.3338 15.4556 14.9682 12.9576 12.6761 12.5841 12.5043 25.7861 14.7883 15.9627 20.4254 15.8612 14.8882 18.2007 14.1472 13.9412 13.4695 12.7917 11.9419 12.6035 11.6741 11.6025 11.4679
threshold=0.047705400000000009 9.5000000000000018 31.876373521978419 1910.5000000000002 0.50766855849786852 13.500000000000002 0.57933716422386627 3675.0000000000005 1.5000000000000002 0.72027288797590339 1771.5000000000002 0.53239146741824006 13.500000000000002 0.60019900000000004 0.16110500000000003 1.0000000180025095e-35 2550.3823551886812 1.0000000180025095e-35 0.30830000000000007 1.5000000000000002 0.37785420000000008 0.22474750000000002 1.7650797542347283 -0.086006000000000041 3.5000000000000004 0.12888650000000004 0.035500876933737067 0.12778350000000002 0.072209850000000006 -0.057912000000000012
decision_type=10 2 10 10 2 2 10 8 2 2 10 2 2 10 10 2 10 2 8 2 10 8 8 8 2 10 8 10 10 10
left_child=3 13 4 -1 5 -3 -7 10 9 -9 -6 12 -5 15 27 16 19 24 -17 23 -21 -20 -16 -2 28 26 -23 -15 -18 -25
right_child=1 2 -4 11 7 6 -8 8 -10 -11 -12 -13 -14 14 22 18 17 -19 21 20 -22 25 -24 29 -26 -27 -28 -29 -30 -31
leaf_value=-0.0031588089416974088 0.0020053240872132602 0.0023297974450721603 -0.015065918859208237 0.0043411141377311972 -0.0017677764008321942 -0.010386282812652352 0.0024506392115482187 -0.0099272462031745456 0.0034099829853495179 0.0011864546634115462 0.0068158196663622413 0.0055108476392035409 -0.0021862771194831971 0.0030951953300330862 -0.0082108109764626978 -0.0075003489714758386 -0.0032740089248094479 -0.0033699259296332065 -0.0062505597622684751 -0.003285311167941968 0.00098478022685372373 -0.0068969882754850416 0.00073736453705903744 -0.0059980439640283604 -0.001181351184095597 0.0074656264696575762 0.0012528543458556621 0.0089049305132959718 0.0078981936927674055 -0.0018011306413774847
leaf_weight=7548.7360701411963 2037.1269619166851 509.76132057607174 301.23635101318359 943.64626988768578 735.33112899959087 1178.8535698205233 278.95195586979389 808.11926059424877 689.72227512300014 478.03692176938057 1071.0381634682417 1004.1441751122475 3263.4925204515457 3477.4172386974096 651.42503620684147 529.76566848158836 257.93622888624668 1047.6035458743572 626.05117590725422 2993.9661473929882 14733.785078287125 471.6025323420763 1268.8809053897858 1849.1689424812794 691.07502603530884 752.40138721466064 32540.000071361661 1150.6058086901903 1959.6526406109333 13260.866188585758
leaf_count=30560 8188 2063 1211 3798 2964 4792 1127 3252 2774 1922 4305 4042 13166 14158 2629 2159 1039 4214 2530 12068 59273 1892 5168 7434 2781 3025 130932 4705 7892 53384
internal_value=2.30418e-06 0.00024934 -0.00234675 -0.00166834 -0.00165539 -0.00527351 -0.00792997 0.00023574 -0.00259663 -0.00581924 0.00333114 0.000492584 -0.000715384 0.000445239 0.00253746 0.000259152 -0.000412221 0.00259368 0.00100563 -0.000753861 0.000262177 0.0011388 -0.00232493 -0.00180384 0.00474575 0.00127763 0.00113437 0.00455568 0.00658985 -0.00231838
internal_weight=99110.4 86350.4 6051.05 12760 5749.81 1967.57 1457.81 3782.25 1975.88 1286.16 1806.37 5211.28 4207.14 80299.3 6548.33 73751 38831.2 3956.27 34919.8 34874.9 17727.8 34390.1 1920.31 17147.2 2908.66 33764 33011.6 4628.02 2217.59 15110
internal_count=399447 347881 24410 51566 23199 7982 5919 15217 7948 5174 7269 21006 16964 323471 26660 296811 156273 15926 140538 140347 71341 138379 7797 69006 11712 135849 132824 18863 8931 60818
is_linear=0
shrinkage=0.05


Tree=61
num_leaves=31
num_cat=0
split_feature=64 58 61 35 84 40 35 81 40 21 0 81 63 51 44 95 38 35 43 46 8 38 44 16 95 1 8 38 31 93
split_gain=17.5335 13.693 12.2405 21.6977 20.5545 12.8016 11.9462 18.326 17.8725 11.7652 13.3258 12.6169 11.521 12.1334 11.3157 11.2695 12.4002 11.9787 12.0182 11.963 10.9907 10.9793 12.1663 14.3927 12.2268 10.4515 10.3886 10.3782 13.8848 10.2902
threshold=9.5000000000000018 3720.0000000000005 1.0000000180025095e-35 0.1409195 0.52914442858856248 0.045484377107686567 0.18738900000000003 8.1174616040341032 0.098890780365148132 6901.5000000000009 5.5000000000000009 8.4072667058081674 1.5000000000000002 2487.5227982212691 42.223991823179084 0.060997000000000003 0.1653125 0.16311350000000005 2372.9716213220859 1.7512096025508284 3.5000000000000004 0.27108050000000006 39.056621051748849 1.2050000000000003 0.0664685 4.5000000000000009 1.5000000000000002 0.014030900000000001 0.18195850000000005 -0.045582600000000008
decision_type=2 8 2 8 2 8 8 2 10 2 2 2 2 10 10 8 10 8 10 8 2 10 10 2 10 2 2 10 8 8
left_child=2 21 3 29 6 9 7 8 -5 10 20 -12 -7 -14 -9 16 17 18 19 27 -6 22 23 -2 -25 -10 -3 -4 -29 -1
right_child=1 26 15 4 5 12 -8 14 25 -11 11 -13 13 -15 -16 -17 -18 -19 -20 -21 -22 -23 -24 24 -26 -27 -28 28 -30 -31
leaf_value=-0.0027693493871769341 0.00027942055575627624 -0.00057768177467037952 0.0095285314637345991 0.00047459244009798044 -0.00021960316511336899 0.00099953744573226489 -0.0048854026167330566 -0.00099897437729618488 0.0028627822395719707 -0.0088973143694213944 0.0094642701178852505 -0.0018894545361227936 0.0043131419228485401 -0.0053885701673045145 -0.0092068830275408957 -0.0048647152842951355 0.0040991998462341318 0.0044761597664899474 -0.011485130804678723 -0.003562342074277804 -0.012473288216648093 0.0087575392144870652 0.0082284559827364764 -0.01146831795206167 0.00061140437219691388 0.01148623209242457 -0.0064876173206318277 0.0016774202305945023 -0.0076009804506493618 0.0024953630739122969
leaf_weight=982.57262709736824 2116.0481049418449 1100.9072894901037 297.83641771972179 12669.709231585264 445.60447776317596 14923.982595697045 1515.450569152832 27442.934701323509 905.02255311608315 505.90098296105862 461.57943704724312 502.85792280733585 5041.0314725935459 335.89248216152191 416.62595841288567 1846.0327346622944 1211.9441029131413 777.9393400400877 311.389797270298 3356.693219140172 300.93598526716232 304.97894507646561 312.61886739730835 584.75914917886257 321.86976930499077 574.34153842926025 2294.5009470582008 1977.3557652235031 495.84878596663475 14700.901969328523
leaf_count=3971 8556 4443 1201 51036 1790 60248 6104 110525 3647 2025 1858 2026 20331 1359 1685 7422 4865 3148 1261 13578 1208 1225 1264 2369 1297 2315 9260 7946 1997 59211
internal_value=0.000104192 -0.00229975 0.000288262 0.000492796 9.56604e-05 0.00132168 -0.000538797 -0.000380869 0.00108405 -0.00227873 -0.000281417 0.0035858 0.00171578 0.00369821 -0.00112498 -0.00133745 -0.000560098 -0.00134711 -0.0020565 -0.00155944 -0.00525874 -0.000167336 -0.00100716 -0.00198634 -0.00721991 0.00626535 -0.00457874 0.000870866 -0.00020591 0.00216397
internal_weight=99036.1 7035.68 92000.4 81725.3 66041.9 22517.8 43524.1 42008.6 14149.1 2216.88 1710.98 964.437 20300.9 5376.92 27859.6 10275 8429.01 7217.06 6439.12 6127.73 746.54 3640.27 3335.3 3022.68 906.629 1479.36 3395.41 2771.04 2473.2 15683.5
internal_count=399171 28414 370757 329339 266157 90845 175312 169208 56998 8907 6882 3884 81938 21690 112210 41418 33996 29131 25983 24722 2998 14711 13486 12222 3666 5962 13703 11144 9943 63182
is_linear=0
shrinkage=0.05


Tree=62
num_leaves=31
num_cat=0
split_feature=64 52 28 86 20 34 20 96 36 26 93 27 30 86 37 30 86 46 93 30 0 24 93 37 22 51 46 37 45 1
split_gain=15.7296 18.6976 14.9399 12.832 12.1692 15.6658 15.835 14.5965 15.4539 17.452 13.8556 13.5313 12.8132 14.4168 13.085 16.8291 12.6453 18.985 21.2347 23.761 14.915 14.756 14.1544 13.3499 12.2391 12.4819 12.1609 16.5359 12.0555 12.0119
threshold=10.500000000000002 132.0677087772448 0.30830000000000007 -0.21642799999999993 13.500000000000002 0.45059100000000007 12.500000000000002 0.50480750000000019 0.55200200000000021 0.40641600000000005 -0.011382500000000002 0.37561900000000009 0.20091750000000003 -0.29264699999999993 0.41054500000000005 0.19248450000000003 0.0095820000000000089 2.0034629147012959 0.017774000000000002 0.2802440000000001 8.5000000000000018 0.18920000000000003 0.098299000000000011 0.45251550000000007 0.55877200000000016 2377.0147320737265 1.6962932441173193 0.38219050000000004 10.621335960272683 3.5000000000000004
decision_type=2 10 8 10 2 8 2 10 10 10 10 10 10 10 8 10 10 8 10 10 2 10 10 10 10 10 8 8 10 2
left_child=2 -2 3 -1 5 -4 26 8 -8 10 -10 28 14 -14 -6 -16 17 20 19 -19 22 24 23 -15 25 -18 -7 29 -11 -28
right_child=1 -3 4 -5 12 6 7 -9 9 11 -12 -13 13 16 15 -17 21 18 -20 -21 -22 -23 -24 -25 -26 -27 27 -29 -30 -31
leaf_value=0.00081779259897104574 -0.0040461983281651426 0.0053911198044945697 -0.005223715583187777 -0.0087954459180759857 0.00062516908112224333 0.0036870802643645811 -0.0014508895757187768 0.0054600710564031438 0.0046242150195076985 0.014783951359225231 -0.0043631663989403824 0.0033297898700619883 -0.0075209195386393883 -0.0029116569992370133 -0.0023270565312356116 0.0092148182935332442 -0.0021646289420371892 0.0031570939857113755 0.0090161562881401862 -0.0098637944703843256 0.0023684620781312497 -0.010251758981013787 0.004750015294615155 0.0041457759649845497 -0.011707255652081063 0.0087000974620710901 -0.0045591176252563577 0.0037615701199547103 0.001783249061503384 -1.1537196932677175e-05
leaf_weight=577.72751300036907 4106.0231612473726 592.73959690332413 899.97580321133137 853.77191583812237 42993.659047454596 1673.5714522451162 2875.4517145752907 3307.2050996124744 657.21595451235771 529.1628722846508 1191.6555809676647 3861.4035352617502 847.59441217780113 9374.369434595108 6337.5313477367163 322.61922653019428 2384.7614542990923 1543.838623419404 1039.4266671836376 442.37561872601509 2484.1381125450134 663.40569703280926 731.89044055342674 712.95174494385719 284.90180292725563 287.25461767613888 2811.0623466819525 1433.4802436232567 270.95987887680531 2992.4158407598734
leaf_count=2347 16590 2388 3629 3498 173429 6738 11556 13304 2652 2131 4820 15575 3419 37738 25485 1298 9586 6204 4187 1786 10000 2678 2942 2861 1147 1155 11328 5763 1090 12065
internal_value=-2.64224e-05 -0.00284678 0.000114269 -0.00493696 0.000192581 0.00120454 0.00147463 0.00260811 0.00159845 0.00294541 -0.00116074 0.00457301 -0.000130788 -0.0011724 0.000305625 -0.00175499 -0.000899031 -0.000305425 0.00326299 0.000222158 -0.00111885 -0.0035682 -0.001921 -0.00240924 -0.00203919 -0.000968535 -0.000141133 -0.00103029 0.0104576 -0.00221833
internal_weight=99084.5 4698.76 94385.8 1431.5 92954.3 22503.6 21603.6 12693.1 9385.85 6510.4 1848.87 4661.53 70450.7 20796.9 49653.8 6660.15 19949.3 16329 3025.64 1986.21 13303.3 3620.32 10819.2 10087.3 2956.92 2672.02 8910.53 7236.96 800.123 5803.48
internal_count=399389 18978 380411 5845 374566 90651 87022 51128 37824 26268 7472 18796 283915 83703 200212 26783 80284 65718 12177 7990 53541 14566 43541 40599 11888 10741 35894 29156 3221 23393
is_linear=0
shrinkage=0.05


Tree=63
num_leaves=31
num_cat=0
split_feature=64 61 20 20 10 0 28 99 23 26 19 19 2 20 86 26 98 28 23 49 85 46 96 91 90 29 88 19 56 46
split_gain=13.5389 13.0373 22.0098 32.9271 21.959 18.5638 17.0547 16.3375 15.8029 13.4206 12.1914 21.2858 16.8697 13.6437 13.2843 14.0715 12.9891 11.888 13.3863 11.8195 11.7111 11.6349 12.8659 13.82 11.5685 11.6718 11.3658 11.2161 11.1267 14.0763
threshold=10.500000000000002 1.0000000180025095e-35 13.500000000000002 12.500000000000002 -7.4999999999999991 4.5000000000000009 0.48798650000000005 0.0042845000000000114 0.14444950000000004 0.45617050000000009 13.500000000000002 12.500000000000002 2.5000000000000004 15.500000000000002 -0.13742499999999999 0.45782650000000008 0.0019314249408471376 0.45670550000000004 0.22107550000000001 126.6549564957612 0.50855056414545718 1.654346801450896 0.43650650000000008 0.037194500000000012 0.0046275500000000089 0.54090000000000005 -0.024344000000000001 15.500000000000002 2.0383018477309878 1.6990868811626858
decision_type=2 2 2 2 2 2 10 10 10 8 2 2 2 2 10 10 2 8 10 10 2 8 10 10 10 8 10 2 8 8
left_child=1 2 3 27 -5 -6 -7 -8 -4 -3 11 13 17 14 -10 26 -15 18 -12 -2 -14 22 23 -22 25 -18 -16 -1 -29 -30
right_child=19 9 8 4 5 6 7 -9 10 -11 12 -13 20 16 15 -17 24 -19 -20 -21 21 -23 -24 -25 -26 -27 -28 28 29 -31
leaf_value=0.0023658624853711511 -0.0042059784112269787 -0.00095211020113348394 0.0044743485704863244 0.017217296124519967 -0.00087930583182214235 0.0024254274093729196 0.013267253883914674 0.0052308516414878697 -0.0074973447637537403 -0.0073583528997746553 -0.01172154308571543 0.0030414672298284791 -0.0026161113138880067 -0.0042478361926517631 0.013709248857446128 -0.005538497183934581 0.00064756995413620393 0.0021174361430956173 -0.00045107898092669083 0.0013019603086379941 -0.014957502917080569 -0.00020530110810533942 -0.0016832754038563266 -0.0011580893528503233 0.0052224039501573847 -0.010443146207976381 0.0034835870876782811 -0.0092585383204418972 0.0046138991301296851 -0.0021195839754056113
leaf_weight=2746.6155410259962 3309.2210837602615 9675.8159241527319 1876.7231730669737 301.99687534570694 1750.4367970526218 3317.4942164868116 894.82965831458569 2192.1368856728077 248.11879944801331 883.54581160843372 283.32669411599636 7164.4467022418976 8820.8805577605963 3016.0283061563969 414.33343380689621 261.29558067023754 892.27594079077244 8471.9157908856869 2597.0861722677946 1372.9493163526058 418.06644444167614 27480.495953544974 2767.5134560167789 318.04386922717094 875.79122768342495 312.62223026156425 783.8781474083662 420.13815353810787 940.83131800591946 4219.998914539814
leaf_count=11073 13363 39016 7693 1216 7049 13345 3620 8854 1003 3559 1136 29036 35519 12158 1669 1049 3582 34039 10518 5551 1686 110603 11118 1284 3543 1261 3166 1692 3784 17000
internal_value=2.98623e-05 0.000160217 0.00036892 0.00198747 0.00418312 0.00367993 0.00492547 0.00759571 -3.67692e-05 -0.0014946 -0.000167432 0.00114122 -0.00052492 -0.000861118 0.00299545 0.00481812 -0.00215657 0.00117455 -0.0015964 -0.00259156 -0.00100978 -0.000551778 -0.00326103 -0.00909076 0.000880597 -0.00229229 0.00710375 -0.000244612 -0.00153126 -0.000885505
internal_weight=99028.9 94346.7 83787.3 16784.5 8456.89 8154.9 6404.46 3086.97 67002.8 10559.4 65126.1 13968.8 51157.3 6804.34 1707.63 1459.51 5096.72 11352.3 2880.41 4682.17 39805 30984.1 3503.62 736.11 2080.69 1204.9 1198.21 8327.58 5580.97 5160.83
internal_count=399185 380271 337696 67633 34084 32868 25819 12474 270063 42575 262370 56467 205903 27431 6887 5884 20544 45693 11654 18914 160210 124691 14088 2970 8386 4843 4835 33549 22476 20784
is_linear=0
shrinkage=0.05


Tree=64
num_leaves=31
num_cat=0
split_feature=72 48 37 16 79 49 88 49 21 58 79 37 94 58 99 51 16 2 90 88 58 57 99 37 24 51 41 15 48 87
split_gain=20.9423 21.4384 18.8734 19.0904 15.2322 11.816 14.0393 18.7132 15.9458 19.3418 15.2241 14.7545 13.8552 14.2575 13.4621 13.2188 12.8992 15.1634 13.7434 12.2921 11.5315 11.6654 11.458 11.2321 11.1728 11.0165 11.7672 13.0453 11.0232 11.1568
threshold=3.5000000000000004 0.28318391085072331 0.21715450000000003 1.135 99.450000000000017 132.37259777091901 0.0051934999999999907 119.8211259910119 1306.5000000000002 1262.5000000000002 96.750000000000014 0.38900400000000007 0.43612350000000005 3534.5000000000005 0.026743000000000013 2015.2295426602343 0.025000000000000005 7.5000000000000009 0.010577650000000023 -0.15435650000000001 4430.5000000000009 12.285207773881753 -0.022934500000000007 0.34628450000000005 0.15538450000000001 2464.3874525981123 0.074313774300172789 54.750000000000007 -0.76019208066496646 -0.014978499999999948
decision_type=2 8 8 2 2 10 10 10 2 8 2 8 8 10 10 10 2 2 10 10 10 10 8 10 10 10 10 2 10 8
left_child=2 4 3 -1 25 6 7 12 14 -10 11 15 13 -3 16 -9 -8 18 -18 -17 21 -12 -14 -21 -23 26 28 -28 29 -2
right_child=1 5 -4 -5 -6 -7 8 10 9 -11 20 -13 22 -15 -16 19 17 -19 -20 23 -22 24 -24 -25 -26 -27 27 -29 -30 -31
leaf_value=-0.00070743934078943554 0.013493111695178431 0.0043378356141915222 -0.0027788602386768489 0.0093916311968692597 0.0091020361016017921 0.0040751374333088458 0.0066116057298028184 0.008906274611256133 0.0061439083857945109 -0.00077963519501838012 -0.005294055121134668 -0.0025883759204136671 -0.0087524998007656087 -0.0015219639813994945 -0.0061224228387759989 -0.0044151563056691592 -0.006044717625379694 -0.0081514678269968346 0.0010670200865389643 0.00012696274281530077 -0.0093590575514008872 -0.0021024255643513241 0.0005344885936927671 0.0029075248528219093 0.0084324703948645881 0.0086950389135523418 0.0050486509359304035 0.00026168966108132315 5.2873431605949243e-05 -0.00067939457769820388
leaf_weight=1566.354873880744 304.14398129284382 6183.5963152050972 10058.182959511876 656.54567953944206 688.61787693202496 1673.6727685630322 428.1840306520462 451.93862538039684 1082.651175364852 13128.063631147146 1202.0780114084482 4439.7257356792688 358.82926608622074 1241.7897471934557 2467.4341374784708 1265.0508394390345 922.91788786649704 894.62217158079147 2491.2054661363363 20570.029908627272 677.30064558982849 658.41363283991814 3328.8786719739437 4400.9434126764536 394.48601423203945 517.13020312786102 3586.933110833168 2356.9598650485277 10785.116430178285 247.23057137429714
leaf_count=6333 1221 24865 40742 2648 2769 6869 1727 1814 4374 52910 4844 17864 1459 4984 9940 5113 3721 3599 10031 82819 2723 2654 13437 17712 1586 2095 14470 9502 43404 998
internal_value=7.38924e-05 0.000347536 -0.00185771 0.00230408 0.00185748 -6.15862e-05 -0.000166158 0.000333734 -0.0012203 -0.000248212 -0.000247693 7.72333e-05 0.00211434 0.00335714 -0.00313474 0.000521479 -0.00156886 -0.00239523 -0.000867489 0.000373705 -0.0036855 -0.0019476 -0.0003904 0.000617983 0.00188684 0.00157222 0.00135416 0.00315408 0.000408478 0.00723941
internal_weight=99029 86747.9 12281.1 2222.9 18486.1 68261.8 66588.1 45173.1 21415.1 14210.7 34060 31127.7 11113.1 7425.39 7204.36 26688 4736.93 4308.75 3414.12 26236 2932.28 2254.98 3687.71 24971 1052.9 17797.5 17280.4 5943.89 11336.5 551.375
internal_count=399227 349504 49723 8981 74459 275045 268176 181874 86302 57284 137129 125322 44745 29849 29018 107458 19078 17351 13752 105644 11807 9084 14896 100531 4240 71690 69595 23972 45623 2219
is_linear=0
shrinkage=0.05


Tree=65
num_leaves=31
num_cat=0
split_feature=63 28 72 45 64 21 2 50 39 41 21 27 46 24 9 72 28 25 48 52 49 10 96 52 91 90 42 4 25 98
split_gain=17.8417 18.6061 17.8488 13.4364 13.1588 14.3271 12.5874 13.6286 12.8742 13.3519 14.6486 12.4889 16.2006 12.9716 12.2135 12.2595 13.7845 16.6867 11.8818 12.1474 11.8206 11.3864 11.2202 13.1487 11.1896 17.0114 11.2054 10.6765 12.6016 11.3078
threshold=1.0000000180025095e-35 0.30830000000000007 3.5000000000000004 -7.0312186480752628 3.5000000000000004 1306.5000000000002 1.5000000000000002 144.87288384306078 0.041547247684109244 0.074665348275695945 1443.5000000000002 0.48045550000000004 1.8086780576603607 0.15673550000000003 -4.4999999999999991 5.5000000000000009 0.52388600000000018 0.3536740000000001 0.56419700915626991 119.22959420969836 122.17429756487779 1.0000000180025095e-35 0.48876130000000001 120.9442677877113 0.10006000000000001 0.0040655500000000297 137.85402304972587 1.5000000000000002 0.34155500000000011 -0.070316290804019452
decision_type=2 8 2 8 2 2 2 10 10 10 2 10 8 10 2 2 10 10 10 8 10 2 10 10 8 10 10 2 10 2
left_child=2 -2 4 27 5 -1 7 -3 18 10 22 12 21 -13 -12 -16 -17 -18 19 -8 -11 -6 23 -10 25 -20 -27 29 -29 -4
right_child=1 6 3 -5 11 -7 8 -9 9 20 14 13 -14 -15 15 16 17 -19 24 -21 -22 -23 -24 -25 -26 26 -28 28 -30 -31
leaf_value=-0.0067194391724075091 -0.0068762779422323374 0.0045072608087695842 -0.0059416637291188823 -0.000612507861513234 -0.011484276871644557 0.00071140858840257294 0.0085623728840033848 -0.0014146521832112437 0.002988724477303078 0.0023173480510255626 0.0072604625372480192 -0.0047282716604322532 0.003786447526140946 -0.013891453837139363 0.0026971133668248974 -0.0042255371593213622 0.010368875750357076 -0.0021667896361480575 0.0094407720394573263 0.00062928833736102994 -0.0038240239443911323 0.001163000022114298 0.0050091595173711893 -0.0065872652112613575 -0.0021781278920733034 -0.0069686551465829825 0.0043135475926680744 -0.011476528033983233 0.00083351248423661783 0.0046601594231100293
leaf_weight=839.87253977358341 793.74047216773033 4034.3710034638643 266.03451144695282 40327.961547479033 484.53698043525219 2733.4115319401026 483.09021410346031 1273.4375504106283 457.01101714372635 951.9520605802536 811.8674621284008 957.86814099550247 638.46193584799767 656.82879802584648 3738.3502799868584 1854.2347232252359 430.91650234162807 660.36236873269081 1314.607060611248 22779.661392435431 4270.7042657881975 275.34389342367649 363.97246184945107 1572.5551433414221 550.11815591156483 309.62015071511269 697.19414691627026 247.3390646725893 1076.264706119895 2990.1287082731724
leaf_count=3406 3248 16257 1092 162493 1973 11042 1970 5148 1847 3821 3265 3868 2596 2654 15030 7461 1738 2654 5299 91831 17228 1123 1465 6357 2212 1245 2819 991 4339 12024
internal_value=-3.3624e-05 0.000666865 -0.000677714 -0.000320904 -0.00310639 -0.00104903 0.000796923 0.0030865 0.00050161 -0.000659787 0.000420545 -0.00553474 -0.0020536 -0.00851824 0.00150801 0.000799479 -0.00160991 0.00283241 0.00117317 0.000797641 -0.00270232 -0.00694594 -0.00297713 -0.00442689 0.00420209 0.0057169 0.00080958 0.0022426 -0.00153565 0.00377843
internal_weight=98841.8 47347.8 51494.1 44907.7 6586.32 3573.28 46554 5307.81 41246.2 15111.9 9889.27 3013.04 1398.34 1614.7 7495.73 6683.86 2945.51 1091.28 26134.3 23262.8 5222.66 759.881 2393.54 2029.57 2871.54 2321.42 1006.81 4579.77 1323.6 3256.16
internal_count=398496 190895 207601 180939 26662 14448 187647 21405 166242 60866 39817 12214 5692 6522 30148 26883 11853 4392 105376 93801 21049 3096 9669 8204 11575 9363 4064 18446 5330 13116
is_linear=0
shrinkage=0.05


Tree=66
num_leaves=31
num_cat=0
split_feature=65 24 58 48 50 29 34 94 16 93 43 28 7 86 93 0 19 15 29 92 92 97 86 49 86 15 43 54 25 16
split_gain=16.476 17.8963 18.8056 15.1064 13.5964 14.3226 14.6741 12.2251 12.2159 15.3029 12.0385 10.963 12.8045 12.1825 10.1752 10.1472 9.85668 17.6973 14.4581 9.77889 17.331 9.67246 9.34481 14.5994 10.2237 12.5401 11.7808 9.03993 12.0367 15.2307
threshold=1.0000000180025095e-35 0.17118050000000004 3534.5000000000005 0.55840121100831219 144.23222547592943 0.45753650000000007 0.51281450000000006 0.40441210000000005 0.79500000000000015 -0.0010715000000000028 2358.0692083991885 0.51457150000000007 4.5000000000000009 -0.062856499999999968 0.020310499999999999 7.5000000000000009 16.500000000000004 55.150000000000013 0.41534900000000002 -0.055084949999999987 -0.037073499999999988 0.94061999046761235 0.01772099999999999 119.75330854085568 0.084911000000000028 81.950000000000017 2205.1585182345834 128.38242251961194 0.35861550000000003 2.4250000000000003
decision_type=2 10 8 10 10 10 10 10 2 10 10 10 2 8 10 2 2 2 10 10 10 2 10 10 10 2 10 8 8 2
left_child=27 2 4 7 22 6 14 11 9 -5 -8 12 -4 -13 -6 -9 17 -3 -18 -7 -21 -10 23 -2 25 26 -24 28 29 -1
right_child=1 16 3 8 5 19 10 15 21 -11 -12 13 -14 -15 -16 -17 18 -19 -20 20 -22 -23 24 -25 -26 -27 -28 -29 -30 -31
leaf_value=0.0026164992898203179 0.0065723203689890793 0.0030243149289449519 0.0045234583343474154 -6.1615248806090218e-05 -0.00056810089127917707 -0.003358442897315394 0.0064706441463679492 -0.0063873671043775671 -0.0082858661981794497 -0.012489294346633506 -0.0059949275551307649 -0.008819646200888865 -0.0046662137632429391 -0.00031035721772519907 -0.014839714941290928 0.0010449480149435965 0.0012145213425345091 -0.0064195281016759427 -0.0069520718440392124 0.017971649886674084 0.0047142493082024846 0.00065586239756876925 0.0026281940825098925 -0.002538376486451107 -0.00092768270453480971 -0.003679582992192473 0.014064331284342455 7.3838174602326331e-06 0.00037311958003497626 0.013038960147673452
leaf_weight=4438.3336406201124 477.0554032176733 1173.0864899456501 1985.2344822734594 344.62231032550335 245.64084623754025 292.1053229868412 640.33029751479626 1505.1854684501886 429.49734629690647 871.68908028304577 266.82538038492203 491.86532613635063 459.354536652565 2603.2494183182716 245.82421863079071 655.33514653146267 671.10043762624264 844.57937066257 2748.8405448198318 269.93158850073814 2219.7057941854 965.63811184465885 463.65227791666985 4549.5680831074715 1343.063169926405 282.02621158957481 438.55100847780704 57254.234150141478 9386.5616932958364 371.79582919180393
leaf_count=17916 1918 4721 7971 1390 1006 1175 2598 6099 1732 3506 1100 1982 1846 10535 1000 2647 2739 3405 11096 1089 8953 3882 1868 18356 5410 1137 1769 230704 37835 1504
internal_value=-0.000112679 -0.00115282 -0.000518442 -0.00207526 0.000850235 0.00313446 -0.000988968 -0.000957802 -0.00535401 -0.00899733 0.00277871 0.000287932 0.00278468 -0.00168667 -0.00786015 -0.00413855 -0.00371914 -0.000940969 -0.00535066 0.00520378 0.00621779 -0.00213626 -0.000416338 -0.00166239 0.00205876 0.00542516 0.00828041 0.000287516 0.00141647 0.00344748
internal_weight=98934.5 27483.6 22046 10311.7 11734.3 4180.36 1398.62 7700.22 2611.45 1216.31 907.156 5539.7 2444.59 3095.11 491.465 2160.52 5437.61 2017.67 3419.94 2781.74 2489.64 1395.14 7553.92 5026.62 2527.29 1184.23 902.203 71450.9 14196.7 4810.13
internal_count=398889 110930 88969 41590 47379 16921 5704 31080 10510 4896 3698 22334 9817 12517 2006 8746 21961 8126 13835 11217 10042 5614 30458 20274 10184 4774 3637 287959 57255 19420
is_linear=0
shrinkage=0.05


Tree=67
num_leaves=31
num_cat=0
split_feature=14 90 94 72 48 49 51 92 91 85 38 64 49 42 52 44 42 94 24 21 21 25 92 54 53 54 16 24 16 39
split_gain=12.9926 17.2432 17.866 16.3098 15.7621 15.8535 13.624 13.3782 19.8185 13.2898 11.7722 12.7927 11.5353 15.0743 13.3006 11.5242 14.259 14.0382 12.2262 13.1691 13.6979 11.9191 13.5796 11.5684 11.1867 11.1234 10.983 15.3178 12.2845 10.9321
threshold=1.0000000180025095e-35 -0.12710819999999998 0.48540150000000004 3.5000000000000004 0.23807794440659219 126.6611685496714 2241.4744086410151 -0.0031444999999999941 0.054468500000000024 0.5915413334219477 0.2829485000000001 3.5000000000000004 128.43988105854075 142.4703740511234 132.45959140154326 38.345268956575907 137.97294972999671 0.36458700000000005 0.11673250000000002 1548.5000000000002 1128.5000000000002 0.39462550000000002 -0.021670949999999998 128.9905389560457 2617.9997104140234 132.29775543592049 1.0550000000000004 0.15586550000000002 0.115 0.044972037409449848
decision_type=2 8 8 2 8 8 8 10 10 2 10 2 8 8 10 10 10 10 10 2 2 10 10 10 10 10 2 10 2 8
left_child=3 6 15 10 24 9 -2 8 12 -6 11 29 -7 14 -14 16 -3 -18 -19 20 -20 -17 -23 -21 -5 -8 28 -28 -15 -1
right_child=1 2 -4 4 5 7 25 -9 -10 -11 -12 -13 13 26 -16 21 17 18 19 23 -22 22 -24 -25 -26 -27 27 -29 -30 -31
leaf_value=0.00068110298152000541 0.00031912051461328205 0.001402802368124792 -0.0039638504313838346 0.0023269868982106366 -0.0019899830362549351 0.0023306601455555195 -0.0033826292866201892 0.0014051308088205987 -0.0094756784458577027 0.0067238547997198238 0.0070512068184181188 -0.0058298111671106403 -0.0030800515354421441 0.0065307365615600273 -0.0158241256416564 0.0065426938074788143 0.0019086409553553084 0.0082458341419918684 -0.0022384561433839763 -0.0082181872662428455 -0.012781182443910206 0.0087320908052763244 -0.0049394245478736887 -0.00067182857525597639 -0.005634635042944279 -0.012326553996412064 0.014868969620926584 -0.0013470235892231611 -0.0025736734788458456 -0.0052990618278232326
leaf_weight=2286.3005656450987 1535.614671587944 27645.093585088849 1895.1832209825516 6929.1236733645201 17548.557349771261 2430.7421133965254 1103.2974790334702 11267.062709212303 660.72713732719421 439.18156465888023 272.84475758671761 2897.071168422699 571.02504789829254 405.73513519763947 314.90410789847374 1752.7432447224855 3711.0336228907108 284.12683476507664 715.53247249126434 542.13286066055298 538.19871163368225 253.09647497534752 576.88563890755177 6366.9020859897137 461.75902850925922 505.80077677965164 248.17788869142532 330.61967533826828 3421.6224802434444 1136.5014274120331
leaf_count=9241 6197 111269 7774 27883 70596 9831 4454 45466 2661 1765 1099 11753 2300 1639 1268 7068 15032 1158 2901 2186 2183 1019 2334 25603 1878 2053 1006 1331 13810 4604
internal_value=-7.84079e-05 0.000518992 0.000773282 -0.00062724 -0.000286882 -0.000701492 -0.00305279 0.000280306 -0.00123127 -0.00177361 -0.00294797 -0.00339012 -0.000514582 -0.00182338 -0.007736 0.000985977 0.000775366 -0.000651301 -0.00177691 -0.00213544 -0.00682954 0.00421626 -0.000716081 -0.00127499 0.00182263 -0.00625281 -0.000619725 0.00574054 -0.00159402 -0.00131419
internal_weight=99047.6 47425.6 44280.9 51622 45029.2 37638.4 3144.71 19650.6 8383.55 17987.7 6592.72 6319.87 7722.83 5292.08 885.929 42385.7 39803 12157.9 8446.89 8162.77 1253.73 2582.73 829.982 6909.03 7390.88 1609.1 4406.16 578.798 3827.36 3422.8
internal_count=399362 191231 178527 208131 181434 151673 12704 79312 33846 72361 26697 25598 31185 21354 3568 170753 160332 49063 34031 32873 5084 10421 3353 27789 29761 6507 17786 2337 15449 13845
is_linear=0
shrinkage=0.05


Tree=68
num_leaves=31
num_cat=0
split_feature=71 38 46 46 63 87 37 86 91 30 6 32 32 67 38 23 46 0 21 65 53 44 54 37 89 54 51 48 79 83
split_gain=17.3504 15.6344 15.6185 17.7113 18.0846 17.0074 15.4133 18.3432 20.8319 15.1121 16.5426 16.1656 15.0286 14.8181 16.6435 14.3422 14.2293 16.4781 13.2268 13.1312 14.6391 12.8094 15.3835 12.7981 12.7515 12.5352 12.2337 11.8466 11.6126 11.508
threshold=1.0000000180025095e-35 0.47708200000000006 1.7886188053930572 1.8144933681277171 1.5000000000000002 -0.078231499999999968 0.3063590000000001 -0.17323749999999999 -0.0038854999999999996 0.059114700000000006 3.5000000000000004 0.11843400000000001 0.18004750000000003 1.0000000180025095e-35 0.2101355 0.25875850000000006 1.8091935047659982 4.5000000000000009 8878.5000000000018 -1.4999999999999998 2374.2678412293212 26.582887429837573 131.36149596393639 0.3731020000000001 0.39870535000000001 129.03414337583723 2421.5612377147895 0.21415402992935093 96.550000000000011 0.47534607258961165
decision_type=2 10 10 10 2 8 8 10 8 8 2 10 10 2 10 8 10 2 2 2 8 10 10 10 8 8 10 10 2 2
left_child=6 2 15 23 9 -6 12 8 -8 -5 -11 -12 18 16 -15 26 17 21 19 20 -1 -9 -23 28 -10 -19 -2 -26 -4 -14
right_child=1 -3 3 4 5 -7 7 13 24 10 11 -13 29 14 -16 -17 -18 25 -20 -21 -22 22 -24 -25 27 -27 -28 -29 -30 -31
leaf_value=0.001813581054842789 0.0003522682539129841 0.010057865396519053 -0.0089261127982534563 0.002855192520249409 -0.0040808873780484667 0.0034192760926127631 0.0052703436641836614 0.00078924920458552095 -0.0020751324813497833 -0.0017480396939980178 -0.014950507516805163 -0.0045739574534312795 -0.0051566606042670292 -0.0013436921331409738 -0.012912924896138475 -0.001776234353625397 -0.0016359254484539247 -0.0017399978181266531 0.0064974002104650546 0.0022074129779944647 -0.010773631420872065 -0.00059493722201466601 -0.014750312199156955 -0.00041138133717232473 -0.0035174030903144769 0.0034922033028324953 0.0065713033547389887 -0.014776184565355344 0.0023952403064679212 0.00043484558034289841
leaf_weight=501.64794608950615 20645.369182690978 324.01927173137665 1869.3811696171761 1220.8833807557821 993.88804571330547 3056.4021141082048 417.58002017438412 1351.2703326940536 753.38693231344223 6746.8545437455177 453.67513659596443 2072.4754770845175 1019.2520773559809 5784.2310277372599 318.81470718979836 9108.9511387199163 3964.9947617948055 1330.1659854799509 1685.8700584024191 14662.977715939283 414.33170449733734 407.78775630891323 354.08143165707588 884.41455352306366 377.13718590140343 7970.8205950558186 812.35048249363899 639.39291729032993 253.31091453135014 8675.9156351089478
leaf_count=2019 83086 1303 7558 4926 4023 12357 1677 5434 3035 27298 1830 8376 4120 23272 1277 36986 15974 5343 6870 59091 1673 1636 1423 3577 1514 32076 3275 2566 1022 34877
internal_value=-4.67365e-05 -0.00072312 -0.000797792 -0.00198612 -0.00126191 0.00157332 0.000600436 -0.000330581 -0.00468165 -0.00235667 -0.0030452 -0.0064891 0.00141765 0.000114454 -0.00196819 -0.00011503 0.00094167 0.00183771 0.00230187 0.00184397 -0.00393494 -0.00214046 -0.00727957 -0.00547307 -0.00704606 0.00274286 0.000590661 -0.0106741 -0.00757019 -0.000157697
internal_weight=99071.6 48442 48118 17551.3 14544.2 4050.29 50629.7 23669.7 2187.5 10493.9 9273.01 2526.15 26960 21482.2 6103.05 30566.7 15379.1 11414.1 17264.8 15579 915.98 2113.14 761.869 3007.11 1769.92 9300.99 21457.7 1016.53 2122.69 9695.17
internal_count=399494 195617 194314 70967 58810 16380 203877 95227 8792 42430 37504 10206 108650 86435 24549 123347 61886 45912 69653 62783 3692 8493 3059 12157 7115 37419 86361 4080 8580 38997
is_linear=0
shrinkage=0.05


Tree=69
num_leaves=31
num_cat=0
split_feature=64 83 26 44 20 83 87 38 23 32 32 98 58 88 65 53 26 83 91 91 65 43 20 88 58 31 53 43 34 92
split_gain=12.2015 12.6442 10.7184 13.0662 16.488 16.7132 13.6557 13.5895 17.5546 13.6589 13.0113 11.3364 12.0661 13.0245 11.5828 20.0682 14.007 11.268 11.2019 13.7361 13.0964 13.4736 12.7057 12.5223 15.4019 14.3101 14.0182 12.2348 14.8663 11.6335
threshold=9.5000000000000018 0.57645176465041759 0.5000285000000001 24.619540225890091 13.500000000000002 0.467260802108797 -0.014401000000000051 0.040471750000000008 0.21771650000000001 0.13728400000000002 0.22268950000000001 -0.088738887322112783 3087.5000000000005 1.0000000180025095e-35 -1.0000000180025095e-35 2519.752840641419 0.48664650000000004 0.51402222018779764 0.062543500000000016 0.081513500000000016 -1.4999999999999998 2372.9716213220859 18.500000000000004 -1.0000000180025095e-35 6201.5000000000009 0.13584550000000004 2495.0532790075144 2136.2996711490819 0.52711550000000018 -0.028898499999999997
decision_type=2 2 8 10 2 2 8 10 10 10 10 2 10 10 2 8 10 2 10 10 2 10 2 8 10 10 10 10 10 10
left_child=1 2 3 4 5 -1 -7 9 -9 -8 17 12 13 -5 16 -16 -13 -4 20 22 -6 23 -20 24 -22 27 29 28 -25 -27
right_child=-2 -3 10 11 18 6 7 8 -10 -11 -12 14 -14 -15 15 -17 -18 -19 19 -21 21 -23 -24 25 -26 26 -28 -29 -30 -31
leaf_value=-0.004736922802491589 -0.001964034710081232 0.0019697907513037262 -0.0019513394316856615 -0.004240512953640722 -0.0038995840357325092 0.0056468894709114084 0.00065881017127798866 -0.0026423263671629025 0.0048137594893733421 -0.01316549459694131 0.0047922923709838887 0.00028799254411321378 0.013421129398187199 0.0094875569742137733 -0.0015959282554306106 0.0022728774538571732 0.0077524311478107538 -0.0092300050378370368 -0.0090828385558268492 -0.0002885775322122802 0.0035072400283156589 -0.0046355903494427779 0.000730938284969765 0.0025374359657005948 -0.0021777604427769292 -0.0090833802675839813 -0.011375360703375746 0.0047579805575492439 -0.0061386262206784489 -0.00025163066354925312
leaf_weight=689.75779983401299 7022.2208862751722 9055.3540663868189 1507.2545880526304 422.5719959884882 1416.3480341881514 3555.01470464468 466.30040167272091 1092.3834091424942 2787.1601034551859 278.77924759685993 436.11321595311165 12363.593092724681 279.37495069205761 277.90923978388309 26797.573952451348 3822.0200639814138 652.19553516805172 817.81769299507141 1000.4637161195278 4099.9244303256273 7946.8040031939745 976.56319573521614 487.53660604357719 1389.5213498026133 1394.2136906385422 397.92576083540916 340.52283911406994 2227.8607255667448 752.9598373323679 4346.544667378068
leaf_count=2797 28383 36769 6059 1726 5702 14290 1883 4399 11204 1125 1752 49759 1133 1123 108044 15442 2635 3288 4022 16471 31961 3935 1960 5598 5593 1600 1371 9091 3032 17489
internal_value=4.34482e-05 0.000196743 3.14155e-06 0.000108686 0.000822276 0.00268942 0.00332067 0.00152415 0.00271291 -0.00461955 -0.00305412 -0.000461514 0.00482996 0.00126285 -0.000581416 -0.00111243 0.000667685 -0.00454009 0.00020305 -0.00178642 0.000728298 0.0010616 -0.00588398 0.0013599 0.00265729 7.67495e-05 -0.00172501 0.00217229 -0.000526058 -0.00100991
internal_weight=99100.6 92078.4 83023 80261.8 35646.6 8869.4 8179.64 4624.62 3879.54 745.08 2761.19 44615.2 979.856 700.481 43635.4 30619.6 13015.8 2325.07 26777.2 5587.92 21189.3 19772.9 1488 18796.4 9341.02 9455.34 5084.99 4370.34 2142.48 4744.47
internal_count=399636 371253 334484 323385 143523 35698 32901 18611 15603 3008 11099 179862 3982 2849 175880 123486 52394 9347 107825 22453 85372 79670 5982 75735 37554 38181 20460 17721 8630 19089
is_linear=0
shrinkage=0.05


Tree=70
num_leaves=31
num_cat=0
split_feature=39 26 5 37 87 46 56 26 46 26 57 26 79 91 29 92 23 35 16 51 81 39 81 15 55 55 30 52 97 7
split_gain=14.6136 17.0546 11.3807 13.7771 12.5841 11.8953 11.4933 10.5019 11.5242 26.167 12.7344 10.2346 15.176 11.9663 11.0068 16.3226 10.2228 12.278 12.0857 11.7137 12.1112 12.0607 10.1182 10.0818 10.3349 10.2036 10.0943 10.9046 9.91726 11.2924
threshold=0.044484211869444075 0.5000285000000001 1.0000000180025095e-35 0.31763650000000004 0.092995000000000008 1.840218765549102 2.7506729751143304 0.49224650000000009 1.834709700729461 0.41348950000000007 18.382878464281678 0.44639150000000005 57.600000000000009 -0.027563999999999995 0.39509700000000009 0.013116500000000019 0.33634750000000008 0.1427495 0.36500000000000005 2166.6886822326674 6.6852363373681447 0.044082195354453929 8.0844082607713137 54.850000000000001 1544.7403672722141 1353.7108920139333 0.073427450000000019 119.40182632849208 1.0405835376682677 2.5000000000000004
decision_type=10 8 2 10 8 8 8 10 10 10 10 10 2 10 10 10 10 8 2 8 2 10 2 2 10 8 10 8 2 2
left_child=1 2 7 16 5 -5 -6 8 10 -10 -1 12 14 -14 -7 -16 17 -4 -18 20 -19 23 -9 26 25 -25 -21 -28 29 -13
right_child=-2 -3 3 4 6 11 -8 22 9 -11 -12 28 13 -15 15 -17 18 19 -20 21 -22 -23 -24 24 -26 -27 27 -29 -30 -31
leaf_value=0.00025738509656631278 -0.0010476039777919698 -0.0034083576455234718 0.0036600440332904363 0.0011211713062271238 -0.011669996176599386 0.0059949479280267306 -0.0013453411610165572 0.010683597653185809 -0.015724536588986929 -0.001631006394481957 -0.0097180323755497143 -0.0026889254828587048 -0.016800549094425764 -0.0047958405833596878 0.00079688390552438081 -0.0090627430909096859 -0.012607136826247296 -0.0088516081412755142 0.00018778388959543403 0.0045685740346153711 -0.00020230710152547784 0.011071497667268414 0.00064775764672041832 0.0074660423822708504 0.0054388732434696675 0.00023386020142105728 0.0085182871721727095 -0.00054225574532248022 0.0087361203538766901 0.0050630915400697481
leaf_weight=17629.333315581083 23383.206291213632 2845.3205569535494 7111.8115428239107 13304.697855174541 409.10746529698372 419.12114864587784 763.99131117761135 400.00408835709095 340.48348268866539 5537.068337097764 315.84041404724121 1623.2149174064398 302.88490131497383 655.38569203019142 1108.6457587778568 664.13765417039394 251.36121146380901 448.95433746278286 627.08877547085285 1327.257142111659 3429.9616705924273 336.37781298160553 651.84446983039379 570.23241497576237 2777.9800063669682 3062.7009826749563 337.67329803109169 7394.2160100787878 326.3723037391901 649.5455376803875
leaf_count=71026 94294 11446 28665 53571 1648 1714 3091 1623 1382 22381 1269 6525 1231 2656 4484 2685 1035 1809 2595 5363 13798 1352 2646 2299 11203 12348 1378 29831 1315 2608
internal_value=4.45537e-05 0.000382353 0.000531003 0.000981497 -1.04334e-05 0.000300101 -0.00501418 -0.00033659 -0.000553228 -0.00247276 7.65002e-05 -0.00159862 -0.00351033 -0.00872455 -0.00120148 -0.00292694 0.0017062 0.00188057 -0.00357407 0.00123616 -0.00122358 0.00184017 0.00452893 0.00163243 0.00314816 0.00138642 0.00055749 -0.000136065 0.000722974 -0.000460957
internal_weight=99005.8 75622.6 72777.3 47902.7 20227.1 19054 1173.1 24874.6 23822.7 5877.55 17945.2 5749.31 3150.18 958.271 2191.9 1772.78 27675.6 26797.2 878.45 19685.4 3878.92 15806.4 1051.85 15470.1 6410.91 3632.93 9059.15 7731.89 2599.13 2272.76
internal_count=399271 304977 293531 193204 81528 76789 4739 100327 96058 23763 72295 23218 12770 3887 8883 7169 111676 108046 3630 79381 15607 63774 4269 62422 25850 14647 36572 31209 10448 9133
is_linear=0
shrinkage=0.05


Tree=71
num_leaves=31
num_cat=0
split_feature=86 23 22 25 85 85 98 27 28 27 49 35 26 86 5 90 24 57 52 33 31 25 31 87 40 4 93 88 20 80
split_gain=9.50163 11.3612 17.6939 10.2867 9.84453 14.5392 11.1656 12.3513 12.2714 14.8283 15.2671 12.2781 11.7208 11.6287 10.4262 14.6797 14.2278 13.8422 13.1691 12.9382 12.7903 12.4838 20.4501 11.1777 11.131 13.7167 10.8999 10.4058 14.1015 11.626
threshold=-0.15740499999999996 0.13959350000000001 0.61224600000000018 0.43314100000000005 0.5915413334219477 0.61131111978741615 -0.044508642353374948 0.89181300000000008 0.33184500000000006 0.39810300000000004 131.44168025169611 0.12262850000000002 0.43027050000000006 -0.11478149999999997 1.5000000000000002 -0.068836250000000029 0.18047400000000002 13.915953262471115 125.12928766027009 5713.5000000000009 0.07440875000000001 0.3773315000000001 0.23645400000000003 -0.13223599999999996 0.061635455952954048 1.0000000180025095e-35 -0.029061999999999987 0.0013130000000000088 13.500000000000002 9.0915005265092734
decision_type=8 8 10 8 2 2 2 10 10 10 10 8 10 10 2 8 10 10 10 2 8 10 10 10 10 2 10 10 2 2
left_child=-1 -2 3 4 6 -6 8 14 -3 12 11 -11 -10 -14 15 16 17 21 20 -17 -16 23 26 -8 25 -19 -23 -22 -29 -30
right_child=1 2 -4 -5 5 -7 7 -9 9 10 -12 -13 13 -15 18 19 -18 24 -20 -21 27 22 -24 -25 -26 -27 -28 28 29 -31
leaf_value=-0.0013209334415250906 0.0033905359360944958 -0.01232910455572256 -0.0074176976276090732 -0.0025850370766138595 0.0088932923742022236 -0.0019563091533287328 0.0008412584081854118 -0.008682267816958588 -0.0027105688506804944 0.0031191532268332735 0.0089709326014250964 -0.004420133226855901 -0.0037998903492479476 0.0082070930708753684 0.01070998105518879 0.00049491703781703628 -0.008166706584466386 -0.011737011931342281 0.00039282601049894523 -0.0012524504060918607 0.0038655745287668091 0.0090190802960295694 0.012207186524794926 0.0093924616273744974 0.0037829007542308475 0.00065419528528461428 -0.0020350362414770116 0.0062096882678173149 -0.0025531560965656652 0.008326863705732308
leaf_weight=11560.779268339276 2700.0716254115105 251.74751523137093 765.17431916296482 3244.1676259338856 772.01581084728241 505.19581091403961 515.35275404155254 362.84831020236015 665.65617568790913 617.56480404734612 254.24326960742474 3968.0442571341991 252.32210196554661 903.32813546061516 478.6158244907856 23227.811512589455 297.211350902915 385.33061563968658 14694.383506953716 19460.353192567825 4840.4603174477816 249.84853708744049 375.5441572368145 1492.2117228060961 653.23783241212368 511.0688513815403 1563.7074697613716 764.27654632925987 2404.88561655581 263.54266084730625
leaf_count=46644 11043 1044 3096 13173 3107 2032 2072 1461 2711 2485 1029 16080 1031 3695 1938 93526 1198 1552 59177 78370 19471 1006 1517 5989 2628 2058 6314 3077 9670 1082
internal_value=2.55637e-05 0.00020372 0.00010179 0.000171182 0.000282247 0.00461992 0.000211947 0.000394994 -0.00170666 -0.00128732 -0.00273318 -0.00340021 0.00254876 0.00557541 0.000441824 2.49263e-05 0.0023292 0.00288531 0.00130794 -0.000301766 0.00284224 0.00437374 0.00174956 0.00721237 -0.0011478 -0.00474307 -0.000471034 0.0023747 0.000267286 -0.00145153
internal_weight=99001 87440.2 84740.2 83975 80730.8 1277.21 79453.6 72540.7 6912.91 6661.16 4839.85 4585.61 1821.31 1155.65 72177.8 48731.7 6043.51 5746.3 23446.2 42688.2 8751.78 4196.66 2189.1 2007.56 1549.64 896.399 1813.56 8273.17 3432.7 2668.43
internal_count=399276 352632 341589 338493 325320 5139 320181 292106 28075 27031 19594 18565 7437 4726 290645 196230 24334 23136 94415 171896 35238 16898 8837 8061 6238 3610 7320 33300 13829 10752
is_linear=0
shrinkage=0.05


Tree=72
num_leaves=31
num_cat=0
split_feature=49 79 0 48 48 2 1 37 91 46 55 38 85 88 31 48 91 96 38 39 31 92 31 29 48 33 30 29 45 33
split_gain=11.0759 9.04505 11.0106 10.6335 12.4443 13.4069 10.8784 10.6777 10.962 10.3624 9.891 9.2455 14.0347 14.1808 11.0887 10.3901 9.8219 12.8891 9.53404 12.4543 9.02654 14.7388 9.14224 8.7535 8.70259 8.20773 14.1932 8.43904 13.9856 11.511
threshold=132.9014309569998 91.450000000000017 8.5000000000000018 -0.61980823988273037 -0.4474694114732452 7.5000000000000009 3.5000000000000004 0.20159250000000004 0.15241300000000005 1.7584758919327486 1583.7894178788538 0.047705400000000009 0.50972080654796048 0.0013130000000000088 0.14897800000000003 0.66581531985614617 -0.15718399999999996 0.45173900000000006 0.006214400000000001 0.046308033234650228 0.16693500000000003 0.042719500000000014 0.22241250000000004 0.45335050000000005 0.48610462923756859 7552.5000000000009 0.12024100000000001 0.46169250000000006 9.9116255223470695 2333.5000000000005
decision_type=10 2 2 8 8 2 2 10 10 8 10 8 2 10 8 10 8 10 10 8 10 10 10 10 10 2 10 10 10 2
left_child=1 11 3 6 5 -5 -3 -6 -9 -4 -10 12 13 24 25 18 17 -13 -16 20 -20 -22 -23 -21 -1 27 -27 29 -29 -14
right_child=-2 2 9 4 7 -7 -8 8 10 -11 -12 16 14 -15 15 -17 -18 -19 19 23 21 22 -24 -25 -26 26 -28 28 -30 -31
leaf_value=-0.003953706731090168 0.00466458170275572 -0.0015828998666078742 0.0063463810819325579 -0.00200638453952093 0.00097778594625698759 0.01037053482731046 -0.013841281832391715 -0.0024906359608695564 -0.015279856353456956 -0.000738774627767369 -0.002553568946913842 0.0006747554553790477 -0.0012791772646691853 -0.0097088589361152174 0.0062191872792769203 -0.0062694618699910762 0.0002543148767008178 0.015041223890662946 0.0092881385003499278 -0.007387147904446863 -0.0051278563851362893 0.010845581085247379 0.00069123257017790344 0.0028578157353738604 0.004342249970117981 -0.0013382294275943226 -0.015330819229968748 -0.0064787255292591359 0.0021758283488947832 0.0096797142395591597
leaf_weight=1186.7448438256979 1242.2285607308149 357.65818010270596 801.80384704470634 438.33742980659008 2034.2323008775711 421.53598180413246 362.52617067098618 5770.3212914913893 327.90314099192619 1411.6547765135765 287.2298234552145 392.4913891851902 680.62440225481987 860.29434660077095 1081.0198342949152 384.29903443157673 74497.158608257771 250.3357929289341 432.52529041469097 620.35297039151192 566.75785960257053 382.41792115569115 512.77610032260418 304.95265124738216 420.43904913961887 460.80085434019566 291.01516418159008 1153.9361524134874 772.73918969929218 358.19080139696598
leaf_count=4814 5147 1450 3232 1768 8189 1700 1470 23249 1322 5686 1155 1579 2769 3479 4376 1554 300248 1006 1745 2527 2287 1542 2073 1229 1701 1860 1178 4649 3111 1455
internal_value=-7.98583e-06 -6.77922e-05 -0.00134013 -0.00204625 -0.00158718 0.00411062 -0.00785857 -0.00217327 -0.00317707 0.00184475 -0.00947336 0.000113857 -0.00127742 -0.00456596 -0.000258995 0.00147304 0.000307859 0.00641418 0.00224989 0.000711585 0.00302974 0.00112764 0.00510096 -0.00401626 -0.00177005 -0.00225418 -0.00688467 -0.00106106 -0.0030143 0.00255579
internal_weight=99065.3 97823.1 12213.2 9999.74 9279.56 859.873 720.184 8419.69 6385.45 2213.46 615.133 85609.9 10469.9 2467.48 8002.41 4285.1 75140 642.827 3900.8 2819.78 1894.48 1461.95 895.194 925.306 1607.18 3717.31 751.816 2965.49 1926.68 1038.82
internal_count=399550 394403 49221 40303 37383 3468 2920 33915 25726 8918 2477 345182 42349 9994 32355 17333 302833 2585 15779 11403 7647 5902 3615 3756 6515 15022 3038 11984 7760 4224
is_linear=0
shrinkage=0.05


Tree=73
num_leaves=31
num_cat=0
split_feature=71 65 39 21 53 47 88 55 47 54 19 0 65 61 36 9 19 56 47 83 85 54 20 45 65 15 0 4 44 51
split_gain=13.3899 12.2653 18.6483 12.9777 12.8584 12.9201 12.733 12.0853 11.8538 11.0834 11.0344 22.6744 23.5759 17.5471 16.9588 16.2896 15.225 12.2199 11.7171 11.5397 11.0715 11.0343 11.118 10.9847 10.9794 10.8677 10.7325 10.8592 13.9049 11.1942
threshold=1.0000000180025095e-35 1.0000000180025095e-35 0.036753816388031803 9772.5000000000018 2002.4417788511505 0.58571548841795662 0.029184000000000047 2199.4571279702391 1.0640743314810861 134.70483502421106 13.500000000000002 4.5000000000000009 1.0000000180025095e-35 1.0000000180025095e-35 0.67959950000000013 1.5000000000000002 12.500000000000002 2.3396549119577021 1.7129193072784583 0.56612354463441827 0.51994164130952136 126.19374146773568 17.500000000000004 -8.7075194900437953 1.0000000180025095e-35 86.350000000000009 8.5000000000000018 1.0000000180025095e-35 28.268147531496709 2210.8356965258358
decision_type=2 2 8 2 8 8 10 10 8 10 2 2 2 2 8 2 2 8 8 2 2 8 2 8 2 2 2 2 10 10
left_child=7 4 9 23 6 -6 -2 8 -1 -3 11 14 13 16 15 18 -13 -14 -10 -12 -17 -18 -23 -4 -9 -15 27 28 -21 -29
right_child=1 2 3 -5 5 -7 -8 24 10 -11 19 12 17 25 -16 20 21 -19 -20 26 -22 22 -24 -25 -26 -27 -28 29 -30 -31
leaf_value=-0.003506920647226892 0.0018582409707453536 -9.8798093126708329e-06 -0.0081861030597723625 0.0063344416283252353 0.0098289900352905406 -0.00037824315025560495 0.012905857902334089 -0.0014280229731636514 0.0069188180011748078 0.007778815450884065 0.00012503404216768208 0.00034209710977751664 0.015213906176492362 -0.00061312308491771319 0.0074453641734167787 -0.0041506990999421733 0.013650475997676971 0.0057475965073974788 -0.0037250175012791121 0.006394968520098139 -0.018989964135713182 0.0013040114122032642 0.0085140205122231291 -0.0027969875713538513 -0.012462308154904714 -0.010301878773691056 -0.0028019247681376389 0.012197653882510665 -0.0047486121554911644 0.0037845364347266646
leaf_weight=1606.4021687507629 1068.2563152462244 3230.9557656347752 1069.3060677349567 343.39976139366627 302.9150947034359 33603.193337067962 337.00881554186344 802.64200755953789 322.82280220091343 521.9502509534359 32759.873786076903 2477.0909014344215 396.50134962797165 1306.8973404169083 372.81482803821564 257.29576632380486 376.77664667367935 2343.3391646444798 1152.0921077877283 528.9480237364769 249.93591433763504 1239.1350220739841 936.38245217502117 7895.7098795324564 305.23285116255283 362.28747524321079 608.73435601592064 634.43948468565941 572.61538322269917 1060.2798105031252
leaf_count=6461 4311 13062 4384 1384 1217 135593 1362 3221 1305 2118 131668 10009 1601 5241 1500 1040 1556 9464 4653 2164 1006 5041 3805 31954 1227 1454 2476 2586 2318 4301
internal_value=2.12131e-05 -0.000573742 -0.00188221 -0.00308088 -8.93571e-05 -0.000284181 0.00458014 0.000589166 0.000704986 0.00109116 0.000846769 0.00217423 0.00326878 0.00166567 -0.00220786 -0.00405177 0.00313866 0.00716788 -0.00136444 0.000413403 -0.0116885 0.0058409 0.00443209 -0.00344818 -0.00455239 -0.00276484 0.00317933 0.00448676 0.000611698 0.00698717
internal_weight=99045.2 48372.7 13061.3 9308.42 35311.4 33906.1 1405.27 50672.5 49564.7 3752.91 47958.3 11793.4 9438.41 6698.57 2354.96 1982.15 5029.39 2739.84 1474.91 36164.9 507.232 2552.29 2175.52 8965.02 1107.87 1669.18 3405.02 2796.28 1101.56 1694.72
internal_count=399482 195385 52902 37722 142483 136810 5673 204097 199649 15180 193188 47675 38171 27106 9504 8004 20411 11065 5958 145513 2046 10402 8846 36338 4448 6695 13845 11369 4482 6887
is_linear=0
shrinkage=0.05


Tree=74
num_leaves=31
num_cat=0
split_feature=65 32 55 39 91 41 8 96 18 45 22 92 85 47 37 58 18 4 61 89 46 37 38 83 93 85 8 40 92 93
split_gain=14.6982 18.4365 18.2156 17.9702 19.672 16.4897 16.8265 15.6869 15.078 28.1741 20.4556 14.2759 13.7149 12.6077 12.3107 11.5396 11.3717 10.8693 19.6448 16.3915 20.7801 17.3697 15.1337 12.3335 12.3639 11.5837 10.9065 12.8142 12.4148 10.8207
threshold=-1.0000000180025095e-35 0.16911000000000001 2188.7866949641207 0.050007269392062223 -0.0070189999999999966 0.08351464832413992 5.5000000000000009 0.64593615000000015 1.5000000000000002 -7.8522607490054961 0.43750700000000003 -0.028898499999999997 0.51920626986479523 1.6959119368919038 0.14063000000000003 146.50000000000003 1.5000000000000002 1.5000000000000002 1.0000000180025095e-35 0.5103051500000001 1.6317215359310684 0.20159250000000004 0.29877000000000004 0.51917938977109179 -0.0029075000000000069 0.53098915078472242 4.5000000000000009 0.050537584274165125 0.0030545000000000021 0.013332499999999999
decision_type=2 10 10 10 10 10 2 10 2 10 10 10 2 8 10 8 2 2 2 8 10 10 10 2 8 2 2 10 8 10
left_child=2 5 14 8 -5 7 -7 15 11 10 -10 -3 13 -13 -1 -2 -4 18 22 -19 21 -21 25 -23 -25 -16 27 -20 -28 -12
right_child=1 3 16 4 -6 6 -8 -9 9 -11 29 12 -14 -15 17 -17 -18 19 26 20 -22 23 -24 24 -26 -27 28 -29 -30 -31
leaf_value=0.0047807877167203305 0.008814207612403183 -0.0089334472891586143 0.0027716776392369513 -0.012300290781307489 -0.0027752910067017846 0.0073395525487219481 -0.00052997724893433132 -0.01102112217540792 -0.0049640796576078273 -0.0014100426378995902 0.0011160109900859665 -0.0078247322423816226 0.00037460858631540152 -0.0021425750327346521 0.0037577002265825354 7.3549428304012872e-05 0.015230738536181508 0.0011073879113653268 0.0085608923897900115 0.0032934673439069364 -0.00055704807868347779 -0.0028484205055905633 -0.0048495746155574901 -0.01950197164284009 -0.0075782158450982398 -0.00079960273991683023 -0.0012882174288458552 -0.0054103956459819521 -0.015909400394738742 0.0061824907459100704
leaf_weight=1782.9915210753679 371.5760068744421 704.8701950609684 392.74129709601402 675.97416688501835 2631.4975838214159 1616.4667383432388 1164.1901864260435 306.14716753363609 664.35950657725334 9130.2034038305283 1647.2282725125551 1134.4839106351137 5012.662378102541 6758.2822613865137 7579.5612608194351 36333.259612187743 342.44035796821117 7807.8024401217699 262.2150504887104 328.83062298595905 4626.4608779400587 484.19338320195675 662.9536961466074 386.93232913315296 529.86007107794285 1704.3323018848896 270.8967677205801 403.30287876725197 307.66967123746872 2941.2627225220203
leaf_count=7176 1505 2840 1578 2726 10612 6541 4721 1231 2723 36829 6618 4570 20199 27246 30570 146680 1374 31426 1056 1336 18677 1943 2658 1560 2135 6872 1090 1625 1241 11821
internal_value=1.5836e-05 -0.00036571 0.000988778 -0.00127337 -0.0047532 0.000348409 0.00405469 6.89344e-05 -0.000860667 0.000268184 0.00318232 -0.00205293 -0.00167051 -0.00296818 0.000776709 0.000164411 0.0087015 0.000493364 0.00165731 -0.000426784 -0.00231008 -0.00696848 0.00239885 -0.00938338 -0.0127668 0.00292111 -0.00424335 0.000139555 -0.00920166 0.00437005
internal_weight=98965.6 71092.5 27873.2 31300.8 3307.47 39791.6 2780.66 37011 27993.4 14383.1 5252.85 13610.3 12905.4 7892.77 27138 36704.8 735.182 25355 11190.9 14164.1 6356.28 1729.82 9946.85 1400.99 916.792 9283.89 1244.08 665.518 578.566 4588.49
internal_count=399179 286862 112317 126184 13338 160678 11262 149416 112846 57991 21162 54855 52015 31816 109365 148185 2952 102189 45112 57077 25651 6974 40100 5638 3695 37442 5012 2681 2331 18439
is_linear=0
shrinkage=0.05


Tree=75
num_leaves=31
num_cat=0
split_feature=86 51 57 16 46 83 16 25 14 57 97 49 39 98 49 49 87 28 37 29 29 29 6 27 97 36 87 1 29 50
split_gain=14.7565 14.9793 20.2865 14.1778 12.2265 11.4286 11.3144 11.1127 11.258 12.8213 16.3458 12.4996 16.2595 14.0689 11.8033 12.0365 11.2869 10.5089 10.871 10.4679 11.9929 10.4276 11.0031 11.6466 10.2618 9.63077 9.58007 11.25 14.827 12.5156
threshold=-0.13972799999999999 2283.7097356219433 15.266787108771508 1.3450000000000004 2.0601088169748039 0.46346566827772645 0.30500000000000005 0.43502900000000005 1.0000000180025095e-35 6.8539622810191778 0.8478650833277136 122.17429756487779 0.037214716501138896 -0.067541261718648923 125.60452700865149 125.29206100812907 -0.011043999999999969 0.54991400000000012 0.26492700000000008 0.53434300000000012 0.48627400000000004 0.44929500000000006 1.5000000000000002 0.30068500000000004 1.0600063114217146 0.55345050000000018 -0.0088975000000000009 2.5000000000000004 0.50795250000000014 146.50066041645707
decision_type=8 10 10 2 10 2 2 8 2 8 2 8 10 2 8 10 10 10 10 10 10 10 2 10 2 10 8 2 10 8
left_child=1 2 3 5 7 -1 25 8 14 10 -10 24 -13 -14 15 -2 -12 -9 -19 20 -5 22 23 -7 -11 -3 27 28 -16 -29
right_child=4 6 -4 19 -6 21 -8 17 9 11 16 12 13 -15 26 -17 -18 18 -20 -21 -22 -23 -24 -25 -26 -27 -28 29 -30 -31
leaf_value=-0.010356594782762456 -0.00088160647807059087 -0.0049830375963944521 0.00892053606197875 0.0018838347868186745 0.0060260351982972318 0.011812274051229005 -0.0050536197498625979 -0.0013210213316567712 8.8229178171797057e-05 0.0025635606080812627 -0.0036505632184800443 0.0017812474564588442 0.007281061776051017 -0.00088666268133831484 0.0058329221352764853 -0.0060354549529479497 -0.016984838375491824 -0.0025927616835802049 -0.016388058334891223 -0.0060957677752120311 0.011559269344183757 -0.0032284188563023036 -0.0015298262922576235 0.00056934029424321323 0.0090985730550626528 0.0033210197373819035 -0.0003986047213530006 -0.0015568061633386648 -0.00096258759822908312 0.0026174599544021211
leaf_weight=374.64611940085888 16051.608409851789 556.51054953038692 556.56913013756275 1343.2928847372532 901.77342592179775 383.7700087428093 3750.6888929903507 2652.7280612140894 1512.3369561135769 4401.5462122261524 383.88403330743313 17643.81966727972 540.38461169600487 12546.05544577539 2627.2659871727228 1209.5066698640585 269.58520123362541 328.47377905249596 249.02603028714657 277.27585279941559 412.81134925782681 3522.7138591557741 1632.3194408267736 557.60745027661324 689.17307461798191 900.05912721157074 14428.758855417371 3823.7421212792397 1150.2369409203529 3368.1524197310209
leaf_count=1542 64674 2243 2239 5426 3634 1553 15131 10782 6104 17713 1548 71201 2186 50531 10590 4863 1086 1324 1006 1115 1660 14168 6598 2246 2810 3645 58241 15408 4645 13603
internal_value=1.68045e-05 -0.00147026 -0.000241096 -0.000850448 0.000267223 -0.00199453 -0.00360452 0.000204597 0.000319913 0.000945834 -0.00278163 0.00117192 0.000791152 -0.000544087 -0.000237542 -0.00124603 -0.00932463 -0.00266649 -0.00871918 0.00278245 0.00421083 -0.00146454 0.000952905 0.00522871 0.00346436 0.000135951 0.000448067 0.0015611 0.00376663 0.000399032
internal_weight=99046.3 14268.3 9061.01 8504.44 84778.1 6471.06 5207.26 83876.3 80646.1 37986.8 2165.81 35821 30730.3 13086.4 42659.3 17261.1 653.469 3230.23 577.5 2033.38 1756.1 6096.41 2573.7 941.377 5090.72 1456.57 25398.2 10969.4 3777.5 7191.89
internal_count=399515 57566 36547 34308 341949 26107 21019 338315 325203 153179 8738 144441 123918 52717 172024 69537 2634 13112 2330 8201 7086 24565 10397 3799 20523 5888 102487 44246 15235 29011
is_linear=0
shrinkage=0.05


Tree=76
num_leaves=31
num_cat=0
split_feature=63 49 38 37 22 46 90 20 70 22 54 50 32 59 85 20 65 88 31 80 88 20 52 50 46 48 53 40 72 37
split_gain=10.7132 12.7917 12.5265 13.7257 11.1831 11.836 15.9648 11.6844 11.2803 11.0685 11.8549 11.5162 14.6984 14.7319 10.6452 11.0628 12.1842 10.676 10.5795 10.5366 17.3176 10.9785 11.5128 11.6466 11.7853 13.8606 15.8861 10.9071 11.6066 12.9617
threshold=1.0000000180025095e-35 125.74164618716524 0.28051550000000008 0.19271400000000002 0.43529800000000007 1.5878329691713906 -0.024416749999999928 17.500000000000004 1.5000000000000002 0.45131650000000006 133.92702824724333 141.11467195970229 0.15813450000000004 8.9810859578089968 0.52037766773963579 12.500000000000002 1.5000000000000002 -0.019052499999999997 0.21960450000000004 5.2390944889447963 -0.0070830000000000328 13.500000000000002 127.94273663138765 143.78882937020433 1.7753689886563111 -0.47402615080590466 2375.6328616771066 0.035500876933737067 5.5000000000000009 0.23245100000000002
decision_type=2 8 8 10 8 10 10 2 2 10 10 10 8 2 2 2 2 10 10 2 10 2 8 10 10 10 10 8 2 10
left_child=1 4 14 -4 -1 6 -6 8 -8 -7 11 -11 -13 -14 15 17 -17 -3 -16 20 -2 22 23 24 25 -21 -27 -23 29 -29
right_child=19 2 3 -5 5 9 7 -9 -10 10 -12 12 13 -15 18 16 -18 -19 -20 21 -22 27 -24 -25 -26 26 -28 28 -30 -31
leaf_value=0.0067493460471213578 0.0015311432427227325 -0.010662318928294338 0.0014911023744013851 0.010327021671859969 0.0065824451844235278 -0.0082508864772307313 0.0072581191764443612 -0.0072141624377607466 -0.0033059538153503037 -0.00091274188838084676 0.0038626488473619148 -0.0011077193270317967 -0.0072285896660936669 -0.00061590760055258407 0.000347993345814237 -0.00017645571205520281 -0.0062977553485521172 -0.0017730137142883432 0.0045320467471972751 0.013982144873432771 -0.006939452595324515 -0.0077060333450935147 0.00064658917099905957 0.009044745223776348 -0.00050969157339328137 -0.00063700361806158067 0.0090519730722458374 0.0030304579246866886 -0.00082915694224478811 0.00030590601557059738
leaf_weight=403.56543909013271 1205.2160639166832 545.03866158425808 1806.1928583532572 572.79256671667099 989.98216131329536 667.22204135358334 473.59087882936001 560.66323366761208 520.44169560074806 10261.576615095139 890.29814305901527 3623.3807413429022 3107.3305128365755 1156.7831139117479 10726.628899872303 11865.373628273606 862.77040062844753 875.6520761847496 1748.9006282389164 360.0689709931612 1192.4423550218344 413.13249851763248 5845.8759808987379 905.40455612540245 1595.9896183013916 1041.1448300480843 701.23763979971409 6085.2069577425718 12659.295069873333 15390.111446514726
leaf_count=1655 4874 2200 7253 2296 3985 2736 1910 2261 2098 41305 3578 14594 12500 4654 43322 47931 3491 3533 7055 1449 4827 1656 23597 3654 6428 4184 2823 24524 51085 62098
internal_value=-1.28418e-05 -0.000510866 0.000184539 0.00365286 -0.00140083 -0.00155162 0.00165258 -0.00150861 0.00174929 -0.001966 -0.00174153 -0.00201842 -0.00345392 -0.00544032 -0.000126624 -0.00106508 -0.000596003 -0.00523403 0.000937701 0.000529972 -0.00269292 0.000702262 0.0021215 0.00398885 0.00273007 0.00518018 0.00329182 0.000272493 0.000371286 0.00107898
internal_weight=99053.3 51658.2 29003.3 2378.99 22654.8 22251.3 2544.68 1554.7 994.033 19706.6 19039.4 18149.1 7887.49 4264.11 26624.4 14148.8 12728.1 1420.69 12475.5 47395.1 2397.66 44997.5 10449.7 4603.85 3698.44 2102.45 1742.38 34547.7 34134.6 21475.3
internal_count=399556 208357 117081 9549 91276 89621 10254 6269 4008 79367 76631 73053 31748 17154 107532 57155 51422 5733 50377 191199 9701 181498 42135 18538 14884 8456 7007 139363 137707 86622
is_linear=0
shrinkage=0.05


Tree=77
num_leaves=31
num_cat=0
split_feature=74 31 33 96 65 46 65 32 54 54 98 83 90 87 35 41 34 96 58 99 23 79 22 19 30 49 40 32 19 41
split_gain=11.1626 13.686 15.0406 13.9876 11.369 11.3223 11.0861 14.1624 12.6709 12.6369 10.2327 10.003 12.3461 15.3712 19.7267 15.9034 28.9293 12.0373 16.8791 13.2213 14.8532 12.177 12.0189 10.7152 13.9647 14.6258 10.7779 9.83988 9.55667 9.3008
threshold=1.0000000180025095e-35 0.29367550000000003 174.50000000000003 0.25000005000000008 -1.4999999999999998 1.7913404212515831 -1.0000000180025095e-35 0.22268950000000001 136.61524566274736 128.88517200572855 -0.095025799648207801 0.56991909679639208 -0.11446030000000006 -0.01985049999999999 0.18125600000000003 0.061679995860290882 0.52747750000000015 0.48132100000000005 2831.5000000000005 -0.0105475 0.22737450000000001 41.350000000000001 0.47613950000000005 16.500000000000004 0.037268500000000003 123.70505508463548 0.1026702163284527 0.15617950000000003 20.500000000000004 0.069082133143224519
decision_type=2 8 2 10 2 10 2 10 10 8 2 2 10 10 8 10 10 10 10 10 10 2 10 2 10 10 10 10 2 10
left_child=1 2 -1 -4 5 -5 7 -2 10 -9 -8 12 28 14 15 16 -14 -17 19 -19 -21 29 -22 -15 25 -25 -26 -18 -12 -20
right_child=6 -3 3 4 -6 -7 8 9 -10 -11 11 -13 13 23 -16 17 27 18 21 20 22 -23 -24 24 26 -27 -28 -29 -30 -31
leaf_value=-0.0055576970750026138 0.00017626472075573448 0.008159294611919405 -0.0094427104733186776 -0.0064205383686233262 0.0013567046869532896 0.0026250717998977007 0.0053270039528884082 0.010988928256527117 0.0028634687821096644 0.0022576299666071976 -0.0047181686000130132 0.00095422452569956595 0.00021898441142078793 -0.00080994089278508456 -0.0088177485840368174 -0.0019158940344463839 0.0033545839265904337 0.012349240772587975 -0.0019250469848625888 0.011953295920824499 0.0073030771840528075 -0.002888651528483947 -0.0060724010916035015 -0.018358956113787347 -0.0027746685464264944 -0.0035585294306444363 0.0065469820111375178 0.012047223501702571 0.0025449601705801717 0.0054928054267637666
leaf_weight=918.23309527337551 18264.452871665359 618.51491166651249 310.73391543328762 945.68027482926846 22026.488890618086 535.18331450223923 643.23489151895046 535.84621876478195 2340.9417672604322 1754.1218211948872 3646.0584398955107 5930.5623444914818 2845.595070540905 12780.811226740479 574.73306465148926 6258.613356500864 520.45879925787449 499.96347343921661 677.6612323820591 281.20664605498314 248.40219429135323 2207.3529394418001 470.7214175760746 281.73178040981293 9627.0797910243273 404.67289215326309 311.15153557062149 906.71409359574318 510.53393302857876 1094.8627526462078
leaf_count=3706 73603 2493 1258 3805 88858 2162 2609 2154 9496 7064 14763 23975 11459 51597 2322 25274 2097 2010 2724 1130 1005 8886 1895 1134 38762 1629 1254 3650 2067 4404
internal_value=-3.20179e-05 0.000872585 0.000687162 0.000930145 0.00107122 -0.00315578 -0.000343651 0.000641989 -0.000725496 0.00433963 -0.000891667 -0.00097259 -0.00123158 -0.000961444 0.000202999 0.000532099 0.00314018 -0.000419074 0.00129074 0.00579128 0.00242384 -0.000416089 -0.0014154 -0.00178636 -0.00295907 -0.00980969 -0.00247653 0.00892261 -0.00382211 0.00266196
internal_weight=98972.3 25354.8 24736.3 23818.1 23507.4 1480.86 73617.5 20554.4 53063.1 2289.97 50722.1 50078.9 44148.3 39991.7 16586.3 16011.6 4272.77 11738.8 5480.17 1500.29 1000.33 3979.88 719.124 23405.4 10624.6 686.405 9938.23 1427.17 4156.59 1772.52
internal_count=399245 102282 99789 96083 94825 5967 296963 82821 214142 9218 204646 202037 178062 161232 66856 64534 17206 47328 22054 6040 4030 16014 2900 94376 42779 2763 40016 5747 16830 7128
is_linear=0
shrinkage=0.05


Tree=78
num_leaves=31
num_cat=0
split_feature=20 61 20 52 38 38 85 16 90 47 39 16 48 89 81 39 81 93 32 9 38 88 8 44 99 99 89 97 48 36
split_gain=11.2292 14.6298 21.119 16.409 14.6426 20.256 13.1286 13.694 12.554 14.8319 12.4577 12.8193 11.0769 14.9408 13.8556 12.3762 11.1059 12.9699 12.0061 10.8295 13.286 10.8125 10.7925 10.2177 14.7728 11.8057 10.7732 10.1798 13.1072 10.173
threshold=13.500000000000002 1.0000000180025095e-35 12.500000000000002 130.27039296964196 0.24210800000000002 0.18407150000000003 0.52334824364522603 0.065000000000000016 0.0057584999999999451 1.8333847767733078 0.029883237417579336 2.3150000000000004 0.50791501886562174 0.70545625000000012 9.2917820995013152 0.029883237417579336 8.4203518338981294 0.063142500000000018 0.16780850000000003 1.0000000180025095e-35 0.13494900000000001 0.033635000000000033 5.5000000000000009 32.502847842998769 -0.027465499999999986 0.029136499999999992 0.39064170000000004 1.0295089381958953 -0.50615547326791133 0.56557500000000005
decision_type=2 2 2 10 10 8 2 2 8 10 8 2 10 10 2 8 2 8 10 2 10 8 2 10 8 10 10 2 8 10
left_child=1 2 6 4 5 8 10 -8 9 -4 -1 -12 13 14 15 -2 23 18 -18 20 -20 -16 -11 25 -25 26 -14 28 -9 -21
right_child=12 -3 3 -5 -6 -7 7 27 -10 22 11 -13 16 -15 21 -17 17 -19 19 29 -22 -23 -24 24 -26 -27 -28 -29 -30 -31
leaf_value=-0.011074582693120841 0.0032109200914426325 -0.00096490503470515656 0.0020592127848663125 -0.00027373040687056786 0.010545467395489299 -0.0013601607161915236 -0.0074404231114150454 -0.0036467183811759543 0.0095961578078164154 0.0036382054190844367 -0.0015600849549919152 0.0086476822436151769 0.0084729471489561267 0.011018447611368538 -0.0019778922132335348 0.00014084394135316418 -0.0015889318127186598 0.0020482688450921094 0.0021020071752362473 -0.0061053176304819122 -0.0060592489122640626 -0.010895867243782848 0.017413964985319323 -0.012702947146764391 -0.0013447761045120839 -0.0086406178916955036 0.00067615282079520325 -0.0023641610219538823 0.0063108557889449829 -0.016691773781075947
leaf_weight=309.40127485990524 3522.0744707584381 6391.0825333595276 2523.0867395997047 2142.6583292484283 930.71983262896538 1429.6018743216991 308.73363582789898 382.49837003648281 1298.6883490085602 278.10650980472565 4608.3624361157417 319.59835995733738 458.74269887804985 308.90700282156467 2489.0928829759359 46508.758760437369 5552.6086045354605 1466.8674491047859 735.14907866716385 739.6674946397543 1513.4923468232155 385.11488743126392 295.82275658845901 322.75243878364563 2073.9124658703804 312.69642527401447 8140.5969209522009 604.64692574739456 2178.3338754624128 332.13868507742882
leaf_count=1248 14233 25774 10181 8647 3754 5764 1246 1553 5238 1118 18575 1289 1852 1248 10047 187758 22361 5901 2965 2978 6091 1561 1192 1304 8354 1260 32771 2432 8779 1340
internal_value=0.000142249 0.00108312 0.00182651 0.00353827 0.00474585 0.00380275 7.59358e-05 0.00245516 0.00548115 0.00373025 -0.001504 -0.000881898 -0.000159503 0.000228448 0.000163376 0.00035757 -0.00111278 -0.00229628 -0.00301601 -0.0053905 -0.00339359 -0.00320645 0.0109153 -2.95924e-05 -0.00292078 0.00075032 0.00110144 0.00344068 0.00481514 -0.00950989
internal_weight=98863.9 24001.3 17610.3 8898.68 6756.03 5825.31 8711.57 3474.21 4395.7 3097.02 5237.36 4927.96 74862.6 53213.9 52905 50030.8 21648.6 10339.9 8873.06 3320.45 2248.64 2874.21 573.929 11308.7 2396.66 8912.04 8599.34 3165.48 2560.83 1071.81
internal_count=398814 96790 71016 35894 27247 23493 35122 14010 17729 12491 21112 19864 302024 214847 213599 201991 87177 41636 35735 13374 9056 11608 2310 45541 9658 35883 34623 12764 10332 4318
is_linear=0
shrinkage=0.05


Tree=79
num_leaves=31
num_cat=0
split_feature=92 8 52 37 28 27 28 21 41 46 2 25 6 0 57 55 31 86 89 58 41 85 37 29 54 96 44 21 29 12
split_gain=10.215 12.2683 11.3234 12.6476 11.7863 10.7448 16.8909 12.1741 13.1388 10.6687 12.8727 9.69569 9.71197 9.44562 16.9774 12.6574 10.1638 12.6653 16.1167 15.3639 15.9229 14.1559 11.4666 13.2426 23.86 12.7506 13.6157 13.9319 11.8538 11.959
threshold=0.12888650000000004 11.500000000000002 131.79855817941279 0.43915650000000006 0.43081000000000008 0.61452050000000014 0.55819600000000003 940.50000000000011 0.074902402734475224 1.7212440109110685 6.5000000000000009 0.37605650000000007 3.5000000000000004 9.5000000000000018 15.280632655702465 1923.559078937428 0.21746750000000001 -0.054434000000000003 0.59117095000000008 8037.0000000000009 0.073742341427970717 0.53292895191761958 0.22515150000000003 0.54257700000000009 133.76382917612321 0.39601750000000008 31.661000768714185 1055.5000000000002 0.41534900000000002 1.0000000180025095e-35
decision_type=10 2 8 8 8 10 10 2 10 8 2 10 2 2 8 10 10 10 10 10 10 2 8 10 8 10 10 2 10 2
left_child=2 9 13 5 -5 6 -4 -8 -9 10 -2 12 -11 16 15 -15 22 19 -19 20 21 -18 23 24 -1 26 -24 -28 -29 -30
right_child=1 -3 3 4 -6 -7 7 8 -10 11 -12 -13 -14 14 -16 -17 17 18 -20 -21 -22 -23 25 -25 -26 -27 27 28 29 -31
leaf_value=0.0014431123909656959 0.0018009261739120976 -0.0047598437125997055 0.0010729768396016556 0.0019124850504186914 -0.0085056026673862358 0.0031814844889290067 -0.0070026494835927992 0.00033950002218171232 -0.0092624902132232186 -0.0075197067222453886 0.016831483395487311 0.0064969348711383284 0.0046759310179656718 0.0022889970505222484 -0.0084192004293147226 0.01234181286955644 -0.0048539578811352575 -0.0049802245449819928 0.0076464530389896901 0.0099861443250416418 0.0027353867806383034 0.004014853926433885 -0.00068238965805363224 -0.0012413270565936321 0.011794837057394158 -0.00033898911631846776 -0.0092770863392553689 -0.0072329973934579118 -0.0022513445843920961 0.0086390172287941509
leaf_weight=6898.5860344618559 250.00454403460026 389.7112205773592 20227.27764056623 436.86759001016617 693.85160286724567 4269.4512926340103 1057.2954099178314 2874.2162052989006 396.57535952329636 351.37347701191902 329.47560685873032 676.88921324908733 288.65697534382343 1884.1245658397675 305.17000100016594 367.37028667330742 2560.81837028265 3942.5373405069113 261.22902135550976 318.67959868907928 1669.7830699086189 537.42105416953564 4253.4042186737061 4132.9492073357105 596.01091787219048 35571.325438424945 1186.1723438948393 849.00264406204224 1109.8927079737186 315.3202830851078
leaf_count=27722 1008 1572 81442 1775 2798 17348 4271 11720 1601 1415 1327 2737 1162 7602 1228 1479 10330 15868 1050 1280 6746 2167 17192 16652 2395 143404 4818 3519 4480 1272
internal_value=-6.39721e-05 0.00323212 -0.00014221 0.000665314 -0.00449896 0.000869384 0.000466247 -0.00236524 -0.000849401 0.00489083 0.0104874 0.0023677 -0.00203209 -0.000504596 0.00246998 0.00397661 -0.000623414 -0.00215197 -0.0041793 -0.000471625 -0.00119003 -0.00330761 -0.000364459 0.00102899 0.00228096 -0.000738928 -0.00258037 -0.00490463 -0.00259344 0.000201491
internal_weight=99001.4 2286.11 96715.3 29955.5 1130.72 28824.8 24555.4 4328.09 3270.79 1896.4 579.48 1316.92 640.03 66759.8 2556.66 2251.49 64203.1 9290.47 4203.77 5086.7 4768.02 3098.24 54912.7 11627.5 7494.6 43285.1 7713.79 3460.39 2274.22 1425.21
internal_count=399380 9221 390159 120955 4573 116382 99034 17592 13321 7649 2335 5314 2577 269204 10309 9081 258895 37441 16918 20523 19243 12497 221454 46769 30117 174685 31281 14089 9271 5752
is_linear=0
shrinkage=0.05


Tree=80
num_leaves=31
num_cat=0
split_feature=21 56 88 43 58 55 43 40 79 86 71 97 81 22 21 58 65 29 10 95 45 87 51 86 79 45 83 86 88 99
split_gain=10.5134 18.9001 17.5515 16.5828 12.7931 12.0641 11.6231 11.2033 11.8845 12.4427 10.7426 16.2407 12.2634 12.0609 10.6609 11.0953 10.8625 11.2716 10.8721 10.4534 10.4076 10.6852 13.6579 10.2311 14.0768 11.0979 10.156 11.4168 10.7607 11.4036
threshold=1650.5000000000002 2.792066619851417 0.0020985000000000036 2199.3744735213318 669.50000000000011 1454.4413760614268 2090.1427205417549 0.12727515470472453 34.550000000000004 -0.096331499999999945 1.0000000180025095e-35 0.65712716263431992 9.058412218808181 0.43750700000000003 4428.5000000000009 2867.5000000000005 1.0000000180025095e-35 0.58307050000000016 4.5000000000000009 0.030306000000000003 31.370200977308006 -0.033794999999999957 2076.7318674099911 0.089802000000000007 41.650000000000013 10.517374081855406 0.571328539453268 -0.10633649999999999 -0.021467499999999941 0.011247500000000009
decision_type=2 8 8 8 8 8 10 10 2 10 2 2 2 10 2 10 2 10 2 10 10 8 10 10 2 10 2 10 10 10
left_child=1 6 3 7 -2 -5 -1 8 9 -3 12 -12 -8 -13 -6 -16 23 18 20 -11 21 22 -18 -17 25 -25 27 -24 29 -29
right_child=4 2 -4 5 14 -7 10 -9 -10 19 11 13 -14 -15 15 16 17 -19 -20 -21 -22 -23 26 24 -26 -27 -28 28 -30 -31
leaf_value=0.0038861675450244911 0.0078636129639707061 -0.00059850850375027303 -0.0016576758107740197 0.01135875868311936 0.00082096651751521971 0.001855766869482805 -0.0031191532540535351 0.0058734565081266892 0.00011446272887174336 -0.013019650062637873 0.0041639858857521654 0.0022721983048762805 0.0061349168851790392 -0.008483031753094783 -0.004929070905070998 0.00071407150921277897 0.011347485214583921 0.0030357333831661499 -0.0093961637938603099 -0.0020896252829694481 -0.0076646492610793239 -0.0032715428982576242 -0.0037609922813098186 -0.015538138696106285 -0.00010792603474150866 -0.0037352914712546325 -0.0084902578380912207 0.0092668890945097442 -0.0055764973132614321 -0.00054927078732988307
leaf_weight=505.04075798392296 540.92857843637466 726.22275799512863 11359.527243673801 337.89198717474937 34988.511045798659 8695.1950744986534 2186.1610630750656 438.72387878596783 2004.0444183945656 628.43704232573509 341.49895569682121 288.3703526109457 418.16165673732758 2381.5036718994379 1307.0396184027195 20255.696546435356 273.40668044984341 1048.9109849482775 518.91729484498501 339.45026302337646 702.46921020746231 3178.8522544205189 819.78611542284489 285.43272623419762 2064.391865298152 640.45390312373638 314.47994168102741 756.50664432346821 258.63047522306442 480.12590028345585
leaf_count=2033 2175 2937 45787 1358 141010 35084 8794 1763 8089 2538 1394 1192 1684 9721 5331 81654 1100 4285 2091 1367 2824 12812 3307 1148 8365 2594 1267 3045 1042 1936
internal_value=-6.96017e-05 -0.000839036 -0.000218323 0.00102348 0.000275082 0.0022234 -0.00332219 -0.00159566 -0.00249519 -0.00556483 -0.00397623 -0.00600575 -0.0016155 -0.00731723 0.000213473 -0.000432537 -0.00024504 -0.00179051 -0.00248688 -0.00924692 -0.00194535 -0.00127325 0.000918702 0.000310766 -0.00241444 -0.00750103 -0.000204519 0.000952704 0.00354483 0.0054819
internal_weight=99084.8 30650.2 24529.5 13170 68434.5 9033.09 6120.74 4136.88 3698.15 1694.11 5615.7 3011.37 2604.32 2669.87 67893.6 32905.1 31598.1 8352.09 7303.17 967.887 6784.26 6081.79 2902.94 23246 2990.28 925.887 2629.53 2315.05 1495.26 1236.63
internal_count=399727 123741 98923 53136 275986 36442 24818 16694 14931 6842 22785 12307 10478 10913 273811 132801 127470 33709 29424 3905 27333 24509 11697 93761 12107 3742 10597 9330 6023 4981
is_linear=0
shrinkage=0.05


Tree=81
num_leaves=31
num_cat=0
split_feature=72 88 86 36 86 16 87 79 40 20 84 96 43 48 83 28 25 33 40 21 57 57 7 51 88 87 16 16 25 39
split_gain=9.94993 13.9556 17.654 16.0135 15.6337 14.3449 14.2311 12.4238 12.1796 11.528 12.1424 14.7736 10.5676 9.53473 12.7924 9.20873 9.70852 9.6319 8.74687 9.61536 16.2314 10.8312 8.71388 15.1232 10.4948 13.2168 9.75198 9.69243 15.0636 17.885
threshold=3.5000000000000004 -0.11783599999999995 -0.11672099999999998 0.70330250000000005 -0.026445500000000007 1.2350000000000001 -0.15213249999999995 48.850000000000001 0.04565728421135249 16.500000000000004 0.47566927961977817 0.40158250000000006 2285.0308584034378 0.27575621653434773 0.4473268114099998 0.54351600000000011 0.36301450000000007 2518.5000000000005 0.066760611184537119 1443.5000000000002 14.214164864397107 11.804460554461395 1.0000000180025095e-35 2303.2667894925221 0.07971099999999999 0.013727000000000019 1.2250000000000003 0.16500000000000004 0.41704800000000003 0.034193333134632672
decision_type=2 8 8 10 8 2 10 2 8 2 2 8 8 8 2 10 10 2 10 2 10 8 2 10 10 8 2 2 8 10
left_child=1 6 5 4 7 8 -1 18 -3 -6 -11 -12 -9 14 -2 17 -17 -13 19 -4 21 -21 23 24 25 -16 -25 28 29 -24
right_child=13 2 3 -5 9 -7 -8 12 -10 10 11 15 -14 -15 22 16 -18 -19 -20 20 -22 -23 27 26 -26 -27 -28 -29 -30 -31
leaf_value=-0.0018047839225624107 -0.0043356716157543799 0.00017022352619571555 -0.0017765379637678801 0.0073752696337526166 -0.00078568618837415694 0.0012188191146525226 0.012210016042941772 -0.0048566520102389611 -0.010978152539007809 -0.015659445557450666 0.0028536564635921074 -0.0026750335757281338 0.0036809185824621931 2.5313380730487586e-05 0.0026271878345554408 -0.0076321707512547647 0.0042225340882760349 -0.012270642445450843 -0.0025881989975135421 0.007362341991454956 -0.0022316189319155342 0.0197014366515132 -0.0038515669599592755 0.010084947066716888 0.010313123602143297 -0.0041712465237786871 0.00085620395731123488 0.00010348063441241841 -0.004208433208180015 0.0089248959890350713
leaf_weight=343.40544945001602 932.01959398388863 312.84914331138134 285.45807985961437 557.43773528933525 3164.6971123069525 505.68122477829456 368.07699082791805 975.27679559588432 1114.4864848256111 244.89653415977955 570.95134094357491 406.36261171102524 564.38461735844612 69198.490962997079 2948.9940726310015 329.13077889382839 342.69442349672318 759.71011339128017 342.07520031929016 497.26293607056141 260.80896420776844 286.93235543370247 343.47104954719543 1063.7914269864559 317.37518787384033 933.02123662829399 392.98824732005596 8795.9139263927937 439.01380500197411 1254.0509153753519
leaf_count=1408 3858 1270 1157 2255 12803 2057 1501 3943 4538 1015 2315 1642 2286 278978 11842 1325 1384 3071 1395 2010 1049 1160 1382 4287 1316 3754 1585 35411 1764 5039
internal_value=0.000100037 -0.00123423 -0.00165541 -0.000773842 -0.00128447 -0.00600165 0.00551435 0.00151241 -0.00855042 -0.00282849 -0.00525251 -0.00413413 -0.00172353 0.000288587 0.00133375 -0.00630861 -0.00161191 -0.00897786 0.0044838 0.00630783 0.00851209 0.0120684 0.00165665 0.0032457 0.00171439 0.000986702 0.00761817 0.000824694 0.00392393 0.00617105
internal_weight=98851.7 12232.6 11521.1 9588.08 9030.64 1933.02 711.482 3212.2 1427.34 5818.44 2653.75 2408.85 1539.66 86619.1 17420.6 1837.9 671.825 1166.07 1672.54 1330.46 1045 784.195 16488.6 5656.17 4199.39 3882.02 1456.78 10832.4 2036.54 1597.52
internal_count=398800 49584 46675 38810 36555 7865 2909 13000 5808 23555 10752 9737 6229 349216 70238 7422 2709 4713 6771 5376 4219 3170 66380 22784 16912 15596 5872 43596 8185 6421
is_linear=0
shrinkage=0.05


Tree=82
num_leaves=31
num_cat=0
split_feature=5 65 93 72 27 2 53 45 34 17 83 42 91 58 93 36 27 32 32 84 45 26 92 53 37 22 36 88 79 36
split_gain=12.7077 19.989 16.449 13.2003 12.0558 17.329 12.4294 12.0147 11.7174 11.5985 14.557 11.5045 12.1679 17.2527 15.9237 13.6274 13.3209 13.1719 14.1675 14.7858 12.226 13.3921 12.6259 11.8912 11.7868 12.0388 12.4856 13.4757 11.2433 11.1335
threshold=1.5000000000000002 -1.0000000180025095e-35 0.095054500000000014 3.5000000000000004 0.60847150000000017 3.5000000000000004 2470.9104678927974 -16.734709507005739 0.48453750000000007 1.5000000000000002 0.44131731829671011 139.67932229017006 -0.060937749999999992 3675.0000000000005 -0.045582600000000008 0.60449600000000003 0.54749350000000008 0.16863300000000001 0.15301350000000002 0.48655018850231541 14.638404224972442 0.41624250000000007 -0.016647499999999992 2254.7933126112757 0.17376150000000004 0.60256700000000019 0.57032600000000011 -0.021001000000000016 41.650000000000013 0.6132645000000001
decision_type=2 2 10 2 10 2 10 8 8 2 2 10 10 10 10 10 10 10 10 2 10 10 10 8 10 10 10 10 2 10
left_child=1 2 7 -3 5 -2 8 -1 -6 10 -5 12 13 -11 16 17 -14 18 24 -20 21 -19 -23 -24 -16 26 -26 -28 -15 -10
right_child=4 3 -4 9 6 -7 -8 -9 29 11 -12 -13 14 28 15 -17 -18 20 19 -21 -22 22 23 -25 25 -27 27 -29 -30 -31
leaf_value=-0.0045764307605460812 0.0022267404358995132 -0.0030220273056466222 0.0092335285334115454 -0.008356667452253972 -0.0048287280820531126 -0.00045277748815201481 -0.0018769300633265503 0.001117101319648033 0.0034758914238153709 0.0026237408714358881 0.0017635276142672169 0.00087563343456485958 -0.0034560628928467746 -0.0091240985350521664 -0.0073219597178753983 -0.0044147710236692459 -0.016224787415563709 -0.0069199647047568872 -0.0077714301769798658 0.0049708234851234337 -0.0041760465492239321 -0.010017503409883048 -0.0038558125336471067 0.0029483492796673633 -0.00062690536189798345 -0.0074193434505473834 -0.0040616573520890235 0.0093423572812676454 -0.00033624813218013742 0.0096461192774506561
leaf_weight=968.65350912511349 9238.3401928693056 6015.9013585597277 589.37293255329132 364.10226403176785 327.02443069219589 17353.216885447502 1038.1949521899223 17481.592115387321 3231.7074984312057 3716.3684184253216 7134.1363314688206 7147.7536722421646 524.28193517029285 574.85358899831772 630.33306637406349 3608.2133602052927 332.42687255144119 682.22456096112728 245.5325964987278 2147.6402047127485 4569.5420274883509 249.89072521030903 823.71574418246746 2792.1129959672689 3835.8183860778809 502.74023625254631 249.57554697990417 689.85468707978725 965.85986189544201 944.45468446612358
leaf_count=3900 37252 24426 2372 1513 1319 69978 4191 70463 13089 14976 28716 28925 2115 2320 2539 14567 1345 2761 994 8642 18375 1003 3306 11250 15444 2032 1005 2791 3898 3812
internal_value=0.000104282 -0.000288536 0.00108115 -0.000834186 0.000921254 0.000478618 0.00304065 0.000815869 0.00417603 -0.000518564 0.00126163 -0.00090811 -0.00137802 0.000780818 -0.00189675 -0.00162212 -0.00854072 -0.00104144 0.000399414 0.00363661 -0.00235235 -0.000514853 0.000630464 0.00139195 -0.000915744 -0.000138271 0.000642186 0.00577608 -0.00365277 0.00489102
internal_weight=98975.4 66842.5 19039.6 47802.9 32132.9 26591.6 5541.38 18450.2 4503.19 41787 7498.24 34288.7 27141 5257.08 21883.9 21027.2 856.709 17419 8301.49 2393.17 9117.49 4547.94 3865.72 3615.83 5908.32 5277.99 4775.25 939.43 1540.71 4176.16
internal_count=399319 269678 76735 192943 129641 107230 22411 74363 18220 168517 30229 138288 109363 21194 88169 84709 3460 70142 33447 9636 36695 18320 15559 14556 23811 21272 19240 3796 6218 16901
is_linear=0
shrinkage=0.05


Tree=83
num_leaves=31
num_cat=0
split_feature=33 20 20 61 55 0 0 39 24 35 33 33 0 48 74 40 28 5 27 10 28 63 35 35 35 41 33 47 40 27
split_gain=9.68773 10.5972 16.5556 21.3235 18.196 15.5472 15.1951 13.8062 13.6493 13.2006 12.8095 12.1545 13.4179 11.7094 14.7771 12.6944 15.9879 13.2476 12.5715 12.4257 12.3652 12.2516 11.622 11.2514 17.6399 11.2255 11.0958 11.0738 11.3137 11.0407
threshold=112.50000000000001 13.500000000000002 12.500000000000002 1.0000000180025095e-35 1914.3936723107452 8.5000000000000018 4.5000000000000009 0.057687908089978701 0.15610750000000004 0.15860750000000004 3187.5000000000005 5390.5000000000009 3.5000000000000004 0.53335898974714713 1.0000000180025095e-35 0.044571490529101095 0.47842400000000002 1.0000000180025095e-35 0.60847150000000017 -4.4999999999999991 0.58978750000000013 2.5000000000000004 0.15190350000000005 0.13375150000000005 0.12664050000000002 0.080265822137992063 11065.500000000002 1.6930871733399668 0.060523199146269399 0.53073800000000004
decision_type=2 2 2 2 10 2 2 10 10 10 2 2 2 10 2 8 10 2 10 2 10 2 10 10 10 10 2 10 10 8
left_child=-1 2 4 6 5 9 23 -5 -7 25 -6 -3 22 15 -15 16 -14 -17 20 -16 -19 -20 -13 24 -4 -2 -25 -21 -29 -8
right_child=1 11 3 7 10 8 29 -9 -10 -11 -12 12 13 14 19 17 -18 18 21 27 -22 -23 -24 26 -26 -27 -28 28 -30 -31
leaf_value=-0.0028165281671197694 -0.00032941916722875348 0.00044478358695674382 -0.0021189882259340337 -0.0013601285016874042 -0.01207354966621603 -0.00037236099434819663 0.0034467561453670596 0.0065247584192672653 -0.01073299693713952 0.0072902343231903951 -0.0021716827352529704 0.0014846579221747525 0.00030782533275163437 0.0010780558239693327 0.0026148908543516675 -0.0017707216829828899 -0.0068729786847051434 0.00067166926982090483 0.0021407894407810212 -0.0019221690441783932 -0.0057904293355576794 0.010603551439142983 0.013763246110356312 -0.0065113530399076363 0.015089904643004118 0.0061569233531513883 0.0033177132934437271 -0.0043042905825579096 -0.010538603075089449 0.0078327132518507658
leaf_weight=2796.3762131333351 4964.451755553484 40439.580654144287 345.21989145874977 4496.1390184015036 502.01062348484993 790.53110904991627 4993.3484793752432 623.20898419618607 522.54545471072197 819.89590781927109 917.88274589180946 678.80059923231602 1478.8924283385277 1940.7686366438866 637.62528336048126 7076.9867439717054 1617.0437227785587 10340.965862110257 1699.3688795864582 2108.7384651601315 787.31256993114948 564.92959889769554 260.76153740286827 809.76220880448818 249.09620676934719 760.41938151419163 434.22242210805416 2006.8527788668871 1156.2024968862534 2024.6169102191925
leaf_count=11295 20015 163145 1392 18139 2027 3190 20118 2507 2103 3308 3701 2744 5986 7813 2568 28588 6509 41707 6895 8482 3200 2291 1055 3265 1004 3070 1749 8095 4650 8206
internal_value=7.91927e-05 0.000163784 0.00109278 0.00217921 -0.000544361 0.000399217 0.00366276 -0.000389405 -0.00454539 0.00139667 -0.00573249 -0.00013308 -0.000855245 -0.00103194 -0.00270316 -0.000474309 -0.00345285 -2.23512e-05 0.000902165 -0.00394471 0.000209695 0.00428954 0.00500145 -0.000382475 0.00522414 0.000541378 -0.00308134 -0.00474154 -0.00660917 0.00472141
internal_weight=98844.6 96048.2 23253.4 13975.6 9277.74 7857.84 8856.27 5119.35 1313.08 6544.77 1419.89 72794.8 32355.2 31415.7 7850.19 23565.5 3095.94 20469.6 13392.6 5909.42 11128.3 2264.3 939.562 1838.3 594.316 5724.87 1243.98 5271.79 3163.06 7017.97
internal_count=398817 387522 93794 56380 37414 31686 35734 20646 5293 26393 5728 293728 130583 126784 31608 95176 12495 82681 54093 23795 44907 9186 3799 7410 2396 23085 5014 21227 12745 28324
is_linear=0
shrinkage=0.05


Tree=84
num_leaves=31
num_cat=0
split_feature=14 72 16 53 26 35 15 81 38 90 89 23 52 58 45 15 81 52 53 24 44 27 24 92 55 27 44 48 92 42
split_gain=13.3983 13.2664 11.7056 11.63 11.4382 11.2361 11.5691 13.5428 13.9707 11.287 14.049 17.2921 14.9331 13.3125 14.0263 11.8128 10.9592 10.25 9.89719 9.89614 13.7666 13.5873 13.4387 11.5191 16.2826 10.7531 10.1813 9.79764 11.1506 13.7148
threshold=1.0000000180025095e-35 3.5000000000000004 0.065000000000000016 2349.2073572905351 0.40087350000000005 0.13601650000000001 21.550000000000004 8.8070977894210909 0.30296700000000004 -0.0099259000000000413 0.56113900000000005 0.21818250000000003 124.69034297522566 2562.5000000000005 16.679267987722824 54.850000000000001 8.2734641983520607 121.07889977580164 2830.8991471815598 0.15724850000000004 24.757465181154945 0.48164950000000006 0.11930650000000001 -1.0000000180025095e-35 1784.1467589517813 0.56172100000000014 33.600199161465021 0.21415402992935093 0.043464499999999996 134.34983482345589
decision_type=2 2 2 10 10 10 2 2 10 8 8 10 8 10 10 2 2 8 10 10 10 10 8 8 8 10 8 10 10 10
left_child=1 2 16 5 17 -3 7 -7 -9 27 11 -11 -13 14 -14 -15 -1 -2 -5 22 25 -22 -4 26 -25 -21 -24 -8 29 -29
right_child=4 3 19 18 -6 6 9 8 -10 10 -12 12 13 15 -16 -17 -18 -19 -20 20 21 -23 23 24 -26 -27 -28 28 -30 -31
leaf_value=-0.0018801099300705532 0.0052295235914299899 0.0014167854437242479 -0.0078735991785468737 0.0010241056506820902 0.00083029847772351324 -0.0014228280671105644 0.0029824747627232077 -0.0048139736617287387 -0.016609435535721927 -0.0088502861206700336 0.00026302402042020637 -0.01098727495870342 -0.0016298911900032853 0.0089638370410796385 -0.012910484996271638 -0.001613384911268483 -0.016245421628353171 -0.0030168948063710559 -0.0073042809162235144 0.0019901423293159342 -0.0032197672112249972 -0.012860608181493744 0.0012141583125873973 0.0014447716962607974 -0.010041455215854318 -0.009376533468535642 0.010255564252648314 -0.002800861492283529 -0.003138179918908269 0.0032220459540740357
leaf_weight=247.78528735041618 416.717958137393 4606.7816193401814 474.11157365143299 15562.444332867861 43731.235536262393 3392.3511694520712 2838.1005012094975 1638.8987535536289 290.54430691897869 1198.3646914511919 4250.0061584115028 413.19526743888855 2525.75196801126 521.46568587422371 299.96993142366409 519.30865915119648 283.5192092359066 3258.8764005750418 355.19007238745689 998.56018334627151 843.78901121020317 647.39570739865303 871.47629818320274 1053.5223287940025 425.17126356065273 252.1666714400053 477.23242880403996 1457.6019677072763 2516.2204092144966 2647.8070838451385
leaf_count=1009 1681 18568 1920 62714 176399 13671 11429 6606 1169 4808 17282 1661 10165 2096 1206 2088 1154 13216 1438 4029 3446 2621 3530 4266 1732 1019 1932 5860 10136 10664
internal_value=-1.77197e-06 -0.000559166 -0.00265544 -0.000252599 0.000605016 -0.000846602 -0.00127243 -0.00333295 -0.00666667 -0.000699499 -0.00189448 -0.00356574 -0.00206883 -0.00108987 -0.00286871 0.00372106 -0.00970435 -0.00207031 0.000833795 -0.00202073 -0.00423507 -0.00746311 -0.000174485 0.00113974 -0.00190315 -0.000357759 0.00446534 0.000530076 -0.00052396 0.00108204
internal_weight=99015.6 51608.7 6574.73 45034 47406.8 29116.4 24509.6 5321.79 1929.44 19187.8 9728.06 5478.06 4279.69 3866.5 2825.72 1040.77 531.304 3675.59 15917.6 6043.43 2741.91 1491.18 3301.51 2827.4 1478.69 1250.73 1348.71 9459.73 6621.63 4105.41
internal_count=399515 208219 26658 181561 191296 117409 98841 21446 7775 77395 39306 22024 17216 15555 11371 4184 2163 14897 64152 24495 11115 6067 13380 11460 5998 5048 5462 38089 26660 16524
is_linear=0
shrinkage=0.05


Tree=85
num_leaves=31
num_cat=0
split_feature=21 87 96 16 99 96 12 55 34 63 42 57 26 34 50 1 95 2 92 86 38 49 86 57 24 41 99 41 1 5
split_gain=9.7629 10.2462 11.2684 12.6868 15.2332 12.2206 10.6669 10.025 9.65042 9.32185 11.9145 12.7544 11.1208 11.0666 14.7518 12.3571 12.5499 12.4684 11.3617 10.7661 11.8874 12.9321 10.9648 13.5145 12.448 11.3985 12.5436 10.8482 10.4952 10.3872
threshold=343.50000000000006 -0.012115500000000055 0.27440035000000002 0.92500000000000016 0.051107500000000021 0.48132100000000005 1.0000000180025095e-35 1797.9757994436682 0.54445850000000007 1.0000000180025095e-35 136.83968109131473 5.4684023180088941 0.40872250000000004 0.52484550000000019 142.66926394900503 1.5000000000000002 0.12512450000000003 4.5000000000000009 -0.024890499999999992 -0.0014105000000000365 0.074834550000000014 126.38947222621486 -0.12601549999999997 6.3255606105680746 0.17025050000000005 0.077596286098170417 -0.00025450000000000467 0.067050779816291303 2.5000000000000004 1.5000000000000002
decision_type=2 10 8 2 8 10 2 10 10 2 10 10 10 10 8 2 10 2 10 10 10 10 10 8 10 10 8 10 2 2
left_child=1 2 -1 4 5 8 -5 -3 -4 13 -11 -12 29 19 15 17 -17 -15 -16 22 -21 -22 24 -24 25 26 -2 -23 -29 -13
right_child=9 7 3 6 -6 -7 -8 -9 -10 10 11 12 -14 14 18 16 -18 -19 -20 20 21 27 23 -25 -26 -27 -28 28 -30 -31
leaf_value=0.0050712786581860354 -0.0044424972839213882 -0.0040915296961340697 -0.0060523848456112478 0.007449521400103497 0.0046182878307546504 -0.014360280108100294 -0.0033690501312305756 0.0028348709530205312 0.0043360303988821819 0.0014839979868009846 -0.0092809569342660776 -0.0077349167182499809 0.00032519132468627001 0.0096506956100260582 -0.0013024101777183569 -0.0027955136954666243 0.0062112325590897507 -0.00099310438411472058 0.0027067893161733061 -0.0051983883172561371 -0.002585636543709574 -0.0027623122616918091 0.010744047613441741 0.00047559001640043376 -0.0080072390164474434 0.0050265359887565709 0.0017925522452765831 0.0069436102110512522 0.000501197413083326 0.00076277192354195643
leaf_weight=926.93083889782429 2161.8986669629812 4012.8497597724199 892.94233566522598 603.68212808668613 434.76951158046722 325.50488756597042 354.94502274692059 593.17885963618755 289.10728614032269 22819.761658161879 367.8690682798624 850.00213873386383 18472.500874444842 477.70429816842079 2236.3143180012703 5110.1882691383362 409.01179502904415 627.46530412137508 8321.2750282883644 2318.8392271399498 6913.8342604190111 1326.2366328835487 319.4975108653307 11703.420348778367 734.96640433371067 653.80122405290604 1276.1833478063345 952.81805598735809 1845.8636280149221 615.21402551233768
leaf_count=3750 8712 16215 3610 2435 1758 1313 1434 2395 1170 91964 1496 3446 74589 1924 9031 20585 1646 2525 33578 9377 27870 5368 1288 47192 2976 2647 5146 3855 7467 2491
internal_value=1.68012e-05 -0.00160921 0.000302685 -0.00123319 -0.00355058 -0.00592134 0.00345037 -0.00319532 -0.00349651 0.000168469 0.000700297 -0.000180737 -8.26161e-06 -0.000315551 0.000697304 -0.00115118 -0.00211802 0.00365291 0.00185713 -0.000891704 -0.0019513 -0.00126512 -5.10496e-05 0.000757167 -0.00206159 -0.000976742 -0.00212962 0.000949108 0.00271145 -0.00418593
internal_weight=98948.6 8433.91 3827.88 2900.95 1942.32 1507.55 958.627 4606.03 1182.05 90514.7 43125.3 20305.6 19937.7 47389.3 17182 6624.37 5519.2 1105.17 10557.6 30207.4 13357.6 11038.8 16849.8 12022.9 4826.85 4091.88 3438.08 4124.92 2798.68 1465.22
internal_count=399253 34080 15470 11720 7851 6093 3869 18610 4780 365173 173986 82022 80526 191187 69289 26680 22231 4449 42609 121898 53937 44560 67961 48480 19481 16505 13858 16690 11322 5937
is_linear=0
shrinkage=0.05


Tree=86
num_leaves=31
num_cat=0
split_feature=23 64 41 8 45 72 91 91 33 34 32 31 45 92 2 95 29 22 21 99 55 44 28 11 29 6 36 23 93 65
split_gain=8.65943 9.23787 10.9134 17.6177 8.87227 8.32136 10.9625 7.85535 7.84581 7.76398 10.2301 9.19921 8.23395 8.01956 7.90376 7.72954 7.73324 11.9871 7.6469 9.77428 11.0036 9.29778 8.14843 7.6294 8.51578 7.40741 7.28395 16.007 11.6816 10.6274
threshold=0.12276650000000001 9.5000000000000018 0.062837972669395545 8.5000000000000018 20.317179667527665 3.5000000000000004 -0.0070189999999999966 0.030172199999999993 5981.5000000000009 0.53049750000000018 0.16596600000000003 0.15917500000000004 7.1660688306388529 -0.014062000000000003 5.5000000000000009 0.11610000000000002 0.41534900000000002 0.50752450000000005 135.50000000000003 0.038431000000000021 1797.9757994436682 43.233883198591251 0.42880150000000006 1.0000000180025095e-35 0.55355300000000007 14.500000000000002 0.69678200000000012 0.28713400000000006 0.0022055000000000065 -1.0000000180025095e-35
decision_type=8 2 8 2 8 2 8 8 2 10 10 10 8 10 2 10 10 10 2 8 10 8 10 2 10 2 10 10 10 2
left_child=4 18 3 8 -1 6 -4 -6 -3 10 11 23 -11 -14 -15 16 -12 -18 19 20 21 -2 -21 24 -7 26 -20 29 -29 -28
right_child=1 2 5 -5 7 9 -8 -9 -10 12 15 -13 13 14 -16 -17 17 -19 25 22 -22 -23 -24 -25 -26 -27 27 28 -30 -31
leaf_value=0.00041826985723795638 -0.014026175061819643 -0.0051158353480225934 -0.014692950768967315 0.011672490123507729 0.014632267531246097 0.00070366863444177316 -0.0023297039607982559 0.0024415721106774819 0.004430008170960004 0.0016569999089846611 0.0021619249813274177 0.0084465477145403735 -0.014255101451454859 0.00088659565736680076 -0.010284048024614524 0.0014100609336286617 -0.013204919862977503 -0.0025462600748761182 2.005869174324578e-05 0.0052429725819522878 0.005219189681568372 -0.0041312971752273308 -0.0051195354529811766 0.0051303133934869211 -0.0088135335717425111 -0.0072998714270119322 -0.0038122500036998487 0.0038990925969521503 0.016556269299534725 0.002498842841807365
leaf_weight=726.14029711484909 273.81393572688103 543.72360301017761 312.28472606837749 351.06128731369972 273.51096865534782 694.38137844204903 414.49815937876701 256.46764174103737 342.72831499576569 301.01832151412964 253.66495898365974 385.33142378926277 310.14983439445496 332.37130109965801 289.93586680293083 550.81722722947598 483.56774151325226 579.55338516831398 83517.043617025018 591.32804721593857 257.39881506562233 1573.2308074086905 267.91848164796829 465.53190815448761 344.29808305203915 327.71910583972931 942.94719471037388 514.47846342623234 280.03516387939453 2214.3907429873943
leaf_count=2922 1112 2196 1283 1419 1107 2803 1703 1031 1383 1216 1036 1555 1253 1342 1170 2218 1960 2330 336862 2398 1041 6357 1080 1881 1390 1325 3804 2096 1136 8950
internal_value=-7.49839e-05 -0.000128206 -0.00188307 0.00236015 0.00403352 -0.00280401 -0.00776927 0.0088874 -0.00141689 -0.00206683 -0.000930684 0.00165927 -0.0054922 -0.00779322 -0.00439819 -0.00354594 -0.00561406 -0.0074723 6.46109e-06 -0.00248717 -0.00431604 -0.00566579 0.00199015 -0.000123721 -0.00250502 9.09107e-05 0.000119433 0.00221422 0.0085106 0.000607933
internal_weight=98971.3 97715.2 6954.92 1237.51 1256.12 5717.4 726.783 529.979 886.452 4990.62 3757.15 1889.54 1233.48 932.457 622.307 1867.6 1316.79 1063.12 90760.3 2963.69 2104.44 1847.04 859.247 1504.21 1038.68 87796.6 87468.9 3951.85 794.514 3157.34
internal_count=399359 394299 28138 4998 5060 23140 2986 2138 3579 20154 15173 7629 4981 3765 2512 7544 5326 4290 366161 11988 8510 7469 3478 6074 4193 354173 352848 15986 3232 12754
is_linear=0
shrinkage=0.05


Tree=87
num_leaves=31
num_cat=0
split_feature=20 91 92 31 40 24 40 20 61 0 1 89 27 78 37 86 99 39 91 34 99 7 25 79 0 50 99 15 25 33
split_gain=10.231 14.231 15.3025 18.5098 14.2931 14.1492 15.1733 12.2567 13.8204 16.1206 12.1457 19.988 14.0838 11.9419 11.654 11.4179 11.2425 11.6465 11.4585 11.4493 11.2498 11.1812 10.9208 10.7301 14.7323 11.7311 10.7165 12.6952 10.5793 12.8046
threshold=13.500000000000002 0.055599849999999999 0.014778000000000001 0.16693500000000003 0.043965286178583619 0.15167350000000004 0.048261578116435576 12.500000000000002 1.0000000180025095e-35 4.5000000000000009 4.5000000000000009 0.43432085000000004 0.63451200000000008 0.02468071476886206 0.38764200000000004 0.078316000000000011 0.0042845000000000114 0.037749876355645341 -0.0052670000000000069 0.51347250000000011 -0.0105475 4.5000000000000009 0.47158150000000004 92.750000000000014 7.5000000000000009 142.33181319208623 0.060586500000000008 80.350000000000009 0.32159800000000011 6470.5000000000009
decision_type=2 10 10 10 10 10 8 2 2 2 2 10 10 2 10 10 10 10 10 10 10 2 8 2 2 8 10 2 10 2
left_child=7 22 3 5 -4 14 -7 10 9 -9 12 -12 15 -11 -3 28 18 26 19 20 -15 -19 -2 24 25 -13 27 -18 -1 -30
right_child=1 2 4 -5 -6 6 -8 8 -10 13 11 23 -14 16 -16 -17 17 21 -20 -21 -22 -23 -24 -25 -26 -27 -28 -29 29 -31
leaf_value=-0.010681485572613994 0.0002534802447292721 -0.0057530926842954064 0.002498113057209931 -0.0093191038605755765 -0.0013349992133704562 -0.0081856143832500488 0.0049546537368402102 -0.0010360629738979696 -9.0737019871662579e-05 0.012223562657075721 -0.0053861429920106741 0.0024810629493007036 0.0053157039078813827 0.0070453307594904539 0.0039239938247572102 -0.010298956506961769 0.0039917640105963373 0.0012459121859398844 0.011177769843571548 0.011114016006826615 -0.0065433626922267972 -0.0083617106888785649 -0.0078158172425706798 -0.0039780828233798695 -1.11853221335576e-05 0.011941938711947736 -0.0018276317284114719 0.013260154917175674 -0.0034516744533019529 0.0016665793862264047
leaf_weight=308.55915106832981 54193.554850801826 2069.3188675194979 3011.1132147312164 1149.4200844913721 12467.926547244191 269.94908978044987 1016.4335350841284 1865.4390545785427 5515.7832229733467 425.48619213700294 701.11637982726097 528.31912222504616 633.7718220949173 252.16834588348866 358.59879675507545 422.9606851786375 2041.7254824489355 1434.1193961054087 857.74969457089901 286.42622669041157 353.70687837898731 373.28479011356831 412.57278990745544 348.92322996258736 810.7391153126955 880.85313738882542 577.99159893393517 446.22381706535816 2864.7019005566835 2117.3562444299459
leaf_count=1247 218777 8352 12135 4633 50249 1088 4093 7520 22245 1716 2846 2123 2557 1019 1441 1708 8261 5775 3464 1159 1432 1506 1681 1407 3266 3547 2325 1799 11554 8538
internal_value=5.84651e-05 -0.000229472 -0.00135794 -0.00380137 -0.000588219 -0.00207343 0.00215528 0.000955606 0.00187666 0.00309274 -0.000426892 0.00204483 -0.00170146 0.00418532 -0.00431357 -0.00248775 0.0036513 0.00240804 0.00708002 0.00306071 -0.000865116 -0.00077345 0.000191093 0.004086 0.00536566 0.0084374 0.00427998 0.00570052 -0.00184503 -0.00127745
internal_weight=98996.3 74948.9 20342.8 4863.72 15479 3714.3 1286.38 24047.4 14430.1 8914.32 9617.3 3269.95 6347.35 7048.88 2427.92 5713.58 6623.4 4873.35 1750.05 892.301 605.875 1807.4 54606.1 2568.83 2219.91 1409.17 3065.94 2487.95 5290.62 4982.06
internal_count=399463 302449 81991 19607 62384 14974 5181 97014 58221 35976 38793 13189 25604 28456 9793 23047 26740 19666 7074 3610 2451 7281 220458 10343 8936 5670 12385 10060 21339 20092
is_linear=0
shrinkage=0.05


Tree=88
num_leaves=31
num_cat=0
split_feature=20 1 85 54 54 31 38 78 15 83 20 83 86 21 90 2 39 78 31 27 38 44 78 42 47 45 86 4 91 47
split_gain=9.18911 11.1453 11.9775 11.5566 18.3201 12.8834 9.98361 10.8121 12.7069 11.9452 9.6267 14.1305 14.0283 11.5223 9.98614 11.0765 10.4869 10.2638 9.53887 9.3894 13.6922 9.80547 9.32531 11.202 9.20888 9.14321 8.95404 8.81467 8.80187 8.50688
threshold=13.500000000000002 4.5000000000000009 0.51208941389597074 135.94617317539564 133.3732249103783 0.25036000000000008 0.27357050000000005 0.20293251406474569 14.050000000000002 0.50269832854733953 12.500000000000002 0.54166671296296298 0.13406200000000004 442.50000000000006 -0.094580599999999945 8.5000000000000018 0.036503553809810484 0.66010398799601555 0.16604500000000003 0.22474750000000002 0.10726650000000001 42.716779088294658 0.94584764892032736 137.46106716387752 1.7376161548623825 14.823718097509634 -0.032685500000000027 1.0000000180025095e-35 -0.018821999999999974 1.8234860212935491
decision_type=2 2 2 10 10 8 10 2 2 2 2 2 10 2 10 2 8 2 10 8 10 10 2 8 10 8 8 2 10 8
left_child=1 10 25 4 5 6 7 9 -9 -4 11 12 14 -12 -1 16 27 -18 -19 20 -2 -21 23 -10 -22 -3 -6 -16 -25 -13
right_child=19 2 3 -5 26 -7 -8 8 22 -11 13 29 -14 -15 15 -17 17 18 -20 21 24 -23 -24 28 -26 -27 -28 -29 -30 -31
leaf_value=0.0031694199881968353 0.00045558295243945229 0.0027319803273888952 -0.010864350907545815 0.012138063674694078 -0.010973147870188547 0.013076030956810827 0.010086628723726039 0.014475594876246334 0.007708278542909815 0.0021862379417770649 -0.0021341073844297299 -0.0001466276159194053 0.0069791512282309136 0.0021017952285824677 0.0080618968959357534 -0.01371621728217076 -0.007342463615844408 -0.006015207324594706 0.0033516701662395249 -0.00016502580280674584 -0.0029656094181298148 0.0046571208267342339 -0.0030182451226283395 -0.0062646132912957874 -0.013578969222510374 -0.002809463214867948 0.00083774575091200671 -0.0027116818780080088 0.0041781467480438289 0.0073360597338189048
leaf_weight=491.71331584453583 898.47675061225891 1436.8066682517529 276.61073999106884 380.91535899043083 292.21235708892345 376.81769143044949 490.73294056952 250.375139772892 1103.7270081788301 444.85585996508598 2046.2083251327276 999.78815446794033 335.83518940210342 7328.8110238313675 304.09687910974026 282.872140660882 1742.4083631038666 508.87101584672928 561.41838917136192 72133.126073732972 405.99970850348473 1059.8480861186981 527.09589248895645 325.74687312543392 416.6525082886219 1523.2239791452885 339.34813278913498 471.31417572498322 495.71778044104576 602.17680928111076
leaf_count=1988 3664 5811 1118 1534 1191 1518 1977 1010 4446 1792 8260 4034 1352 29554 1226 1139 7027 2056 2257 291049 1642 4277 2125 1316 1690 6144 1375 1901 2004 2435
internal_value=9.18663e-05 0.000944422 0.00242905 0.00384883 0.00318418 0.00435455 0.0034839 0.00251101 0.00396015 -0.00289749 0.000160672 -0.00134954 -0.00273104 0.00117597 -0.00349277 -0.00434502 -0.00357017 -0.00498562 -0.00111628 -0.000180668 -0.00382023 -9.45736e-05 0.00283211 0.00444119 -0.00843953 -0.00011949 -0.00471282 0.0015623 1.15925e-05 0.00269417
internal_weight=98853.8 23939.7 8264.19 5304.16 4923.24 4291.68 3914.86 3424.13 2702.66 721.467 15675.5 6300.49 4698.53 9375.02 4362.69 3870.98 3588.11 2812.7 1070.29 74914.1 1721.13 73193 2452.29 1925.19 822.652 2960.03 631.56 775.411 821.465 1601.96
internal_count=398912 96590 33361 21406 19872 17306 15788 13811 10901 2910 63229 25415 18946 37814 17594 15606 14467 11340 4313 302322 6996 295326 9891 7766 3332 11955 2566 3127 3320 6469
is_linear=0
shrinkage=0.05


Tree=89
num_leaves=31
num_cat=0
split_feature=65 31 19 24 63 42 47 23 92 54 90 91 92 37 36 27 79 47 47 55 32 38 31 48 35 1 89 91 95 1
split_gain=8.77209 15.6798 15.5062 15.3593 14.7038 12.8963 13.6058 16.7859 13.1785 11.8985 12.9771 12.3299 17.8853 11.4576 11.2362 10.6505 10.457 13.3637 11.1965 10.4405 10.3716 10.2728 11.8355 10.2662 9.8344 9.99119 9.64512 9.66942 9.36785 9.26121
threshold=1.0000000180025095e-35 0.26916700000000005 15.500000000000002 0.1697835 5.5000000000000009 134.22660627223721 1.7844088808882133 0.20278500000000002 -0.0058355000000000065 133.488141493109 -0.0046649499999999724 0.016228500000000024 -0.020979999999999995 0.22515150000000003 0.56650450000000008 0.26726200000000006 82.350000000000009 1.7600946192868279 1.9239938650704411 2199.4571279702391 0.21476600000000004 0.21913050000000003 0.22655750000000002 0.66116046033794429 0.15147450000000004 2.5000000000000004 0.55678620000000023 0.034158500000000022 0.041782999999999994 5.5000000000000009
decision_type=2 10 2 10 2 8 10 10 10 8 10 10 10 10 10 8 2 10 10 10 10 8 8 8 10 2 8 10 10 2
left_child=1 13 5 4 19 24 -7 -8 14 -5 -11 12 -12 15 -9 -1 17 23 -19 29 -3 -18 -23 -17 25 -2 27 -26 -6 -4
right_child=2 20 3 9 28 6 7 8 -10 10 11 -13 -14 -15 -16 16 21 18 -20 -21 -22 22 -24 -25 26 -27 -28 -29 -30 -31
leaf_value=-0.0053379443199272512 0.0053428149183149601 -0.0029510282549871023 0.00069593030178506611 -0.0071991331396155239 -0.00047746101132029235 0.00016593598253899597 0.010742451039534071 -0.0092081275713790951 0.0054859876557925603 0.0022320844512023065 -0.011745505431860578 -0.013028087698409206 0.0038756335981755051 -0.00026282873529866885 0.0018383186873344927 0.0045981638456519302 0.00062812977261956452 -0.0018659031685046203 0.0077270826460221756 -0.0071231643689090036 0.0050917976813230105 0.0076600222701639345 -0.0019002685227998901 0.00090072533413315409 0.0021540264852260133 -0.0030792471640573704 -0.014692047772281717 -0.0097498583021186844 -0.012328158389087027 -0.0031979399052793206
leaf_weight=596.96796607971191 529.43610146641731 469.25998777151108 8254.7156230807304 1979.10126298666 270.1635672301054 6554.1923377364874 736.2015115916729 357.82446962594986 1215.9182512611151 1026.7962383925915 279.56346763670444 358.62882429361343 490.06735597550869 49658.959599286318 608.37504467368126 2564.1641711145639 1546.0438507795334 4815.2947275489569 314.83032029867172 535.76877644658089 2526.3224729150534 1796.0072549879551 390.17708826065063 6961.6780411154032 361.2607004493475 1004.2681424468756 258.03239196538925 308.36898927390575 429.23149001598358 1863.1029160916805
leaf_count=2412 2134 1893 33314 8027 1093 26509 2991 1448 4914 4152 1129 1453 1979 200348 2457 10377 6239 19375 1286 2162 10184 7225 1569 28038 1457 4053 1046 1244 1732 7517
internal_value=3.07632e-07 0.000291407 -0.000760042 -0.00180329 -0.000851422 0.000594201 0.00143216 0.00426566 0.00204148 -0.00440888 -0.00182504 -0.00550447 -0.00187652 0.000136613 -0.00230507 0.00118101 0.00139543 0.000792478 -0.0012633 -0.000386925 0.00382626 0.00375472 0.00595288 0.00189978 -0.00262339 -0.000156167 -0.00665729 -0.00339059 -0.00782171 -2.35396e-05
internal_weight=99060.7 71639.7 27421 15487.1 11353 11933.9 9472.51 2918.32 2182.12 4134.16 2155.06 1128.26 769.631 68644.1 966.2 18985.2 18388.2 14656 5130.13 10653.6 2995.58 3732.23 2186.18 9525.84 2461.37 1533.7 927.662 669.63 699.395 10117.8
internal_count=399757 288946 110811 62558 45818 48253 38319 11810 8819 16740 8713 4561 3108 276869 3905 76521 74109 59076 20661 42993 12077 15033 8794 38415 9934 6187 3747 2701 2825 40831
is_linear=0
shrinkage=0.05


Tree=90
num_leaves=31
num_cat=0
split_feature=61 95 34 92 58 37 40 28 33 88 40 5 65 8 58 29 23 25 34 55 79 34 93 7 79 43 98 79 36 29
split_gain=9.80311 17.1793 15.157 13.3412 10.65 11.6672 19.9849 15.159 13.1136 11.4378 10.6488 10.493 20.9021 16.2563 17.2298 16.4225 12.7813 12.6485 12.0252 12.2653 13.0534 19.4227 15.0219 15.7872 11.3104 13.5651 13.4097 11.0758 10.9686 10.8278
threshold=1.0000000180025095e-35 0.057572500000000033 0.44380400000000003 -0.068046499999999996 2121.5000000000005 0.23387650000000001 0.041445098603147414 0.50860600000000011 1214.5000000000002 0.0066454999999999717 0.092747664328268489 1.5000000000000002 -1.0000000180025095e-35 6.5000000000000009 1019.0000000000001 0.55004900000000012 0.1629015 0.40393350000000006 0.60192450000000008 1180.225245009751 52.250000000000007 0.5146725000000002 -0.039783499999999986 4.5000000000000009 81.850000000000009 2166.624589825271 -0.055841857889158263 56.850000000000001 0.57032600000000011 0.56900200000000012
decision_type=2 8 10 8 10 10 10 8 2 10 10 2 2 2 8 8 8 10 10 8 2 10 8 2 2 10 2 2 10 10
left_child=2 3 -1 -2 5 6 8 -8 -5 -7 -3 12 -4 14 17 -15 -16 -14 19 27 -21 29 -23 24 26 -26 -24 -18 -19 -22
right_child=1 10 11 4 -6 9 7 -9 -10 -11 -12 -13 13 15 16 -17 18 28 -20 20 21 22 23 -25 25 -27 -28 -29 -30 -31
leaf_value=-0.0064190405724972163 0.0075921217090719612 -0.0039280897309626828 0.0011931691560992034 0.000420943098349294 0.0023969910505836512 -0.0018457259243287048 0.016822486028940927 0.0024948044010947514 -0.012018341474639281 -0.0075175787476853802 -0.013299087291649671 0.00087572100588320873 0.0071119684238995897 -0.0033047647374719758 0.0032614895171305968 0.00097498767201846612 0.0009201220257161549 -0.0082975888456081493 0.0088608348904218679 -0.00033810625722568424 -0.0045922227621878397 -0.0096022001972941411 -0.011355963638739329 -0.01156822317478603 -0.00029948327073309682 0.010812072242733622 0.00022181510384994561 0.012173978117269887 0.0056462143186501342 -0.012985658684325675
leaf_weight=894.89266608655453 463.63235020637512 1848.2687752395868 16819.866828858852 669.57619282603264 1771.4460096508265 3554.3199582248926 257.30292478203773 611.28029382228851 299.51127031445503 1180.0609928369522 357.16036775708199 28336.373510524631 1294.6866284459829 10137.230985045433 2023.6535472124815 2872.0747334063053 723.58241611719131 296.57988847792149 304.24752521514893 15224.561095476151 2957.1399668604136 435.89293202757835 262.31181359291077 267.4002138376236 561.53433369100094 526.68724898993969 3061.5786640197039 304.45122823119164 251.82261653244495 437.49741080403328
leaf_count=3612 1864 7434 67804 2706 7118 14416 1042 2461 1209 4770 1445 114339 5227 40918 8273 11592 2911 1194 1226 61402 11921 1769 1075 1078 2259 2125 12329 1226 1025 1779
internal_value=-0.000157358 -0.00156303 1.87206e-05 -0.000572321 -0.00103455 -0.00196173 0.00141417 0.0068823 -0.00350709 -0.00327232 -0.00549886 8.55941e-05 -0.000295502 -0.000892628 -0.000232318 -0.0023599 -0.000551187 0.00443223 -0.000860163 -0.000983129 -0.00121534 -0.00278249 -0.000833121 2.44551e-06 0.000728271 0.00512787 -0.000723191 0.00433811 -0.00190824 -0.00570892
internal_weight=99006.6 11012.6 87994.1 8807.13 8343.5 6572.05 1837.67 868.583 969.087 4734.38 2205.43 87099.2 58762.8 41942.9 28933.6 13009.3 27090.5 1843.09 25066.9 24762.6 23734.6 8510.04 5115.41 4679.51 4412.11 1088.22 3323.89 1028.03 548.403 3394.64
internal_count=399549 44465 355084 35586 33722 26604 7418 3503 3915 19186 8879 351472 237133 169329 116819 52510 109373 7446 101100 99874 95737 34335 20635 18866 17788 4384 13404 4137 2219 13700
is_linear=0
shrinkage=0.05


Tree=91
num_leaves=31
num_cat=0
split_feature=49 74 88 37 86 86 30 64 45 55 46 81 25 52 43 85 27 36 44 37 74 88 29 79 45 97 22 38 44 31
split_gain=9.53784 9.39489 9.22791 10.3071 11.6939 11.772 9.8477 9.18946 10.2139 11.1065 9.49791 10.7992 8.61203 13.3415 11.0321 9.09402 10.5252 8.56186 8.56131 9.09882 12.6166 10.1044 9.31116 11.9044 17.0963 12.813 12.3028 13.2052 12.7604 13.1157
threshold=119.8211259910119 1.5000000000000002 0.07971099999999999 0.17067800000000002 0.0085524999999999924 -0.15740499999999996 0.18225500000000003 9.5000000000000018 31.876373521978419 1975.1100108807775 2.0601088169748039 7.9849736604665145 0.43502900000000005 122.75938740387555 2306.0231200227468 0.5520779516839035 0.89181300000000008 0.72285200000000016 45.214451181300653 0.22515150000000003 9.5000000000000018 0.12565950000000004 0.60019900000000004 55.550000000000004 16.92738512741224 0.75044681525379231 0.49234150000000004 0.13756150000000003 31.853742845725829 0.18975200000000003
decision_type=8 2 10 10 8 10 10 2 10 10 10 2 8 8 8 2 10 10 10 10 2 10 10 2 10 2 10 10 10 8
left_child=1 -1 3 -3 5 -5 -7 10 9 -9 12 -12 15 -14 17 16 18 -15 19 20 -2 22 23 25 -25 -21 27 28 29 -27
right_child=7 2 -4 4 -6 6 -8 8 -10 -11 11 -13 13 14 -16 -17 -18 -19 -20 21 -22 -23 -24 24 -26 26 -28 -29 -30 -31
leaf_value=0.0041905014156452085 0.00086680728828317168 -0.0061991206793314173 0.0070911787008580487 -0.0032897312637770481 -0.0032441878429263979 0.0093607018847915238 6.2524525856322069e-05 -0.0019477161490908019 -0.011082579055766893 0.0063985886903029825 -0.00039273388363340151 0.010116029914960313 0.0070041305224009453 -0.0098295399954968134 -0.0011004763856500743 0.0022564266580348872 -0.0094249724863025609 0.00027612018652196864 -0.0070243508232825354 -0.0034003356251277902 0.011495074006801479 -0.0092954509842034568 0.0025208721626056958 -0.00053143389992496646 -0.0041998399784359481 0.0037570223563275942 -0.00019596675157644672 0.0044328492777102177 -0.0044096048151813635 -0.0010170401261938499
leaf_weight=2747.8556072413921 20520.181443378329 638.13816876709461 440.4447667747736 468.74832056462765 1078.85848736763 771.0209124982357 448.37132109701633 5872.6857360303402 274.06583565473557 417.87748102843761 472.26103632152081 495.24920384585857 328.89579239487648 847.28387196362019 1865.5520374178886 4941.8374114334583 282.26168845593929 276.70905967056751 411.51569184660912 2239.3207792192698 273.1699870377779 294.7192625105381 3036.839299172163 14419.708787068725 4064.5950764417648 3121.0956322997808 20633.780055239797 3457.892383441329 1047.280609562993 2655.2410388588905
leaf_count=11090 82727 2563 1806 1885 4343 3106 1803 23779 1106 1688 1904 2000 1329 3442 7589 19914 1137 1124 1671 9086 1104 1185 12371 58167 16382 12626 83005 13967 4275 10732
internal_value=0.000127727 0.00196341 0.000365301 -0.000522889 0.000803799 0.00339466 0.00597007 -3.67408e-06 -0.00180515 -0.001384 0.000134537 0.00503495 7.79848e-05 -0.00241491 -0.00347104 0.000179898 4.54035e-05 -0.00736119 8.17277e-05 0.000121247 0.00101189 -0.000215776 -0.000165142 -0.000323562 -0.00133993 0.000243315 0.000508254 0.00192036 0.000642522 0.00156454
internal_weight=98843.5 6593.44 3845.58 3405.14 2767 1688.14 1219.39 92250 6564.63 6290.56 85685.4 967.51 84717.9 3318.44 2989.54 81399.4 76457.6 1123.99 76175.3 75763.8 20793.4 54970.5 54675.8 51638.9 18484.3 33154.6 30915.3 10281.5 6823.62 5776.34
internal_count=398906 26596 15506 13700 11137 6794 4909 372310 26573 25467 345737 3904 341833 13484 12155 328349 308435 4566 307298 305627 83831 221796 220611 208240 74549 133691 124605 41600 27633 23358
is_linear=0
shrinkage=0.05


Tree=92
num_leaves=31
num_cat=0
split_feature=34 83 57 20 49 20 53 44 24 21 8 71 78 43 78 99 45 36 1 99 99 33 36 53 98 23 78 33 25 1
split_gain=11.5241 9.70134 9.65506 8.62745 10.8427 10.9986 12.3991 10.8465 15.1684 9.67928 9.62377 19.0954 14.4643 11.7219 10.8173 9.9409 9.6978 16.3158 8.98326 19.2428 13.134 11.9276 14.8275 13.0606 12.5173 12.3466 11.0523 10.8442 12.8027 11.1915
threshold=0.46194950000000007 0.57645176465041759 15.253637588953483 13.500000000000002 115.9147412931387 12.500000000000002 2134.8330583879051 24.619540225890091 0.12500750000000002 4845.5000000000009 2.5000000000000004 1.0000000180025095e-35 0.09983509756428384 2041.2695523293407 0.41540999284250907 -0.0041184999999999963 17.896720117106383 0.50015000000000009 2.5000000000000004 0.045841500000000014 0.066521000000000025 4251.5000000000009 0.57845500000000005 2141.2010081055937 0.024243252642328853 0.31674250000000009 1.3622569635664379 7425.5000000000009 0.33805550000000006 3.5000000000000004
decision_type=8 2 10 2 8 2 8 8 10 2 2 2 2 8 2 8 10 10 2 8 10 2 10 10 2 10 2 2 10 2
left_child=1 2 -1 4 -2 6 9 8 -7 -6 16 12 -12 -13 -15 -14 -9 -18 19 -5 21 -20 23 -23 25 27 -24 -25 -29 -30
right_child=3 -3 -4 18 5 7 -8 10 -10 -11 11 13 15 14 -16 -17 17 -19 20 -21 -22 22 26 24 -26 -27 -28 28 29 -31
leaf_value=-0.0050964640249332943 -0.0081688245770512192 0.0042290255824761923 0.0049308013136148687 0.00079154464970894163 -0.0014711973630041658 -0.002480465478831741 0.00022031440891609813 0.00035147001576980652 0.0057141272515935084 -0.01188031394581909 0.012353854844796999 0.0075924969934565729 0.0093349968684042668 -0.004951339038995797 0.0011589912239217239 0.0016955486944697073 0.0042171318292354909 -0.010663055957011012 8.268994630974919e-06 -0.0055885971298928437 0.0050835201713305359 0.00026602342993849133 0.00063772075458484072 -0.0063799008986946508 -0.00048541639460418864 0.0064438120151736559 -0.0083351122356561357 0.004482944794406341 0.00041163515956828788 -0.0049809035343482749
leaf_weight=2503.8637624531984 321.72014424204826 386.75626175105572 257.49619281291962 23470.917466953397 530.85892985761166 690.39236205816269 8350.1381439119577 2548.7063615918159 2975.1160658597946 379.71319532394409 535.97887505590916 382.65517880022526 534.69870954751968 1313.6860155463219 1593.0280523151159 1982.2763660997152 266.18093095719814 557.29335059225559 22645.74379350245 1234.5018941760063 951.59966967999935 3570.0813584178686 7421.0422401875257 3854.8452692627907 3326.6702468693256 265.14290860295296 349.81181071698666 518.89379191398621 1263.8791082948446 4000.9064966440201
leaf_count=10132 1292 1561 1036 94731 2148 2782 33691 10289 12013 1528 2156 1545 2154 5321 6442 7983 1072 2248 91376 4980 3850 14373 30032 15528 13417 1080 1413 2096 5095 16130
internal_value=-0.00013605 -0.00310785 -0.00414701 -3.8116e-05 0.000806803 0.000937895 -0.000386569 0.0018542 0.00416814 -0.00589375 0.000977709 0.00212408 0.00496505 -0.000519763 -0.00161007 0.00334897 -0.00117826 -0.00586028 -0.000304422 0.000470604 -0.000701944 -0.000819595 -0.00158228 -0.0024172 -0.0031409 -0.0040315 0.000223608 -0.00432604 -0.00294848 -0.00368803
internal_weight=98984.6 3148.12 2761.36 95836.5 22962.4 22640.7 9260.71 13380 3665.51 910.572 9714.5 6342.32 3052.95 3289.37 2906.71 2516.98 3372.18 823.474 72874 24705.4 48168.6 47217 24571.3 16800.4 13230.3 9903.67 7770.85 9638.52 5783.68 5264.79
internal_count=399494 12729 11168 386765 92664 91372 37367 54005 14795 3676 39210 25601 12293 13308 11763 10137 13609 3320 294101 99711 194390 190540 99164 67719 53346 39929 31445 38849 23321 21225
is_linear=0
shrinkage=0.05


Tree=93
num_leaves=31
num_cat=0
split_feature=44 70 5 65 62 85 86 74 42 16 87 46 23 86 1 25 0 79 49 39 9 48 87 86 90 35 98 45 7 88
split_gain=7.62349 9.27843 9.24894 14.707 12.5073 13.1995 12.5008 11.5897 14.1074 11.0919 18.1842 17.9167 11.4029 10.9134 10.4507 10.3214 10.0311 9.84144 9.45064 9.51455 9.37747 16.519 16.1109 10.7876 12.3054 12.0902 15.3527 17.7658 12.561 11.8009
threshold=23.158601585993306 1.5000000000000002 1.5000000000000002 -1.0000000180025095e-35 1.0000000180025095e-35 0.50972080654796048 -0.27993749999999995 3.5000000000000004 137.51235076141046 0.75500000000000012 -0.013203499999999977 1.9977292927289625 0.16622350000000005 0.10228150000000001 3.5000000000000004 0.43729350000000006 8.5000000000000018 31.250000000000004 127.96780483643535 0.042090345093936256 -3.4999999999999996 0.59350595405526352 -0.0078014999999999881 -0.11112299999999996 -0.044621349999999997 0.16338150000000004 0.029596063545011989 17.665189922579923 4.5000000000000009 -0.06510299999999998
decision_type=8 2 2 2 2 2 8 2 8 2 8 8 10 10 2 10 2 2 10 8 2 8 10 8 10 10 2 10 2 10
left_child=1 -1 3 15 20 7 -7 8 -6 10 11 16 -11 -14 -12 18 -8 -10 19 -2 21 22 -5 -22 25 26 27 28 29 -25
right_child=2 -3 -4 4 5 6 9 -9 17 12 14 -13 13 -15 -16 -17 -18 -19 -20 -21 23 -23 -24 24 -26 -27 -28 -29 -30 -31
leaf_value=0.0017281609266448957 0.0029390593296249345 -0.0002900647671773789 0.00045384527312203668 0.0022229214510713175 -0.0053301340637837129 -0.0082280546531846559 -0.0016519845076576958 -0.0070448434615789923 0.0071718221687696818 0.007302948077006763 -0.0070212279417504646 0.01037481187733621 0.00051600464128600382 0.0066551862300251313 -0.00077047765593647949 -0.0068741480580763493 0.0063879284500509741 -0.00064932250195848555 -0.001973492671377408 8.01950115627542e-05 -0.0051001014739597561 0.0082196911260171476 -0.008560035953745564 0.0031246594361509735 -0.0026752305856398966 0.0094733454685620999 -0.0076873133794292964 -0.006382943198093201 -0.0037288106888998026 0.014167461076224517
leaf_weight=11212.499327421188 5592.2617264986038 11556.573871895671 24822.886076390743 930.39875292778015 1282.6169656664133 391.76750615239143 1909.0847722291946 1117.5953177511692 522.94709925353527 872.69372880458832 1348.6857529580593 490.92904162406921 5989.4447411596775 813.78011699020863 1322.166780591011 434.71534197032452 476.26201611757278 1634.061705544591 2421.5682261437178 6057.9421042501926 3320.7764383256435 565.69843788444996 539.08912132680416 604.09782893955708 10636.902880385518 362.85429207980633 522.04863715171814 460.0271519869566 312.91687951982021 402.26176570355892
leaf_count=45210 22542 46594 100202 3763 5179 1587 7716 4523 2116 3551 5450 1981 24164 3280 5342 1763 1926 6607 9792 24389 13428 2286 2178 2442 42958 1466 2102 1855 1266 1623
internal_value=-9.84259e-05 0.000704121 -0.000338424 -0.000721533 -0.00125258 -0.000318629 0.000461332 -0.00264469 -0.00119872 0.000724801 -0.00097768 0.0017784 0.0019548 0.00125904 -0.0039413 0.000626617 -2.67566e-05 0.00127119 0.000863053 0.00145383 -0.00216159 0.00103769 -0.00176398 -0.0025537 -0.0019146 0.00112087 -0.000231349 0.00198697 0.00493159 0.00763465
internal_weight=98927.6 22769.1 76158.5 51335.6 36829.1 18172 13614.8 4557.22 3439.63 13223 5547.13 2876.28 7675.92 6803.22 2670.85 14506.5 2385.35 2157.01 14071.8 11650.2 18657.1 2035.19 1469.49 16621.9 13301.1 2664.21 2301.35 1779.3 1319.28 1006.36
internal_count=399281 91804 307477 207275 148789 73422 54997 18425 13902 53410 22415 11623 30995 27444 10792 58486 9642 8723 56723 46931 75367 8227 5941 67140 53712 10754 9288 7186 5331 4065
is_linear=0
shrinkage=0.05


Tree=94
num_leaves=31
num_cat=0
split_feature=26 86 39 5 42 87 46 98 23 41 98 32 32 1 40 93 54 85 26 27 92 43 50 93 92 46 33 85 21 85
split_gain=11.1884 17.5033 10.1091 11.5426 10.7805 15.33 14.4866 12.2209 11.994 10.5099 10.4657 10.3533 20.9241 12.5251 11.2602 12.415 11.7375 10.855 9.89952 12.4513 9.83593 9.82552 9.57174 9.55497 12.0267 9.39487 9.07876 9.9934 11.2046 9.04793
threshold=0.49950650000000002 -0.13972799999999999 0.033850088766318641 1.0000000180025095e-35 139.28716477387007 0.0062549999999999837 1.7061584137020736 -0.030880592776578227 0.37331750000000002 0.077490992566104228 -0.0093681072093184641 0.16968400000000003 0.17146650000000002 1.0000000180025095e-35 0.040360585691027039 0.068833500000000006 126.11464258938297 0.49006417598403046 0.44015850000000006 0.53804800000000008 0.122597 2221.826183282154 146.83477255104006 0.077962500000000018 0.15237950000000003 2.017683733697373 5167.5000000000009 0.51842033057625847 800.50000000000011 0.52672548456740831
decision_type=10 8 10 2 10 10 8 2 8 8 2 8 8 2 10 10 10 2 10 10 10 10 10 10 10 10 2 2 2 2
left_child=2 -2 3 9 5 8 -7 -6 -5 29 -8 13 -13 -4 -14 20 -17 -15 19 -9 -16 23 -23 -18 -25 -19 -11 -28 -29 -1
right_child=1 -3 11 4 7 6 10 18 -10 26 -12 12 14 17 15 16 21 25 -20 -21 -22 22 -24 24 -26 -27 27 28 -30 -31
leaf_value=-0.0037730219819333711 -0.014938894397244535 -0.0018103708759484038 0.0081612339177329438 0.0023664541179617368 -0.0031924009270239161 -0.010036091516990656 -0.002892877722046521 0.0043587345028082702 -0.0080273428315453567 0.0026316891199839542 0.0014459305812365652 -0.0084919104743577997 0.0046429644009829641 -0.0044380842717237036 -0.0014741910281092663 0.0073189015970334037 0.0031280537275501078 0.00038608828238586549 0.0031383976205282514 0.015703097813757831 -0.010431094698626284 0.0042051365653040726 -0.0054731064547845652 -0.0045993613261888742 0.004424992789204895 -0.0056504636307672558 -0.0041457077884838427 -0.0034710465009674656 0.005382197817856196 0.0012054075379932621
leaf_weight=3263.0804011672735 266.26077361404896 3197.3660307079554 479.66083939373493 9912.1402169764042 538.81081447005272 411.75977991521358 2436.4379987567663 607.91734717786312 275.96931573748589 3185.7317643463612 3208.5691064596176 906.55235239863396 905.38713055849075 1255.9797600358725 19170.845749333501 639.44183164834976 837.40097220242023 34686.368900135159 2504.2489502280951 404.5753082036972 301.82090850174427 1828.4280562698841 287.8785122781992 2076.9586265385151 440.17819365859032 646.76584592461586 1452.9272302091122 603.65760557353497 847.85369180142879 1259.9366565495729
leaf_count=13157 1074 12867 1942 39932 2173 1659 9831 2447 1134 12859 12941 3661 3644 5074 77334 2576 3375 140179 10135 1629 1218 7372 1166 8384 1777 2609 5865 2436 3421 5074
internal_value=-7.23396e-05 -0.00285971 2.91728e-05 0.000772368 0.0014707 0.000893792 -0.00109716 0.00377369 0.00207732 -0.000563504 -0.000428544 -0.000327292 -0.0010642 0.000217444 -0.000806879 -0.00100149 0.000963647 0.000111104 0.00484701 0.009001 -0.0016183 0.000208835 0.00286907 -0.00147299 -0.00300998 0.000274023 0.000792176 -0.0012276 0.00170173 -0.00238663
internal_weight=98840.9 3463.63 95377.3 30913.6 20300.4 16244.9 6056.77 4055.55 10188.1 10613.2 5645.01 64463.7 27394.9 37068.8 26488.3 25583 6110.29 36589.1 3516.74 1012.49 19472.7 5470.84 2116.31 3354.54 2517.14 35333.1 6090.17 2904.44 1451.51 4523.02
internal_count=398945 13941 385004 124693 81881 65497 24431 16384 41066 42812 22772 260311 110507 149804 106846 103202 24650 147862 14211 4076 78552 22074 8538 13536 10161 142788 24581 11722 5857 18231
is_linear=0
shrinkage=0.05


Tree=95
num_leaves=31
num_cat=0
split_feature=65 32 31 24 32 45 46 45 27 86 99 71 31 64 53 99 58 58 43 8 42 15 98 55 80 89 31 38 15 26
split_gain=8.00669 14.1087 14.0625 13.6338 12.6373 11.984 11.9357 12.8803 11.8403 15.3749 11.6287 11.5345 13.3451 10.2367 11.9183 10.2335 9.98866 9.87285 12.4614 9.82267 11.2151 10.3225 9.9228 9.55877 14.0068 13.3781 9.40262 13.0608 11.1496 9.02046
threshold=1.0000000180025095e-35 0.16911000000000001 0.14950900000000003 0.16866400000000004 0.17089350000000003 18.85861032856608 1.8512553905865656 10.191810994739361 0.62805600000000006 0.0085524999999999924 -0.0017265000000000056 1.0000000180025095e-35 0.14518800000000004 5.5000000000000009 2497.6897915962195 0.029654000000000003 4609.5000000000009 5481.0000000000009 2172.4368919266672 5.5000000000000009 133.89749406729985 72.250000000000014 -0.0083574896681473648 1712.1216931920615 8.1006165670505492 0.47842455000000006 0.17206050000000003 0.11211250000000002 1.8500000000000003 0.42229000000000011
decision_type=2 10 10 10 10 10 10 10 10 10 10 2 10 2 10 10 10 10 10 2 10 2 2 8 2 10 10 10 2 10
left_child=-1 2 3 11 -3 8 19 -8 9 26 -10 16 13 14 -13 -5 -2 -18 -19 20 22 -22 -4 24 25 -15 27 -6 -28 -7
right_child=1 4 6 15 5 29 7 -9 10 -11 -12 12 -14 23 -16 -17 17 18 -20 -21 21 -23 -24 -25 -26 -27 28 -29 -30 -31
leaf_value=0.00012794917555356152 0.0024974104912809892 -0.010713008917555385 0.0084127040410039971 -0.012555391213854683 -0.011445105456637558 0.00381580856227446 0.0048691956635397169 -0.0066878242867753242 -0.0031328881454592145 -0.0049137230226781198 0.010362209788819155 -0.00033710378742198162 -0.012535557816410343 -0.011151980461728182 0.010391318438899878 -0.001666537254377665 -0.011203615985032292 0.0062649245050683923 -0.0057027743485547934 0.00066438198026757926 0.0065404150807483801 0.017824296538479386 -0.0025554531416491573 -0.00041372434281662245 -0.011872162797773481 0.002633694082475534 -0.0089056992543345339 0.00022193481309729199 0.0012534771193201818 -0.005978591208645535
leaf_weight=71481.058452427387 3967.9070166200399 407.72642052173615 317.85994164645672 404.56126497685909 401.83367693424225 256.23181602358818 376.62314869463444 633.41222555935383 248.71169337630272 2386.4612785875797 417.5578904747963 1448.0850677192211 277.29464957118034 248.58696520328522 305.06903609633446 457.41447949409485 258.65122300386429 391.92365407943726 464.08306837081909 1512.8385612368584 1007.1094448119402 252.87832224369049 547.13995371758938 1446.4526173174381 604.54078051447868 542.55286031961441 276.1861933618784 573.60840584337711 4801.4717386811972 2200.8938619345427
leaf_count=288356 15994 1649 1283 1643 1632 1036 1531 2563 1002 9647 1685 5863 1126 1017 1234 1850 1040 1595 1879 6111 4070 1021 2204 5870 2445 2193 1121 2312 19417 8872
internal_value=-0.000150762 -0.000876701 0.000121021 -0.000867345 -0.00216469 -0.00185427 0.0024182 -0.00237294 -0.00101551 -0.001524 0.00535279 -0.000341882 -0.00207799 -0.00142109 0.00157811 -0.00686251 0.00132331 -0.00284125 -0.000214279 0.00375131 0.00593558 0.0089276 0.00152508 -0.00327018 -0.00620655 -0.00178309 -0.000181685 -0.00465168 0.000684476 -0.00494589
internal_weight=98916.7 27435.7 15465 10817.1 11970.7 11563 4647.86 1010.04 9105.83 8439.56 666.27 9955.15 4872.58 4595.29 1753.15 861.976 5082.56 1114.66 856.007 3637.83 2124.99 1259.99 865 2842.13 1395.68 791.14 6053.1 975.442 5077.66 2457.13
internal_count=399261 110905 62532 43749 48373 46724 18783 4094 36816 34129 2687 40256 19748 18622 7097 3493 20508 4514 3474 14689 8578 5091 3487 11525 5655 3210 24482 3944 20538 9908
is_linear=0
shrinkage=0.05


Tree=96
num_leaves=31
num_cat=0
split_feature=23 26 29 86 50 46 86 84 38 46 71 24 36 92 91 64 52 20 84 50 36 16 41 86 93 14 52 16 31 87
split_gain=10.5614 9.09197 12.7012 13.4666 12.5458 11.558 10.4834 8.77017 10.9499 10.8167 9.08161 8.60297 7.88853 7.82553 10.5605 7.82301 9.76646 9.31694 8.61936 10.4369 14.3116 9.41618 8.00971 7.72395 7.50541 7.00526 10.1397 13.7907 14.4405 13.2479
threshold=0.12276650000000001 0.39968100000000001 0.49949700000000002 -0.22830199999999992 141.51682329324976 1.7471153463059539 -0.020343499999999955 0.48876977763749768 0.16720450000000001 1.73308733560086 1.0000000180025095e-35 0.082834700000000025 0.58214650000000012 0.0095409999999999957 0.068882500000000013 10.500000000000002 132.0677087772448 12.500000000000002 0.52335526317499304 140.28259790581959 0.54880850000000014 1.4550000000000003 0.075741921246193653 -0.0053524999999999814 0.013332499999999999 1.0000000180025095e-35 127.33136632120998 2.0250000000000004 0.25819900000000001 -0.17823
decision_type=8 10 10 8 10 10 10 2 10 10 2 10 10 10 10 2 10 2 2 8 10 2 8 10 10 2 10 2 8 10
left_child=12 2 3 -2 5 23 -7 -5 9 13 -11 -3 -1 -9 -15 25 17 -17 21 -20 -21 22 -19 -4 -12 -13 27 28 29 -27
right_child=1 11 4 7 -6 6 -8 8 -10 10 24 15 -14 14 -16 16 -18 18 19 20 -22 -23 -24 -25 -26 26 -28 -29 -30 -31
leaf_value=-0.0019918778725188085 -0.010781746145485108 -0.0071239665064364577 -0.0017790251434971573 0.0083920847428613464 -0.011425063635265648 -0.0042722222511851283 0.0095282233857726072 -0.00090491837494436006 0.0063628489448887609 0.0073051611701627321 -0.0079228266540827871 -0.00018020490783512771 0.0069484899425390767 -0.011707468458085105 -8.5753934579743459e-05 -0.01043028567753888 0.0040256913679564401 0.0055586635279408457 0.0024570893617465854 -0.013229965042152203 -0.001478276321229992 -0.0065490710977415172 -0.0015594431605348022 -0.011345812651943069 0.0039112719778654553 -0.0075592950508713928 -6.238719272819748e-05 -0.0013952492475878739 0.0076798901568317195 0.0019258247704604958
leaf_weight=330.51144470274448 275.68786898255348 398.99317027628422 462.62776620686054 310.26831695437431 563.8579536229372 249.84379558265209 284.81271617114544 1148.0951054543257 522.35760495066643 519.80292092263699 255.66967175900936 45589.770648017526 921.36165307462215 504.08501622080803 315.63691186904907 358.96355716884136 584.26310500502586 746.88074167072773 341.08372722566128 528.4583232998848 504.76646375656128 413.62127350270748 820.00478392839432 384.90248876810074 261.41528750956059 367.28650406002998 20707.011642247438 3412.5624409615993 1070.3172861635685 15725.880038529634
leaf_count=1331 1126 1608 1859 1275 2284 1011 1148 4676 2105 2091 1056 183937 3713 2054 1280 1454 2357 3039 1372 2126 2034 1681 3328 1547 1076 1481 83665 13743 4312 63360
internal_value=4.6038e-05 -1.27057e-05 -0.00188686 -0.000308683 -0.00520374 -0.00260193 0.00311927 0.000469809 -0.000248853 -0.00141557 0.0027004 0.000111497 0.00459103 -0.00358706 -0.00728745 0.00014394 -0.00193582 -0.002882 -0.00204574 -0.00507265 -0.00755806 6.96176e-05 0.00184725 -0.00620539 -0.00197933 0.000247047 0.0007188 0.00150461 0.00208165 0.00170479
internal_weight=98880.8 97628.9 6059.06 4113.02 1946.04 1382.19 534.657 3837.33 3527.06 3004.7 1036.89 91569.9 1251.87 1967.82 819.722 91170.9 4298.04 3713.78 3354.82 1374.31 1033.22 1980.51 1566.89 847.53 517.085 86872.8 41283.1 20576 17163.5 16093.2
internal_count=399129 394085 24588 16739 7849 5565 2159 15613 14338 12233 4223 369497 5044 8010 3334 367889 17391 15034 13580 5532 4160 8048 6367 3406 2132 350498 166561 82896 69153 64841
is_linear=0
shrinkage=0.05


Tree=97
num_leaves=31
num_cat=0
split_feature=40 39 39 6 96 23 45 83 90 51 31 35 88 55 34 18 45 24 44 86 92 5 68 45 44 54 46 50 20 83
split_gain=9.46841 9.44932 11.0684 12.4712 16.0857 13.3942 20.3327 12.9897 12.0664 11.9616 11.7302 11.5841 11.5653 11.5366 14.8915 10.6524 9.51328 9.26456 12.8491 13.5357 10.1462 9.19395 14.7427 16.2521 14.1418 12.1653 14.5605 12.0921 13.2347 11.9988
threshold=0.1505248893816919 0.044771750473851187 0.052697892917632265 1.5000000000000002 0.50222118000000016 0.25779850000000004 16.32212763775971 0.5826232898596887 0.035753399999999998 2150.4380550741166 0.19237400000000002 0.14599250000000005 -0.040818500000000001 1387.829764569628 0.5167655000000001 1.5000000000000002 13.900999973587874 0.14783650000000001 16.090538865685222 0.019591500000000043 0.027466499999999994 1.5000000000000002 1.0000000180025095e-35 -20.309114705303369 19.20508993736134 134.70483502421106 1.7457217952458435 145.61436980997703 16.500000000000004 0.47534607258961165
decision_type=10 10 10 2 10 10 10 2 10 10 10 10 10 10 10 2 10 10 10 10 8 2 2 8 8 10 10 10 2 2
left_child=1 21 3 4 9 7 8 12 10 -3 -7 -4 15 -13 17 16 -5 18 19 20 -15 22 24 -24 27 26 29 28 -1 -26
right_child=-2 2 11 5 -6 6 -8 -9 -10 -11 -12 13 -14 14 -16 -17 -18 -19 -20 -21 -22 -23 23 -25 25 -27 -28 -29 -30 -31
leaf_value=0.0043905178470030467 0.0046234205010269513 -0.0090790623917060814 0.0025382081204286333 -0.0054928808994244198 0.004828100542563071 0.0014105957127986705 0.0070427115301582499 0.0023829268567798156 -0.011451773399532026 -0.00065600045111237262 -0.0099311331669860742 0.0062242586379321219 -0.009131173208682836 0.0078644778991655024 0.001350500242584665 -0.0069836467302483596 0.0045905807419298868 0.0016002409916634486 -0.0085639347540050533 -0.0086091016856279755 -0.0033352609551947294 0.0011426094648934902 -0.0071596538561439563 0.0016344602957415631 -0.0036683457032323109 0.0018235175155706382 -0.002498809746648054 0.0093099236855728046 -0.0025941033746033522 0.00027072336128449305
leaf_weight=1467.9228306114674 1151.3011438846588 461.29141899943352 3888.7985354959965 391.68598860502243 1261.7453701347113 1045.5407933592796 662.76485903561115 511.20198991894722 343.64584763348103 4009.1201521903276 280.91334450244904 502.99566088616848 1675.1835071146488 403.56915411353111 2404.0262771546841 1012.224478200078 550.11205142736435 619.27735131978989 1332.386559844017 418.33147287368774 387.46049243211746 24565.586090147495 535.98375828564167 14062.387785032392 2219.944445297122 3681.1916210502386 12687.49426984787 542.51497448980808 1244.3873691856861 14523.003983795643
leaf_count=5897 4670 1865 15673 1592 5063 4253 2680 2058 1390 16202 1148 2044 6737 1625 9680 4100 2208 2503 5368 1684 1559 99146 2155 56707 9044 14900 51282 2188 4996 58569
internal_value=0.000135238 8.18768e-05 -0.000825701 -0.00183432 -0.000135021 -0.00333654 -0.000303876 -0.00504041 -0.00324387 -0.00154348 -0.00104767 0.000411297 -0.00608972 -0.0009537 -0.00161248 -0.00344906 0.000383302 -0.00386304 -0.00519518 -0.00144393 0.00240549 0.000348254 -3.47827e-05 0.0013069 -0.000573578 -0.000882911 -0.00122194 0.00256636 0.00118827 -0.000253435
internal_weight=98844 97692.7 22162.3 12205.4 5732.16 6473.27 2332.86 4140.41 1670.1 4470.41 1326.45 9956.85 3629.21 6068.05 5565.05 1954.02 941.798 3161.03 2541.75 1209.36 791.03 75530.4 50964.8 14598.4 36366.5 33111.6 29430.4 3254.83 2712.31 16742.9
internal_count=398986 394316 89432 49296 23130 26166 9471 16695 6791 18067 5401 40136 14637 24463 22419 7900 3800 12739 10236 4868 3184 304884 205738 58862 146876 133795 118895 13081 10893 67613
is_linear=0
shrinkage=0.05


Tree=98
num_leaves=31
num_cat=0
split_feature=23 41 16 16 55 28 84 51 33 32 35 93 93 90 41 28 10 28 97 36 34 30 43 53 25 28 96 46 46 95
split_gain=8.66865 11.2206 8.73433 16.4418 13.6404 12.6118 10.8924 13.9956 13.9014 11.3629 14.9968 12.3041 15.8028 10.7151 11.359 12.5053 10.4337 10.4092 14.6321 10.3004 11.7991 9.85504 9.67481 10.7066 9.11148 9.05057 11.0033 10.8552 19.5617 9.98126
threshold=0.12276650000000001 0.056898617994858368 1.0650000000000002 1.1650000000000003 1755.2752125626955 0.28187050000000008 0.50699547991919436 2322.1182821434854 310.50000000000006 0.16863300000000001 0.15639850000000002 0.098299000000000011 0.076074500000000003 -0.04137735 0.076244552585218062 0.44923650000000004 1.0000000180025095e-35 0.43411950000000005 0.89984656489238579 0.4547830000000001 0.51041950000000014 0.10119500000000002 2265.8680109370457 2199.9301105501258 0.38859450000000006 0.51138250000000018 0.28028115000000003 1.5811023709173957 1.5420794891454588 -0.01851849999999999
decision_type=8 10 2 2 10 10 2 10 2 10 8 10 10 10 8 8 2 10 2 10 10 10 8 10 10 8 10 8 10 10
left_child=1 -1 5 4 16 -2 9 8 -8 10 -5 12 -11 14 15 21 17 -4 -19 -17 -21 -10 23 -12 -6 26 -7 28 -28 -27
right_child=2 -3 3 6 24 25 7 -9 13 11 22 -13 -14 -15 -16 19 -18 18 -20 20 -22 -23 -24 -25 -26 29 27 -29 -30 -31
leaf_value=0.009418325664656663 -0.0055359252263432754 -0.00013758700731965903 0.010944441148665853 -0.0011345588619627188 0.0098479092754574591 0.004756164497979427 -0.00422104001015458 -0.0015744015235931417 0.0072070805023972829 -0.0027120252403819308 0.0022820691628447553 0.0075355752967176158 -0.013458253854122419 0.00084427186480867048 0.0089168345606087749 -0.00052873939483813102 -0.0028081794218356858 -0.0073982932782523797 0.0042417769281521611 0.014123377680451958 0.0044979624053662374 -0.0025734087255099231 0.00010918967737129095 0.015432938172310784 -1.9721812926711426e-06 -0.0055880971598739268 0.00012898612875309883 -0.00033656856554777715 0.011234758726643023 -0.0009686307614284414
leaf_weight=526.41903902590275 1249.73649340868 718.2141430824995 370.754414960742 3621.1641620844603 999.35599382221699 1183.664541631937 1000.5681430250406 5162.2177877724171 308.35731494426727 4593.5719124674797 285.48884591460228 255.89245544373989 360.82024805247784 9104.8946920335293 866.27773016691208 616.97929190099239 967.58511286973953 335.77136874198914 1226.2191836386919 425.7128871679306 1248.5870766937733 1340.1076138913631 474.84236624836922 338.74946881830692 305.94357886910439 1216.7888125181198 1266.9654746949673 32751.390782982111 567.27384574711323 25264.331677645445
leaf_count=2120 5088 2896 1500 14652 4033 4791 4034 20822 1241 18562 1153 1035 1461 36751 3486 2474 3905 1354 4947 1711 5021 5391 1934 1366 1239 4914 5106 132149 2285 102028
internal_value=-0.000182785 0.00394695 -0.000235789 0.000408196 0.00333212 -0.000582736 -2.61834e-06 0.000667388 0.00144401 -0.00135629 0.000420639 -0.00296381 -0.00352019 0.00185422 0.00376181 0.00260861 0.00141137 0.00352738 0.00170844 0.00498997 0.00701467 -0.000711472 0.00550861 0.00954934 0.00755678 -0.000482423 3.63633e-05 -0.000126496 0.00360595 -0.00118292
internal_weight=98954.6 1244.63 97710 34209.9 4205.63 63500.2 30004.2 20073.7 14911.5 9930.53 4720.24 5210.28 4954.39 13910.9 4806.02 3939.74 2900.33 1932.74 1561.99 2291.28 1674.3 1648.46 1099.08 624.238 1305.3 62250.4 35769.3 34585.6 1834.24 26481.1
internal_count=399449 5016 394433 138072 16978 256361 121094 80931 60109 40163 19105 21058 20023 56075 19324 15838 11706 7801 6301 9206 6732 6632 4453 2519 5272 251273 144331 139540 7391 106942
is_linear=0
shrinkage=0.05


Tree=99
num_leaves=31
num_cat=0
split_feature=35 32 31 0 44 26 36 79 99 55 49 29 24 28 91 54 86 87 58 16 99 87 55 63 40 33 26 99 33 46
split_gain=8.41577 11.4573 13.1801 12.057 11.7591 10.413 14.8981 13.7709 12.643 11.9671 9.80999 10.9104 9.72269 9.14388 11.2685 8.77032 8.57234 8.4752 10.0103 9.89982 8.82638 9.62183 8.70834 7.85862 8.01916 8.23088 8.22727 9.14547 7.7309 12.1239
threshold=0.1409195 0.091007700000000011 0.088388500000000023 7.5000000000000009 26.463087813440417 0.40641600000000005 0.57755950000000011 96.750000000000014 -0.016409499999999997 1513.3473095534171 121.11592811898772 0.53794600000000015 0.073410550000000005 0.41164400000000007 0.048927500000000006 131.87761711711715 -0.034498999999999995 0.063558999999999991 4501.5000000000009 1.4950000000000003 0.0024850000000000015 -0.039238999999999989 1669.1884112903228 4.5000000000000009 0.10519793927034164 2638.5000000000005 0.44056550000000005 0.038431000000000021 310.50000000000006 1.770756635182676
decision_type=10 8 8 2 10 10 10 2 8 8 8 10 10 8 10 8 10 10 8 2 10 10 8 2 10 2 10 10 2 10
left_child=1 4 3 15 10 9 8 23 -7 16 -1 -12 -2 14 -11 -3 -4 19 -19 28 -21 22 -22 24 25 26 -8 -28 29 -10
right_child=12 2 5 -5 -6 6 7 -9 17 13 11 -13 -14 -15 -16 -17 -18 18 -20 20 21 -23 -24 -25 -26 -27 27 -29 -30 -31
leaf_value=0.0092778338145243257 -0.0098537742589180077 0.013860029821397167 -0.012740595981671987 -0.0014303641326425523 -0.0068964005635814181 -0.0090502582933309813 0.0051691068852276782 -0.0039528172307093908 0.0017562396029318977 0.0099733596809232355 0.004626319565261534 -0.0080622164294684145 -0.00013976330152309148 -0.0020484914212374429 -0.0032332650005960149 0.0023382275134151411 -0.00095996916564380051 -0.00043496296270190853 -0.012181047091704799 -0.0095024003923160211 -0.00098117354792626415 -0.0040389821353161715 0.0090662890694252554 0.01027213122210769 -0.0037709543645511171 0.0062959078022583465 -0.0040353845416343567 0.0054546280804008218 0.002277072958464548 -0.01064242443123666
leaf_weight=253.17087550461292 248.48298269510269 495.55795101821423 362.78825202584267 323.85566821694374 907.25031289458275 334.02051918208599 1044.3133818209171 556.46321925520897 537.32137206196785 401.47013776004314 310.86122965812683 350.17561545968056 74835.388255134225 1738.287246465683 259.46326100826263 252.26044379174709 266.59746122360229 571.46160706877708 256.26403996348381 320.35401241481304 521.21478173136711 968.88024136424065 355.80423839390278 486.55215863883495 332.49847318232059 2271.1432604193687 770.50352977216244 366.47349953651428 7919.7535953223705 299.37964947521687
leaf_count=1025 1002 1998 1477 1308 3660 1345 4210 2246 2161 1639 1253 1421 302120 7014 1057 1020 1081 2297 1042 1290 2099 3902 1433 1967 1345 9194 3120 1478 31900 1206
internal_value=8.66411e-05 0.000904998 0.00122067 0.00660341 -0.00289577 0.000942181 0.00140068 0.00347478 0.000398363 -0.00176526 0.00110608 -0.00211524 -0.000173219 -0.000144801 0.00481791 0.0100555 -0.00784357 0.000674418 -0.00417355 0.00104528 -0.00197475 -0.000624175 0.00315131 0.00426485 0.00363385 0.00419404 0.00198684 -0.00095565 0.0017938 -0.00275342
internal_weight=98918 23834.1 22012.7 1071.67 1821.46 20941 17912.4 5827.95 12084.5 3028.61 914.208 661.037 75083.9 2399.22 660.933 747.818 629.386 11750.4 827.726 10922.7 2166.25 1845.9 877.019 5271.48 4784.93 4452.43 2181.29 1136.98 8756.45 836.701
internal_count=399310 96188 88829 4326 7359 84503 72235 23560 48675 12268 3699 2674 303122 9710 2696 3018 2558 47330 3339 43991 8724 7434 3532 21314 19347 18002 8808 4598 35267 3367
is_linear=0
shrinkage=0.05


end of trees

feature_importances:
batter_team_id=110
tm_m_induced_vert_break=73
platoon=68
asof_pitcher_prev5_game_success_rate=66
asof_pitcher_reverse_rate=63
asof_pitcher_ball_rate=63
tm_m_horz_break=61
asof_pitcher_offspeed_rate=60
tm_m_extension=58
tm_sp_offspeed=57
form_dev1=56
asof_pitcher_n=55
form_blend=55
asof_pitcher_success_rate=54
rev_plus_mid=54
asof_pitcher_strike_rate=53
asof_pitcher_breaking_rate=51
tm_m_rel_side=48
cnt_code=48
tm_prior_n=47
p_succ_eb200=47
asof_batter_n=46
asof_pitcher_prev1_game_success_rate=45
tm_rel_var_rel_height=45
strike_minus_ball=45
cnt_diff=44
asof_pitcher_prev3_game_success_rate=43
asof_batter_middle_rate=42
tm_v_breaking=42
tm_rel_var_rel_side=41
tm_v_offspeed=40
form_dev3=40
hand_combo=39
mid_dev1=39
pitcher_team_id=38
tm_sp_breaking=38
form_dev5=38
breaking_plus_off=38
asof_pitcher_prev3_game_middle_rate=37
asof_batter_success_rate=37
asof_pitcher_fastball_rate=36
tm_rel_var_extension=36
tm_m_zone_speed=36
we_pitcher=36
game_month=35
asof_pitcher_prev5_game_middle_rate=35
p_succ_eb1000=35
mid_dev5=34
asof_pitcher_middle_rate=33
mid_dev3=33
mix_entropy=33
pb_mid_gap=33
tm_v_fastball=32
tm_sp_fastball=31
tm_m_rel_speed=30
tm_m_rel_height=30
b_succ_eb500=29
tm_m_spin_rate=28
li=27
is_F=25
form_blend_dev=24
asof_pitcher_prev1_game_middle_rate=23
game_dayofweek=22
pb_succ_gap=22
tm_velo_sep=20
log_batter_n=17
inning=16
outs_before=16
run_total_before=15
tm_n_types=15
home_win_expectancy=13
log_li=13
strikes_before=10
balls_before=9
run_top_before=9
base_code=9
abs_score_diff=8
score_diff_home=7
num_runners_on=7
batter_hand=7
pitcher_ahead=7
log_pitcher_n=7
run_bot_before=6
score_diff_pitcher_team=5
pitch_of_pa_est=5
is_2strike=4
tm_log_n=3
runner_on_1b=2
runner_on_2b=2
pitcher_hand=2
scoring_pos=2
runner_on_3b=1
is_bottom=1

parameters:
[boosting: gbdt]
[objective: binary]
[metric: binary_logloss]
[tree_learner: serial]
[device_type: cpu]
[data_sample_strategy: bagging]
[data: ]
[valid: ]
[num_iterations: 100]
[learning_rate: 0.05]
[num_leaves: 31]
[num_threads: 6]
[seed: 0]
[deterministic: 0]
[force_col_wise: 0]
[force_row_wise: 1]
[histogram_pool_size: -1]
[max_depth: -1]
[min_data_in_leaf: 1000]
[min_sum_hessian_in_leaf: 0.001]
[bagging_fraction: 0.8]
[pos_bagging_fraction: 1]
[neg_bagging_fraction: 1]
[bagging_freq: 1]
[bagging_seed: 0]
[bagging_by_query: 0]
[feature_fraction: 0.7]
[feature_fraction_bynode: 1]
[feature_fraction_seed: 0]
[extra_trees: 0]
[extra_seed: 11797]
[early_stopping_round: 0]
[early_stopping_min_delta: 0]
[first_metric_only: 0]
[max_delta_step: 0]
[lambda_l1: 0]
[lambda_l2: 10]
[linear_lambda: 0]
[min_gain_to_split: 0]
[drop_rate: 0.1]
[max_drop: 50]
[skip_drop: 0.5]
[xgboost_dart_mode: 0]
[uniform_drop: 0]
[drop_seed: 21238]
[top_rate: 0.2]
[other_rate: 0.1]
[min_data_per_group: 100]
[max_cat_threshold: 32]
[cat_l2: 10]
[cat_smooth: 10]
[max_cat_to_onehot: 4]
[top_k: 20]
[monotone_constraints: ]
[monotone_constraints_method: basic]
[monotone_penalty: 0]
[feature_contri: ]
[forcedsplits_filename: ]
[refit_decay_rate: 0.9]
[cegb_tradeoff: 1]
[cegb_penalty_split: 0]
[cegb_penalty_feature_lazy: ]
[cegb_penalty_feature_coupled: ]
[path_smooth: 0]
[interaction_constraints: ]
[verbosity: -1]
[saved_feature_importance_type: 0]
[use_quantized_grad: 0]
[num_grad_quant_bins: 4]
[quant_train_renew_leaf: 0]
[stochastic_rounding: 1]
[linear_tree: 0]
[max_bin: 255]
[max_bin_by_feature: ]
[min_data_in_bin: 3]
[bin_construct_sample_cnt: 200000]
[data_random_seed: 0]
[is_enable_sparse: 1]
[enable_bundle: 1]
[use_missing: 1]
[zero_as_missing: 0]
[feature_pre_filter: 1]
[pre_partition: 0]
[two_round: 0]
[header: 0]
[label_column: ]
[weight_column: ]
[group_column: ]
[ignore_column: ]
[categorical_feature: ]
[forcedbins_filename: ]
[precise_float_parser: 0]
[parser_config_file: ]
[objective_seed: 8855]
[num_class: 1]
[is_unbalance: 0]
[scale_pos_weight: 1]
[sigmoid: 1]
[boost_from_average: 1]
[reg_sqrt: 0]
[alpha: 0.9]
[fair_c: 1]
[poisson_max_delta_step: 0.7]
[tweedie_variance_power: 1.5]
[lambdarank_truncation_level: 30]
[lambdarank_norm: 1]
[label_gain: ]
[lambdarank_position_bias_regularization: 0]
[eval_at: ]
[multi_error_top_k: 1]
[auc_mu_weights: ]
[num_machines: 1]
[local_listen_port: 12400]
[time_out: 120]
[machine_list_filename: ]
[machines: ]
[gpu_platform_id: -1]
[gpu_device_id: -1]
[gpu_device_id_list: ]
[gpu_use_dp: 0]
[num_gpu: 1]

end of parameters

pandas_categorical:[]
