tree
version=v4
num_class=1
num_tree_per_iteration=1
label_index=0
max_feature_idx=99
objective=binary sigmoid:1
feature_names=game_month game_dayofweek inning balls_before strikes_before outs_before run_top_before run_bot_before run_total_before score_diff_home score_diff_pitcher_team runner_on_1b runner_on_2b runner_on_3b num_runners_on home_win_expectancy li pitcher_hand batter_hand pitcher_team_id batter_team_id asof_pitcher_n asof_pitcher_success_rate asof_pitcher_reverse_rate asof_pitcher_middle_rate asof_pitcher_ball_rate asof_pitcher_strike_rate asof_pitcher_prev1_game_success_rate asof_pitcher_prev3_game_success_rate asof_pitcher_prev5_game_success_rate asof_pitcher_prev1_game_middle_rate asof_pitcher_prev3_game_middle_rate asof_pitcher_prev5_game_middle_rate asof_batter_n asof_batter_success_rate asof_batter_middle_rate asof_pitcher_fastball_rate asof_pitcher_breaking_rate asof_pitcher_offspeed_rate tm_rel_var_rel_height tm_rel_var_rel_side tm_rel_var_extension tm_m_rel_speed tm_m_spin_rate tm_m_induced_vert_break tm_m_horz_break tm_m_extension tm_m_rel_height tm_m_rel_side tm_m_zone_speed tm_v_fastball tm_sp_fastball tm_v_breaking tm_sp_breaking tm_v_offspeed tm_sp_offspeed tm_n_types tm_velo_sep tm_prior_n tm_log_n tm_has is_F is_bottom base_code cnt_code cnt_diff is_3ball is_2strike pitcher_ahead is_full pitch_of_pa_est platoon hand_combo scoring_pos abs_score_diff close_game blowout late_close log_li we_pitcher log_pitcher_n log_batter_n is_rookie_p p_succ_eb200 p_succ_eb1000 b_succ_eb500 form_dev1 form_dev3 form_dev5 form_blend form_blend_dev mid_dev1 mid_dev3 mid_dev5 rev_plus_mid strike_minus_ball breaking_plus_off mix_entropy pb_succ_gap pb_mid_gap
feature_infos=[3:10] [0:6] [1:13] [0:3] [0:2] [0:2] [0:30] [0:22] [0:36] [-27:19] [-27:27] [0:1] [0:1] [0:1] [0:3] [0:100] [0:10.83] [1:2] [1:2] [12:25] [12:25] [0:15441] [0:1] [0:1] [0:1] [0:1] [0:1] [0:1] [0.125:0.92857100000000004] [0.14583299999999999:0.84999999999999998] [0:1] [0:0.52941199999999999] [0:0.5] [0:13927] [0:1] [0:1] [0:1] [0:1] [0:0.75] [0.013637649574865166:0.18554997200386428] [0.023687706151775116:0.23732486323619806] [0.031366467788529473:0.13700466977235751] [108.45118171673819:148.8045327198364] [1647.0762547857457:2618.9695819456679] [-11.586682218856058:49.265559574468085] [-33.423814428051948:47.192352120698978] [1.4374507923299569:2.0926419850537132] [0.32885211056511054:1.9900524966666668] [-1.0251837142857143:1.1894576892703863] [98.080663690987123:136.06468200409] [49.82336909871244:152.31761089597379] [778.98497854077243:2631.4251249578606] [79.204218749999995:137.76974130285953] [1277.1646875000001:2986.4456182349518] [18.772909547738692:141.12893333333332] [271.06256281407036:2458.9687092244781] [1:3] [-1.876799303439028:22.184692598937389] [28:13891] [0:9.5390684138639639] [0:1] [0:1] [0:1] [0:7] [0:11] [-2:3] [0:1] [0:1] [0:1] [0:1] [0:5] [0:1] [3:6] [0:1] [0:27] [0:1] [0:1] [0:1] [0:2.4706386779902956] [0:100] [0:9.6448463488687608] [0:9.5416564814480243] [0:1] [0.40472858414464541:0.6895921292984869] [0.42610256518733586:0.64407931365313642] [0.46357630684326712:0.66777509756097564] [-0.69708000000000003:0.57547199999999998] [-0.36004599999999998:0.42153800000000008] [-0.32457999999999998:0.34295799999999999] [0.14538039999999999:0.85785460000000002] [-0.35204580000000002:0.34438659999999999] [-0.23979600000000001:0.88841199999999998] [-0.21052599999999999:0.39727800000000002] [-0.21052599999999999:0.29999999999999999] [0:2] [-1:1] [0:1] [0:1.098612190055321] [-0.20445943210693651:0.15300624950021002] [-0.91282050000000003:0.88520100000000002]
tree_sizes=3575 3594 3612 3601 3617 3614 3625 3614 3610 3620 3617 3629 3614 3634 3602 3623 3622 3624 3612 3628 3618 3634 3621 3631 3630 3622 3620 3622 3637 3597 3624 3625 3606 3619 3627 3630 3634 3618 3613 3605 3595 3609 3578 3635 3603 3632 3617 3606 3586 3594 3612 3619 3610 3621 3586 3615 3602 3576 3622 3599 3632 3628 3614 3591 3619 3606 3623 3627 3623 3578 3610 3609 3621 3611 3602 3629 3607 3627 3607 3617 3606 3624 3583 3611 3601 3595 3601 3598 3618 3611 3613 3629 3634 3605 3593 3638 3601 3615 3631 3598

Tree=0
num_leaves=31
num_cat=0
split_feature=83 95 29 29 25 72 94 25 72 94 48 72 72 72 20 94 40 55 58 41 42 40 72 65 48 26 48 36 29 58
split_gain=1038.82 446.324 258.322 257.889 83.9491 76.7155 67.9999 67.3329 53.1285 53.0476 50.2808 48.5487 54.7694 47.8887 44.0154 43.6116 38.8098 38.2423 37.2007 37.0313 34.4775 33.2295 30.5773 36.5843 29.5477 29.2162 28.765 28.1248 27.6154 27.3875
threshold=0.51829260258249665 0.058695000000000032 0.45917250000000004 0.54685800000000018 0.33630250000000006 3.5000000000000004 0.47419850000000002 0.37290950000000006 5.5000000000000009 0.39230650000000006 0.26581363946966791 5.5000000000000009 3.5000000000000004 3.5000000000000004 13.500000000000002 0.39901050000000005 0.12281554148610253 1581.7085022781569 6480.5000000000009 0.077596286098170417 140.2021024780523 0.09407530612054206 4.5000000000000009 -1.0000000180025095e-35 0.33646485037753943 0.40809200000000007 -0.68096114943981245 0.4839575000000001 0.49313500000000005 2470.5000000000005
decision_type=2 10 10 8 10 2 10 10 2 10 8 2 2 2 2 10 10 8 10 8 8 10 2 2 10 8 8 8 10 8
left_child=2 11 6 14 9 20 8 10 13 -5 15 12 29 -1 -3 -7 -12 25 21 28 -4 -6 -9 -24 -13 -14 -8 -26 -16 -2
right_child=1 3 5 4 18 7 26 22 -10 -11 16 24 17 -15 19 -17 -18 -19 -20 -21 -22 -23 23 -25 27 -27 -28 -29 -30 -31
leaf_value=-0.04016451524231221 -0.044431716181159667 -0.019167013530246465 -0.039620512178154495 -0.0083114149110740006 -0.018934605910862809 -0.0027122993382346812 -0.051769422122539363 -0.026046767866325031 -0.039245987279623154 -0.025948703061836755 -0.028405117424815354 -0.02873838108834538 -0.04117943751558447 -0.03178108061215331 -0.029104796254473136 -0.022411785332030566 -0.012770711121416117 -0.022976912202377756 -0.013073077309116155 -0.020099226686285526 -0.028885845293917526 -0.035540248182227889 -0.027734549303579801 -0.034149434839073387 -0.027823742260761342 -0.02804301630987328 -0.040723460836267197 -0.038302711348106387 -0.024241981452251433 -0.030324049498135858
leaf_weight=2129.0730139017105 638.37197434902191 3984.9508171677589 2719.9545124769211 4677.811863720417 7309.5340712070465 330.43373143672943 692.36114680767059 2217.8052186369896 6442.9578632712364 472.15530914068222 9278.8891165852547 1919.8649706244469 525.14468210935593 8446.5560411810875 5120.7230377793312 1672.9144966006279 404.66884356737137 4034.690841794014 3083.3816270828247 2970.90418446064 1031.7930736541748 307.18839329481125 3018.8945599794388 8397.8158160448074 794.09074491262436 2022.5943682193756 4370.8734202980995 3276.8428283929825 6773.3915947079659 739.85162258148193
leaf_count=8518 2554 15943 10882 18715 29244 1322 2770 8873 25777 1889 37123 7681 2101 33793 20487 6693 1619 16142 12336 11886 4128 1229 12078 33598 3177 8092 17487 13110 27099 2960
internal_value=-0.0281384 -0.0229083 -0.0331126 -0.0198724 -0.0151731 -0.030015 -0.0371883 -0.0290249 -0.0356671 -0.00992069 -0.026241 -0.0304599 -0.0279005 -0.0334784 -0.0238286 -0.0190515 -0.0277364 -0.0260003 -0.0177159 -0.0250836 -0.0366777 -0.0196129 -0.031411 -0.0324541 -0.0338559 -0.0307904 -0.0422772 -0.0362624 -0.0263344 -0.0369275
internal_weight=99806.5 48651.5 51155 34700 15850.1 29073.2 22081.8 25321.4 17018.6 5149.97 11686.9 13951.5 7960.65 10575.6 18850 2003.35 9683.56 6582.43 10700.1 14865 3751.75 7616.72 13634.5 11416.7 5990.8 2547.74 5063.23 4070.93 11894.1 1378.22
internal_count=399306 194645 204661 138828 63413 116316 88345 101306 68088 20604 46757 55817 31849 42311 75415 8015 38742 26335 42809 59472 15010 30473 54549 45676 23968 10193 20257 16287 47586 5514
is_linear=0
shrinkage=1


Tree=1
num_leaves=31
num_cat=0
split_feature=22 95 29 22 71 71 44 25 38 89 89 24 94 89 96 45 47 55 38 52 84 40 64 20 38 20 31 28 40 39
split_gain=914.062 391.128 266.059 236.299 157.221 113.13 101.99 84.53 48.744 48.575 47.642 52.8397 44.4348 42.1476 40.176 38.9353 34.9156 32.0584 29.4491 28.665 34.8653 29.687 28.3686 28.1318 26.0982 25.114 24.0008 23.3625 35.1326 23.2088
threshold=0.51460200000000011 0.058695000000000032 0.56256850000000014 0.45619850000000006 1.0000000180025095e-35 1.0000000180025095e-35 25.360883754945785 0.33630250000000006 0.11562900000000001 0.52882945000000003 0.46401635000000008 0.11672450000000001 0.34599250000000009 0.41943475000000002 0.34080775000000002 -10.522967468686643 1.0640743314810861 1571.7769299971944 0.37711000000000006 116.1173645782569 0.57422651698813754 0.092695398371859986 10.500000000000002 13.500000000000002 0.047724950000000009 13.500000000000002 0.18646800000000002 0.56261900000000009 0.04678565079479035 0.033850088766318641
decision_type=10 10 8 10 2 2 10 10 10 10 10 10 10 10 10 8 10 8 10 8 2 10 2 2 10 2 10 10 10 8
left_child=3 5 9 15 10 17 8 -4 -6 16 -5 -12 26 -8 -7 -1 -3 -2 -15 -9 21 29 25 -10 -13 -18 -11 -26 -29 -21
right_child=1 2 7 4 6 14 13 19 23 12 11 24 -14 18 -16 -17 22 -19 -20 20 -22 -23 -24 -25 27 -27 -28 28 -30 -31
leaf_value=-0.017037935933197579 -0.0016944057380363566 0.0094444879021791557 0.018846895015604225 -0.0032029271712780711 -0.0061030098602588368 -0.013797878487538887 -0.015787550055309577 0.022693400047226735 0.0089092945770754828 0.0098217964562084103 0.02092166747334329 -0.0057555245203159749 0.0047496809302715881 -0.0088462822716187817 -0.0045315669266969812 -0.009922566403677802 0.0066310228638189785 0.0051110387914282684 0.0045446388812653855 0.012867563615900454 0.015435798149350009 -0.009020532819122384 -0.0082169404564212817 -0.00082952742444387982 0.0011961118867710827 0.0012776309643371519 0.020612140282961215 -0.0056842157920456958 0.012799680720451035 0.0058016841708053348
leaf_weight=2650.3139524012804 2847.0564263612032 1709.2972785383463 4532.1197685301304 7378.441180691123 4424.361085370183 1414.9821257442236 2333.8528513163328 429.23432239890099 956.99657906591892 2337.2680607289076 344.18816348910332 1164.5062041282654 5602.0828424692154 7222.0232552438974 6661.2890210151672 7296.479125842452 2757.47283808887 4386.8847783952951 429.38524317741394 1778.8487951755524 1820.1420289725065 253.68340952694416 651.89593483507633 3174.2046921402216 9219.764296784997 10549.147093057632 671.6955042630434 336.17256082594395 1019.0514514297247 3420.1955952346325
leaf_count=10606 11391 6838 18129 29521 17703 5662 9339 1717 3829 9350 1377 4659 22411 28897 26653 29196 11031 17550 1718 7116 7281 1015 2608 12700 36887 42204 2687 1345 4077 13682
internal_value=-1.65325e-06 0.00460136 0.00741353 -0.00497643 -0.003179 -0.00210581 -0.00647262 0.0134237 -0.00246208 0.0043807 -3.95791e-05 0.00189305 0.00739599 -0.00990303 -0.0061701 -0.0118337 0.00271983 0.00243398 -0.00808985 0.0102122 0.00944548 0.00742129 0.00189019 0.00144255 0.00131782 0.00239114 0.0122908 0.00210143 0.00820657 0.00823933
internal_weight=99773 51823.3 36513.1 47949.7 38002.9 15310.2 18540.8 12234.2 8555.56 24278.9 19462.1 12083.7 8611.05 9985.26 8076.27 9946.79 15667.8 7233.94 7651.41 7702.1 7272.87 5452.73 13958.5 4131.2 11739.5 13306.6 3008.96 10575 1355.22 5199.04
internal_count=399179 207325 146069 191854 152052 61256 74186 48940 34232 97129 77866 48345 34448 39954 32315 39802 62681 28941 30615 30811 29094 21813 55843 16529 46968 53235 12037 42309 5422 20798
is_linear=0
shrinkage=0.05


Tree=2
num_leaves=31
num_cat=0
split_feature=22 25 89 22 71 71 94 44 25 52 52 58 35 23 54 29 89 47 56 24 89 52 38 97 31 91 55 48 43 89
split_gain=845.33 398.71 256.262 177.258 123.997 97.7593 81.4191 79.9878 66.7438 63.2303 57.6655 46.5164 36.1604 35.315 34.9793 33.658 33.218 31.5517 28.7833 26.8413 26.0251 27.0278 28.9755 23.2005 21.4873 21.6929 21.4346 20.8997 20.809 20.2772
threshold=0.50535750000000002 0.37355250000000007 0.52882945000000003 0.45086250000000005 1.0000000180025095e-35 1.0000000180025095e-35 0.34915100000000004 15.292726713969804 0.33630250000000006 134.59924453545489 116.1173645782569 1196.5000000000002 0.14850050000000001 0.29815050000000004 131.40297312220989 0.63488800000000001 0.46992390000000012 1.9239938650704411 2.1777651606268282 0.17065350000000004 0.38323120000000005 131.49746549896454 0.25844500000000009 0.85421493579241814 0.15268750000000003 0.049841000000000017 1514.4888333830559 0.31897529322080292 1987.3587131102679 0.39999970000000007
decision_type=10 10 8 10 2 2 10 10 10 10 8 8 10 8 10 8 10 10 8 10 8 10 10 2 8 10 8 10 8 10
left_child=3 2 12 13 9 18 8 -6 -4 16 -8 14 -2 -1 -7 -13 27 -12 -3 26 -9 22 -22 -18 25 28 -20 -5 -10 -14
right_child=1 5 6 4 7 11 10 20 24 -11 17 15 29 -15 -16 -17 23 -19 19 -21 21 -23 -24 -25 -26 -27 -28 -29 -30 -31
leaf_value=-0.0073152809817981987 0.0047815496915200977 -0.006072123799640311 0.018614838497343092 -0.00090026750819745651 -0.00091204532348786714 -0.0073591074302562553 0.02111596504893902 -0.016002499515808323 -0.0027033645327269331 0.017604344136071433 0.005303448423934356 -0.0040804869335268118 -0.0089174462909471421 -0.014325189766794345 -0.020792035008128099 0.0083939442819756429 -0.003893645827856341 0.016438220143350984 -0.00017259495202026582 -0.0082946621301836429 -0.010528288080091115 -0.0032548172924492975 -2.1153744882810888e-05 0.0020969777700750305 0.013923207165537663 -0.0027844124861931118 0.0051649874356713074 -0.0062557083441917849 0.010506961624342608 0.00080979547045307698
leaf_weight=2685.0368480533361 8100.5790707916021 1026.2712119221687 4052.1373119801283 3272.2751524448395 3907.2758149504662 1819.8048702329397 685.72725665569305 1249.8661275357008 321.96087437868118 439.16073770821095 8419.5532750040293 7973.5970723927021 560.61084432899952 5656.1855761855841 661.67027068138123 570.79751291871071 2118.4675462245941 681.71845725178719 2808.0605323314667 511.15834908187389 7609.3234833627939 2098.8209339827299 718.02137358486652 6707.2300394326448 2799.9259272664785 400.73177661001682 5682.7707532197237 4110.7422776520252 3480.8957322984934 8762.6735072433949
leaf_count=10746 32407 4106 16209 13093 15634 7283 2743 5003 1288 1757 33681 31906 2243 22641 2648 2284 8476 2727 11235 2045 30453 8399 2873 26834 11200 1603 22734 16448 13924 35056
internal_value=-2.63606e-05 0.0037773 0.00681726 -0.00558723 -0.00390367 -0.00174854 0.0105571 -0.00710763 0.0134991 -0.000902127 0.00722336 -0.00499579 0.00234009 -0.0120802 -0.01101 -0.00323831 -0.00141409 0.00615461 0.00182318 0.00272902 -0.00917837 -0.00834575 -0.00962343 0.000656245 0.010517 0.00822046 0.00340163 -0.00388652 0.00938438 0.000215967
internal_weight=99893.1 59320.6 38266.5 40572.4 32231.2 21054.1 20842.7 15583.3 11055.7 16647.9 9787 11025.9 17423.9 8341.22 2481.48 8544.39 16208.7 9101.27 10028.3 9001.99 11676 10426.2 8327.34 8825.7 7003.51 4203.59 8490.83 7383.02 3802.86 9323.28
internal_count=399679 237322 153081 162357 128970 84241 83375 62362 44224 66608 39151 44121 69706 33387 9931 34190 64851 36408 40120 36014 46728 41725 33326 35310 28015 16815 33969 29541 15212 37299
is_linear=0
shrinkage=0.05


Tree=3
num_leaves=31
num_cat=0
split_feature=22 25 22 89 71 71 44 25 96 3 89 94 89 25 19 3 71 94 54 20 26 89 53 48 23 20 55 25 20 89
split_gain=770.916 296.536 190.654 188.604 130.742 102.653 86.7366 66.4226 37.8901 37.548 37.251 36.3934 35.5733 41.0566 36.5924 34.8826 30.9824 34.3409 28.6366 28.5382 27.1065 25.7061 25.3893 24.9914 24.2679 24.1923 22.767 25.2787 22.5562 22.5429
threshold=0.51607150000000013 0.37355250000000007 0.45619850000000006 0.55605670000000007 1.0000000180025095e-35 1.0000000180025095e-35 25.360883754945785 0.33668350000000008 0.34080775000000002 1.5000000000000002 0.42127350000000002 0.39155650000000009 0.52564270000000013 0.36721350000000003 13.500000000000002 2.5000000000000004 1.0000000180025095e-35 0.47419850000000002 135.92879117703202 13.500000000000002 0.45906550000000007 0.46320495000000006 2424.6205028489571 0.42635232843149057 0.2243745 12.500000000000002 1527.8550540974854 0.39779550000000002 13.500000000000002 0.56703340000000013
decision_type=10 10 10 8 2 2 10 10 10 2 10 10 10 10 2 2 2 10 8 2 10 10 10 10 10 2 8 10 2 10
left_child=2 3 16 9 12 26 15 11 18 28 -8 -5 19 14 -14 22 17 -1 -7 25 -12 -11 -6 -9 -25 -4 27 -3 -2 -10
right_child=1 5 4 7 6 8 10 23 29 21 20 -13 13 -15 -16 -17 -18 -19 -20 -21 -22 -23 -24 24 -26 -27 -28 -29 -30 -31
leaf_value=-0.0035211583365848003 0.0087755782800728443 0.0021902147366204142 -0.0024605988689065696 0.017277161902403214 0.00024825167751363038 -0.015757643025919716 -0.014339409189082357 0.011175375696674568 -0.0051807875620577632 -0.0070994122887222625 -0.0086179659546845155 0.0029075010223411244 0.022412290613768284 8.3576568054392344e-05 0.0053521458262066638 -0.012985432595437338 -0.01359713892234901 -0.011781069006452661 0.0012698935908862789 -0.0023539480938560412 -0.00082916528698572423 0.0018406993014608184 -0.0062486597264062704 0.007862179691133989 -0.001439139850906669 0.005558184598770023 0.0048486032117194692 -0.008712457624190843 0.0040534155715470158 0.0016432106902140938
leaf_weight=2353.553164511919 3183.3835240006447 1835.3428792953491 1511.8606610298157 4616.1300900280476 6160.5846824944019 1213.1178724169731 2483.3312249481678 4756.022168815136 5244.2240862250328 999.8252469599247 6648.2991032004356 491.98594127595425 449.94153361022472 2383.5290157645941 1022.625876814127 688.19220072031021 4827.1395572274923 2723.8793375641108 307.59676098823547 12502.660611018538 1344.9539854824543 3936.1649698019028 1979.0402746498585 3159.3902912735939 896.9408126026392 2459.3000067919493 4899.667887404561 736.96638888120651 12407.993318855762 1567.1545386016369
leaf_count=9420 12734 7343 6049 18468 24651 4857 9944 19025 20986 4000 26611 1968 1800 9536 4091 2754 19328 10908 1231 50024 5382 15746 7921 12638 3588 9840 19600 2949 49637 6271
internal_value=-9.42607e-05 0.00426872 -0.00452001 0.00686969 -0.00296788 -0.00140133 -0.00591376 0.0113608 -0.00521447 0.00382004 -0.00898838 0.0159015 -0.00016907 0.00414763 0.0106809 -0.00225885 -0.0107218 -0.00796678 -0.0123277 -0.0011814 -0.00731009 1.91139e-05 -0.00133711 0.00871368 0.00580698 0.00250684 0.00285203 -0.000955043 0.00502257 -0.00361062
internal_weight=99790.8 50251.9 49538.9 34447.8 39634.3 15804.1 19304.4 13920.5 8332.09 20527.4 10476.6 5108.12 20329.9 3856.1 1472.57 8827.82 9904.57 5077.43 1520.71 16473.8 7993.25 4935.99 8139.62 8812.35 4056.33 3971.16 7471.98 2572.31 15591.4 6811.38
internal_count=399300 201041 198259 137804 158603 63237 77263 55687 33345 82117 41937 20436 81340 15427 5891 35326 39656 20328 6088 65913 31993 19746 32572 35251 16226 15889 29892 10292 62371 27257
is_linear=0
shrinkage=0.05


Tree=4
num_leaves=31
num_cat=0
split_feature=25 89 23 83 19 23 89 22 48 26 38 49 65 48 35 57 38 90 39 43 24 89 28 91 24 18 70 35 19 55
split_gain=687.572 407.259 174.997 89.0369 89.6533 81.2337 76.5861 41.9096 39.1902 38.8937 37.213 36.6144 35.5123 36.4381 31.8314 29.3197 28.9282 28.6196 26.6699 31.4407 25.8481 24.4706 24.4612 22.9658 22.9275 21.4855 20.4522 20.2976 21.7352 19.6761
threshold=0.37290950000000006 0.52882945000000003 0.28997750000000005 0.58112803663350043 13.500000000000002 0.22690450000000004 0.44605140000000004 0.46339000000000002 0.42203941974633991 0.45172250000000008 0.045610450000000004 128.64607218684014 -1.0000000180025095e-35 0.46292451128983791 0.13593400000000003 15.230374655375151 0.17349350000000005 0.051960100000000044 0.045610755026316958 2322.5392749546622 0.15713850000000004 0.54307130000000015 0.37341350000000006 0.11055350000000001 0.14232950000000003 1.5000000000000002 1.5000000000000002 0.14867950000000005 19.500000000000004 1767.1379097144165
decision_type=8 10 8 2 2 10 8 10 10 10 10 10 2 10 10 10 10 10 10 10 10 10 8 10 10 2 2 8 2 10
left_child=1 5 6 4 9 27 16 -7 15 11 -8 -3 -12 21 -9 -4 18 26 19 -2 24 -14 -16 -5 -11 -10 -6 28 -1 -28
right_child=2 3 8 23 17 7 10 14 25 20 12 -13 13 -15 22 -17 -18 -19 -20 -21 -22 -23 -24 -25 -26 -27 29 -29 -30 -31
leaf_value=0.0074752677109010471 -0.0047123510385540038 -0.0026026942982091739 -0.014090858414268582 0.016207077013047713 0.0085766739408435315 -0.0078154064743223613 -0.0058678259923352297 0.0048114349509788233 -0.0011147086241904542 0.012640477436978978 0.0025284065317294287 0.015795639144576722 -0.0019032772471842146 -0.0051874974400995203 -0.010271320372553738 0.00053996364431854326 -0.0014920423286265781 0.0005333458774133585 -0.012762417588130754 -0.013609243760260915 -0.00011727924580068348 0.0031353126150868386 -0.0013829712635251576 0.0030287979723571572 0.020433469058254983 -0.010264106824366719 0.0016744929147434922 0.0013609421892411182 0.00023405450970778518 0.0082363560564593773
leaf_weight=3919.40601991117 5675.9374022036791 711.58588597178459 5594.0715895146132 4166.4391649365425 4833.467053771019 2674.2296091169119 4302.1582778096199 2006.8525720089674 1264.8910826444626 2474.4216728657484 5915.0606182217598 423.91423115134239 7509.4465185850859 5774.9309714585543 813.40459017455578 363.93648938834667 2286.8452665656805 2808.5255717039108 2078.7448485791683 1200.453634545207 272.98277376592159 3536.1930916458368 13036.672975227237 364.6382721811533 1621.1218701452017 1297.9922338277102 3232.7894744575024 6231.1513769179583 1408.3806267380714 1762.6538738906384
leaf_count=15679 22720 2847 22409 16671 19335 10708 17219 8030 5062 9900 23669 1696 30050 23111 3256 1457 9153 11236 8322 4806 1092 14149 52163 1459 6487 5198 12932 24928 5634 7051
internal_value=-8.52606e-05 0.00382769 -0.00449657 0.00888672 0.0073135 1.4092e-05 -0.00305242 -0.00203736 -0.0109732 0.0126362 -0.00160917 0.00434385 -0.0008011 -0.00197275 -0.0010586 -0.0131977 -0.00651902 0.00498712 -0.00779965 -0.00628304 0.0147768 -0.000288827 -0.00191201 0.0151556 0.0157674 -0.00577038 0.00625792 0.00330187 0.0055651 0.00400169
internal_weight=99563.3 52762.6 46800.7 22672.5 18141.5 30090.1 38279.8 18531.2 8520.89 5504.03 27037.8 1135.5 22735.6 16820.6 15856.9 5958.01 11242 12637.4 8955.14 6876.39 4368.53 11045.6 13850.1 4531.08 4095.54 2562.88 9828.91 11558.9 5327.79 4995.44
internal_count=398429 211104 187325 90706 72576 120398 153199 74157 34126 22022 108198 4543 90979 67310 63449 23866 45001 50554 35848 27526 17479 44199 55419 18130 16387 10260 39318 46241 21313 19983
is_linear=0
shrinkage=0.05


Tree=5
num_leaves=31
num_cat=0
split_feature=25 89 23 71 29 84 71 89 29 20 61 84 84 20 48 2 37 26 95 58 71 58 91 64 64 45 89 20 54 37
split_gain=638.407 387.264 162.939 116.771 80.8721 76.6043 47.5831 46.6676 44.3659 37.8003 37.621 37.0219 36.2197 36.0759 30.6537 30.5243 28.9441 28.3073 26.6996 26.0483 25.88 32.0956 24.5791 23.5361 23.2594 23.2018 25.4868 22.6478 29.689 22.2594
threshold=0.37565950000000009 0.52882945000000003 0.28997750000000005 1.0000000180025095e-35 0.58486350000000009 0.51847924709723836 1.0000000180025095e-35 0.44605140000000004 0.44414200000000004 13.500000000000002 1.0000000180025095e-35 0.52592866582090603 0.52877697841726634 13.500000000000002 -0.58574924347740442 4.5000000000000009 0.26952950000000003 0.40757550000000003 0.088804500000000022 1909.5000000000002 1.0000000180025095e-35 4891.5000000000009 0.12135350000000002 10.500000000000002 4.5000000000000009 -6.9242516412055153 0.46992390000000012 13.500000000000002 128.18910142900577 0.38518100000000005
decision_type=8 10 8 2 10 2 2 8 10 2 2 2 2 2 8 2 10 10 10 8 2 8 8 2 2 8 10 2 8 10
left_child=1 5 3 11 12 9 8 19 -4 22 15 14 18 -7 -2 -6 -13 -18 -3 -5 25 -22 -1 -9 -15 -11 -27 -16 -29 -20
right_child=2 4 6 7 10 13 -8 23 -10 20 -12 16 -14 24 27 -17 17 -19 29 -21 21 -23 -24 -25 -26 26 -28 28 -30 -31
leaf_value=0.0035934406713306957 0.0076541032010477312 -0.0035477876885213287 -0.01091543108325555 -0.013507098061278236 0.016380369823576026 0.0070769158911695848 -0.014592152076776679 -0.0036615626572621125 -0.00031158011433062385 0.0047193091587437036 -0.002270167883336015 0.0087649653557214276 0.008070271436164414 0.0028206603950068905 0.0014284384199263396 0.010120256018607577 -0.011138912378879894 0.0028071881227875492 0.0062190578256882002 -0.0065904236103233515 -0.0099499646767595134 -0.0026024901714352851 -0.0081086854661408022 -0.013741084036149634 -0.0018173104502472522 -0.0062741566741656351 0.00021731933767550976 -0.0098683523452064575 -0.0021111556216272588 -0.0041601541455864892
leaf_weight=3334.2597499936819 850.59708374738693 1211.4176463335752 2693.4285987317562 2449.0420233607292 3765.8790707737207 3387.03767170012 4170.0708861798048 12049.959968194366 1554.0659988671541 1204.967194467783 416.39744117856026 1778.773678958416 9588.7880356609821 7915.4847718626261 3247.8848756998777 4201.7262327373028 425.32457599043846 2206.9189387559891 3794.0787768214941 3138.0246461927891 2784.083820939064 3196.4283971041441 508.65897084772587 600.24110391736031 4094.1589023023844 2858.2703212499619 3196.5013949871063 1487.5775065720081 7048.7791336625814 590.60812012851238
leaf_count=13344 3403 4847 10793 9811 15073 13549 16713 48235 6221 4821 1666 7116 38362 31665 12996 16814 1702 8829 15178 12567 11147 12794 2036 2403 16379 11441 12789 5953 28206 2363
internal_value=-2.0553e-05 0.00351122 -0.00455003 -0.00305703 0.00838872 -2.96152e-05 -0.010797 -0.00583676 -0.00704556 -0.00233423 0.012331 -8.13334e-05 0.00620542 0.00252729 -0.0014583 0.0130959 0.00385721 0.000520113 0.00300134 -0.009641 -0.00360077 -0.00603383 0.00202749 -0.0041503 0.00123935 -0.00159089 -0.0028524 -0.00212198 -0.00347292 0.00481471
internal_weight=99749.4 56048.7 43700.7 35283.1 23568.9 32479.9 8417.57 18237.3 4247.49 17083.2 8384 17045.9 15184.9 15396.7 12634.8 7967.61 4411.02 2632.24 5596.1 5587.07 13240.3 5980.51 3842.92 12650.2 12009.6 7259.74 6054.77 11784.2 8536.36 4384.69
internal_count=399216 224268 174948 141221 94303 129965 33727 73016 17014 68372 33553 68205 60750 61593 50558 31887 17647 10531 22388 22378 52992 23941 15380 50638 48044 29051 24230 47155 34159 17541
is_linear=0
shrinkage=0.05


Tree=6
num_leaves=31
num_cat=0
split_feature=25 29 94 84 89 94 25 19 89 39 97 87 21 65 84 94 27 27 86 64 26 35 39 97 27 21 37 30 2 97
split_gain=609.779 329.249 137.337 81.6935 71.4944 57.0207 47.6662 42.0001 40.5918 34.4735 27.7085 26.7128 25.3734 24.6115 23.6839 23.4663 23.0728 22.9458 22.7454 22.4917 20.973 20.9346 20.6646 24.0555 20.575 20.3806 22.2247 18.3696 18.2084 18.1329
threshold=0.37355250000000007 0.53973400000000005 0.46479350000000003 0.51847924709723836 0.44605140000000004 0.34915100000000004 0.33580050000000006 13.500000000000002 0.48134330000000008 0.037289542654493427 0.82650480512140356 -0.0099734999999999945 4939.5000000000009 -1.0000000180025095e-35 0.55594618927600703 0.44475200000000004 0.52020400000000011 0.77951400000000015 0.14267900000000003 9.5000000000000018 0.49834200000000001 0.13926250000000004 0.045610755026316958 0.91274988406629043 0.38790750000000007 4755.5000000000009 0.26818800000000004 0.25967750000000006 6.5000000000000009 0.86914163159649527
decision_type=8 10 8 2 8 10 10 2 10 10 2 10 2 2 2 10 10 8 10 2 10 10 10 2 10 2 10 10 2 2
left_child=1 3 4 8 11 6 -3 -7 15 10 17 22 18 -11 -15 -1 -8 -6 20 -14 -5 -4 -2 24 28 26 -12 29 -24 -28
right_child=2 5 21 12 9 7 16 -9 -10 13 25 -13 19 14 -16 -17 -18 -19 -20 -21 -22 -23 23 -25 -26 -27 27 -29 -30 -31
leaf_value=-0.0021262750714419478 -0.004483123485899773 0.015760603389959767 -0.0063135459914537137 0.0064338657246631945 -0.0062976486151283305 0.011344490004127567 0.0032051033372866109 0.0037016053036115731 0.00087019941059139421 -0.00015609371265133706 0.0058240864770988422 -0.015279374800492053 0.0019131279489188703 -0.0055350013056838154 0.0010324047707768525 -0.0072854908921602835 0.01033111605439135 0.0077585730142720501 -0.0078574133616512443 -0.0078684827040161852 -0.0025831302081495652 -0.013521379720057092 -0.013334441693590882 -0.0043538607107565996 -0.018183371959467284 -0.0044264474809316235 0.0061542841753457105 0.0080237930310102998 0.00046589634129197573 -0.0019949412986883714
leaf_weight=6145.623522490263 8052.1616208255291 3823.0834959894419 1369.2998092919588 7104.190943479538 2283.6168107390404 2497.1838597655296 1493.9797484278679 6414.3424499928951 7817.3204292654991 4129.9078995734453 2781.1790591031313 803.41908392310143 8423.6416388303041 10117.81672488153 1584.7434741556644 3437.7970805466175 4888.7799112349749 323.77599954605103 317.71711002290249 621.88427700102329 703.85334917902946 4117.9813645482063 572.29033955931664 1495.3305473476648 927.17130762338638 1349.1767680794001 804.6414058804512 680.18699499964714 404.33313356339931 4204.5143846422434
leaf_count=24599 32244 15312 5491 28419 9142 9996 5977 25660 31279 16529 11128 3218 33697 40501 6342 13768 19562 1296 1271 2488 2816 16514 2293 5988 3715 5399 3220 2722 1620 16826
internal_value=-9.63586e-05 0.00352303 -0.00432047 0.000610702 -0.00331325 0.00878663 0.0113394 0.00585361 -0.00180326 -0.00192888 4.25115e-05 -0.00650147 0.00305655 -0.0034753 -0.00464553 -0.00398267 0.00867079 -0.00452923 0.00508284 0.00123269 0.00561877 -0.0117375 -0.00587282 -0.00914206 -0.0128605 0.0012598 0.00216966 0.000376139 -0.00767413 -0.000676244
internal_weight=99690.9 53689.4 46001.5 34572 40514.3 19117.4 10205.8 8911.53 17400.7 28259.6 12427.1 12254.7 17171.3 15832.5 11702.6 9583.42 6382.76 2607.39 8125.76 9045.53 7808.04 5487.28 11451.3 3399.13 1903.79 9819.7 8470.52 5689.34 976.623 5009.16
internal_count=399032 214844 184188 138337 162183 76507 40851 35656 69646 113105 49733 49078 68691 63372 46843 38367 25539 10438 32506 36185 31235 22005 45860 13616 7628 39295 33896 22768 3913 20046
is_linear=0
shrinkage=0.05


Tree=7
num_leaves=31
num_cat=0
split_feature=84 95 83 29 25 25 29 80 94 44 29 45 8 45 97 44 27 38 45 32 38 72 48 32 38 44 61 66 94 72
split_gain=540.507 156.59 145.151 110.532 79.4891 53.1472 51.0827 45.6895 40.9006 32.022 29.328 29.1757 28.4127 28.2172 26.9573 25.9037 25.5501 24.5332 29.1035 23.7545 23.7243 23.08 21.5715 20.0652 19.5075 18.9674 18.5652 17.4566 19.9289 17.4559
threshold=0.52332434311271536 0.058695000000000032 0.46609111837237982 0.53666650000000005 0.37596450000000009 0.33630250000000006 0.56169350000000018 9.0805163825193915 0.38595450000000009 39.184875407399659 0.45917250000000004 -20.309114705303369 6.5000000000000009 -11.084909650527029 0.99246600642801364 23.78518905108584 0.44018350000000006 0.065777400000000014 21.654809573589102 0.092728550000000007 0.21137050000000004 5.5000000000000009 0.47342148342795171 0.17245400000000002 0.17246050000000004 20.041140563781138 1.0000000180025095e-35 1.0000000180025095e-35 0.37044400000000005 3.5000000000000004
decision_type=2 10 2 8 8 10 10 2 10 8 10 8 2 8 2 10 10 10 10 10 10 2 8 8 10 8 2 2 10 2
left_child=2 15 13 9 6 8 12 19 14 26 21 -7 17 -1 -5 -2 -17 -4 -19 -8 25 29 -13 -10 -11 -12 27 28 -3 -6
right_child=1 3 4 5 10 11 7 -9 23 24 20 22 -14 -15 -16 16 -18 18 -20 -21 -22 -23 -24 -25 -26 -27 -28 -29 -30 -31
leaf_value=-0.014998944821445646 0.0026401230572686732 0.0045844232630154174 -0.0049030227262337111 0.015823637435912058 -0.0090231596519679668 -0.0061194522402111817 0.013005727138478269 0.018608738258527269 -0.0089775362262761484 0.0032021815009328327 0.002599068972288932 0.0096619391539811729 -0.0040015582225575745 -0.0078016343737051302 -0.00094017068040713487 -0.0066972677741577898 -0.00041856140358797393 0.0022211987099692294 -0.0029444969029953764 -0.0015089937229844127 0.0017682192704136545 -0.0088447109898966165 0.0052488344730420387 0.0082063089977400059 0.016126193658743151 -0.0041008111483938053 -0.0056658071650611784 -0.0039538366424173325 3.7838026463727883e-06 -0.0027807397769154716
leaf_weight=1777.4066758602858 3707.8567513078451 7611.7281220853329 2022.2486638277769 4233.5272496789694 1424.6951350420713 400.97255085408688 377.59915411472321 628.50345066189766 257.6769817173481 513.93739059567451 1154.8840652257204 5659.7902676165104 5132.5222696363926 6026.1542193442583 253.02253463864326 2403.7727197706699 4933.3606524765491 11128.228556096554 3601.0915521532297 1027.3374613523483 2564.0512833446264 4326.8981027156115 5513.4861242324114 455.9398265182972 684.93569174408913 11650.70233425498 710.03577822446823 927.54706357419491 3449.0246306955814 5186.2324536442757
leaf_count=7137 14838 30449 8095 16965 5711 1604 1511 2518 1031 2056 4623 22650 20543 24158 1013 9624 19745 44530 14412 4110 10261 17343 22059 1824 2740 46639 2841 3711 13797 20763
internal_value=2.41807e-06 0.00434285 -0.00311812 0.00618063 -0.00213139 0.0089118 -4.50308e-05 0.00751547 0.0131131 0.00287996 -0.00402747 0.00701453 -0.000750654 -0.00945805 0.0148782 -0.000761573 -0.00248189 0.000247185 0.000957125 0.00245642 -0.0026164 -0.00600608 0.00749092 0.00196315 0.0106582 -0.00349502 0.0021378 0.00260432 0.00315736 -0.00413762
internal_weight=99745.2 41716.6 58028.6 30671.6 50225 16774.4 23917.5 2033.44 5200.17 13897.2 26307.5 11574.2 21884.1 7803.56 4486.55 11045 7337.13 16751.6 14729.3 1404.94 15369.6 10937.8 11173.3 713.617 1198.87 12805.6 12698.3 11988.3 11060.8 6610.93
internal_count=399301 166947 232354 122740 201059 67146 95719 8139 20833 55594 105340 46313 87580 31295 17978 44207 29369 67037 58942 5621 61523 43817 44709 2855 4796 51262 50798 47957 44246 26474
is_linear=0
shrinkage=0.05


Tree=8
num_leaves=31
num_cat=0
split_feature=83 89 94 71 26 42 71 26 52 55 97 89 94 83 55 47 49 49 55 45 40 43 58 26 47 45 65 26 97 94
split_gain=455.4 158.322 128.868 120.563 71.1895 69.5413 68.8436 52.8927 38.1458 37.9085 34.649 35.058 32.3895 30.7871 30.6656 29.1434 28.7723 29.3295 28.205 28.1873 27.9997 29.4876 26.8858 24.4992 24.4278 23.8684 23.7991 22.92 22.7149 22.2074
threshold=0.51533025229046248 0.55605670000000007 0.48158650000000003 1.0000000180025095e-35 0.44807200000000008 133.09818701660762 1.0000000180025095e-35 0.43234850000000008 134.35404545841797 1328.4990616552325 0.8577070971533598 0.53641530000000015 0.42029750000000005 0.58414281803934298 1639.9640046757663 1.2573927736051507 126.6549564957612 125.37192537466846 1779.675578880137 -6.1853430826940858 0.040461777957409996 2267.5525967749186 7632.0000000000009 0.43563150000000006 1.8241170177932884 1.6998500636082645 1.0000000180025095e-35 0.40757550000000003 0.91370582036733938 0.46166650000000009
decision_type=2 10 10 2 10 10 2 10 10 8 2 10 10 2 8 8 8 10 8 10 10 10 8 10 10 8 2 10 2 10
left_child=2 6 3 8 14 23 16 25 10 -9 -1 29 -10 24 -3 -11 17 -2 -16 -7 -21 -22 -13 -5 -6 -8 -4 -19 -18 -12
right_child=1 4 26 5 13 19 7 9 12 15 11 22 -14 -15 18 -17 28 27 -20 20 21 -23 -24 -25 -26 -27 -28 -29 -30 -31
leaf_value=-0.0035043959233567418 0.0034456619629809611 -0.0015290428727824672 -0.0089721595589953677 -0.0051137676290002806 0.0059898308624600372 -0.011599868187091036 -0.011929131624193838 -0.0084699646355154076 0.0020940047644765398 0.012597502081944914 0.00071382120938872219 0.0098113766367440014 0.024729976296864582 0.01411205791607535 0.0091185662164722566 0.0012085941677694517 0.0024854735768497799 -0.016198526095535109 0.0012720301297404226 0.0026002086612245509 -0.0051731568291880055 -0.010932977447325163 -0.005605864000769312 0.0015820981185137998 0.011636765936253462 -0.0034426704796830798 -0.016869437412141641 -0.00098926774609090179 0.0087059451704659674 -0.0057373121918741126
leaf_weight=6280.36065338552 8340.1967573016882 2350.3451274186373 3111.0434750020504 2084.9958143234253 5376.392418295145 2842.3853138238192 1014.5087927430868 958.90994073450565 366.62851133942604 587.39362490177155 11799.005214288831 1615.9126777201891 270.51518660783768 2797.8361863493919 2463.8292355537415 9472.3241397589445 2440.2150622308254 265.95091010630131 2139.5058120191097 862.17297202348709 8351.2411466538906 3041.6643765717745 335.45456059277058 3917.3639525622129 3010.6325778365135 4419.5923848897219 1408.0114009380341 2437.0210842639208 3712.7233090698719 1493.9230554699898
leaf_count=25145 33366 9406 12489 8352 21521 11396 4064 3840 1467 2350 47218 6466 1083 11218 9861 37897 9763 1065 8561 3453 33456 12192 1342 15681 12060 17696 5653 9750 14853 5984
internal_value=8.08267e-05 0.00332856 -0.0034392 -0.00259843 0.00709265 -0.00530261 0.001298 -0.00101392 -2.26056e-05 0.000977394 -0.000382035 0.000905772 0.0119383 0.00956138 0.00311372 0.00188545 0.00350928 0.00197963 0.00548237 -0.00711153 -0.00606192 -0.00671915 0.00714597 -0.000748433 0.00802832 -0.00504604 -0.0114645 -0.00253993 0.00624698 -1.49559e-05
internal_weight=99568.1 51787.4 47780.7 43261.6 18138.5 21099.8 33648.8 16452.7 22161.8 11018.6 21524.7 15244.3 637.144 11184.9 6953.68 10059.7 17196.1 11043.2 4603.34 15097.5 12255.1 11392.9 1951.37 6002.36 8387.02 5434.1 4519.05 2702.97 6152.94 13292.9
internal_count=398648 207271 191377 173235 72627 84530 134644 65847 88705 44087 86155 61010 2550 44799 27828 40247 68797 44181 18422 60497 49101 45648 7808 24033 33581 21760 18142 10815 24616 53202
is_linear=0
shrinkage=0.05


Tree=9
num_leaves=31
num_cat=0
split_feature=22 95 29 22 71 44 71 29 24 20 38 97 44 58 41 45 94 19 20 29 0 97 91 36 58 17 55 64 49 20
split_gain=459.696 171.054 131.816 100.789 68.0685 66.41 64.0501 41.2517 38.7694 34.4821 32.4492 32.0601 31.2777 29.9956 29.558 28.1939 26.8567 28.1916 25.8889 30.6121 25.6197 25.4125 25.4119 24.6115 24.3043 22.6499 22.5219 22.4092 21.9062 26.829
threshold=0.5133215000000001 0.058695000000000032 0.56796650000000015 0.45619850000000006 1.0000000180025095e-35 24.102065327584004 1.0000000180025095e-35 0.47839550000000003 0.11825300000000001 13.500000000000002 0.11900850000000002 1.0555631123498117 24.037863814132841 5746.0000000000009 0.078697973988904671 -10.522967468686643 0.36690900000000004 20.500000000000004 12.500000000000002 0.46680050000000006 4.5000000000000009 0.86034395600916802 -0.0023708499999999864 0.65790050000000011 5578.0000000000009 1.5000000000000002 1571.7769299971944 8.5000000000000018 127.58549459808931 13.500000000000002
decision_type=10 10 8 10 2 10 2 10 10 2 10 2 10 10 8 8 10 2 2 8 2 2 10 10 10 2 8 2 8 2
left_child=3 6 7 15 8 10 26 -3 -5 18 27 21 -8 14 -4 -1 17 28 19 -10 -20 -11 -7 -14 -18 -23 -2 -6 29 -9
right_child=1 2 13 4 5 22 12 16 9 11 -12 -13 23 -15 -16 -17 24 -19 20 -21 -22 25 -24 -25 -26 -27 -28 -29 -30 -31
leaf_value=-0.012549440514147676 -0.0012336843384019528 -0.00069149507505477607 0.0050736343746912143 0.012761102100077354 -0.002928496788439235 -0.0045048087972954726 5.2751077227486772e-05 0.011328214890206077 -0.010382606835304314 -0.0058800516058195983 0.0025454661394956417 0.012386081750805095 -0.0047390169433843546 0.013369022585926097 0.01145695959667589 -0.0064810227663018019 0.0035411182168602717 -0.0019066326647296857 -0.0032634767356477497 0.0035231696778068411 0.0087966924822336142 0.0030658312309144228 -0.0094152705693272311 -0.013215476936946559 -0.0025379970636800644 -0.0023892943316590944 0.0044080616968477909 -0.01650707990857701 0.010761141062846971 0.0038614741507965382
leaf_weight=2621.4085500836372 2905.7692594379187 5641.914633795619 4317.2398244291544 539.77689723670483 3529.9379027336836 4957.5908702164888 2851.0052298605442 1480.7730663120747 620.79942102730274 3644.961648106575 3476.541086897254 371.64067274332047 4408.6214145869017 3590.9502811729908 3156.0924013257027 7256.2621146887541 7008.0041636973619 1079.1357990950346 551.80698747932911 1053.2408175319433 2086.0101995021105 2537.8579244315624 5696.8599111139774 1060.9850663244724 2139.2547148913145 7511.2624196559191 4497.3750705718994 323.47093945741653 2393.5104550421238 6359.9043622165918
leaf_count=10539 11629 22572 17283 2161 14136 19867 11413 5925 2485 14591 13913 1488 17654 14397 12652 29108 28035 4317 2208 4214 8347 10154 22839 4255 8558 30060 17991 1296 9580 25448
internal_value=-8.70724e-06 0.00318447 0.00503355 -0.00361894 -0.00241692 -0.00461844 -0.00118668 0.00309283 -0.000322635 -0.000713655 -0.000953202 -0.00191276 -0.00419448 0.00960512 0.00778111 -0.00810257 0.00413617 0.00576447 0.00319334 -0.00166467 0.00627102 -0.00230957 -0.00713676 -0.00640438 0.00211819 -0.00100995 0.00219497 -0.00410812 0.00657441 0.00528426
internal_weight=99670 52890.5 37166.8 46779.4 36901.8 17984.4 15723.8 26102.5 18917.4 18377.6 7329.95 14065.7 8320.61 11064.3 7473.33 9877.67 20460.6 11313.3 4311.86 1674.04 2637.82 13694.1 10654.5 5469.61 9147.26 10049.1 7403.14 3853.41 10234.2 7840.68
internal_count=399115 211709 148767 187406 147759 72051 62942 104435 75708 73547 29345 56293 33322 44332 29935 39647 81863 45270 17254 6699 10555 54805 42706 21909 36593 40214 29620 15432 40953 31373
is_linear=0
shrinkage=0.05


Tree=10
num_leaves=31
num_cat=0
split_feature=25 89 23 71 94 83 52 25 89 71 29 35 37 23 26 33 79 47 57 37 98 99 3 94 65 44 37 31 40 38
split_gain=415.237 214.666 108.079 78.106 72.4155 50.0089 44.7997 38.6966 38.4927 33.8575 36.4079 31.3245 28.5238 29.503 25.1921 22.1345 22.2158 21.4213 23.5981 21.2711 20.7731 20.3875 20.2467 20.2858 19.7967 21.1995 19.7141 19.7125 19.1135 19.6739
threshold=0.37565950000000009 0.52743570000000006 0.28824750000000005 1.0000000180025095e-35 0.34915100000000004 0.49690618723768604 116.1173645782569 0.33630250000000006 0.44605140000000004 1.0000000180025095e-35 0.44414200000000004 0.13593400000000003 0.29778100000000007 0.23853150000000004 0.40700600000000003 287.50000000000006 60.350000000000001 1.9120942162772294 7.8410758897106279 0.31156000000000006 -0.03842201174922704 -0.058522999999999992 2.5000000000000004 0.37044400000000005 -1.0000000180025095e-35 27.380987387308977 0.22494450000000002 0.17215800000000003 0.052034081855258867 0.11487050000000001
decision_type=8 10 8 2 10 2 8 10 8 2 8 10 10 10 10 2 2 10 8 10 2 10 2 10 2 10 8 10 10 10
left_child=1 5 3 12 7 -1 -6 -3 -5 10 -4 -7 13 -2 -14 -9 -17 18 19 -8 -12 -13 23 -23 28 -26 -20 -18 -10 -30
right_child=2 4 9 8 6 11 17 15 24 -11 20 21 14 -15 -16 16 27 -19 26 -21 -22 22 -24 -25 25 -27 -28 -29 29 -31
leaf_value=-0.0027885736679536762 0.0049538995846896703 0.013437418087965973 -0.0091491772541921444 -0.0080938950401431616 0.015055248146740044 0.0062906167111793131 0.01276089452952766 -0.0058279782399413387 0.0045267136987271802 -0.011739025945784789 0.0059849346891568539 -0.010055877615944342 -0.0077737721219279148 -0.0013128665655149443 -0.00062899317697955991 0.0099900228955902837 0.001510662647588052 0.011577399815010698 0.0040440687421479252 0.0022753883570375321 -0.0049443052868317775 0.0035916250451448815 -0.0046278461761169072 0.00012885947501240291 -0.0018120983150494178 -0.0066027118205346253 -0.00055401023989018656 0.011397178408722369 -0.0079464975830636775 0.0022816929728545986
leaf_weight=9491.0100665837526 4511.5598041564226 3931.5013273656368 2625.1975114196539 5513.7709881067276 836.45223520696163 2994.0949721932411 980.65809465944767 302.49604913592339 1448.3843759298325 4271.0289038717747 810.21991828083992 412.83053387701511 1457.3036845326424 3206.5620818734169 7765.1289115250111 4419.5624190717936 1909.1084975153208 699.67181952297688 4323.0596444755793 955.40087546408176 915.19288356602192 7033.0042374283075 1443.6736589223146 10589.404167667031 4518.2770588248968 4735.8234084099531 5041.0195888280869 677.06280037760735 981.1937520056963 887.677221596241
leaf_count=38015 18051 15787 10546 22121 3355 11980 3926 1211 5799 17166 3247 1652 5835 12834 31078 17697 7643 2806 17296 3823 3666 28135 5777 42373 18094 18974 20170 2711 3930 3554
internal_value=9.13234e-05 0.00293902 -0.00356475 -0.00232897 0.00650363 0.000252883 0.00393289 0.00943343 -0.0046132 -0.00857664 -0.0054523 0.00153805 0.000110878 0.00235199 -0.00176519 0.00726404 0.00783683 0.00314571 0.00261387 0.00762482 0.000192765 0.000804681 0.00104499 0.00151208 -0.00308135 -0.0042682 0.00157081 0.00413289 0.000232442 -0.00310202
internal_weight=99687.3 56040 43647.3 35025.7 24076 31964 12836.3 11239.7 18085.1 8621.64 4350.61 22473 16940.6 7718.12 9222.43 7308.23 7005.73 11999.8 11300.1 1936.06 1725.41 19478.9 19066.1 17622.4 12571.4 9254.1 9364.08 2586.17 3317.26 1868.87
internal_count=399252 224357 174895 140270 96425 127932 51376 45049 72472 34625 17459 89917 67798 30885 36913 29262 28051 48021 45215 7749 6913 77937 76285 70508 50351 37068 37466 10354 13283 7484
is_linear=0
shrinkage=0.05


Tree=11
num_leaves=31
num_cat=0
split_feature=29 95 23 29 71 71 20 89 94 61 48 20 20 84 38 81 19 83 36 71 23 47 3 23 50 61 46 37 64 37
split_gain=401.188 171.127 104.959 81.8587 74.9554 61.8678 36.0507 32.7807 31.4362 37.864 29.316 28.0994 35.0031 28.3205 33.9365 27.7402 27.3894 26.6096 26.2132 25.9521 26.7337 22.6798 22.1521 27.856 21.9788 21.5415 21.3777 24.1233 20.3852 20.3061
threshold=0.49594300000000008 0.070371500000000017 0.28997750000000005 0.56256850000000014 1.0000000180025095e-35 1.0000000180025095e-35 13.500000000000002 0.38051205000000005 0.38473325000000008 1.0000000180025095e-35 -0.54292579254494167 13.500000000000002 12.500000000000002 0.5076984445253363 0.17463100000000004 5.3867833963027953 18.500000000000004 0.53593331657956778 0.43957900000000011 1.0000000180025095e-35 0.24154650000000003 1.5846160846738921 2.5000000000000004 0.25600050000000002 140.44615923125613 1.0000000180025095e-35 1.9294066654385296 0.16113900000000003 7.5000000000000009 0.32358250000000005
decision_type=10 10 8 10 2 2 2 10 10 2 8 2 2 2 10 2 2 2 10 2 10 10 2 10 8 2 10 10 2 10
left_child=2 5 4 17 10 -2 15 -4 9 -8 -1 12 -12 14 -13 -6 19 29 -10 24 -21 -20 23 -7 -5 -14 27 -17 -19 -3
right_child=1 3 7 16 6 22 8 -9 18 -11 11 13 25 -15 -16 26 -18 28 21 20 -22 -23 -24 -25 -26 -27 -28 -29 -30 -31
leaf_value=0.0052818022878097382 0.0021551959131537188 0.0031222430348056412 -0.012545543585702416 0.0038325592029367487 -0.01554680606713812 -0.0013252754489872928 -0.0010428315405439537 -0.0061215710598283915 0.0005702281859876015 -0.012111805815695771 -0.0030265760634781568 -0.0072135511350448697 0.0088738400616338465 0.00016381275631222861 0.0013547104211310021 0.012541514800617663 0.0027950745390683332 0.006428072798404412 -0.0040272841847509211 0.0081445626904937621 -0.003221456714332552 -0.010233283226362515 -0.011394654476130082 -0.0080303137858554145 0.013155823485557836 -0.0012844232472282533 -0.012425011288213559 -8.8244017035163012e-05 -0.00027827026127139607 -0.0013359025885322428
leaf_weight=2331.3873509019613 9044.6201836615801 8012.8239432871342 2754.9727466106415 744.58058530092239 286.86245203018188 6777.1955579668283 4850.9024468958378 7231.949048101902 875.95425127446651 909.50531923770905 1612.5645097494125 3771.1196437329054 2011.6912474185228 7334.5223586857319 1660.2703706026077 407.46783919632435 1840.8267751038074 7189.1812590509653 2035.9209763109684 4438.5339247137308 580.04479840397835 5489.4457114934921 824.57074165344238 2000.1409284472466 4592.7777935117483 700.37274199724197 302.65620128810406 4006.1596695631742 1343.8473945707083 3740.3461466282606
leaf_count=9328 36191 32060 11078 2983 1150 27137 19424 29038 3509 3649 6454 15102 8050 29350 6646 1632 7370 28772 8154 17805 2321 22016 3304 8018 18428 2803 1213 16053 5378 14968
internal_value=-8.45043e-05 0.0030066 -0.0033382 0.00519769 -0.00215464 -0.00081109 -0.0043722 -0.00790445 -0.0056604 -0.00280846 3.46973e-05 -0.000683751 0.00279538 -0.00186362 -0.00459672 -0.000721851 0.00843377 0.00324885 -0.00761018 0.00943242 0.00682709 -0.00856188 -0.00360455 -0.00286059 0.0118648 0.00625545 0.000210846 0.00110346 0.00537282 0.00170355
internal_weight=99703.2 51129.5 48573.7 32483 38586.8 18646.5 19164.9 9986.92 14161.7 5760.41 19421.9 17090.5 4324.63 12765.9 5431.39 5003.15 12196.8 20286.2 8401.32 10355.9 5018.58 7525.37 9601.91 8777.34 5337.36 2712.06 4716.28 4413.63 8533.03 11753.2
internal_count=399384 204735 194649 130085 154533 74650 76800 40116 56752 23073 77733 68405 17307 51098 21748 20048 48907 81178 33679 41537 20126 30170 38459 35155 21411 10853 18898 17685 34150 47028
is_linear=0
shrinkage=0.05


Tree=12
num_leaves=31
num_cat=0
split_feature=84 89 61 89 71 97 44 65 25 52 72 20 20 91 35 19 84 86 79 52 56 34 71 53 1 94 30 15 45 37
split_gain=338.362 114.533 100.529 72.763 67.3973 39.9262 38.638 38.964 37.5579 37.5115 34.013 28.8535 36.3895 30.6947 28.3821 25.5518 25.5396 23.6608 23.6508 23.5243 38.139 22.7712 22.4117 30.1432 23.0571 22.0115 21.7981 21.7044 21.7065 21.4903
threshold=0.52653066185784669 0.44973255000000006 1.0000000180025095e-35 0.56703340000000013 1.0000000180025095e-35 0.98532062664040643 25.360883754945785 -1.0000000180025095e-35 0.33630250000000006 116.1173645782569 3.5000000000000004 13.500000000000002 12.500000000000002 0.058803999999999988 0.14171150000000002 18.500000000000004 0.46652725194479477 -0.016361500000000025 48.95000000000001 134.59924453545489 2.1777651606268282 0.48077000000000009 1.0000000180025095e-35 2354.9720530059444 1.5000000000000002 0.38228450000000008 0.19069250000000001 75.250000000000014 18.124093047588786 0.23372800000000002
decision_type=2 8 2 8 2 2 10 2 10 8 2 2 2 10 8 2 2 8 2 10 8 10 2 10 2 10 10 2 10 8
left_child=1 5 3 10 9 14 17 -8 -5 -3 -2 12 -12 15 -1 21 -16 -6 -7 20 -11 -13 -4 24 -24 -19 -20 28 -15 -9
right_child=2 4 22 8 6 18 7 29 -10 19 11 13 -14 27 16 -17 -18 25 26 -21 -22 -23 23 -25 -26 -27 -28 -29 -30 -31
leaf_value=-0.0030849197152756653 -0.0025747997631210789 0.016661411769022607 0.00079127283804093546 0.01194673725927755 0.0029649180297356484 0.0023169554452632363 -0.00011372592879958406 -0.0028673024278339674 0.0058668390659794368 -0.0066213043386846322 0.003059881723816008 -0.0061889644158280846 0.013431439779963887 0.0038045130091488078 -0.0137769151087105 5.8548906843848531e-05 -0.0068905711901227802 0.002641327788147566 0.00071500400895469667 0.012489914571018564 0.0012586413403600789 0.0065507378648680297 0.0033107216064542973 0.00078090702579782878 -0.012864565543627743 -0.0038385145448290043 -0.0085580546105515527 -0.0057653574470383859 -0.0042186678672687982 -0.0089676775469771357
leaf_weight=4354.0674807429314 2454.4643002152443 372.73042899370193 2004.4074797183275 3818.1520417630672 3023.9099712073803 2299.0129718333483 2751.0184234678745 2072.1942576766014 7689.9014250785112 1659.1015569716692 1849.7046703845263 361.78681293129921 1560.3366596251726 2971.4352300167084 1561.9608984440565 2502.9002265334129 10038.822306290269 1712.1830742657185 1095.2483788728714 416.62732699513435 19190.462378144264 6939.8322737067938 257.30783486366272 965.91187061369419 1386.6375523209572 5495.4325781464577 1489.3211868852377 1337.6016637086868 1166.0700031667948 4846.7838133722544
leaf_count=17476 9824 1497 8020 15353 12106 9215 11022 8300 30800 6643 7403 1448 6245 11893 6294 10015 40277 6858 4390 1669 76801 27776 1031 3869 5560 22012 5970 5353 4666 19436
internal_value=-5.07348e-05 -0.00230265 0.00371826 0.00469441 -0.000784749 -0.00532668 -0.0028841 -0.00514859 0.00789265 0.00114649 0.0029508 0.00367745 0.007831 0.00274596 -0.00653697 0.00441924 -0.00782883 -0.000740958 -0.00136733 0.000866857 0.000628722 0.0059119 -0.00318453 -0.00622937 -0.0103281 -0.00229769 -0.00464085 -0.000253039 0.00153863 -0.00714743
internal_weight=99645.3 62378.9 37266.5 32652.2 41540.4 20838.4 19901.5 9670 11508.1 21638.9 21144.1 18689.7 3410.04 15279.6 15954.9 9804.52 11600.8 10231.5 4883.58 21266.2 20849.6 7301.62 4614.26 2609.86 1643.95 7207.62 2584.57 5475.11 4137.51 6918.98
internal_count=399222 249966 149256 130776 166344 83622 79734 38758 46153 86610 84623 74799 13648 61151 64047 39239 46571 40976 19575 85113 83444 29224 18480 10460 6591 28870 10360 21912 16559 27736
is_linear=0
shrinkage=0.05


Tree=13
num_leaves=31
num_cat=0
split_feature=25 89 23 71 20 22 65 89 20 37 84 2 94 38 24 39 20 53 97 41 39 94 47 45 71 35 71 90 96 87
split_gain=292.324 157.06 78.6437 50.4512 45.6343 42.613 33.5954 25.9179 28.7111 25.2186 26.022 25.2169 24.9659 23.3391 27.9669 24.2094 21.3818 28.4546 22.4319 21.7632 20.9155 20.9093 20.8032 20.3563 20.6141 20.2789 20.1348 34.4351 19.74 19.5314
threshold=0.37390050000000002 0.52743570000000006 0.28997750000000005 1.0000000180025095e-35 13.500000000000002 0.58823950000000014 1.0000000180025095e-35 0.34193510000000005 12.500000000000002 0.29894800000000005 0.51612908174800121 2.5000000000000004 0.38415850000000007 0.16223450000000003 0.16936800000000002 0.048004919533242707 12.500000000000002 2485.873527886672 0.83061277003473555 0.063963350984710718 0.03714915556189835 0.40918450000000006 1.9239938650704411 27.251591174329587 1.0000000180025095e-35 0.13907450000000002 1.0000000180025095e-35 -0.099917649999999955 0.51398250000000012 -0.00061700000000000632
decision_type=8 10 8 2 2 10 2 10 2 10 2 2 10 10 10 10 2 10 2 10 10 10 10 10 2 8 2 8 10 8
left_child=1 4 3 9 16 11 13 -4 -9 10 -2 -3 -6 15 21 -5 17 19 -18 29 -8 -15 -13 24 25 -10 -14 -28 -22 -1
right_child=2 5 7 6 12 -7 20 8 23 -11 -12 22 26 14 -16 -17 18 -19 -20 -21 28 -23 -24 -25 -26 -27 27 -29 -30 -31
leaf_value=0.0083322963386747977 -0.0010806951287227889 0.0077666112153505704 -0.014437524650710047 -0.002645606675630627 0.0011765226419547534 0.0099932836708685226 -0.0031268173823913617 -0.016794055098078912 0.0045607900072412565 -0.0017530171732685644 0.0044864243421486828 0.003032669507993589 -0.0004535951742464564 0.0042839580005184967 -0.0081206293079576566 -0.0099502788590530421 -0.0028786957539663214 0.010178430278579516 0.0078081363894925973 -0.0062799550549402982 -0.010998084450458157 -0.0073506728138455248 0.010799740781714482 0.0083841306788492494 -0.0086334752629398728 -0.0049967898695982369 -0.016660034755167717 -0.0031409985839189547 -0.00081715362146216833 -0.0060256261226307112
leaf_weight=680.49958489835262 3796.2914622575045 4678.4483036398888 1081.6910206973553 8079.9550222605467 9222.9501314759254 4502.8377725034952 2266.1681228578091 575.95151413977146 691.69660805165768 9536.0707015395164 4676.104314416647 13409.540538564324 7909.1122240573168 2925.985335201025 706.15376971662045 1312.6821363270283 571.34335471689701 599.00297480821609 3296.454136133194 1286.0509841144085 2887.5621249675751 435.39391097426414 913.64349679648876 255.58799244463444 3210.800384759903 2667.5875108540058 501.970429494977 6035.0763192176819 571.74508619308472 351.84150847792625
leaf_count=2724 15197 18746 4358 32398 36897 18095 9084 2318 2777 38173 18708 53699 31661 11718 2831 5271 2288 2397 13194 5147 11587 1746 3673 1025 12930 10715 2014 24178 2291 1409
internal_value=6.01409e-05 0.00255173 -0.00288309 -0.00189119 0.000181527 0.00562137 -0.00367458 -0.0072246 -0.00615243 9.76698e-06 0.00199359 0.00458064 -0.000855029 -0.00230701 0.000855437 -0.00367598 0.00379333 0.000557724 0.00622615 -0.00196102 -0.00688002 0.00275961 0.0035353 -0.00523124 -0.00577284 -0.00302113 -0.00215196 -0.00420297 -0.00932261 0.00342798
internal_weight=99636.2 53958.8 45677.4 37194.1 30454.3 23504.5 19185.6 8483.32 7401.62 18008.5 8472.4 19001.6 23669.1 13460.2 4067.53 9392.64 6785.19 2917.4 3867.8 2318.39 5725.48 3361.38 14323.2 6825.67 6570.08 3359.28 14446.2 6537.05 3459.31 1032.34
internal_count=399249 216122 183127 149004 121909 94213 76926 34123 29765 72078 33905 76118 94750 53964 16295 37669 27159 11677 15482 9280 22962 13464 57372 27447 26422 13492 57853 26192 13878 4133
is_linear=0
shrinkage=0.05


Tree=14
num_leaves=31
num_cat=0
split_feature=84 29 61 89 72 94 71 51 20 19 44 47 72 20 69 25 51 55 20 24 7 55 56 29 49 72 44 19 51 28
split_gain=268.151 95.3845 85.9525 69.8187 46.8602 39.0194 46.5798 37.2751 36.4051 32.8612 53.675 29.8496 29.2583 33.9556 28.4238 27.8712 24.3799 24.2433 23.4944 21.7724 21.4296 21.0509 20.7397 20.5598 19.9972 19.3502 19.1855 18.598 22.0702 18.4184
threshold=0.52332434311271536 0.45917250000000004 1.0000000180025095e-35 0.5567371000000001 3.5000000000000004 0.48158650000000003 1.0000000180025095e-35 2263.2364035745236 13.500000000000002 13.500000000000002 23.140667310694724 1.5764158388149681 3.5000000000000004 13.500000000000002 1.0000000180025095e-35 0.43067600000000006 2489.1692369209877 1328.4990616552325 12.500000000000002 0.12361550000000002 2.5000000000000004 1524.6393285662441 2.9781254378181483 0.53854650000000015 125.37192537466846 3.5000000000000004 32.92675152221225 18.500000000000004 2375.8826409239496 0.55887350000000013
decision_type=2 10 2 8 2 8 2 8 2 2 8 10 2 2 2 10 10 8 2 10 2 8 8 10 8 2 10 2 10 10
left_child=1 5 3 12 19 6 -1 -5 15 10 -10 -8 24 18 16 -6 -9 -15 23 -3 -20 -4 29 -14 -2 -23 -13 28 -19 -11
right_child=2 4 21 7 8 -7 11 14 9 22 -12 26 13 17 -16 -17 -18 27 20 -21 -22 25 -24 -25 -26 -27 -28 -29 -30 -31
leaf_value=-0.0012405451424510041 0.00050628819550571776 -0.018937508444843095 -0.0073414362390886029 0.0028807375237588904 0.0041486902967088268 -0.0090378630899049829 -0.0012355804094033357 0.0094809184907827908 0.010471011408865277 -0.0038637675678480834 -0.00048375844533225435 -0.006258215156194135 0.005963447926465729 -0.0044463342039038024 -0.0038805806466118645 -0.0072411195332925801 -0.0034901869406214234 0.0047560449934099204 0.0059776918621915484 -0.004469310939885735 0.017128658244939334 -0.011446576347184767 -0.0011240778848780749 -0.0066190208419685372 -0.0085148542038471896 0.00064750980283473228 -0.012216505636052095 -0.00039924950774583313 -0.0008997500964106896 -0.014190577118334583
leaf_weight=9454.0785994529724 1665.509845405817 269.14059296250343 1795.9294476360083 4573.9627666473389 6628.8616862744093 4240.1974124759436 2317.2686262130737 8898.1337005496025 1521.2812942713499 2471.9623061418533 4141.6336216181517 5471.9863214939833 1495.3595243394375 1409.4074673503637 446.91393871605396 575.33991189301014 372.79147936403751 8069.9984235614538 924.7376601099968 4106.9388684183359 825.14308774471283 360.87651246786118 14549.35649381578 405.01719528436661 962.34396800398827 3048.1980171054602 1812.8265827596188 4199.6756651550531 2189.4030811786652 517.15379722416401
leaf_count=37877 6667 1080 7198 18325 26538 17087 9296 35731 6102 9902 16588 21987 5984 5642 1794 2306 1493 32298 3702 16466 3303 1448 58238 1622 3851 12206 7289 16804 8761 2071
internal_value=-3.22633e-05 -0.00222761 0.00302928 0.00388777 -0.000568888 -0.00470279 -0.00373395 0.00661129 0.000128012 -0.00083625 0.00247239 -0.00618509 0.00212801 0.00279489 0.00836241 0.0032303 0.00895614 0.00179224 0.00713681 -0.00540029 0.0113033 -0.00297664 -0.00190536 0.0032612 -0.00281709 -0.000662476 -0.00775565 0.002403 0.00354937 -0.00569179
internal_weight=99721.4 58078 41643.4 36438.4 34781.7 23296.4 19056.2 14291.8 30405.6 23201.4 5662.91 9602.08 22146.6 19518.7 9717.84 7204.2 9270.93 15868.5 3650.26 4376.08 1749.88 5205 17538.5 1900.38 2627.85 3409.07 7284.81 14459.1 10259.4 2989.12
internal_count=399656 232827 166829 145977 139291 93536 76449 57343 121745 92901 22690 38572 88634 78116 39018 28844 37224 63505 14611 17546 7005 20852 70211 7606 10518 13654 29276 57863 41059 11973
is_linear=0
shrinkage=0.05


Tree=15
num_leaves=31
num_cat=0
split_feature=25 89 71 20 94 23 94 23 47 54 98 43 92 65 46 56 8 20 38 27 71 25 4 45 58 94 27 4 26 56
split_gain=252.277 151.754 67.2619 60.3428 54.0474 39.2643 35.0944 34.7436 33.3415 29.1107 28.4682 27.2099 27.058 26.242 24.3322 20.0553 19.9486 19.8869 22.8936 19.6805 20.2356 19.6254 19.3218 31.0785 24.4474 18.7166 18.5228 17.6475 17.6132 17.5162
threshold=0.37653150000000007 0.52743570000000006 1.0000000180025095e-35 13.500000000000002 0.34163250000000006 0.28997750000000005 0.47419850000000002 0.22644850000000002 1.9120942162772294 126.75242806207486 0.038784381825478505 1987.3587131102679 -0.010731999999999997 1.0000000180025095e-35 1.9980657015509309 2.1777651606268282 6.5000000000000009 12.500000000000002 0.038724400000000006 0.52020400000000011 1.0000000180025095e-35 0.34942750000000006 1.5000000000000002 -9.7432156783212616 3675.0000000000005 0.39703650000000007 0.61452050000000014 1.5000000000000002 0.41193800000000008 2.7974295838965406
decision_type=8 10 2 2 10 10 8 10 10 8 2 8 10 2 10 8 2 2 10 10 2 10 2 8 10 10 8 2 10 8
left_child=1 3 6 17 11 13 10 14 9 12 15 -3 -6 29 -5 -2 -9 -1 -19 21 -21 -13 24 -24 -11 -26 28 -22 -17 -4
right_child=2 4 5 7 8 -7 -8 16 -10 22 -12 19 -14 -15 -16 26 -18 18 -20 20 27 -23 23 -25 25 -27 -28 -29 -30 -31
leaf_value=0.00089492533545014431 -0.0047080088393088122 -0.0037379648017766515 -0.0052330817902600238 0.0006022444768719132 0.011960137121559182 -0.0093183187096482368 -0.0069731077258622974 -0.0016403195360843077 0.012528443842012056 0.0051192163936856754 0.0069720445735823242 0.011473457063458906 0.00063240898940207469 -0.0068106019633474377 0.012601801226629558 -0.0038092703358131789 -0.0057307746882632946 -0.0062540660926522487 0.0072626203827724283 0.011881688885195626 0.0090906065009136224 -0.0015170085006500306 -0.016588276936072479 -8.5687965117551166e-05 0.00063419628312184342 -0.013336105007178124 0.0041941963423040773 0.0017211051231746566 0.0004042230647654269 -0.0012628432903538723
leaf_weight=3120.1608190536499 2679.4731740355492 465.8643557280302 4193.0917823463678 9062.9803356081247 1413.3629975020885 4063.7707608491182 2127.2449307143688 12062.95885489881 887.66066856682301 4859.669770359993 1275.4576754868031 426.15374743938446 839.119215041399 5301.9139642566442 433.2010278403759 3421.0282553136349 3955.1775257885456 333.44648566842079 3844.2042286247015 4234.0266334712505 2637.8071236163378 866.29767452180386 304.38100741803646 3084.9273127615452 2991.2323501706123 250.57635208964348 2212.2354494333267 1179.7829760462046 8944.5821708589792 8221.6556030362844
leaf_count=12490 10736 1865 16832 36260 5674 16389 8577 48312 3572 19455 5103 1712 3361 21278 1733 13698 15848 1336 15389 17016 10597 3471 1218 12350 11976 1003 8853 4739 35805 32962
internal_value=-2.97866e-05 0.00213561 -0.00295076 -8.63082e-05 0.00511737 -0.00488877 -0.000906269 -0.00123325 0.00318859 0.00257666 -0.000206515 0.00798785 0.00776166 -0.00386806 0.00116233 -0.0007408 -0.00265327 0.00391977 0.0061714 0.00857584 0.00949488 0.00282148 0.00155441 -0.00161216 0.00287952 -0.000483332 -8.88231e-06 0.00682359 -0.000763604 -0.00260693
internal_weight=99693.4 57253 42440.5 32812.1 24440.9 21780.4 20660 25514.3 14630.9 13743.3 18532.8 9809.93 2252.48 17716.7 9496.18 17257.3 16018.1 7297.81 4177.65 9344.07 8051.62 1292.45 11490.8 3389.31 8101.48 3241.81 14577.8 3817.59 12365.6 12414.7
internal_count=399610 229377 170233 131368 98009 87461 82772 102153 58609 55037 74195 39400 9035 71072 37993 69092 64160 29215 16725 37535 32352 5183 46002 13568 32434 12979 58356 15336 49503 49794
is_linear=0
shrinkage=0.05


Tree=16
num_leaves=31
num_cat=0
split_feature=89 22 95 71 95 44 20 20 48 19 61 0 94 91 94 84 54 83 52 89 46 55 2 21 44 55 39 48 43 49
split_gain=232.521 113.304 86.1549 84.9428 50.8307 38.9655 33.8129 41.2721 33.6678 31.3218 30.9288 35.9089 27.5664 26.8906 29.4812 26.1051 25.9425 25.5784 23.6268 21.8062 21.6983 21.2092 20.6467 20.6461 19.6578 21.2395 23.7156 18.8444 18.5507 18.5248
threshold=0.55605670000000007 0.47415250000000003 0.074904999999999985 1.0000000180025095e-35 0.065367500000000037 24.619540225890091 13.500000000000002 12.500000000000002 -0.63126534077532526 13.500000000000002 1.0000000180025095e-35 4.5000000000000009 0.38034700000000005 0.055556000000000008 0.3687605000000001 0.54360277869216544 120.92817193669602 0.58249030653918821 131.75389813149175 0.32468130000000006 1.8024356169666051 1671.3601325558375 6.5000000000000009 664.50000000000011 28.220249511335421 1598.5073123895679 0.046308033234650228 0.45101756227338208 2276.8143644710217 127.10046430482261
decision_type=10 10 10 2 10 10 2 2 8 2 2 2 10 10 10 2 8 2 10 8 10 8 2 2 10 10 10 10 10 10
left_child=1 18 15 6 5 16 7 -3 -6 -4 11 -9 21 14 29 27 -5 -11 19 -1 -14 -10 -13 -7 -22 26 -26 -2 -16 -8
right_child=2 3 9 4 8 23 13 10 12 17 -12 22 20 -15 28 -17 -18 -19 -20 -21 24 -23 -24 -25 25 -27 -28 -29 -30 -31
leaf_value=-0.0140041320215901 0.00079344327007499927 -8.6059538088542674e-05 0.0099888791777454286 -0.011149325801885074 -0.0072797378702240323 -0.012934974538423329 0.0035446687896290665 0.00016480538649559144 -0.00011324151004325191 0.0034871995186908453 -5.0959573111650497e-08 0.0094445006963283402 0.00040201991147072094 -0.0016876928111297521 0.0014229562385095064 0.0047920773607305536 0.00067786392182412345 0.009637766233837497 0.00037169984785936211 -0.0051623552318810426 -0.00089401228536804616 0.0056155977757017536 0.018966013301219806 -0.0053637667223509419 -0.02530539157468862 -0.003534749655801148 -0.0050093197826973201 -0.0053037507603028999 -0.0035531647583004287 0.011430706634753648
leaf_weight=729.92526575922966 3340.8085385560989 2839.5956896692514 5359.4254658967257 510.84176117181778 1509.2581566274166 1008.4326418787241 4685.4739787876606 728.0419737547636 3007.2371147125959 6409.4377784729004 1010.3111717551947 1719.2876996099949 5382.9637367576361 7952.0473799407482 8679.6893120259047 2348.9324336349964 4214.638603925705 2297.3573686927557 1854.8251582384109 13454.586448073387 1345.1027978807688 3480.1885024309158 878.98103505373001 8289.5530509203672 324.62481102347374 695.16675046086311 263.16515082120895 2029.6092128306627 2377.5890457183123 880.3100997954607
leaf_count=2946 13378 11364 21569 2051 6045 4052 18751 2914 12035 25675 4043 6881 21553 31827 34736 9409 16882 9256 7442 54101 5386 13930 3518 33279 1303 2785 1057 8128 9517 3524
internal_value=8.78538e-05 -0.00119041 0.00465248 -0.00021805 -0.00212401 -0.00432064 0.00158475 0.00460173 -0.000198165 0.00698044 0.0076644 0.00998538 0.000543521 0.000702248 0.00184586 0.000406927 -0.000621543 0.00511927 -0.0049334 -0.00562689 -0.0014178 0.00296392 0.0127259 -0.00619793 -0.00513266 -0.00953533 -0.0164542 -0.00151641 0.000350723 0.00481022
internal_weight=99607.4 77821.8 21785.6 61782.5 30031.2 14023.5 31751.3 7176.22 16007.7 14066.2 4336.62 3326.31 14498.4 24575.1 16623.1 7719.35 4725.48 8706.8 16039.3 14184.5 8011.02 6487.43 2598.27 9297.99 2628.06 1282.96 587.79 5370.42 11057.3 5565.78
internal_count=399337 311922 87415 247433 120358 56264 127075 28720 64094 56500 17356 13313 58049 98355 66528 30915 18933 34931 64489 57047 32084 25965 10399 37331 10531 5145 2360 21506 44253 22275
is_linear=0
shrinkage=0.05


Tree=17
num_leaves=31
num_cat=0
split_feature=25 29 29 89 68 71 64 22 71 21 58 31 94 2 38 37 85 23 37 85 45 38 33 47 40 20 53 58 25 7
split_gain=224.265 125.623 59.5383 55.5996 30.8228 36.8306 27.7327 24.1216 23.7004 26.1293 23.3441 26.0647 23.291 22.5025 22.1345 27.5442 21.6847 20.8436 20.6752 20.6355 21.8021 20.1697 20.0101 19.6761 19.6434 19.0125 18.4736 17.8318 17.825 17.8079
threshold=0.37390050000000002 0.56256850000000014 0.47788550000000007 0.44605140000000004 1.0000000180025095e-35 1.0000000180025095e-35 4.5000000000000009 0.58623950000000014 1.0000000180025095e-35 1798.5000000000002 1196.5000000000002 0.30053750000000007 0.34599250000000009 2.5000000000000004 0.42122950000000009 0.26952950000000003 0.51965835543789718 0.23200150000000003 0.22653050000000005 0.48576675759687665 -6.8140556106400298 0.036675450000000005 333.50000000000006 1.8448003901397925 0.037274302804282601 13.500000000000002 2321.0666059122736 1355.5000000000002 0.38602650000000005 1.0000000180025095e-35
decision_type=8 10 8 8 2 2 2 10 2 2 8 10 10 2 10 8 2 10 10 2 8 10 2 10 8 2 10 10 10 2
left_child=1 2 25 8 5 14 17 13 10 -10 -2 -12 -8 -3 15 -5 28 22 -14 -7 27 -6 -4 -24 -17 26 -1 -21 -11 -28
right_child=3 7 6 4 21 19 12 -9 9 16 11 -13 18 -15 -16 24 -18 -19 -20 20 -22 -23 23 -25 -26 -27 29 -29 -30 -31
leaf_value=-0.0019122640622199758 0.0027393040040637135 0.0098200769899142951 -0.0055366167318408105 0.0036747489209400831 -0.0047775456545131011 -0.016751383059528103 0.0046720257558549088 0.0098829898379469896 -0.0097285025274769753 -0.0015305680230063281 -0.0049169521311676363 0.011088122997868433 0.0021327369977338388 0.0037720083027406449 -0.014247051353279309 0.010219164873846906 -0.00055662798002317315 0.0014002184908365779 -0.0033832652229058842 -0.017406546822138911 -0.0028619830491947583 0.0025333686381259477 0.004185956924416429 0.0098574924372219867 -0.002253412823466559 -0.0028423822551967124 -0.0015482793858354069 -0.0059288458358132462 -0.01087252698421603 0.0099560491558291966
leaf_weight=1724.5255024135113 1464.5430589318275 1970.9802722632885 437.9835213124752 3702.6998143941164 1094.3201893270016 311.81333607435226 2053.9818825721741 3775.7943283170462 3945.5772897303104 794.92367745935917 6063.3524150252342 256.26422835886478 2686.6414890736341 7011.3494073450565 261.94920799136162 321.68000090122223 2176.4242869019508 7856.2492948770523 4585.2880235910416 451.36811804771423 8935.408243983984 6483.2707867175341 7897.3388938158751 1899.3107882887125 6610.0980059355497 10614.721570163965 527.43838094174862 1347.8354846686125 1436.479575663805 907.07290662825108
leaf_count=6908 5876 7924 1753 14820 4388 1251 8227 15220 15900 3196 24343 1027 10752 28140 1049 1287 8759 31446 18352 1817 35842 25965 31616 7607 26464 42532 2111 5413 5792 3631
internal_value=1.25391e-05 0.00219496 0.000851542 -0.00256608 -0.00127527 -0.00222446 0.00219866 0.00652821 -0.00492511 -0.00677448 -0.00293435 -0.00425144 -1.63749e-05 0.00510857 -0.000161332 0.000198687 -0.00411422 0.00333989 -0.00134523 -0.00425758 -0.00387942 0.00147266 0.00482599 0.00529445 -0.00166072 -0.00182955 0.00157191 -0.00888856 -0.00756619 0.00574472
internal_weight=99606.7 53948.7 41190.6 45658 29520.4 21942.9 27416.8 12758.1 16137.6 8353.4 7784.16 6319.62 9325.91 8982.33 10896.4 10634.5 4407.83 18090.9 7271.93 11046.4 10734.6 7577.59 10234.6 9796.65 6931.78 13773.8 3159.04 1799.2 2231.4 1434.51
internal_count=399408 216219 164935 183189 118296 87943 109753 51284 64893 33647 31246 25370 37331 36064 43620 42571 17747 72422 29104 44323 43072 30353 40976 39223 27751 55182 12650 7230 8988 5742
is_linear=0
shrinkage=0.05


Tree=18
num_leaves=31
num_cat=0
split_feature=25 29 23 20 19 23 71 26 84 25 20 48 89 39 31 48 40 94 24 40 89 79 20 61 96 39 71 55 5 61
split_gain=198.72 104.069 56.5342 52.5756 42.0712 33.9472 29.3462 28.0056 27.3343 27 36.9176 28.6584 28.4615 23.3566 22.9016 20.0502 21.4547 18.6809 18.306 17.7063 17.7043 16.9668 16.0337 18.7802 16.0528 15.9555 16.1287 15.9508 15.9445 15.4669
threshold=0.37653150000000007 0.53973400000000005 0.28997750000000005 13.500000000000002 13.500000000000002 0.20093450000000004 1.0000000180025095e-35 0.45205400000000001 0.49584083812542695 0.42110800000000009 13.500000000000002 0.4170966868547189 0.5567371000000001 0.043288715233044527 0.079337700000000011 -0.68096114943981245 0.044247384760886459 0.4140755000000001 0.14480450000000003 0.12281554148610253 0.53297310000000009 56.350000000000001 12.500000000000002 1.0000000180025095e-35 0.44677700000000004 0.036259784665100263 1.0000000180025095e-35 1330.348472110971 1.5000000000000002 1.0000000180025095e-35
decision_type=8 10 10 2 2 10 2 10 2 8 2 10 8 10 10 8 8 10 10 8 10 2 2 2 10 10 2 10 2 2
left_child=1 3 9 17 7 6 20 14 -5 10 13 12 -12 22 -3 18 -17 -1 -4 -11 -6 -18 -2 24 -24 26 -9 -15 -22 -10
right_child=2 4 15 8 5 -7 -8 25 29 19 11 -13 -14 27 -16 16 21 -19 -20 -21 28 -23 23 -25 -26 -27 -28 -29 -30 -31
leaf_value=0.0057574124308671197 0.00038520123266882035 0.011889899726505887 -0.0074522362688691848 -0.0036272981217671581 -0.0034379800347734213 0.00070866294831911203 0.0023948515796632067 0.010632577892587744 0.00043775556735755505 -0.0071708143602550733 -0.0015126586658242654 -0.0039155115559981277 0.0050330407021137221 -0.0099408951658968622 -0.0023523478309471265 0.0036956662397104423 -0.0042650153633290054 0.00066784839933195874 -0.02096184844589289 -0.00014515569812668618 0.012335984971088593 -0.0097112966502014841 0.014787084015377181 0.0014238799508867269 0.0053198843894091954 0.012899965191681123 0.0029407103902347187 -5.8699567797560923e-05 0.0048017330002114965 -0.0078276142561534805
leaf_weight=5347.5424584895372 2130.7148600071669 388.24066147208214 701.45738476514816 5666.4389409869909 262.77276055514812 6397.5861664712429 3337.059397354722 1562.1822251081467 23122.360887333751 3219.4149474799633 8926.1128266602755 10918.545102387667 2029.7754258662462 506.75789044797421 961.05780923366547 608.78976683318615 4361.1943920254707 2721.7141316086054 397.80186714231968 1242.1624667346478 2222.1984196454287 2142.8222125172615 755.75278706848621 1334.4319276064634 1124.1851388663054 2401.5079377442598 1221.0916234850883 1946.7557948380709 1051.8549455404282 570.20611783862114
leaf_count=21406 8538 1558 2835 22723 1052 25618 13403 6293 92557 12923 35782 43783 8126 2033 3851 2447 17582 10902 1615 4979 8935 8638 3028 5348 4503 9684 4916 7802 4229 2283
internal_value=0.000102055 0.00202317 -0.0024943 0.00047183 0.00495316 0.003332 0.00576899 0.00823581 -0.000510928 -0.00159724 -0.00105103 -0.00210386 -0.000296466 0.00190098 0.00180297 -0.0062166 -0.00523151 0.00404368 -0.012486 -0.00521948 0.00893681 -0.00607151 0.00375268 0.00597676 0.00918389 0.00990321 0.00728057 -0.00213187 0.00993745 0.000235615
internal_weight=99580.5 57233.8 42346.7 37428.3 19805.6 13271.5 6873.89 6534.08 29359 34134.6 29673 21874.4 10955.9 7798.6 1349.3 8212.07 7112.81 8069.26 1099.26 4461.58 3536.83 6504.02 5345.08 3214.37 1879.94 5184.78 2783.27 2453.51 3274.05 23692.6
internal_count=399372 229410 169962 149871 79539 53237 27619 26302 117563 136845 118943 87691 43908 31252 5409 33117 28667 32308 4450 17902 14216 26220 21417 12879 7531 20893 11209 9835 13164 94840
is_linear=0
shrinkage=0.05


Tree=19
num_leaves=31
num_cat=0
split_feature=25 89 71 23 71 83 23 37 72 45 89 40 37 29 32 32 29 21 55 43 43 46 58 43 88 35 93 38 10 47
split_gain=175.917 104.768 50.8978 38.8221 36.5982 35.7699 32.2072 40.5277 28.1176 31.2805 25.7528 25.7396 25.8825 24.5301 23.5232 20.6561 20.3941 18.8807 18.873 21.1914 27.0341 18.585 18.2706 18.1654 17.6726 18.3118 17.5782 20.4332 17.0338 17.4899
threshold=0.37596450000000009 0.52882945000000003 1.0000000180025095e-35 0.30228150000000004 1.0000000180025095e-35 0.44721356036128235 0.20020650000000004 0.30640800000000007 3.5000000000000004 -7.4743260393310154 0.44605140000000004 0.078546706391391732 0.32263100000000006 0.47788550000000007 0.12661000000000003 0.13408450000000002 0.54180800000000018 1773.5000000000002 1317.9321976341519 1974.4745077655868 2183.9419563726428 1.9406339078288017 5414.5000000000009 2096.5036624643267 0.021139499999999981 0.14825950000000002 0.091043500000000027 0.16999550000000005 1.0000000180025095e-35 1.7282308876554608
decision_type=8 10 2 8 2 2 10 10 2 8 8 10 10 8 10 10 10 2 8 8 8 10 8 10 10 10 10 10 2 8
left_child=1 8 5 10 6 -2 -3 14 22 -10 17 21 -13 28 -8 -7 -15 23 -12 -20 -21 -6 -1 -4 25 -9 -17 -28 -11 -30
right_child=2 4 3 -5 11 15 7 24 9 13 18 12 -14 16 -16 26 -18 -19 19 20 -22 -23 -24 -25 -26 -27 27 -29 29 -31
leaf_value=-0.0065251374116790375 -0.0083529653662551256 0.0092627769759666672 -0.0036225499617437724 -0.0090329997461087996 0.00020356117242882485 0.0022912996800811924 0.011640022254418146 0.0026192428007842097 0.0058704851490440219 1.0543151540411335e-05 -0.0067645843283503405 0.009257590705433338 -0.0047579740924523807 0.0020696081337039872 0.0040232940439104041 -0.0016384004232116332 -0.0050836314265717657 -0.003272866215590392 0.0094424666045240576 -0.0044126159598839891 0.00062437126482986147 0.006809304009151221 0.00025271801656724034 -0.012128754387266292 0.0032323192547411683 -0.0091927882819316572 0.00028874564021381309 0.017023621501986989 -0.00010857304790542044 -0.0061355268254933339
leaf_weight=2472.313147097826 1383.1265814602375 5242.7466360032558 1012.1611960679293 3309.2792575657368 7702.1758476793766 6317.1553532630205 1740.2887900322676 531.3471989184618 2551.0929616987705 7201.4542891830206 1728.0468829423189 1991.0368586927652 387.83645951747894 12847.108551010489 2449.6894053518772 12542.685862720013 1070.6460906267166 3170.2104207724333 442.23055803775787 4771.6936039924622 6009.6819203197956 1225.7179839611053 1657.4276522994041 1692.7080703824759 1498.5205099880695 832.78756099939346 541.56993548572063 265.30661751329899 1978.5673117786646 3065.2598020881414
leaf_count=9911 5593 21102 4075 13388 30908 25296 6997 2129 10208 28849 6934 7996 1553 51416 9813 50246 4285 12754 1773 19139 24101 4925 6638 6825 6011 3335 2170 1062 7924 12288
internal_value=3.03009e-05 0.00186788 -0.00237138 -0.00404471 0.0044082 -0.000610625 0.00629569 0.00408004 4.15832e-05 0.000596788 -0.00316356 0.00235192 0.00696223 8.05164e-05 0.00720705 -6.21515e-05 0.00151608 -0.00590697 -0.00191552 -0.00116357 -0.00160696 0.00111707 -0.00381088 -0.0089708 -0.000506022 -0.00460628 -0.00117671 0.00593233 -0.00155102 -0.0037762
internal_weight=99631.9 56446 43185.9 22136 23602.1 21049.8 12295.4 7052.63 32843.9 28714.1 18826.7 11306.8 2378.87 26163 4189.98 19666.7 13917.8 5875.08 12951.7 11223.6 10781.4 8927.89 4129.74 2704.87 2862.66 1364.13 13349.6 806.877 12245.3 5043.83
internal_count=399644 226288 173356 88989 94769 84367 49387 28285 131519 114970 75601 45382 9549 104762 16810 78774 55701 23654 51947 45013 43240 35833 16549 10900 11475 5464 53478 3232 49061 20212
is_linear=0
shrinkage=0.05


Tree=20
num_leaves=31
num_cat=0
split_feature=84 86 95 88 83 20 26 23 20 39 65 21 30 26 21 21 27 44 27 84 46 21 3 40 39 89 27 26 38 19
split_gain=170.244 54.4488 53.9287 37.8451 34.6538 32.3021 33.0143 33.5874 31.8811 27.2225 25.5833 23.9942 22.2408 20.4829 21.0889 19.9269 19.1526 18.394 17.741 17.4209 17.0818 19.3338 18.2021 16.9852 16.9493 16.779 16.6279 21.1649 19.3873 27.1089
threshold=0.52721451347969961 -0.087690000000000004 0.075906500000000002 0.072938500000000003 0.58249030653918821 13.500000000000002 0.40178850000000005 0.29144050000000005 12.500000000000002 0.034193333134632672 1.0000000180025095e-35 1954.5000000000002 0.16509350000000003 0.44040000000000007 4448.5000000000009 3358.5000000000005 0.32988450000000008 24.619540225890091 0.42131100000000005 0.49969475439460692 1.9109416414618783 4120.5000000000009 2.5000000000000004 0.036739194351131856 0.045993204627535082 0.62652045000000012 0.39547650000000006 0.45172250000000008 0.05223740000000001 14.500000000000002
decision_type=2 8 10 10 2 2 10 10 2 10 2 2 10 10 2 2 8 8 8 2 8 2 2 8 10 10 10 10 10 2
left_child=2 11 5 10 9 6 18 17 -9 23 19 -2 15 -11 25 -5 -7 24 -1 -4 21 -13 -23 -3 -8 -15 -18 28 -28 -30
right_child=1 4 3 12 -6 16 7 8 -10 13 -12 20 -14 14 -16 -17 26 -19 -20 -21 -22 22 -24 -25 -26 -27 27 -29 29 -31
leaf_value=-0.010715933952230361 -0.0041838248363058779 -0.0060337056978610462 -0.0016545462122709042 -0.0022645671800810034 0.0076953927730558438 -0.0070611271087865444 0.0090801104700741712 -0.015296381628297929 -0.00055142040209800848 -0.0009354620199323641 -0.0031276484007981588 0.0034150596166994066 -0.0031735573995654203 0.0072674407429691029 0.0011629260850844663 0.013342245155610425 -0.00021074086325839245 0.0011250897173725129 -0.0021348709200234841 0.0017890695305395098 0.0070214330749051304 -0.00095107716673073842 -0.01325569446474603 0.00613843358474408 -0.0047579963844846598 -0.0040645711135278767 -0.0070915899139598788 -0.013475905841491501 -0.00012562491692422076 -0.0043465825855894778
leaf_weight=958.63131684064865 2796.221828520298 291.66524195671082 5300.8338248431683 248.01995246112347 5141.5114042311907 3515.6593948453665 1498.5221291035414 524.79518224298954 1168.112705886364 4571.6166018098593 5727.915071234107 2863.1598531007767 379.90791662037373 3232.8999351263046 5259.1515943855047 1089.5429415106773 4102.9527908712626 5022.6837773025036 1610.315657004714 11901.141532883048 1075.2039538174868 3747.5792549699545 316.98011460900307 6724.6806709617376 252.88492715358734 356.86144168674946 3039.2521176636219 530.77367556095123 6144.7184717953205 9977.9993442595005
leaf_count=3862 11216 1167 21255 993 20718 14157 5999 2123 4713 18306 22948 11465 1521 12968 21073 4390 16502 20134 6467 47653 4311 15001 1269 26991 1014 1435 12214 2138 24643 40024
internal_value=4.89949e-05 0.00277194 -0.00152362 0.000301141 0.00402844 -0.00269623 -0.000412826 0.0010946 -0.00518529 0.0031026 -0.000236415 -0.000205117 0.00743785 0.00178088 0.0031837 0.010453 -0.00361842 0.00266933 -0.00536613 0.000727566 0.00118853 0.00027443 -0.00194085 0.00562458 0.00706636 0.00613275 -0.00310703 -0.00371006 -0.00343266 -0.00273896
internal_weight=99372.2 36377.5 62994.7 24647.4 25578.4 38347.3 11035.9 8467 1692.91 20436.9 22929.9 10799.1 1717.47 13420.5 8848.91 1337.56 27311.4 6774.09 2568.95 17202 8002.92 6927.72 4064.56 7016.35 1751.41 3589.76 23795.7 19692.7 19162 16122.7
internal_count=398670 145920 252750 98760 102658 153990 44312 33983 6836 81940 91856 43262 6904 53782 35476 5383 109678 27147 10329 68908 32046 27735 16270 28158 7013 14403 95521 79019 76881 64667
is_linear=0
shrinkage=0.05


Tree=21
num_leaves=31
num_cat=0
split_feature=29 95 23 71 20 83 37 67 45 54 38 46 89 33 25 23 36 92 27 45 37 55 44 55 95 38 65 84 32 32
split_gain=142.996 95.4429 46.3878 35.6906 35.3946 30.3444 29.4848 27.0108 31.211 25.5891 25.0373 24.3411 24.2453 22.9638 20.3667 20.0729 29.9323 19.8555 18.7277 17.7411 17.6118 17.2951 18.0833 17.6478 17.0561 17.0073 16.6714 19.5967 17.8943 16.6624
threshold=0.49594300000000008 0.070371500000000017 0.29269050000000008 1.0000000180025095e-35 13.500000000000002 0.57834658949031492 0.40549050000000003 1.0000000180025095e-35 -16.687573277436673 129.71906446583054 0.29889450000000006 1.7630834393789636 0.34193510000000005 975.50000000000011 0.40234150000000007 0.23379450000000004 0.68805000000000016 0.014708000000000001 0.44136700000000006 16.32212763775971 0.23515250000000001 1478.0040809537516 18.958919017134903 1974.5486543598226 -0.025719999999999989 0.10762850000000002 1.0000000180025095e-35 0.50701000622294823 0.16497900000000001 0.091007700000000011
decision_type=10 10 8 2 2 2 10 2 8 10 10 8 8 2 10 10 10 10 10 10 8 8 10 10 10 10 2 2 8 10
left_child=2 3 4 14 13 6 7 10 -9 -6 11 25 -4 -1 21 16 -5 -8 -13 -10 -14 22 -2 -23 -15 -3 27 -11 -28 -20
right_child=1 5 12 15 9 -7 17 8 19 26 -12 18 20 24 -16 -17 -18 -19 29 -21 -22 23 -24 -25 -26 -27 28 -29 -30 -31
leaf_value=-0.0036456300791115831 0.008528767544749143 0.01197907034666292 -0.013041604096701418 -8.4090043245221385e-05 -0.00050617489484042482 0.006979458936648749 -0.0071124977930119336 -0.011590217356264983 -0.00041191024334181239 -0.0048857616068270736 0.0003095164125372218 -0.0030519981506988716 4.2004088619955774e-05 -0.0056923618131918957 -0.0022835719213343138 -0.0057962480605848674 -0.013679233026867403 0.0023174836563480488 0.010183301018143152 0.0047023644298276072 -0.0054208976659590033 0.0057731759740014751 -0.0030432302043608907 -0.0053654593056353386 0.0032454382330902049 0.005919780163572641 -0.0015215341495027858 -0.00052391951909910959 -0.0084650017970793016 0.0036194268965001942
leaf_weight=1783.3939061015844 409.39230202138424 1808.4103180468082 849.9211487621069 5189.6746103614569 14550.239224880934 5377.7886075079441 1166.1939364373684 462.85815145075321 4138.4707361757755 4509.060052677989 3024.9168215841055 900.55184848606586 1892.0692596882582 565.68893860280514 2740.776602178812 3947.7362415194511 429.13651983439922 1055.2734507769346 1113.7471619695425 2861.1481308937073 6686.4203587919474 3793.6024104803801 1722.2407917976379 384.47700390219688 7485.8597779124975 3317.1677832752466 1401.5236448645592 5992.2797294408083 2765.7280486673117 7164.4945640861988
leaf_count=7152 1638 7281 3449 20792 58339 21690 4669 1852 16594 18098 12119 3605 7610 2272 10971 15846 1726 4225 4485 11472 26988 15186 6892 1539 29993 13285 5622 24008 11095 28713
internal_value=6.4217e-05 0.00191208 -0.00187992 -0.000940477 -0.00111934 0.0035514 0.00286662 0.00336114 0.000844681 -0.00199249 0.00444368 0.0053171 -0.00502579 0.00147408 0.00130964 -0.00306836 -0.00114488 -0.00264262 0.00376894 0.00168232 -0.00421736 0.00287159 -0.000791316 0.00473781 0.0026112 0.00807679 -0.00346545 -0.00239967 -0.00613902 0.00451375
internal_weight=99490.2 51008.1 48482.2 18617 39053.8 32391 27013.2 24791.8 7462.48 29218.8 17329.3 14304.4 9428.41 9834.94 9050.49 9566.55 5618.81 2221.47 9178.79 6999.62 8578.49 6309.71 2131.63 4178.08 8051.55 5125.58 14668.6 10501.3 4167.25 8278.24
internal_count=399206 204580 194626 74590 156579 129990 108300 99406 29918 117162 69488 57369 38047 39417 36226 38364 22518 8894 36803 28066 34598 25255 8530 16725 32265 20566 58823 42106 16717 33198
is_linear=0
shrinkage=0.05


Tree=22
num_leaves=31
num_cat=0
split_feature=22 95 71 89 52 3 23 44 25 3 88 94 71 46 53 27 57 20 51 53 88 57 47 55 51 34 43 40 36 41
split_gain=132.229 73.0315 50.7169 43.3193 40.3573 29.0507 32.4194 30.0387 26.7675 23.6741 23.1103 22.2213 22.0364 25.6436 22.5811 23.4896 21.3779 20.5516 20.2712 17.986 17.4573 23.8629 17.3278 16.886 16.6986 17.2771 19.6773 16.6878 16.4648 15.9081
threshold=0.50368050000000009 0.058695000000000032 1.0000000180025095e-35 0.52743570000000006 134.59924453545489 2.5000000000000004 0.25289450000000008 32.180333378713534 0.33778150000000007 1.5000000000000002 -0.13801599999999994 0.48963350000000005 1.0000000180025095e-35 1.7335064040923149 2363.5309846365394 0.62563150000000012 12.238932815096721 13.500000000000002 2253.5023916335381 2171.0343987702113 0.026995999999999996 10.133569221797924 1.7918403038469899 1575.2124289480651 2208.7503177470121 0.47853300000000004 2328.6126174627043 0.04120106008730378 0.6625795000000001 0.066878210128599
decision_type=10 10 2 8 10 2 8 10 10 2 10 10 2 8 8 8 10 2 10 10 10 8 8 8 8 10 10 10 10 10
left_child=2 12 4 9 11 6 27 20 -5 17 -11 16 13 19 28 -16 22 -3 29 -2 -8 -22 -1 -12 -10 -26 -27 -4 -14 -15
right_child=1 3 5 8 -6 -7 7 -9 24 10 23 -13 14 18 15 -17 -18 -19 -20 -21 21 -23 -24 -25 25 26 -28 -29 -30 -31
leaf_value=-0.0043279328582122674 0.0078633314073522208 0.0053742368849284718 0.0034732851391653685 0.0066026798951374678 0.014738091470468298 -0.010613965863257524 -0.0025761344839830913 -0.0095415130486546304 7.1525879999845458e-05 -0.015911868524484105 0.0036369654566881663 -0.0062727669030530082 -0.0034285805103074678 0.0013971809526037587 -0.0017160216161245365 0.0080517715301755 0.0018774591386622596 0.00077643072277002931 -0.0023555969477828034 -0.0041562642728061212 0.001728291711275655 -0.010765056461825386 -0.00027410576107991146 -0.0033728163750863546 -0.0051143919896197987 0.0053166163290217982 -2.8403711171278868e-05 -0.0026154502611924453 -0.010186873477090899 0.0075045018632965386
leaf_weight=4069.9876659363508 338.39186881482601 3105.6514688283205 1961.4444338977337 7003.5997577309608 408.99389752745628 1615.9381365776062 8021.1052132993937 2739.7016021758318 3957.5703860372305 284.32953956723213 1182.6096497625113 1770.0293138772249 5295.6173196583986 2196.3023847639561 2966.0522532463074 765.99052126705647 6488.2536537349224 11072.369705602527 1508.6643566638231 2960.6646281182766 501.83799082040787 1560.4404334127903 7452.5618876963854 3067.6665385663509 506.21546313166618 8727.1700896173716 2144.3963705897331 2612.0770067125559 1082.2914382964373 2072.6929222941399
leaf_count=16345 1354 12436 7860 28257 1642 6511 32300 11058 15867 1139 4734 7153 21242 8789 11898 3068 25988 44310 6040 11850 2013 6273 29855 12277 2031 35036 8597 10490 4363 8294
internal_value=-0.000104494 0.00136629 -0.00236427 0.0025563 -0.000618509 -0.00421684 -0.00361686 -0.00490504 0.00404239 0.000781017 -0.00236022 -0.000943313 -0.00117985 0.000608302 -0.00278427 0.000304948 -0.000416365 0.00178664 0.00261501 -0.00290335 -0.00363708 -0.00773124 -0.00170851 -0.00141843 0.00286958 0.00384191 0.00426326 -2.29591e-06 -0.00458957 0.00437303
internal_weight=99440.6 60238.2 39202.4 41051.6 20189.8 19012.5 17396.6 12823.1 22339 18712.6 4534.61 19780.8 19186.7 9076.72 10110 3732.04 18010.8 14178 5777.66 3299.06 10083.4 2062.28 11522.5 4250.28 15335.4 11377.8 10871.6 4573.52 6377.91 4269
internal_count=399070 241582 157488 164684 80983 76505 69994 51644 89788 74896 18150 79341 76898 36327 40571 14966 72188 56746 23123 13204 40586 8286 46200 17011 61531 45664 43633 18350 25605 17083
is_linear=0
shrinkage=0.05


Tree=23
num_leaves=31
num_cat=0
split_feature=84 71 94 44 54 22 70 61 42 25 45 52 38 20 71 29 90 94 25 88 88 26 38 39 84 57 21 19 38 55
split_gain=132.531 63.9213 44.2674 40.5002 39.2899 30.8918 29.3935 28.7449 27.3349 27.2893 26.5129 26.7401 25.9026 23.2656 22.8592 24.1291 21.8368 21.6674 21.2293 20.2221 20.1135 19.7232 21.5402 18.4577 18.3103 18.1979 19.7211 17.5196 17.9513 17.499
threshold=0.52721451347969961 1.0000000180025095e-35 0.48158650000000003 27.380987387308977 132.8304705802955 0.45771000000000001 4.5000000000000009 1.0000000180025095e-35 144.87125336367188 0.42110800000000009 -7.4743260393310154 117.44812538777613 0.24835100000000002 13.500000000000002 1.0000000180025095e-35 0.53242100000000014 -0.12729104999999999 0.34915100000000004 0.41102200000000005 0.010396500000000005 -0.075852499999999975 0.41073050000000005 0.076093100000000011 0.028993227787685056 0.57422651698813754 13.915953262471115 8505.5000000000018 19.500000000000004 0.09662525000000001 1381.2961991499785
decision_type=2 2 8 10 8 10 2 2 10 10 8 8 10 2 2 10 10 10 10 10 10 10 10 8 2 8 2 2 10 8
left_child=1 2 8 5 6 19 9 17 10 14 20 -12 16 18 27 -16 -5 -6 -7 -3 -1 -13 -23 -15 -17 -25 -27 28 -2 -24
right_child=4 3 -4 12 7 13 -8 -9 -10 -11 11 21 -14 23 15 24 -18 -19 -20 -21 -22 22 29 25 -26 26 -28 -29 -30 -31
leaf_value=-0.005086932027077975 0.00023911695996744356 -0.0036433600435126358 -0.0065028182225996978 -0.013582220466465603 0.0074136433423033056 0.0042933635248598489 -0.006205788828150309 -0.0057439258753664655 0.016287752692395987 -0.0090665496715412533 0.013052780170902726 -0.004145631529483172 0.00020144440302098714 0.0093150267570191111 -0.001707993900074736 0.0010931154611225707 -0.0054839528052531145 0.002387833946425685 -0.0061511580930386119 -0.012734147630634527 0.0050076586022767241 -0.0028675581503999703 0.0044690966040523208 -0.0040352346230114128 0.0076273332639206761 -0.0010143955939848008 0.0091306499396848675 -8.1881151909853292e-05 0.0055198314616280511 0.00021401794022575735
leaf_weight=550.1610144674778 2037.5332400351763 2393.9375325292349 2370.0097032189369 902.65897201001644 6064.6868092566729 3278.5516296178102 1238.0134457796812 581.94767089188099 264.50588810443878 570.09198643267155 363.81396016478539 3095.4063217639923 1873.6007822901011 352.25910766422749 6518.0780957639217 4239.058927193284 10262.209809571505 3334.8480379879475 561.94690625369549 818.35202434659004 4238.13594648242 4703.8148264288902 2919.1123188436031 5752.307443857193 1427.1144944429398 3985.7212455421686 534.28800605237484 2791.4460282474756 7664.9758926928043 13805.928872898221
leaf_count=2206 8158 9671 9586 3648 24484 13138 4963 2334 1065 2289 1472 12408 7511 1417 26117 16999 41324 13357 2259 3303 16977 18851 11684 23085 5738 15963 2147 11181 30741 55281
internal_value=-0.000104151 -0.00149218 6.04461e-05 -0.00312493 0.00229452 -0.00156424 0.00128609 0.00496647 0.000581968 0.00165575 0.000436542 -0.000219469 -0.00523807 -0.000577582 0.00190702 0.00036543 -0.00615025 0.00563498 0.0027531 -0.00599163 0.00383964 -0.000421601 0.00011802 -0.00178299 0.0027494 -0.00217225 0.000202309 0.0034089 0.00441227 0.000958907
internal_weight=99494.5 63026.7 32310.9 30715.8 36467.8 17677.4 26486.3 9981.48 29940.9 25248.3 29676.4 24888.1 13038.5 14465.1 24678.2 12184.3 11164.9 9399.53 3840.5 3212.29 4788.3 24524.3 21428.9 10624.6 5666.17 10272.3 4520.01 12494 9702.51 16725
internal_count=399357 252996 129530 123466 146361 70983 106186 40175 119944 101223 118879 99696 52483 58009 98934 48854 44972 37841 15397 12974 19183 98224 85816 42612 22737 41195 18110 50080 38899 66965
is_linear=0
shrinkage=0.05


Tree=24
num_leaves=31
num_cat=0
split_feature=84 71 65 27 94 28 45 71 35 19 44 39 25 38 44 38 49 96 38 94 45 84 47 40 27 35 92 48 40 40
split_gain=126.336 59.7248 56.9617 38.5951 35.5609 34.4228 29.3871 30.456 27.5644 26.9887 36.8618 26.2429 24.4591 24.0255 24.2986 22.51 26.6546 22.1738 20.7824 19.815 20.8439 19.3505 18.3753 15.8459 15.8392 15.4337 16.4027 15.4045 16.8104 15.1417
threshold=0.52653066185784669 1.0000000180025095e-35 1.0000000180025095e-35 0.51869350000000003 0.46989750000000002 0.30830000000000007 -19.089530268219963 1.0000000180025095e-35 0.13630250000000002 13.500000000000002 23.140667310694724 0.037289542654493427 0.35712950000000004 0.077458550000000001 13.770183797487837 0.16418050000000003 119.85556856020979 0.53611069500000008 0.14194700000000002 0.3809520500000001 -9.7432156783212616 0.49969475439460692 1.5205390109768502 0.071816126765265664 0.64321050000000013 0.14088850000000003 0.050690000000000006 -0.55226981223460569 0.041133587066508444 0.071816126765265664
decision_type=2 2 2 8 8 8 8 2 8 2 8 10 10 10 8 10 8 10 8 10 8 2 8 10 10 10 10 8 8 8
left_child=1 4 5 15 8 -3 -5 11 -1 10 -10 17 -12 14 -7 16 -2 -8 -11 -4 -21 -15 -20 -13 29 -6 -27 -16 -29 -22
right_child=3 2 19 6 25 13 7 -9 9 18 12 23 -14 21 27 -17 -18 -19 22 20 24 -23 -24 -25 -26 26 -28 28 -30 -31
leaf_value=0.0044825594384587343 0.0071361958065972418 -0.014503234736499587 -0.0014192980517917287 -0.0048438582403527207 0.0012607852831924195 0.0054705161778008972 0.009237934971833164 0.0022044455622126534 0.011842782460914292 -0.0024603827563413581 0.012614553289158928 0.0058597346337153668 -6.8104979590687589e-05 -0.0028528483078582435 -0.012256716937978732 0.002449731352386829 -0.0022667784413944385 -0.00090245681435130248 -0.0062460621823013322 -0.014631564690086089 -0.0046879176291927333 0.00096698396079011981 0.0014950284718700125 -0.00019903474484084653 0.0027363322762656941 -0.0049721689933684005 -0.017547862261387798 0.006149236902476536 -0.0049098902820789835 -0.0099829685368511174
leaf_weight=4289.0425449311733 829.56675155460835 491.06599469482899 1629.029861047864 938.63013193011284 878.85061265528202 604.08264276385307 5375.7243475615978 10041.924261122942 1014.0417686700821 9071.6954520493746 413.72868728637695 2364.6688272953033 3695.7467216998339 4784.9219788610935 642.82139797508717 7727.1512407213449 7375.1738093793392 597.18808999657631 826.93504792451859 901.8166298866272 2901.8556360453367 10735.703176826239 9129.429526746273 1976.9438120275736 428.63370516896248 2421.1107544749975 283.43740729987621 365.19321347773075 4268.0818030238152 2572.0491649955511
leaf_count=17176 3325 1990 6542 3758 3546 2424 21673 40349 4088 36345 1657 9491 14802 19273 2588 30953 29561 2398 3311 3649 11674 43054 36542 7926 1722 9779 1146 1468 17197 10354
internal_value=7.19952e-05 -0.00130411 -0.00289398 0.00237648 0.000201856 -0.00154759 0.00376851 0.0041678 0.000793751 0.000137076 0.00335448 0.00607529 0.00123627 -0.00124368 -0.0039625 0.000514663 -0.00130853 0.00822426 -0.000730552 -0.00638303 -0.00756757 -0.000211728 0.000846463 0.00310677 -0.00646538 -0.00448501 -0.00634989 -0.00505084 -0.00402685 -0.0071896
internal_weight=99576.2 62349.3 30325.3 37227 32024 21891.9 21295.1 20356.4 28440.6 24151.6 5123.52 10314.5 4109.48 21400.8 5880.18 15931.9 8204.74 5972.91 19028.1 8433.38 6804.36 15520.6 9956.36 4341.61 5902.54 3583.4 2704.55 5276.1 4633.28 5473.9
internal_count=399761 250327 121935 149434 128392 87994 85595 81837 113921 96745 20547 41488 16459 86004 23677 63839 32886 24071 76198 33941 27399 62327 39853 17417 23750 14471 10925 21253 18665 22028
is_linear=0
shrinkage=0.05


Tree=25
num_leaves=31
num_cat=0
split_feature=89 95 22 65 22 40 26 5 22 35 41 54 24 47 21 55 64 94 87 51 16 95 20 58 89 4 45 22 32 39
split_gain=116.174 56.0042 36.5732 24.705 24.0205 24.6327 22.6656 22.0113 21.5711 22.4624 20.2651 20.0694 25.2371 19.4802 19.1274 18.828 18.1291 17.8996 16.7545 16.1939 15.7548 15.6476 16.2807 14.9193 15.7991 14.8795 27.752 17.6661 16.1717 19.6828
threshold=0.46320495000000006 0.070371500000000017 0.58623950000000014 1.0000000180025095e-35 0.45619850000000006 0.045527112311083619 0.50002900000000017 1.5000000000000002 0.50262350000000011 0.15155750000000004 0.073917817292611751 128.78392498160761 0.16205750000000005 1.6361627534390035 3120.5000000000005 1712.1216931920615 9.5000000000000018 0.48963350000000005 -0.12575549999999996 2281.6093932875078 0.90500000000000014 0.0043370000000000084 15.500000000000002 2536.0000000000005 0.48387225000000006 1.5000000000000002 -22.832820476363839 0.57812600000000003 0.16907500000000003 0.031662524389294754
decision_type=10 10 10 2 10 8 10 2 10 10 8 8 10 8 2 8 2 10 10 10 2 10 2 8 10 2 8 10 10 10
left_child=3 7 4 8 -3 14 11 16 10 15 18 12 -7 -13 -6 -10 21 19 -1 -5 -14 23 -23 -2 -25 27 -27 28 -15 -30
right_child=1 2 -4 17 5 6 -8 -9 9 -11 -12 13 20 25 -16 -17 -18 -19 -20 -21 -22 22 -24 24 -26 26 -28 -29 29 -31
leaf_value=-0.011368463952282349 -0.0064552652448906693 -0.0099969362275710537 0.0063446721900401242 -0.0023732884370897423 0.0042683646807976814 0.0071331476227259466 -0.0035696387833648821 0.0014057399965699709 0.00013276253788610095 -0.0029448560873341963 -0.0012430319109991705 -0.0018211602354880276 -0.0068605355514881096 0.0052535465906172283 -0.0035962693823133915 0.0063459024414434647 -0.007247902036164937 -0.0111711928450694 -0.0039584765818226316 -0.0070200359674605708 0.0056930415090819314 0.0015630676456910122 -0.0019498844781160219 0.0096371362838773515 -0.0029342134179248542 -0.014380455668643766 0.0012868807100194272 -0.0074702281131664525 0.0048578260340649566 -0.0006407273367635797
leaf_weight=897.4387074559927 2352.6104303449392 421.4485280662775 4884.2536643147469 5488.9909425079823 1008.8866786062717 4284.4038372784853 1519.73438821733 8831.0133374482393 3506.2211744040251 3293.4090129286051 8027.2402393519878 2842.8845699727535 589.69251166284084 7859.5167376250029 3203.0109507888556 1859.8242089301348 1322.7468439489603 957.28743280470371 4970.7627517879009 2851.8243918567896 419.01766413450241 5911.1498687416315 7435.8082413375378 322.01788894832134 1000.8300424665213 286.43426375091076 6072.9036854654551 352.15638013184071 2999.2361273020506 3540.1960801929235
leaf_count=3621 9447 1693 19750 22073 4048 17230 6085 35406 14059 13204 32310 11383 2360 31551 12829 7451 5307 3887 20042 11464 1677 23685 29804 1291 4011 1146 24348 1415 12010 14181
internal_value=-6.53734e-05 0.00110971 0.00229277 -0.00255359 0.00173207 0.00187621 0.00236712 -0.000644163 -0.00165826 0.00030042 -0.00287822 0.00267673 0.0054611 0.00205942 -0.00170679 0.00229398 -0.00163118 -0.00472132 -0.00510912 -0.00396857 -0.00164109 -0.00119072 -0.00039405 -0.00407482 0.000175347 0.00258263 0.00055973 0.00345375 0.00372591 0.00188469
internal_weight=99313 67460 40283.8 31853 35399.5 34978.1 30766.2 27176.2 22554.9 8659.45 13895.4 29246.4 5293.11 23953.3 4211.9 5366.05 18345.2 9298.1 5868.2 8340.82 1008.71 17022.4 13347 3675.46 1322.85 21110.4 6359.34 14751.1 14398.9 6539.43
internal_count=398768 270657 161706 128111 141956 140263 123386 108951 90687 34714 55973 117301 21267 96034 16877 21510 73545 37424 23663 33537 4037 68238 53489 14749 5302 84651 25494 59157 57742 26191
is_linear=0
shrinkage=0.05


Tree=26
num_leaves=31
num_cat=0
split_feature=22 95 27 20 19 61 20 20 61 20 71 53 42 38 84 61 24 96 41 94 43 2 45 64 0 64 19 31 89 89
split_gain=99.4741 41.1919 35.6145 30.6865 28.7752 41.0515 26.1663 23.6282 26.2213 23.2681 21.9899 21.7526 20.2656 21.6699 25.6742 20.1163 22.064 19.3896 20.314 19.0137 18.2225 16.8263 15.956 15.4664 15.1507 14.9006 15.4635 14.7112 16.5069 19.6779
threshold=0.50601900000000011 0.058695000000000032 0.29442750000000006 13.500000000000002 13.500000000000002 1.0000000180025095e-35 13.500000000000002 12.500000000000002 1.0000000180025095e-35 12.500000000000002 1.0000000180025095e-35 2183.8819963536903 144.87125336367188 0.055738600000000006 0.47573312094352527 1.0000000180025095e-35 0.14729350000000005 0.49097150000000006 0.081118024089595189 0.45095150000000006 2072.2841198473743 2.5000000000000004 16.178831688787103 9.5000000000000018 4.5000000000000009 9.5000000000000018 16.500000000000004 0.18007350000000003 0.53554105000000007 0.54385875000000017
decision_type=10 10 10 2 2 2 2 2 2 2 2 8 10 10 2 2 10 10 8 10 8 2 8 2 2 2 2 8 10 10
left_child=2 10 -1 7 5 -3 9 11 24 22 20 -4 13 -5 -15 16 -11 18 23 -13 -2 -8 -6 -12 -9 -16 -27 28 -23 -30
right_child=1 4 3 12 6 -7 21 8 -10 15 17 19 -14 14 25 -17 -18 -19 -20 -21 -22 27 -24 -25 -26 26 -28 -29 29 -31
leaf_value=-0.00629716091811922 0.0061243310861502226 0.0057966382806553442 -0.011525399555945965 -0.0053095104414531934 0.0049053595094766993 -0.0058637760995325699 0.0031875949384124642 -0.0007879618431423591 -0.0015006507441312125 0.014328650070777355 -0.0039809308524035155 0.0022793446218868189 0.0090272375089801415 -0.0063540178950706712 -0.00067794251177660651 -0.0014529639826096046 0.0054460117203114422 0.0016541603140010686 0.0020716237242738521 -0.0062581709789759042 0.00017418972378581689 -0.0034677958329338097 -0.0021231966380421351 -0.013533516063995743 0.0071791102771612131 -0.00082702266227590009 -0.011453025025680288 0.001671927571683946 0.0087512560506439463 -0.00045810505249695453
leaf_weight=4060.1931333392859 1553.8735417425632 8255.3142921477556 511.8424726575613 5076.0327232033014 1490.9048816859722 822.67182046175003 5463.3043513298035 743.65176638960838 2002.7313784062862 1071.4987549036741 5604.451463252306 2026.4216201752424 386.29226224124432 2588.4306351542473 18037.624204039574 597.47062356770039 2042.6923490464687 2437.4575354456902 1342.1221738010645 949.43890324234962 7264.9206762164831 4517.5836720019579 1738.9700563251972 451.16200046241283 2972.6435592919588 694.80167739093304 668.24080875515938 7870.2905468642712 637.94686415791512 5527.5956359058619
leaf_count=16386 6218 33291 2057 20428 5982 3297 21913 2987 8060 4299 22518 8122 1555 10487 72378 2393 8198 9770 5382 3832 29080 18081 6970 1816 11931 2791 2685 31539 2555 22208
internal_value=3.91771e-05 0.00135651 -0.00185946 -0.00136636 0.00226051 0.00473465 0.00153372 0.0011307 0.00310672 0.0042353 -0.000583874 -0.00210912 -0.00220394 -0.00236752 -0.00168627 0.00693044 0.00853834 -0.00220842 -0.0034816 -0.00045636 0.00122836 0.000751445 0.0011263 -0.00471377 0.00558702 -0.00106055 -0.00608196 3.27573e-05 -0.00117526 0.000507413
internal_weight=99408.6 58690.2 40718.3 36658.2 40036.2 9077.99 30958.3 9206.73 5719.03 6941.54 18654 3487.7 27451.4 27065.1 21989.1 3711.66 3114.19 9835.19 7397.74 2975.86 8818.79 24016.7 3229.87 6055.61 3716.3 19400.7 1363.04 18553.4 10683.1 6165.54
internal_count=399209 235510 163699 147313 160726 36588 124138 36989 22978 27842 74784 14011 110324 108769 88341 14890 12497 39486 29716 11954 35298 96296 12952 24334 14918 77854 5476 74383 42844 24763
is_linear=0
shrinkage=0.05


Tree=27
num_leaves=31
num_cat=0
split_feature=89 72 25 23 29 48 71 28 64 61 89 40 83 4 48 48 21 27 42 21 25 88 19 34 25 17 52 58 40 16
split_gain=87.0829 56.6712 40.3689 32.9641 27.1734 25.6037 25.477 29.2775 23.8688 23.0574 22.6019 21.0038 20.4455 20.2645 21.9028 20.8533 19.1621 18.2381 20.3714 18.1967 19.4577 18.6702 17.6817 18.4178 17.2629 16.9982 16.8065 16.6941 17.9485 18.8624
threshold=0.44605140000000004 3.5000000000000004 0.37264650000000005 0.24154650000000003 0.60019900000000004 0.57540754913981529 1.0000000180025095e-35 0.30830000000000007 9.5000000000000018 1.0000000180025095e-35 0.51305555000000014 0.10741998591208425 0.45503699381190937 1.5000000000000002 0.1632653287845717 -0.50574751488084491 9156.5000000000018 0.56723600000000018 136.68285663316811 5734.5000000000009 0.43513600000000002 -0.060362000000000048 14.500000000000002 0.52021550000000005 0.42244750000000003 1.5000000000000002 122.89302905149268 7379.0000000000009 0.051347074022978674 0.57500000000000007
decision_type=10 2 10 10 10 10 2 8 2 2 10 10 2 2 10 8 2 10 8 2 10 8 2 8 10 2 10 8 10 2
left_child=6 8 3 4 13 19 12 -8 9 -2 -7 25 24 15 -15 -3 17 -6 -19 20 -4 -21 -9 -24 -1 -5 -22 28 29 -17
right_child=1 2 5 11 16 10 7 22 -10 -11 -12 -13 -14 14 -16 27 -18 18 -20 21 26 -23 23 -25 -26 -27 -28 -29 -30 -31
leaf_value=-0.0077291909944755613 -0.001494463960157409 0.0085013657795177649 0.0015211370423798038 0.0033065259390284195 -0.0019879261674114641 -0.00053994112291754447 -0.013374654206653964 -0.0062869857636568176 -0.012526198628191846 -0.011511311652592851 -0.0069780072960536057 0.010494777756776263 -6.3677364665033257e-05 -0.0036930285075997549 0.0022261538076850645 -0.0098005726224736998 0.012365257499272938 -0.00045449103725117134 0.0094639850857134791 0.0070090791081842962 0.00038210513353897219 -0.0056972486112781013 -0.0045570674451655266 0.0002671613820125766 0.0042172800713833258 -0.0014914524722011839 -0.011617217062905956 0.0047289063797165271 0.0027268340178063719 0.00050243413218006622
leaf_weight=1652.0576341301203 7551.0568809211254 1846.0718174278736 17518.180007621646 2359.0818273276091 751.77624483406544 3301.7868322581053 803.01546327769756 3941.7865146100521 599.15200698375702 612.33331477642059 2314.1329822540283 448.56002271175385 10123.60357645154 2298.2090251147747 4830.0251500606537 629.58677639067173 1139.3496492356062 705.21276117861271 1927.714355006814 333.90491384267807 634.33950918912888 1838.2702365815639 4014.5754780173302 3889.3343917876482 362.88257949054241 8351.8076323121786 529.45211265981197 6649.4483376294374 6051.5017798095942 1451.4584969729185
leaf_count=6706 30322 7406 70202 9444 3034 13247 3259 15914 2410 2462 9279 1804 40597 9212 19383 2522 4631 2842 7824 1338 2545 7375 16202 15670 1467 33450 2129 26697 24284 5817
internal_value=-5.13913e-05 0.00080105 0.00130338 0.00231692 0.00322467 -0.000207082 -0.00261869 -0.00418819 -0.0029745 -0.00225899 -0.00320054 1.56389e-05 -0.000981113 0.0025463 0.000315254 0.00350195 0.00677343 0.00486024 0.00681572 0.000600189 0.00110433 -0.00372087 -0.00355469 -0.00218584 -0.00556748 -0.000432595 -0.0051293 0.00287227 0.00135028 -0.00264654
internal_weight=99459.7 74672.4 65909.9 39439.8 28280.4 26470.1 24787.3 12648.7 8762.54 8163.39 5615.92 11159.4 12138.5 23756.3 7128.23 16628.1 4524.05 3384.7 2632.93 20854.1 18682 2172.18 11845.7 7903.91 2014.94 10710.9 1163.79 14782 8132.55 2081.05
internal_count=399474 299659 264465 158350 113652 106115 99815 51045 35194 32784 22526 44698 48770 95321 28595 66726 18331 13700 10666 83589 74876 8713 47786 31872 8173 42894 4674 59320 32623 8339
is_linear=0
shrinkage=0.05


Tree=28
num_leaves=31
num_cat=0
split_feature=89 72 25 19 40 26 38 39 14 21 35 39 69 3 87 42 88 21 57 38 58 35 22 96 57 87 93 22 89 72
split_gain=79.4949 43.9411 33.0611 34.1234 29.4596 29.2946 26.5283 25.7022 24.9143 21.9706 19.9699 19.9436 19.057 18.0481 16.946 16.9453 16.8071 24.6624 15.9828 18.7034 15.7215 24.1405 20.3049 18.9011 16.5122 15.4548 15.237 14.8443 14.6689 14.2506
threshold=0.46320495000000006 3.5000000000000004 0.37264650000000005 13.500000000000002 0.045527112311083619 0.49834200000000001 0.16312000000000001 0.035770151718391992 1.0000000180025095e-35 168.50000000000003 0.17371750000000005 0.037289542654493427 1.0000000180025095e-35 2.5000000000000004 -0.0011390000000000287 136.96254170602307 0.0013285000000000104 564.50000000000011 14.332847223330406 0.14248850000000005 1910.5000000000002 0.13999900000000004 0.54405450000000011 0.47848550000000006 10.25580180285113 -0.08287849999999998 0.051889500000000012 0.41176950000000007 0.47926540000000006 3.5000000000000004
decision_type=10 2 10 2 8 10 10 10 2 2 10 10 2 2 10 10 10 2 10 10 8 8 10 10 10 10 10 8 10 2
left_child=6 7 3 18 -5 11 10 13 -9 14 20 16 15 -2 -4 -11 -6 -18 19 -3 23 27 24 25 -23 -1 -13 -22 -7 -8
right_child=1 2 9 4 5 28 29 8 -10 12 -12 26 -14 -15 -16 -17 17 -19 -20 -21 21 22 -24 -25 -26 -27 -28 -29 -30 -31
leaf_value=-0.0081454637229142514 0.0010859263047012938 0.0052544803792353885 0.0034293396301420895 -0.0037304375420286889 0.0057469585333027838 -0.014071578848793493 -0.0055674651916155435 -0.0094611719962026039 -0.0010645805809270834 0.0020095013136204485 -0.0084278341278953336 0.0019141650228841093 -0.0061224321409887776 -0.011051104101858143 -0.010866205147212784 -0.00084113082167916659 -0.0082301317748200396 0.0030658923006218882 0.0082646536635060004 -0.0010450915853831154 -0.0066774164994871767 -0.0014444973350983159 0.0043466798419379603 0.00067901296978493681 -0.0057644406687797608 -0.0030840251484596792 -0.0027144254250721978 0.003191786710407193 -0.0020515242084708381 0.0008392339821669799
leaf_weight=3018.8653094172478 3847.535858720541 4659.9572897553444 277.22308281064034 2424.5203750878572 6247.2919279187918 296.10349331796169 956.11046257615089 1941.6749433726072 1619.266372770071 10912.467137038708 1548.5794035494328 10105.962844461203 1083.4270185232162 322.71903659403324 767.35005930066109 9965.3953555226326 531.13282707333565 4526.9563860148191 2725.3629374057055 1571.9012895226479 424.06087736785412 4595.3640424907207 892.88957770168781 1482.5662145912647 4271.2238983213902 3043.0977416038513 2148.0418438762426 3135.0227344930172 1516.2233935892582 8534.9508267939091
leaf_count=12185 15441 18782 1111 9710 25099 1187 3843 7802 6510 43716 6243 40495 4347 1296 3079 39960 2131 18178 11047 6304 1718 18493 3576 5960 17231 12306 8603 12598 6079 34237
internal_value=2.94198e-05 0.0010016 0.00146054 0.0023908 0.00152491 0.00202839 -0.0020269 -0.00254322 -0.00565666 -2.59905e-05 -0.00296482 0.00249995 0.000312393 0.000122501 -0.00707572 0.00064909 0.00401371 0.00186584 0.00507312 0.00366637 -0.00255548 -0.00152056 -0.00280534 -0.00437802 -0.00352966 -0.00561389 0.00110125 0.00200047 -0.00408184 0.000188655
internal_weight=99393.2 67490.5 59759.3 36753.5 27796.2 25371.7 31902.7 7731.2 3560.94 23005.9 22411.7 23559.4 21961.3 4170.25 1044.57 20877.9 11305.4 5058.09 8957.22 6231.86 20863.1 13318.6 9759.48 7544.53 8866.59 6061.96 12254 3559.08 1812.33 9491.06
internal_count=399267 270877 239828 147615 111482 101772 128390 31049 14312 92213 90310 94506 88023 16737 4190 83676 45408 20309 36133 25086 84067 53616 39300 30451 35724 24491 49098 14316 7266 38080
is_linear=0
shrinkage=0.05


Tree=29
num_leaves=31
num_cat=0
split_feature=23 71 89 65 42 84 39 21 85 52 45 51 2 39 39 45 10 88 39 37 20 9 45 25 37 52 61 20 32 2
split_gain=81.8412 43.9358 41.7147 33.7771 29.9126 26.9568 25.8837 30.176 25.1686 22.5181 21.9838 18.5183 19.7858 17.97 17.1128 15.887 15.7635 15.4221 20.765 15.4062 15.6692 15.3538 14.8485 14.7628 14.372 14.3188 15.9661 14.0392 13.8933 13.7815
threshold=0.24262350000000002 1.0000000180025095e-35 0.55605670000000007 1.0000000180025095e-35 133.09818701660762 0.46652725194479477 0.038643347692284537 1875.5000000000002 0.56242493627715928 134.59924453545489 -7.6935021495418567 2248.7097609760499 4.5000000000000009 0.052697892917632265 0.042861234829003024 12.741406092193355 -1.4999999999999998 0.011508499999999979 0.030935471395881948 0.26710350000000005 16.500000000000004 3.5000000000000004 14.133687982460632 0.37355250000000007 0.27686200000000011 128.55445706471104 1.0000000180025095e-35 17.500000000000004 0.18921600000000002 8.5000000000000018
decision_type=8 2 8 2 10 2 10 2 2 10 8 8 2 10 8 10 2 10 10 10 2 2 10 10 10 10 2 2 8 2
left_child=2 5 6 4 29 -2 17 13 9 10 16 -4 -13 -8 24 25 -7 21 23 -18 -21 -1 -17 -19 -14 26 27 -5 -24 -3
right_child=1 3 11 15 -6 8 7 -9 -10 -11 -12 12 14 -15 -16 22 19 18 -20 20 -22 -23 28 -25 -26 -27 -28 -29 -30 -31
leaf_value=0.0025569323653034377 -0.0064658030971513 0.0017714482190661176 0.00094732325149105674 -0.0017444602289450842 -0.0035830461928643581 -0.0018667562135230228 -0.0067731331966022733 0.00016910628572509119 0.0085142182718613412 0.01184678477822221 -0.00091484899756162663 0.006375232859864694 0.0068316693517210718 0.00030583339012670908 -0.00095586518757431727 0.007540944059210403 -0.0047235400642073669 -0.0028515019342888613 0.0025068616425806879 0.012412082916557311 0.0033194908365033297 -0.002140006464606502 -0.0023123463913020514 -0.013856100788150289 0.00080343921263226854 -0.014548457212957125 -0.015753250958633346 -0.010279039027783869 -0.011180926200262634 -0.0089592009865497122
leaf_weight=16984.44665697217 1474.6803314685822 4868.8711540549994 5790.6976438164711 1283.182212382555 9768.1963402032852 898.31925712525845 3021.0289227217436 12609.356285303831 927.892931625247 390.6938139051199 15259.717553630471 6213.0667758882046 2418.6804518699646 1271.8323419839144 2373.4678713530302 265.98217529058456 285.9580941349268 1265.4371622651815 1536.5524120628834 888.68791678547859 1023.7304410636425 1930.7814234644175 1603.641959503293 394.80257786810398 1672.6449069082737 803.06355513632298 407.74388399720192 766.65537670254707 603.49100431799889 308.88683392107487
leaf_count=68050 5995 19556 23241 5180 39384 3603 12137 50533 3719 1573 61187 25141 9758 5102 9544 1071 1147 5068 6158 3561 4101 7739 6453 1582 6743 3257 1652 3096 2430 1241
internal_value=0.000110846 -0.00157155 0.00133516 -0.00320973 -0.00195574 3.09877e-05 0.000408155 -0.00106453 0.000520972 0.000121016 -0.000134867 0.00329215 0.00436158 -0.00468003 0.00241947 -0.00646934 0.00369926 0.00153383 -0.00167423 0.00597184 0.00758734 0.00207661 -0.00342696 -0.00553567 0.00437513 -0.00875938 -0.00681639 -0.00497087 -0.00477675 0.00111526
internal_weight=99312.2 41829.4 57482.8 20679.7 14946 21149.7 39014.2 16902.2 19675 18747.1 18356.4 18468.6 12677.9 4292.86 6464.79 5733.76 3096.7 22112 3196.79 2198.38 1912.42 18915.2 2473.12 1660.24 4091.33 3260.65 2457.58 2049.84 2207.13 5177.76
internal_count=399002 168206 230796 83320 60181 84886 156369 67772 78891 75172 73599 74427 51186 17239 26045 23139 12412 88597 12808 8809 7662 75789 9954 6650 16501 13185 9928 8276 8883 20797
is_linear=0
shrinkage=0.05


Tree=30
num_leaves=31
num_cat=0
split_feature=25 83 72 68 26 14 36 44 72 48 23 23 61 20 20 19 0 45 30 24 41 30 66 66 57 23 52 23 95 24
split_gain=71.5452 39.184 27.394 26.5891 25.6359 22.7462 29.3569 23.3477 22.524 20.3539 33.4858 25.404 20.331 26.2749 31.4137 28.7216 22.7274 16.0944 16.0213 18.025 16.0477 15.6863 15.2965 15.0874 14.8773 14.7553 15.4183 14.1951 14.9364 13.8591
threshold=0.37565950000000009 0.58112803663350043 3.5000000000000004 1.0000000180025095e-35 0.50002900000000017 1.0000000180025095e-35 0.64444950000000012 24.757465181154945 3.5000000000000004 0.31786643419623645 0.29815050000000004 0.11147950000000002 1.0000000180025095e-35 13.500000000000002 12.500000000000002 13.500000000000002 4.5000000000000009 -5.8145548717539191 0.10733500000000001 0.12149950000000001 0.064841757287293786 0.11378000000000001 1.0000000180025095e-35 1.0000000180025095e-35 14.985409058738695 0.18745350000000002 126.01100865334213 0.33252100000000001 -0.023381000000000009 0.12454250000000001
decision_type=8 2 2 2 10 2 10 10 2 10 8 10 2 2 2 2 2 10 8 10 10 10 2 2 10 10 8 10 8 10
left_child=1 2 5 8 12 7 -7 24 17 10 11 -10 13 14 29 18 -16 -2 19 -15 -21 -20 -3 25 -1 26 -17 28 -11 -4
right_child=3 22 4 -5 -6 6 -8 -9 9 27 -12 -13 -14 15 16 23 -18 -19 21 20 -22 -23 -24 -25 -26 -27 -28 -29 -30 -31
leaf_value=-0.0039248272417700993 -0.0067468428854968081 0.0058090578428480113 0.010934985196188577 0.00055268577882773616 -0.0037939906606196411 -0.00087665567770957005 0.015567377641642023 -0.0098872140119567048 0.0161334396633026 -0.0073890148034662113 -0.0053084962360865316 0.00088966160112969738 -0.0042748796350929241 0.01378314955937885 -0.00087438243874927036 -0.0027410802802144228 0.0098560276213527937 0.0020622779924476266 -0.008834887233593991 -0.0040246593658092135 0.0063479040038600942 0.0026077336459666652 -0.0041594196425114123 -0.0040651527719805349 0.0063425792476102033 0.00010079858862532132 0.00604473854232366 0.008762517499132743 -0.0025020394669563861 0.00053817776000871572
leaf_weight=1509.650115057826 3876.8145517259836 5255.9325853735209 339.94654716551304 11091.924027383327 2483.6311594843864 2266.9771896749735 298.20140619575977 1463.7838704884052 272.75011755526066 1740.1355313360691 2372.4400982558727 8252.9268317371607 1498.234141305089 654.31662169098854 600.13678495585918 646.11114096641541 2726.5241069346666 593.64379082620144 313.60696771740913 448.16099704802036 2048.2845284640789 4055.3527584522963 408.19899074733257 1893.9622711837292 449.87128883600235 20471.005661934614 2116.5695168524981 250.43913853168488 14994.985400483012 3829.853385001421
leaf_count=6059 15695 21275 1368 44580 9956 9095 1198 5875 1092 7014 9631 33077 6005 2643 2406 2588 10933 2391 1263 1796 8285 16319 1649 7591 1802 82015 8496 1014 60234 15357
internal_value=-3.84234e-05 0.00114642 0.000700388 -0.00155951 0.00113114 -0.0024702 0.00108799 -0.00513185 -0.00228357 -0.00175405 -6.73108e-05 0.00139566 0.00142573 0.0016395 0.00430708 0.00102584 0.00792342 -0.00557506 0.00373461 0.00644725 0.0044772 0.00176807 0.00508459 0.000214048 -0.00154738 0.000564478 0.00398751 -0.00283561 -0.0030143 0.00140992
internal_weight=99224.4 55778.3 50114.2 43446.1 44125.7 5988.48 2565.18 3423.31 32354.1 27883.7 10898.1 8525.68 41642.1 40143.8 7496.46 32647.4 3326.66 4470.46 7519.72 3150.76 2496.45 4368.96 5664.13 25127.6 1959.52 23233.7 2762.68 16985.6 16735.1 4169.8
internal_count=398702 223974 201050 174728 177021 24029 10293 13736 130148 112062 43800 34169 167065 161060 30064 130996 13339 18086 30306 12724 10081 17582 22924 100690 7861 93099 11084 68262 67248 16725
is_linear=0
shrinkage=0.05


Tree=31
num_leaves=31
num_cat=0
split_feature=22 71 3 71 49 23 96 44 34 50 51 47 34 45 20 74 20 88 45 92 37 88 94 72 46 83 42 36 99 45
split_gain=70.7639 37.9093 30.7496 25.8999 24.6716 32.3473 24.2541 25.5 22.2129 20.2151 20.0933 19.7013 18.9209 18.7762 20.2246 28.7973 23.5732 23.3155 17.5204 17.3056 16.7596 16.5937 15.5687 15.9288 14.9098 22.1808 15.0545 15.0378 23.6688 20.5493
threshold=0.49570700000000006 1.0000000180025095e-35 2.5000000000000004 1.0000000180025095e-35 126.6549564957612 0.2026165 0.33815530000000005 28.268147531496709 0.48606150000000009 145.90568889590506 2461.2010305517583 1.0640743314810861 0.5285065000000001 31.467253261318465 13.500000000000002 1.0000000180025095e-35 12.500000000000002 -0.004424499999999997 -0.74107544749360355 -0.019807949999999994 0.41537550000000006 0.013820000000000001 0.4682515000000001 4.5000000000000009 1.7677890219248225 0.5473573947349476 130.23189605993977 0.57373950000000018 -0.018453499999999994 13.612617254836129
decision_type=10 2 2 2 8 10 10 10 8 10 10 8 10 10 2 2 2 10 8 8 10 10 8 2 10 2 10 10 10 10
left_child=3 4 6 10 19 12 7 -3 -8 -4 13 -10 -6 14 16 -16 17 -1 -5 -2 -7 -15 23 -17 -13 26 -26 28 -27 -29
right_child=1 2 9 18 5 20 8 -9 11 -11 -12 24 -14 21 15 22 -18 -19 -20 -21 -22 -23 -24 -25 25 27 -28 29 -30 -31
leaf_value=-0.0091754778330147106 0.0034126676521204062 0.0010488716637645677 -0.0074433971148159988 -0.0064726541139551444 0.0081186604519970732 0.0021442027683808897 -0.0045769804979086236 -0.0092015183402339735 0.0082977165024365404 0.0049279517845404472 0.012813153551777251 0.0017808979079617397 0.0014728136362366711 -0.00056545602507548757 0.001979020132380042 0.001019244653867485 0.0049835276918630744 0.0038736712386486408 -0.0025145008473572341 9.6153102459858021e-05 -0.0079011419596691761 0.017326379033257452 -0.0075185347116317955 -0.0041646517374839126 0.0039345825237344966 -0.010518070354150541 -0.0033141167797499957 0.00065671312315657431 0.0016623890946172474 0.011190787841309321
leaf_weight=737.94784291088581 5264.8262071311474 1086.2113556116819 2180.7213580161333 3667.8269860595465 4395.7423261851072 7500.6782736331224 1977.7761241942644 1359.2020250856876 861.45656141638756 381.63024537265301 264.42715547978878 13545.035305082798 1421.6464910656214 253.68571700155735 3093.0638693720102 2192.2401582449675 2424.5596327036619 623.23434345424175 11780.599856808782 15468.885297238827 429.79452376067638 253.61963967978954 1980.8936595469713 4541.5853076577187 802.71315568685532 463.68100707232952 6110.2229250967503 1017.8594055622816 2514.1331090778112 841.25885175168514
leaf_count=2974 21138 4365 8765 14891 17746 30062 7940 5493 3463 1536 1061 54366 5732 1016 12428 8785 9728 2501 47480 61989 1721 1024 8017 18212 3233 1859 24496 4099 10097 3396
internal_value=-4.58536e-05 0.000869006 -0.000338518 -0.00199015 0.00202938 0.00367112 0.000103106 -0.00466274 0.000518862 -0.00558884 -0.000603417 0.000905779 0.00649987 -0.000831577 -0.00114178 -0.00216104 0.00203461 -0.00321608 -0.00345784 0.000939541 0.00159053 0.00854132 -0.00363103 -0.00247799 0.000650855 -0.000652244 -0.00246795 0.0019425 -0.000263108 0.0054578
internal_weight=99437.2 67623.5 33141.9 31813.7 34481.6 13747.9 30579.5 2445.41 28134.1 2562.35 16365.3 26156.4 5817.39 16100.8 15593.5 11807.8 3785.74 1361.18 15448.4 20733.7 7930.47 507.305 8714.72 6733.83 25294.9 11749.9 6912.94 4836.93 2977.81 1859.12
internal_count=399613 271496 133108 128117 138388 55261 122807 9858 112949 10301 65746 105009 23478 64685 62645 47442 15203 5475 62371 83127 31783 2040 35014 26997 101546 47180 27729 19451 11956 7495
is_linear=0
shrinkage=0.05


Tree=32
num_leaves=31
num_cat=0
split_feature=84 72 64 61 94 54 45 44 20 20 57 37 44 92 61 54 25 85 83 46 26 55 91 30 92 89 15 91 92 87
split_gain=74.5696 35.4493 31.6727 28.6207 25.8165 25.0804 22.8835 21.25 20.7549 21.1169 19.8726 19.2893 19.1295 24.4062 19.0195 18.3787 16.8054 17.2401 16.761 16.7044 16.6176 17.6722 16.9551 20.5047 19.8439 17.1719 15.9498 15.8256 16.4053 15.7862
threshold=0.52721451347969961 3.5000000000000004 9.5000000000000018 1.0000000180025095e-35 0.48635800000000007 132.8304705802955 -7.4743260393310154 23.158601585993306 13.500000000000002 12.500000000000002 14.734744894252531 0.43257450000000003 39.184875407399659 0.03264050000000001 1.0000000180025095e-35 129.79873195906436 0.43067600000000006 0.50186896137195802 0.55109783541421542 1.750356743306835 0.47098650000000003 1451.9830701962285 0.055556000000000008 0.12560700000000002 0.0014364999999999936 0.47500010000000004 64.65000000000002 0.058803999999999988 0.027199000000000004 -0.016013499999999983
decision_type=2 2 2 2 8 8 8 10 2 2 10 10 10 10 2 10 10 2 2 8 10 10 10 10 10 10 2 10 10 10
left_child=1 14 3 5 6 8 11 10 9 -2 -8 15 20 -14 -1 -3 17 -9 -11 -5 21 -10 23 24 -23 -25 -24 -7 -29 -26
right_child=2 4 -4 19 -6 27 7 16 12 18 -12 -13 13 -15 -16 -17 -18 -19 -20 -21 -22 22 26 25 29 -27 -28 28 -30 -31
leaf_value=-0.0033188964583036685 0.0016763391200602482 0.005307755213454504 -0.0035877709197318416 0.0013621759399655813 -0.0050839650982750046 0.0061582456899879267 0.00035382546872344384 -0.0044578639500807687 -0.002829279378141869 0.0026409833575377806 0.0088169402131395309 0.013477532277610275 0.0023497355740601596 0.018036832113334053 -0.012779207448840084 -0.0010196681429464464 -0.0081488363355837461 -0.0007352870677406532 0.012525223822641422 -0.004946739877413597 -0.0062425261080556 0.0030489701990944395 0.0011735254513112812 -0.0022349674818176878 -9.6664215237192783e-05 0.0071820820039170431 -0.0058779750802765655 -0.0049346551595724625 0.0047070470339297069 -0.010459944515284094
leaf_weight=7925.9413724690676 2091.2048346847296 2227.6380612552166 2454.5003272891045 2246.0767512768507 2881.1045537441969 6954.6562719494104 19279.211842119694 3612.2966067194939 2444.7015375196934 675.90222172439098 709.58024309575558 393.48927854001522 783.32419656217098 355.30312843620777 561.41418436169624 2350.4076673686504 907.67888028919697 22048.708045810461 1195.1645346581936 1953.522899851203 813.03414398431778 3486.6201812326908 2566.41815122962 564.57860270142555 1081.0087851732969 3221.7607752680779 1154.765792325139 716.27589625120163 1114.500698491931 546.86769135296345
leaf_count=32002 8392 8919 9859 9010 11698 28106 77326 14500 9798 2709 2882 1575 3157 1427 2273 9449 3664 88518 4807 7846 3256 14010 10287 2260 4334 12937 4628 2886 4485 2197
internal_value=8.70246e-05 -0.000955478 0.00188719 0.00228377 -0.000486326 0.00282887 -0.000228325 -0.00057284 0.00188814 0.00514284 0.000658515 0.00299266 0.0011278 0.00735923 -0.00395897 0.00206406 -0.00149914 -0.00126085 0.00898767 -0.00157731 0.000676638 0.0010539 0.00180766 0.00299157 0.000923178 0.00577572 -0.0010246 0.00507072 0.000928498 -0.0036207
internal_weight=99317.7 62897.5 36420.2 33965.7 54410.1 29766.1 51529 46557.5 20980.7 3962.27 19988.8 4971.54 17018.4 1138.63 8487.36 4578.05 26568.7 25661 1871.07 4199.6 15879.8 15066.7 12622 8900.84 5114.5 3786.34 3721.18 8785.43 1830.78 1627.88
internal_count=399197 252806 146391 136532 218531 119676 206833 186890 84199 15908 80208 19943 68291 4584 34275 18368 106682 103018 7516 16856 63707 60451 50653 35738 20541 15197 14915 35477 7371 6531
is_linear=0
shrinkage=0.05


Tree=33
num_leaves=31
num_cat=0
split_feature=22 71 71 96 52 19 37 20 38 20 27 41 68 46 19 26 38 8 23 0 47 46 50 19 47 37 28 44 20 28
split_gain=59.3481 31.7123 26.2605 26.6909 24.572 24.3362 31.3041 21.9411 30.8073 21.3319 21.2598 20.5558 21.0853 27.723 33.4009 20.3317 20.2002 18.8176 17.6879 18.7931 17.365 21.1441 17.2424 16.5469 17.8816 16.4479 20.5438 16.1357 16.4096 18.5757
threshold=0.50601900000000011 1.0000000180025095e-35 1.0000000180025095e-35 0.56497750000000013 134.35404545841797 19.500000000000004 0.30799950000000004 13.500000000000002 0.16136850000000005 12.500000000000002 0.29935050000000002 0.080396755250289734 1.0000000180025095e-35 1.7913404212515831 12.500000000000002 0.47222400000000003 0.42122950000000009 2.5000000000000004 0.21568900000000002 4.5000000000000009 1.5846160846738921 1.779038507821274 138.87583432483891 13.500000000000002 1.6696583232568065 0.20001850000000002 0.50081450000000005 34.305060398190697 13.500000000000002 0.5019840000000001
decision_type=10 2 2 10 10 2 10 2 10 2 10 10 2 10 2 10 10 2 10 2 8 10 8 2 8 10 10 10 2 10
left_child=2 5 4 10 7 6 16 9 23 -1 -4 12 13 22 -15 -7 -2 -11 19 -8 -12 -22 -3 24 -9 26 -10 28 -20 -30
right_child=1 11 3 -5 -6 15 18 8 25 17 20 -13 -14 14 -16 -17 -18 -19 27 -21 21 -23 -24 -25 -26 -27 -28 -29 29 -31
leaf_value=-0.001961214672451942 0.0044836738410926847 -0.0056502087345012171 -0.0081553325253037965 0.0033655688531664335 0.011171037178363062 0.0003931971800487195 -0.00341068314801272 0.012153007479717357 -0.0053202263058827809 -0.00014063202267803422 0.0028006498802713043 0.0042119989827938496 0.0015362115935185728 0.0055122188105893276 -0.0052582015222949197 -0.0079048634344279414 -0.0070905602169512904 0.0077890909636381461 0.0051112710101629891 0.0043137343005560311 -0.0019886931809519072 -0.0060708418089328309 0.0006044654288151455 -0.0040996406024898747 -0.00098563320998618521 0.0042360124968166858 0.0063868270015733468 -0.01326922688600983 0.0013529100832891845 -0.0057523465044520931
leaf_weight=1851.3542614132166 14474.686297595501 1221.9986947923899 2077.4693010300398 1574.6491656005383 445.18453633785248 4501.442644149065 989.16738229990005 279.19612547755241 1258.5200995504856 1204.5696738362312 1273.1514784544706 2362.6492075324059 7804.0049443989992 804.9861706495285 6259.3598570078611 872.78366315364838 378.42411886155605 1962.9903414696455 903.52800500392914 3732.7537220865488 10144.241316348314 4616.875274926424 10421.648473292589 8099.5229115635157 2468.3035819381475 2867.8352163881063 522.36371794342995 269.43437702953815 1747.9433405250311 1924.4236143231392
leaf_count=7440 58191 4909 8438 6320 1794 18032 3978 1118 5049 4830 5124 9501 31337 3255 25141 3495 1516 7872 3621 15031 40898 18657 41849 32571 9905 11491 2091 1080 6997 7710
internal_value=-8.33237e-05 0.00093397 -0.00155157 -0.00286244 -0.000319555 0.00207806 0.00274823 -0.000574231 -0.00150476 0.00229602 -0.00340547 -0.000246882 -0.000645679 -0.00155618 -0.00402485 -0.000966601 0.00418422 0.0047826 0.000516816 0.0026918 -0.00278536 -0.00326872 -5.62467e-05 -0.00296345 0.000388723 0.00189791 -0.00186986 -0.00160395 -0.000889651 -0.00237595
internal_weight=99315.5 58669.2 40646.2 19686.4 20959.8 29794.6 24420.4 20514.7 15495.7 5018.91 18111.7 28874.6 26512 18708 7064.35 5374.23 14853.1 3167.56 9567.25 4721.92 16034.3 14761.1 11643.6 10847 2747.5 4648.72 1780.88 4845.33 4575.89 3672.37
internal_count=399241 235643 163598 79437 84161 119651 98124 82367 62225 20142 73117 115992 106491 75154 28396 21527 59707 12702 38417 19009 64679 59555 46758 43594 11023 18631 7140 19408 18328 14707
is_linear=0
shrinkage=0.05


Tree=34
num_leaves=31
num_cat=0
split_feature=22 20 20 27 25 24 52 41 21 42 94 87 90 29 22 69 21 97 54 41 26 28 31 91 38 27 44 26 1 42
split_gain=57.3027 28.7302 31.6485 25.5747 24.9454 24.8978 19.9438 19.7314 19.4378 19.1427 17.5004 17.0406 21.1207 16.7424 16.1294 19.0949 17.2483 18.0407 15.9291 16.2493 15.7455 18.004 15.7343 17.5425 15.5846 18.4348 15.6313 15.1494 15.13 14.9274
threshold=0.51790950000000013 13.500000000000002 12.500000000000002 0.32988450000000008 0.33778150000000007 0.14083750000000003 116.1173645782569 0.078619818170676661 1698.5000000000002 145.09249437257921 0.49596950000000006 0.003051500000000013 0.004558850000000004 0.4547345000000001 0.5714395000000001 1.0000000180025095e-35 5004.5000000000009 0.77465961963261998 129.52334683722432 0.079223396981154035 0.44807200000000008 0.48370750000000001 0.14609300000000003 -0.045528699999999991 0.058264850000000007 0.39547650000000006 41.323567560119848 0.49932550000000003 2.5000000000000004 136.63505700039221
decision_type=10 2 2 10 10 8 8 8 2 10 10 10 10 8 10 2 2 2 10 10 10 10 10 10 10 10 10 10 2 8
left_child=1 2 13 18 27 -4 -5 8 -6 10 24 -9 -13 -1 16 -16 17 28 19 -3 -19 -22 23 -15 25 29 -26 -2 -10 -8
right_child=4 3 5 6 7 -7 9 11 14 -11 -12 12 -14 22 15 -17 -18 20 -20 -21 21 -23 -24 -25 26 -27 -28 -29 -30 -31
leaf_value=-0.005921457857838079 0.0043585429346862953 -0.0038177560385925452 -0.0018486212627474167 0.0087508306743364905 -0.0024340738195809527 0.0044760230251339279 -0.0075635090394569728 0.0051839549971751282 0.0035530967606475098 0.0096675879101118523 -0.0070851439456751071 -0.0087785542879751897 0.00209294839891032 0.0010166326950135677 0.0034411809436123552 -0.0085446174654827123 -0.0016066565582223134 8.8768796389230035e-05 -0.0081364421392863505 0.0094391095304234944 0.010572924390783132 0.0025588603239437516 0.0026572406374932617 -0.01170486534190858 -0.0011190418718094802 -0.0052028793362052014 0.0057370339993609324 -0.0026125389791522981 -0.011474692291463841 0.0061807166539444916
leaf_weight=1909.8448302298784 7831.4865597635508 1867.4124909192324 2105.5359205305576 469.39617100358009 5832.3590099066496 5902.3927563428879 263.77728733420372 4104.5936793982983 252.24876515567303 367.93082675337791 1408.7244981080294 520.83084380626678 2811.1572921425104 589.33692462742329 6528.981336414814 340.70543703436852 8885.7357626110315 5395.6204250156879 2421.7170089334249 253.95865802466869 855.27483044564724 3749.4658651053905 1995.0479299724102 489.38664996623993 24788.562162563205 4439.0469616353512 850.3648147135973 858.76845094561577 466.73680904507637 703.44953905045986
leaf_count=7714 31702 7541 8478 1906 23410 23725 1062 16458 1012 1487 5725 2089 11310 2366 26249 1368 35589 21620 9805 1026 3425 15052 7994 1964 99534 17876 3414 3450 1874 2841
internal_value=1.18124e-05 -0.00116082 0.000867347 -0.0018573 0.00124234 0.00281284 -0.00137613 0.000711284 0.00017643 -0.00152358 -0.00165339 0.00303152 0.000372416 -0.00225815 0.000752223 0.00283518 2.12734e-05 0.00137098 -0.00537251 -0.00219388 0.00192284 0.00406706 2.98164e-05 -0.00480925 -0.00140471 -0.00384193 -0.000889499 0.00366745 -0.00622593 0.00239342
internal_weight=99259.9 50825.9 12991.5 37834.3 48434 8007.93 33291.3 39743.7 32307.1 32821.9 32453.9 7436.58 3331.99 4983.62 26474.8 6869.69 19605.1 10719.3 4543.09 2121.37 10000.4 4604.74 3073.77 1078.72 31045.2 5406.27 25638.9 8690.26 718.986 967.227
internal_count=399066 204458 52241 152217 194608 32203 133845 159456 129599 131939 130452 29857 13399 20038 106189 27617 78572 42983 18372 8567 40097 18477 12324 4330 124727 21779 102948 35152 2886 3903
is_linear=0
shrinkage=0.05


Tree=35
num_leaves=31
num_cat=0
split_feature=22 64 86 45 83 54 25 35 19 71 23 94 79 27 34 5 71 35 15 44 43 65 27 64 37 37 32 99 71 58
split_gain=48.124 33.8576 29.5554 25.4664 23.9051 19.539 18.3204 18.8806 18.3731 23.3221 17.1035 16.5673 16.2157 15.3191 15.4255 14.8704 18.3274 15.0484 14.6766 14.5207 19.1816 14.5186 14.3322 19.4742 14.3227 18.3849 14.2551 14.0604 15.9684 14.0358
threshold=0.48282450000000005 9.5000000000000018 -0.12634949999999998 31.467253261318465 0.5763553187124365 135.78400010136417 0.41874800000000006 0.14088850000000003 13.500000000000002 1.0000000180025095e-35 0.16771650000000002 0.42536100000000004 51.95000000000001 0.32988450000000008 0.59270300000000009 1.5000000000000002 1.0000000180025095e-35 0.14773950000000005 21.550000000000004 23.099459515067824 2089.6983883828789 -1.0000000180025095e-35 0.57523600000000008 1.5000000000000002 0.22178900000000004 0.25373300000000004 0.19358250000000002 -0.027520000000000013 1.0000000180025095e-35 985.00000000000011
decision_type=10 2 8 10 2 10 10 8 2 2 10 10 2 10 8 2 2 10 2 8 10 2 10 2 10 10 10 8 2 10
left_child=12 2 19 5 6 15 7 11 9 22 -8 -4 13 -1 -15 16 17 -3 27 -2 -21 -14 -9 -24 -23 -26 -11 -10 -29 -22
right_child=1 3 4 -5 -6 -7 10 8 18 26 -12 -13 21 14 -16 -17 -18 -19 -20 20 29 24 23 -25 25 -27 -28 28 -30 -31
leaf_value=-0.0046097142288791726 0.0017186903270014833 0.0038774123157080754 0.0023994541451846205 -0.016759021112299422 0.0040403756295009112 0.0085617741437684323 0.0058728557263872782 0.00301759325775395 -0.0082865236526582821 0.00080381605612775051 -0.005640776213810956 0.0094399613867307795 -0.00042919160961624029 -0.00052734780501958274 0.0086359502625361125 0.00056620570717933361 -0.0095027163732126357 -0.0058748718474547525 0.00063151177021785636 0.0013745568914993577 -0.008906870073602512 -8.2894243257395397e-05 0.015606998112874965 0.0043772565373721038 -0.016772842451605569 -0.0051246776204314538 -0.010549517091457026 0.0015371503448064101 -0.0037848021534403289 -0.0026982790945515116
leaf_weight=2296.1783500909805 2927.7872772663832 687.08169737458229 9720.5573201626539 319.2545952796936 7084.7683074772358 367.30350942909718 385.51670135557652 2665.7490172386169 783.87012615799904 3587.4813608676195 1766.7889065742493 906.24529394507408 2613.7063695937395 10327.15329696238 470.63509990274906 1629.6696552038193 1405.2999570816755 906.07798624038696 24357.12578304112 2585.4610439687967 1070.5059404820204 1312.0979170948267 651.92425905168056 954.02147974073887 354.46696031093597 5358.1307617276907 289.49703930318356 2759.3347459584475 2862.4351850599051 5912.1937903314829
leaf_count=9308 11735 2755 38998 1281 28662 1478 1547 10712 3142 14456 7101 3632 10540 41647 1895 6545 5655 3635 97628 10373 4313 5283 2645 3868 1441 21644 1166 11055 11482 23733
internal_value=-3.77462e-05 0.000561921 0.000849146 -0.00328421 0.00131861 -0.00239128 0.000944856 0.0011413 0.000630806 0.00274026 -0.00356085 0.00300817 -0.0020574 -0.000910515 -0.000120333 -0.00327713 -0.00536094 -0.00167105 7.13289e-05 -0.00135831 -0.00230066 -0.0036129 0.00528406 0.00900428 -0.00479519 -0.00587549 -6.89059e-05 -0.0020564 -0.00117454 -0.00366148
internal_weight=99318.3 76586 71271.3 5314.69 58775.3 4995.43 51690.5 49538.2 38911.4 8148.67 2152.31 10626.8 22732.4 13094 10797.8 4628.13 2998.46 1593.16 30762.8 12495.9 9568.16 9638.4 4271.69 1605.95 7024.7 5712.6 3876.98 6405.64 5621.77 6982.7
internal_count=399355 307597 286248 21349 236094 20068 207432 198784 156154 32847 8648 42630 91758 52850 43542 18590 12045 6390 123307 50154 38419 38908 17225 6513 28368 23085 15622 25679 22537 28046
is_linear=0
shrinkage=0.05


Tree=36
num_leaves=31
num_cat=0
split_feature=89 72 34 25 26 97 65 63 39 65 45 37 21 20 20 42 92 52 79 50 87 87 36 22 21 31 21 54 37 58
split_gain=45.1655 28.5429 24.4373 21.6616 24.7855 19.2184 19.5735 19.0475 21.6157 18.8512 22.2315 17.6117 19.1479 17.0142 21.6546 19.2698 16.3722 15.7611 15.3389 15.5425 15.3185 18.7194 17.271 14.9055 14.648 15.8736 15.2762 15.9248 16.1751 13.9676
threshold=0.46320495000000006 3.5000000000000004 0.45747700000000008 0.37264650000000005 0.50002900000000017 0.97041448970822541 -1.0000000180025095e-35 1.0000000180025095e-35 0.035564706961301394 -1.0000000180025095e-35 -7.278829282425832 0.22103250000000005 748.50000000000011 13.500000000000002 12.500000000000002 145.09249437257921 0.10933800000000003 117.59111002990987 94.350000000000009 142.30691335019563 -0.15178899999999995 -0.010462499999999984 0.51922150000000011 0.54867900000000003 7179.5000000000009 0.18007350000000003 168.50000000000003 125.49396385022645 0.46698800000000001 4667.0000000000009
decision_type=8 2 10 8 10 2 2 2 10 2 10 8 2 2 2 10 10 8 2 8 10 10 10 10 2 10 2 10 10 10
left_child=2 7 -1 4 13 6 -4 8 -2 -5 -11 -9 -13 14 18 17 -7 -15 19 23 22 -22 -8 -3 26 -26 -12 -28 -29 -19
right_child=1 3 5 9 -6 16 20 11 -10 10 24 12 -14 15 -16 -17 -18 29 -20 -21 21 -23 -24 -25 25 -27 27 28 -30 -31
leaf_value=-0.0091924101845177984 -0.001073760119503833 -0.0075265094909786629 0.00044114003730465212 0.0023801572324621662 -0.003807866526434596 -6.9476771142377923e-05 0.0026561305582053075 0.0068575845846963806 -0.0081253012620303797 0.0023403977853947038 -0.010465052152211126 -0.012392778606703351 0.00031215439439558957 0.0077684129564515305 0.0074696278808540004 0.0082317025545770878 0.0071819797317490067 0.0021072431606978725 -0.0078744351189680845 0.0053863392933173933 -0.0013952133932988782 -0.0061770712779187185 -0.0088983473932703026 0.0043807939638813116 -0.012063279697569432 -0.00012664895172889427 -0.0060984836802024621 -0.00075418887346055793 0.0088871573433329919 -0.0002317401352421887
leaf_weight=995.14044409990311 2435.0744853913784 563.98300193250179 5336.4397627711296 6030.5727615952492 1796.6823784708977 8734.4603462666273 386.69829355180264 865.55756631493568 1957.9698913991451 4143.8152602314949 432.03132696449757 330.47837238013744 2295.7760822623968 933.26480077207088 3158.4424210637808 1067.6788868606091 844.52091093361378 16277.479922160506 361.05827099084854 2064.6047072261572 9733.3600525557995 2584.8802210390568 1849.8687592297792 475.85040490329266 677.57179743051529 468.51586110889912 1344.6902829259634 10064.206340745091 444.66969782114029 10492.931213542819
leaf_count=4018 9780 2262 21511 24168 7206 35118 1556 3482 7881 16614 1740 1334 9226 3793 12706 4366 3387 65422 1450 8302 39268 10464 7459 1914 2719 1880 5400 40371 1781 42138
internal_value=7.7178e-05 0.000787902 -0.00152485 0.00115502 0.00190675 -0.00126291 -0.00214863 -0.00204073 -0.00422793 -2.966e-05 -0.000857409 0.0007152 -0.00132753 0.00219782 0.00448121 0.00167075 0.000576663 0.00141502 0.00174392 0.00288426 -0.0030978 -0.00240284 -0.00689767 -0.00208764 -0.00184497 -0.00722694 -0.00133744 -0.000996217 -0.000338167 0.00119071
internal_weight=99148.3 68682.9 30465.4 60798 37192 29470.2 19891.2 7884.86 4393.04 23606.1 17575.5 3491.81 2626.25 35395.3 6623.94 28771.4 9578.98 27703.7 3465.5 3104.44 14554.8 12318.2 2236.57 1039.83 13431.7 1146.09 12285.6 11853.6 10508.9 26770.4
internal_count=398716 275935 122781 244232 149559 118763 80258 31703 17661 94673 70505 14042 10560 142353 26634 115719 38505 111353 13928 12478 58747 49732 9015 4176 53891 4599 49292 47552 42152 107560
is_linear=0
shrinkage=0.05


Tree=37
num_leaves=31
num_cat=0
split_feature=22 56 64 32 20 26 20 20 52 94 42 92 97 23 38 28 55 42 80 39 20 61 64 34 27 42 45 80 91 22
split_gain=42.2187 25.74 24.5085 22.9083 21.3325 18.2003 19.5969 20.6429 17.3152 18.0328 24.8748 25.389 16.6647 16.4397 16.3359 15.8692 15.5546 16.8607 15.531 15.047 15.5865 13.9785 13.972 13.5432 15.913 13.3217 13.2997 12.3189 12.6976 12.2819
threshold=0.50601900000000011 2.0383018477309878 9.5000000000000018 0.16682150000000004 13.500000000000002 0.41131250000000003 13.500000000000002 12.500000000000002 130.99458655267418 0.36383750000000004 137.13666898251492 -0.00088149999999999329 1.0485760121307501 0.25988800000000006 0.23666350000000005 0.52548550000000016 1500.6071195345214 137.21099347753747 8.6544302059214662 0.051436233382592664 12.500000000000002 1.0000000180025095e-35 7.5000000000000009 0.52402850000000012 0.5265510000000001 144.87125336367188 11.360882078178477 6.1789803838515871 0.023830500000000008 0.51153850000000012
decision_type=10 8 2 8 2 10 2 2 8 10 8 8 2 10 10 10 8 10 2 10 2 2 2 10 10 10 10 2 8 10
left_child=2 -2 4 26 15 16 7 13 22 -10 -11 18 25 23 27 19 17 -3 -12 20 -1 -22 -8 -7 -25 -6 -4 28 -9 -24
right_child=1 5 3 -5 12 6 8 14 9 10 11 -13 -14 -15 -16 -17 -18 -19 -20 -21 21 -23 29 24 -26 -27 -28 -29 -30 -31
leaf_value=-0.0021314411222327959 -0.0047182548240675727 -0.00067111878511080206 -0.0051803243164995575 -0.0098626522767421634 -0.0020417957050331416 -0.00078070234256661622 0.00043626692712702266 -0.0078211536146170092 0.0037221903199349741 0.011481023596851474 -0.0029424303548537482 0.0019675169269636594 0.0058771815543287214 -0.010469942795326811 0.010689240354474463 0.0057740210009612778 -0.00073957803696652594 -0.015253824241793999 -0.014296676146401989 -0.0064047704308446045 0.0047247975357544141 -0.00092265870597910713 0.0073156342640968422 -7.1312530387443787e-05 0.0088264453638195479 0.0071248364349769033 0.004535682851376505 0.004817640829937353 0.0056271107563209445 -0.0034210765163491547
leaf_weight=2749.3619336485863 2075.7112475037575 375.12853313982487 829.1302876919508 1566.0407554358244 26894.968332856894 2859.5797083079815 22032.441964551806 414.32826946675777 7764.0170516073704 442.9249891191721 2137.363490447402 3694.3147278428078 695.77793212234974 298.73196884989738 1044.0533679574728 1471.6772346198559 3899.9080390185118 412.59744471311569 342.48747256398201 781.06429453194141 2912.15801037848 1748.4983762353659 276.33881263434887 963.04115907847881 1040.3877445757389 392.7226028740406 597.37679827213287 4360.0988451391459 290.16644288599491 3940.7890846729279
leaf_count=11075 8359 1507 3355 6319 108311 11487 88466 1663 31369 1786 8562 14796 2795 1196 4192 5905 15642 1663 1371 3151 11705 7054 1111 3860 4187 1588 2404 17522 1164 15818
internal_value=-0.000121002 0.00073703 -0.0013595 -0.00570717 -0.00101247 0.000937931 0.00120749 0.00305132 0.000695413 0.00208927 0.000170584 -0.000658062 -0.00171173 0.000721054 0.00501597 0.00101226 -0.00204281 -0.00840476 -0.00456167 0.000150725 0.000849418 0.00260865 -6.87297e-05 0.00142859 0.00457021 -0.00190731 -0.00110831 0.00382768 -0.00228087 -0.00270188
internal_weight=99303.2 58664.4 40638.8 2992.55 37646.2 56588.7 51901.1 11270.4 40630.7 14381.1 6617.09 6174.17 27983.5 5161.74 6108.65 9662.76 4687.63 787.726 2479.85 8191.08 7410.02 4660.66 26249.6 4863.01 2003.43 27287.7 1426.51 5064.59 704.495 4217.13
internal_count=399383 235721 163662 12078 151584 227362 208550 45271 163279 57884 26515 24729 112694 20730 24541 38890 18812 3170 9933 32985 29834 18759 105395 19534 8047 109899 5759 20349 2827 16929
is_linear=0
shrinkage=0.05


Tree=38
num_leaves=31
num_cat=0
split_feature=23 29 21 49 91 71 65 25 35 84 32 97 90 42 29 24 24 45 51 84 65 53 21 65 55 43 19 14 8 92
split_gain=42.8061 23.2518 24.4387 21.3452 24.0755 20.7735 30.2085 24.5134 21.4787 19.3719 18.5735 18.3095 18.2694 17.022 19.3479 18.1861 16.2901 15.7514 15.1836 19.2901 15.1202 14.9551 14.9341 18.9621 18.4229 25.7246 19.7362 15.8359 16.9488 14.4112
threshold=0.24262350000000002 0.60019900000000004 3005.5000000000005 126.39615317096113 -0.1211221 1.0000000180025095e-35 1.0000000180025095e-35 0.34608000000000011 0.14088850000000003 0.45253090794596845 0.16863300000000001 0.77465961963261998 -0.014529600000000002 133.09818701660762 0.48577650000000006 0.16411450000000002 0.18505350000000001 -7.278829282425832 2214.863193933666 0.50170661329099231 -1.4999999999999998 2667.9621060657651 4648.5000000000009 1.0000000180025095e-35 1611.83912380991 2276.8143644710217 15.500000000000002 1.0000000180025095e-35 4.5000000000000009 -0.03869344999999999
decision_type=8 8 2 8 10 2 2 8 8 2 8 2 10 8 8 10 10 8 10 2 2 10 2 2 10 10 2 2 2 10
left_child=1 2 3 4 -1 8 7 -7 21 -10 -11 -5 -13 14 -9 -15 20 -12 -6 -20 -14 -2 24 -24 25 26 -4 28 -26 -29
right_child=5 -3 22 11 18 6 -8 13 9 10 17 12 16 15 -16 -17 -18 -19 19 -21 -22 -23 23 -25 27 -27 -28 29 -30 -31
leaf_value=-0.012664625544060835 0.0034926539535872687 0.0035590154636821977 0.0064864100332065345 -0.0040842030501871502 0.00028618612102719934 0.0034816794908672554 -0.0052799271203665919 0.0076242863425545595 -0.010549727047842447 0.0011742451719849467 0.0025170604332792903 0.0045314840247306348 -0.009568641354235255 -0.0040952947223956825 -0.0029385522917127135 0.00028875703561189527 -0.004095722993634014 -0.0033390129809243475 0.0082400854685916267 -0.0045471749928868033 0.0024483001411793118 -0.0085499676636956057 0.0016967723685868891 -0.0019781611597739393 0.0065647380750268533 -0.0055699962999492562 -0.00017155323577996612 0.017732469042909059 -0.0016991858349525433 0.0066450669622322009
leaf_weight=522.9565291851759 4857.5959282666445 7912.9066268354654 2032.4569147825241 1592.3876859396696 4685.4154197573662 2521.8525527268648 5700.2500347793102 915.63823002576828 489.54675279557705 7804.2699717134237 1394.1133930385113 3543.4142357856035 270.36701326072216 7200.1209423840046 807.70737707614899 3518.7057019323111 1715.5603501200676 6337.9662131816149 306.59607911109924 4486.6264567375183 3978.7876006811857 262.84660533070564 13311.837086737156 4756.6621367931366 1277.7276876121759 1124.3989698588848 2444.996769040823 341.94528388977051 1190.9935406595469 1965.8626943081617
leaf_count=2098 19489 32031 8162 6407 18797 10116 23063 3679 2015 31326 5600 14234 1085 29084 3241 14221 6870 25453 1230 18012 15978 1062 53441 19093 5133 4532 9807 1373 4781 7894
internal_value=0.000158307 0.00104388 0.000641581 -0.000647531 -0.00232172 -0.00105873 -0.00218575 -0.00100434 4.31115e-05 -0.00085782 -0.000545841 0.000861649 0.00169338 -0.00191566 0.00268524 -0.0026572 2.61111e-06 -0.00228126 -0.00173833 -0.00371379 0.00166301 0.00285901 0.00159774 0.000728761 0.00310847 0.00115977 0.00285843 0.00538668 0.00258717 0.00835729
internal_weight=99272.5 57461.9 49549 21102.1 10001.6 41810.6 20664.3 14964 21146.3 16025.9 15536.3 11100.5 9508.13 12442.2 1723.35 10718.8 5964.71 7732.08 9478.64 4793.22 4249.15 5120.44 28446.9 18068.5 10378.4 5601.85 4477.45 4776.53 2468.72 2307.81
internal_count=399307 230958 198927 84711 40137 168349 83404 60341 84945 64394 62379 44574 38167 50225 6920 43305 23933 31053 38039 19242 17063 20551 114216 72534 41682 22501 17969 19181 9914 9267
is_linear=0
shrinkage=0.05


Tree=39
num_leaves=31
num_cat=0
split_feature=20 61 20 94 39 52 52 37 19 93 88 36 96 30 52 21 53 87 34 3 18 50 34 86 41 25 38 47 38 87
split_gain=37.9826 34.3908 55.237 31.8952 32.0501 27.8107 22.4389 20.2911 17.9389 18.6026 16.8294 15.9128 24.1886 15.2071 15.1204 15.1111 16.9938 14.5856 13.8656 17.6023 15.1277 18.129 14.2549 16.1447 21.5044 14.211 13.6658 13.5356 17.2262 15.1002
threshold=13.500000000000002 1.0000000180025095e-35 12.500000000000002 0.36690900000000004 0.03438240576263165 117.44812538777613 136.7478671395352 0.22802350000000002 15.500000000000002 0.065926000000000012 -0.10823149999999999 0.50002550000000012 0.44752095000000008 0.41277900000000006 127.9636236367494 1099.5000000000002 2407.2554677731887 0.043782499999999981 0.55844700000000003 1.0000000180025095e-35 1.5000000000000002 138.68859852497545 0.50784950000000018 -0.160605 0.07627039551822716 0.38527550000000005 0.093094250000000003 1.7607207521838577 0.1589305 -0.010995000000000031
decision_type=2 2 2 8 10 8 10 8 2 10 8 8 8 10 8 2 10 10 8 2 2 10 10 8 8 10 10 8 10 10
left_child=1 2 8 4 -2 17 15 10 -1 -10 -7 14 -13 18 -4 16 -6 -5 19 -9 22 -22 -21 -24 -25 -26 -15 28 29 -12
right_child=3 -3 11 5 6 7 -8 13 9 -11 27 12 -14 26 -16 -17 -18 -19 -20 20 21 -23 23 24 25 -27 -28 -29 -30 -31
leaf_value=0.0031737473143386126 0.0032353428368428975 -0.001490723609918196 0.012103926293499203 -0.0014999352834980375 -0.0027076710108250909 -0.0073748349240761613 0.0076356799539213554 -0.0010033457892427123 -0.0026222155977311816 0.0062141551725488301 0.017977510427226374 0.0063156776920779275 -0.00048178628105878237 -0.0025145361864467924 0.0050669115509076566 -0.00036662967335288895 -0.015203553205762999 0.011352105627798599 0.0021740604327487936 -0.0080543674428306157 0.0022116162607435934 -0.0031940261554427377 -0.011655188532971374 0.00026086178239951527 -0.0092685032597542589 -0.0013562225475753447 -0.018560969876361671 -0.00096937362964237626 0.00091757607139521529 0.0043456842021608539
leaf_weight=2911.663464859128 8742.7210433483124 6405.6272101253271 1476.1175876259804 332.76250138878822 1237.3313690572977 727.67474223673344 807.87737876176834 13365.745222449303 5219.7573252916336 662.59605050086975 268.21692816913128 3831.3376112729311 1983.0276995301247 268.5313471108675 1621.5635407716036 15537.315650776029 341.12745726108551 633.66488835215569 1771.5599429011345 2562.8844254016876 1988.9710308760405 6938.5330132097006 547.80304680764675 2825.9099446386099 1447.050816744566 935.93256291747093 259.48522016406059 7955.5530441552401 4835.1375272423029 791.147764980793
leaf_count=11712 35243 25774 5929 1338 4975 2926 3299 53757 20987 2661 1078 15432 7959 1084 6509 62449 1369 2591 7131 10316 7995 27961 2211 11373 5811 3775 1047 31945 19377 3188
internal_value=-7.917e-05 0.00164707 0.00278244 -0.000633374 0.000755247 -0.00139755 -0.000455613 -0.00156899 -2.96812e-05 -0.00161802 -1.59628e-05 0.00555425 0.00400051 -0.00225665 0.00844837 -0.000841764 -0.00548692 0.00695682 -0.00211741 -0.00236638 -0.00342149 -0.00198857 -0.00495488 -0.00356341 -0.00269172 -0.00617956 -0.0105987 0.00037571 0.00218968 0.00793292
internal_weight=99234.6 24111.7 17706.1 75122.9 26666.4 48456.6 17923.7 47490.1 8794.02 5882.35 14577.7 8912.05 5814.37 32912.4 3097.68 17115.8 1578.46 966.427 32384.4 30612.8 17247.1 8927.5 8319.58 5756.7 5208.89 2382.98 528.017 13850.1 5894.5 1059.36
internal_count=399202 96963 71189 302239 107335 194904 72092 190975 35360 23648 58514 35829 23391 132461 12438 68793 6344 3929 130330 123199 69442 35956 33486 23170 20959 9586 2131 55588 23643 4266
is_linear=0
shrinkage=0.05


Tree=40
num_leaves=31
num_cat=0
split_feature=72 29 97 20 80 68 54 2 55 20 26 46 0 42 37 80 22 64 80 31 79 88 38 84 44 93 93 42 24 32
split_gain=38.491 28.3519 20.8328 20.5949 25.1734 20.3002 19.0847 18.486 20.3339 17.3894 27.0128 23.5151 22.6082 19.7498 15.6153 19.7943 18.674 16.182 15.6257 14.5896 14.5825 14.4667 18.9536 14.0774 13.7762 18.1807 13.2206 13.0613 14.2541 12.932
threshold=3.5000000000000004 0.46680050000000006 0.94982574747025594 13.500000000000002 6.0001757199539174 1.0000000180025095e-35 128.9905389560457 2.5000000000000004 1328.4990616552325 12.500000000000002 0.43602050000000009 1.8365885344600665 4.5000000000000009 132.31946361956008 0.21708050000000004 7.0259825616690792 0.51995650000000004 9.5000000000000018 7.7255507397525447 0.30053750000000007 73.050000000000011 -0.0035284999999999895 0.41789350000000008 0.48239597122648731 30.357424355586193 0.043551000000000013 0.0034095000000000032 145.09249437257921 0.14480450000000003 0.18162600000000004
decision_type=2 10 2 2 2 2 10 2 8 2 10 10 2 8 8 2 8 2 2 10 2 8 10 2 8 10 10 10 10 10
left_child=5 2 -2 4 -3 14 21 8 26 11 -11 13 -12 -6 -1 16 -16 18 23 -8 29 22 -4 -17 25 -14 -5 -9 -29 -10
right_child=1 3 6 7 9 -7 19 27 20 10 12 -13 24 -15 15 17 -18 -19 -20 -21 -22 -23 -24 -25 -26 -27 -28 28 -30 -31
leaf_value=0.00067697410670025269 -0.0019843723128908056 -0.0026298025789381358 0.0073274076927350345 0.0013800536273752806 -0.0052245020941754164 0.00067249924862597052 -0.0010313605707750818 -0.00015476850276076185 0.0035910907121123343 0.0021866983254532116 2.4765329739934048e-05 -0.0040248840841147103 0.017573755252421951 0.0048020655344949287 -0.0069140821938274118 -0.0078718604684279228 -0.020862938395213252 -0.011461752816501858 -0.0042956936815242144 0.0097922091466986425 0.011153396587216086 -0.0036575043700592725 -0.0037316915049595053 0.0043572003255972934 0.0066228021661599613 0.0035826494791873715 -0.012265693904132402 0.011532800271451071 -0.0018277475551000948 -0.00059022990911426971
leaf_weight=1579.7592703402042 16832.786271855235 1851.414891988039 2279.8295558542013 333.23520246148109 557.86015193164349 3503.1085970252752 7123.8574436455965 34393.256010606885 7033.3630573153496 3024.0967818200588 575.18779480457306 1375.0399366915226 1031.5464440584183 3691.5447259098291 1038.674643650651 287.32169182598591 310.20047257840633 572.583068177104 3912.3774122148752 315.58392409980297 503.52220396697521 509.01208356022835 459.85798355937004 1123.7986887991428 1028.7561272531748 306.49385489523411 365.39800769090652 488.72806899249554 328.84010873734951 2504.0336188077927
leaf_count=6372 67891 7435 9150 1335 2238 14118 28638 138128 28321 12129 2316 5529 4159 14817 4217 1182 1252 2320 15778 1266 2026 2050 1843 4522 4143 1231 1465 2005 1342 10049
internal_value=6.68492e-05 0.000437789 -0.000888633 0.00105247 0.0027732 -0.00254658 0.000837292 0.000548604 0.00236346 0.00363777 0.00551639 0.00163879 0.00892001 0.00347661 -0.00382375 -0.00480471 -0.0102518 -0.0035433 -0.00267172 -0.000559692 0.00293874 0.00402825 0.00546431 0.00182934 0.0110726 0.0144193 -0.0058293 -5.45482e-06 0.00620181 0.00249382
internal_weight=99241.1 86913.2 27520.9 59392.3 13441.9 12327.8 10688.1 45950.4 10739.6 11590.5 5966.08 5624.44 2941.98 4249.4 8824.72 7244.96 1348.88 5896.08 5323.5 7439.44 10040.9 3248.7 2739.69 1411.12 2366.8 1338.04 698.633 35210.8 817.568 9537.4
internal_count=399267 349506 110838 238668 53997 49761 42947 184671 43196 46562 23978 22584 11849 17055 35643 29271 5469 23802 21482 29904 40396 13043 10993 5704 9533 5390 2800 141475 3347 38370
is_linear=0
shrinkage=0.05


Tree=41
num_leaves=31
num_cat=0
split_feature=64 84 71 65 46 23 53 21 19 0 65 52 86 49 55 49 20 20 79 79 83 42 24 95 46 10 79 90 53 51
split_gain=43.3767 31.6875 29.262 20.49 21.6091 22.3213 23.8941 19.6442 18.4323 27.5365 20.7459 18.3674 18.3143 17.6388 17.6208 17.3808 16.0033 23.4986 21.0653 16.6297 16.4759 15.6883 14.1295 14.1263 13.85 16.2685 13.6456 15.1839 13.2689 12.9998
threshold=9.5000000000000018 0.57422651698813754 1.0000000180025095e-35 -1.0000000180025095e-35 1.7886188053930572 0.25428950000000006 2497.6897915962195 402.50000000000006 13.500000000000002 4.5000000000000009 -1.4999999999999998 132.0677087772448 0.020447500000000011 122.92683645093094 2188.7866949641207 120.2914423605978 13.500000000000002 12.500000000000002 7.9000000000000039 81.450000000000017 0.56971040437950204 135.245074066092 0.16641650000000005 -0.023381000000000009 1.8213984252115913 4.5000000000000009 49.050000000000004 0.015776799999999928 2592.3501354742311 2080.9246838854251
decision_type=2 2 2 2 10 8 10 2 2 2 2 10 10 8 10 8 2 2 2 2 2 8 10 10 10 2 2 10 10 8
left_child=1 2 8 14 5 6 13 -6 9 -1 -11 -2 -12 -5 -4 -7 17 -10 -19 29 28 -22 -14 -17 -9 -26 27 -3 -18 -20
right_child=11 26 3 4 7 15 -8 24 16 10 12 -13 22 -15 -16 23 20 18 19 -21 21 -23 -24 -25 25 -27 -28 -29 -30 -31
leaf_value=-0.0022272269635775252 -0.0044988480875828773 0.0047328888442967334 0.00069016345344624663 -0.0052020839451671057 -0.013569006071584996 0.0091193915762898831 0.0061421173772229984 -0.006310852219916719 -0.00080282378081703042 -0.0052966983805218153 0.0030833682734753977 0.0031829955652973962 0.0092963812179880853 0.00075978452854697388 0.012007657070027966 -0.0088227604388913215 -1.2816197002266821e-06 0.012580724718766548 0.011038056872703546 0.0089333502808578991 -0.0019865784587341944 0.009533375473636814 -0.0029261948113013373 -0.0022596740547116906 -0.0010082992324026497 -0.0090643107296743356 0.0015693657983908193 0.013973448014475169 -0.0050732535774191444 0.00079048314571066231
leaf_weight=1942.9447111785412 6178.7618696093559 2489.6867214739323 12606.178307652473 1426.3423348367214 433.51128794252872 288.68352134525776 1816.8949770480394 2156.7015329748392 3360.0419128239155 507.08620595932007 4505.2534392923117 882.81722743809223 2612.3101703822613 9095.4456612169743 343.64773489534855 952.87575040757656 22894.160477042198 695.85829564929008 331.03647848963737 1017.1013419926167 450.54059441387653 832.77786481380463 255.31635741889477 5621.8183465451002 6720.7783623784781 681.60255040228367 2801.0787932872772 537.84601889550686 1356.4599134325981 3368.4599107801914
leaf_count=7813 24888 10054 50709 5730 1760 1160 7297 8689 13493 2042 18097 3555 10573 36559 1379 3881 91846 2791 1329 4081 1808 3375 1023 22707 27076 2746 11348 2191 5467 13525
internal_value=0.000238486 0.000528182 0.000286895 -0.0006553 -0.00138942 -0.000407571 0.000863834 -0.00327388 0.00118666 0.00309525 0.00440876 -0.00353534 0.00508254 -5.25833e-05 0.000999528 -0.00269118 0.000639431 0.00248051 0.00451653 0.00330268 6.18016e-06 0.00550492 0.00820177 -0.00322282 -0.0027933 -0.00176132 0.00409304 0.00641509 -0.000286957 0.00173474
internal_weight=99164 92102.4 86273.8 42144.5 29194.7 19202.1 12338.7 9992.59 44129.3 9822.91 7879.97 7061.58 7372.88 10521.8 12949.8 6863.38 34306.4 8772.5 5412.46 4716.6 25533.9 1283.32 2867.63 6574.69 9559.08 7402.38 5828.61 3027.53 24250.6 3699.5
internal_count=398992 370549 346956 169693 117605 77334 49586 40271 177263 39548 31735 28443 29693 42289 52088 27748 137715 35219 21726 18935 102496 5183 11596 26588 38511 29822 23593 12245 97313 14854
is_linear=0
shrinkage=0.05


Tree=42
num_leaves=31
num_cat=0
split_feature=64 84 33 52 44 86 20 21 20 39 97 47 41 23 96 96 23 78 37 44 21 4 20 46 83 39 72 6 44 32
split_gain=40.7355 31.5738 33.4769 29.3579 22.8258 26.2765 21.7599 24.5181 22.7579 18.5552 19.8389 17.4032 17.0085 19.3929 15.3344 24.5181 15.3334 15.1643 25.885 14.9609 14.8636 14.3997 14.2181 14.1467 13.8061 13.61 14.3338 13.3737 13.129 13.9649
threshold=9.5000000000000018 0.53714448139824233 380.50000000000006 131.79855817941279 32.92675152221225 -0.15487999999999999 13.500000000000002 402.50000000000006 12.500000000000002 0.02807954440775742 1.0555631123498117 1.693720272090721 0.07627039551822716 0.26160050000000007 0.4802935000000001 0.48697500000000005 0.24780550000000004 0.34712328800162323 0.22802350000000002 26.463087813440417 5544.5000000000009 1.5000000000000002 15.500000000000002 1.9109416414618783 0.47361988120705251 0.03663780179345752 5.5000000000000009 5.5000000000000009 39.056621051748849 0.19703350000000003
decision_type=2 2 2 10 10 10 2 2 2 8 2 10 10 10 10 10 10 2 10 10 2 2 2 8 2 10 2 2 10 10
left_child=1 4 -3 24 6 -6 7 16 11 -8 -11 -9 13 -13 21 -16 -1 18 -10 -19 -5 27 -17 28 -2 -23 -27 -7 -4 -30
right_child=3 2 23 20 5 14 9 8 17 10 -12 12 -14 -15 15 22 -18 19 -20 -21 -22 25 -24 -25 -26 26 -28 -29 29 -31
leaf_value=-0.0063728623656288848 -0.011310952799488141 -0.0040311458907221088 0.001266379539695672 0.0080771921742648634 -0.0076795980302086474 -0.004905034085036411 0.00590843601613122 -0.0032847929235297786 0.021393019796790168 -0.00087505361098027959 0.004060541536961431 0.0027407466805270992 0.0090959716211065963 -0.0089028487013060147 0.014319827381083231 0.006120380905993701 0.001059096471875156 0.0055357060450831929 0.0056636164349875388 -0.00013522873534533629 -0.0049537443522818803 0.0074754212216625732 -0.004270455136222818 0.0046578061299284495 -0.0040710038895213031 -0.0055064856442308399 0.0062202734996178758 0.0011130313647629831 0.0036621947412558229 0.015716029480047775
leaf_weight=1292.5721249878407 747.88687072694302 2214.6495263874531 15437.142220064998 713.57632124423981 1919.3899749070406 4129.4144696742296 1107.8185932934284 2023.9446005672216 325.37371462583542 39346.460536018014 2137.2529380023479 1859.407037332654 762.74291850626469 432.2293990701437 364.17604067921638 536.64721362292767 1480.3463869541883 3065.0762315094471 1249.0177730470896 1869.6808610111475 305.78614044189453 629.13818970322609 817.70028002560139 5292.0622891634703 5298.7220053821802 772.08567509055138 381.21018424630165 1183.9400079846382 1144.8524769842625 297.67411234974861
leaf_count=5188 3048 8903 62069 2870 7760 16669 4497 8126 1305 158131 8619 7461 3062 1747 1465 2154 5980 12300 5018 7511 1234 2527 3283 21459 21314 3118 1537 4767 4615 1196
internal_value=-5.01892e-06 0.000275912 0.00181809 -0.00366086 -0.000279904 -0.00239379 0.000118849 0.0018013 0.00281165 -0.000448703 -0.000619853 0.00030152 0.00268091 0.00051549 -0.00123536 0.00299051 -0.0024157 0.00476654 0.00902886 0.00339117 0.00415805 -0.00226159 -0.000138504 0.0024039 -0.00498369 0.00162054 -0.00161017 -0.0035645 0.00169492 0.00624065
internal_weight=99138 92072 24386.4 7065.97 67685.6 10733.7 56951.9 14360.4 11587.5 42591.5 41483.7 5078.32 3054.38 2291.64 8814.31 1718.52 2772.92 6509.15 1574.39 4934.76 1019.36 7095.79 1354.35 22171.7 6046.61 1782.43 1153.3 5313.35 16879.7 1442.53
internal_count=398933 370467 98242 28466 272225 43280 228945 57698 46530 171247 166750 20396 12270 9208 35520 6902 11168 26134 6323 19811 4104 28618 5437 89339 24362 7182 4655 21436 67880 5811
is_linear=0
shrinkage=0.05


Tree=43
num_leaves=31
num_cat=0
split_feature=64 25 61 43 22 52 91 92 79 27 54 65 44 93 16 79 89 6 41 42 38 46 97 97 94 38 30 50 67 44
split_gain=27.803 23.815 21.8059 21.3109 19.6948 17.2156 14.4542 17.0556 16.2227 14.0417 21.8789 13.3054 13.6435 12.1507 12.2346 12.0522 12.0124 12.5316 13.1838 11.8745 19.2881 15.8429 14.1023 12.7111 11.8695 11.8348 11.5241 13.5445 21.1267 25.7745
threshold=9.5000000000000018 0.37749250000000006 1.0000000180025095e-35 2372.9716213220859 0.58623950000000014 132.0677087772448 0.11425300000000001 0.077013500000000026 92.550000000000011 0.61270150000000012 134.56397415480851 -1.0000000180025095e-35 26.03699623073069 0.046340500000000014 0.89500000000000013 35.650000000000013 0.35688395000000006 5.5000000000000009 0.065060338691454264 145.09249437257921 0.073248200000000013 1.770756635182676 1.0668432806105741 0.79419195042418456 0.36383750000000004 0.14761650000000001 0.041886000000000007 142.34554112682648 1.0000000180025095e-35 19.748584253508792
decision_type=2 8 2 10 10 10 8 10 2 8 10 2 8 10 2 2 8 2 8 10 10 10 2 2 10 10 10 8 2 8
left_child=1 2 4 9 6 16 19 13 -9 11 -11 25 -13 -8 -15 -7 -2 -18 -19 20 -1 23 -23 -22 -14 -3 -25 -28 -29 -30
right_child=5 3 -4 -5 -6 15 7 8 -10 10 -12 12 24 14 -16 -17 17 18 -20 -21 21 22 -24 26 -26 -27 27 28 29 -31
leaf_value=-0.0020430529931385515 -0.014742361996420575 -0.00072060582703249883 -0.0040784073475570969 -0.0059788849401631976 0.0038836130512010358 -0.0057110268356412803 -0.0023236959611827742 0.0040784019501499394 -0.0070698276109224609 0.0027949974709499986 -0.0072573096100757226 0.00046276165002062398 -7.090894404116354e-05 -0.0030053922073240463 -0.015473829865646835 0.0070835908610183893 -0.0046033055649862369 0.011306826335945467 -0.0021403281839507127 0.0096697503419265769 0.0082855061069957367 -0.00029178133626269783 0.006835422987572299 0.0072877992661196768 -0.003214676306370433 0.0032469720454764658 -0.0011727628727181848 0.0033796290189420314 -0.01099618443908861 0.00072509874881833793
leaf_weight=5067.9245376586914 246.74280913174152 5472.899160772562 2253.3912591040134 1955.4725456982851 5099.2603721022606 251.78060802817345 2515.3466910123825 1588.0279153585434 400.47552882134914 4902.635270729661 598.67811064422131 5399.5522738397121 3985.6253422349691 390.94786702096462 398.63325637578964 617.70955985784531 5059.1224337518215 251.84786511957645 592.04315039515495 374.83028428256512 800.81270909309387 14897.426247879863 717.94025349617004 935.35709451138973 12166.564697831869 2850.5185571759939 3515.9786546230316 11419.918613374233 525.85114838182926 3752.3688964694738
leaf_count=20359 1008 22041 9041 7955 20744 1014 10094 6370 1607 19692 2405 21698 16006 1568 1598 2487 20377 1014 2385 1517 3213 59773 2942 3766 49127 11440 14094 45916 2108 15081
internal_value=-0.000169472 6.21308e-05 0.000726988 -0.000911163 0.000934371 -0.00320037 0.000615682 -0.00184425 0.00180906 -0.000629428 0.00168988 -0.00105694 -0.00171246 -0.00404119 -0.00941509 0.00335581 -0.00413127 -0.00366355 0.00195821 0.00092602 0.000844997 0.00124572 4.00676e-05 0.00214392 -0.00243946 0.000640435 0.00189584 0.0016297 0.00225772 -0.000737889
internal_weight=99005.7 91986.4 54654.5 37331.9 52401.1 7019.25 47301.8 5293.43 1988.5 35376.5 5501.31 29875.2 21551.7 3304.93 789.581 869.49 6149.76 5903.01 843.891 42008.4 41633.6 36565.7 15615.4 20950.3 16152.2 8323.42 20149.5 19214.1 15698.1 4278.22
internal_count=398440 370155 219791 150364 210750 28285 190006 21237 7977 142409 22097 120312 86831 13260 3166 3501 24784 23776 3399 168769 167252 146893 62715 84178 65133 33481 80965 77199 63105 17189
is_linear=0
shrinkage=0.05


Tree=44
num_leaves=31
num_cat=0
split_feature=71 45 42 84 40 49 54 20 27 3 51 90 97 46 57 77 96 44 40 51 16 27 7 79 92 46 94 42 14 45
split_gain=37.7988 25.0307 25.2705 20.4459 21.8955 19.7119 18.2986 17.5468 16.5236 15.652 15.9007 14.4481 13.6729 17.3477 14.5399 15.9434 18.4811 14.2411 18.8326 14.6242 16.0465 13.651 13.6419 13.9548 17.3321 13.0811 19.2785 17.1595 15.35 16.5935
threshold=1.0000000180025095e-35 -8.7075194900437953 133.19301475363878 0.52753151470932558 0.068670243309261261 121.68017774331422 70.962829665946202 18.500000000000004 0.31851150000000006 2.5000000000000004 2406.0965176938848 0.098367099999999999 0.90920123191448832 1.5654736200992427 13.446252805355785 1.0000000180025095e-35 0.30948535000000005 34.17593746493683 0.056671932745147348 2276.8101287002687 2.6050000000000004 0.24764150000000004 1.0000000180025095e-35 12.1 -0.04205649999999999 1.7886188053930572 0.43507850000000003 145.920613094201 1.0000000180025095e-35 14.624848951558166
decision_type=2 8 8 2 10 10 8 2 10 2 10 8 2 8 10 2 8 10 10 10 2 8 2 2 10 10 8 10 2 10
left_child=3 7 5 6 11 -3 -1 8 -2 25 -11 -5 13 -8 15 16 -15 19 -19 20 -14 -18 -21 -24 -25 26 -4 28 -27 -30
right_child=1 2 9 4 -6 -7 12 -9 -10 10 -12 -13 17 14 -16 -17 21 18 -20 22 -22 -23 23 24 -26 27 -28 -29 29 -31
leaf_value=0.013049287825178876 -0.010208244328095842 0.0014799652398669078 0.00074984772357631084 0.0032350348648202912 -0.00018885105287699542 0.010832070420572819 0.0088476028088079056 -0.0085631214605659516 -0.0012965435282175574 -0.0056652800063619335 0.0072944817210242154 0.014460739654452034 9.0064199762021646e-05 0.0015691556975966654 0.0019418965810985907 0.0035900932892809069 -0.01448740177596748 -0.0088241267703030538 0.0016586846326617909 0.0069437240749417196 0.010137314018170855 -0.003548665442006087 0.0097299797449631326 0.0099695748781627701 -0.0012613208916527404 -0.004268073041862077 -0.0028165238970741303 0.010562552022020236 0.0025171416288008123 -0.0030174514877940456
leaf_weight=265.18451072275639 585.49799038469791 5271.3196162432432 17315.948418408632 12001.215097650886 5945.0631029605865 621.61344666779041 414.00836473703384 1535.9425664693117 4146.7834093272686 2686.3121455013752 250.92328749597073 284.6622436195612 11410.528458625078 1860.8830698132515 2564.9194647967815 1044.5476671904325 288.1142719835043 812.85539442300797 888.34800237417221 1929.9818884432316 401.7459604293108 7366.8096281588078 448.67441579699516 389.94446778297424 2425.6993216127157 5555.7673458307981 4840.0368378907442 250.79168452322483 2446.9690098464489 3007.9940739572048
leaf_count=1077 2393 21179 69602 48356 23925 2503 1660 6216 16759 10856 1010 1152 45761 7474 10284 4197 1164 3303 3561 7763 1611 29604 1799 1577 9728 22387 19577 1038 9871 12118
internal_value=8.35356e-06 -0.000989405 -0.000551503 0.000962324 0.00230214 0.00248315 0.00021056 -0.00393527 -0.00241834 -0.00104395 -0.00453715 0.00350668 0.000100968 -0.0011088 -0.00142935 -0.00224922 -0.0028933 0.00097663 -0.00337242 0.0014134 0.000440066 -0.00397874 0.00362175 0.00164247 0.000323848 -0.000735652 -3.01553e-05 -0.00212239 -0.00242064 -0.000534699
internal_weight=99259.1 48515.9 42247.7 50743.2 18230.9 5892.93 32512.2 6268.22 4732.28 36354.7 2937.24 12285.9 32247.1 13539.3 13125.3 10560.4 9515.81 18707.8 1701.2 17006.6 11812.3 7654.92 5194.3 3264.32 2815.64 33417.5 22156 11261.5 11010.7 5454.96
internal_count=399505 195509 170141 203996 73433 23682 130563 25368 19152 146459 11866 49508 129486 54383 52723 42439 38242 75103 6864 68239 47372 30768 20867 13104 11305 134593 89179 45414 44376 21989
is_linear=0
shrinkage=0.05


Tree=45
num_leaves=31
num_cat=0
split_feature=71 64 38 94 96 47 37 94 45 26 93 30 87 99 43 47 65 4 35 37 57 39 40 26 63 45 37 20 31 90
split_gain=32.9811 26.774 24.6069 22.5158 20.7778 20.3343 19.0702 21.3693 21.2454 26.3493 19.2059 18.5349 18.4416 18.4195 17.7043 17.6865 16.4524 15.1799 16.9062 18.111 18.0169 16.4446 15.5084 15.3918 14.5357 14.3364 13.9976 13.7645 13.0788 12.8406
threshold=1.0000000180025095e-35 9.5000000000000018 0.47742600000000007 0.38034700000000005 0.56218500000000016 1.3698804793142227 0.30720350000000002 0.46479350000000003 16.801500761027494 0.40757550000000003 0.00029450000000000315 0.41277900000000006 0.13101400000000005 -0.015142000000000001 2221.2732178072906 1.8448003901397925 1.0000000180025095e-35 1.5000000000000002 0.14214050000000003 0.39925550000000004 11.834173576234594 0.037929296626564947 0.085185974700052083 0.43106950000000005 1.0000000180025095e-35 15.121300749035429 0.23222350000000003 19.500000000000004 0.10481550000000002 -0.13329210000000002
decision_type=2 2 10 8 10 10 8 10 10 10 8 10 8 8 10 10 2 2 10 10 8 10 8 10 2 8 8 2 10 10
left_child=6 2 3 5 11 14 7 24 9 10 -8 16 15 -7 -2 17 26 18 -11 20 27 23 -21 -19 25 -1 -5 -20 -27 -15
right_child=1 -3 -4 4 -6 13 8 -9 -10 12 -12 -13 -14 29 -16 -17 -18 21 19 22 -22 -23 -24 -25 -26 28 -28 -29 -30 -31
leaf_value=0.0033688710705866392 0.001367921341878486 -0.0052705631642650901 0.013816106817199931 0.00081391898029422531 0.0027190128098540387 -0.0029603391549288529 0.0012383875936580573 -0.002876987083173568 -0.0036351174680828375 0.0050494563037465461 -0.0099734839936610614 -0.013624657793659532 -0.0095461936409725386 -0.0047566586120585553 0.008290099746520195 0.004429753733904771 -0.0046005912098513605 0.0025563407423109296 -0.0029873125141386269 -0.0004357278341437402 0.0054578192049711156 0.001591450988144954 -0.0083393916318855853 -0.0070412104394302066 0.0034987570717751461 0.0043733225127536813 -0.0022663285207654843 0.0065725268155930883 -0.00092972747908600826 0.0012715746192455291
leaf_weight=4507.7834950387478 2868.4855746924877 3300.2693431377411 283.62083080410957 5399.6108977794647 2364.500763207674 4601.6627987474203 619.90546019375324 2238.2011808604002 3677.8314375430346 2537.0923590958118 976.7732595205307 339.94883789122105 392.44124285876751 953.19779798388481 1356.0606421232224 3552.3926767706871 4803.8039150983095 538.01495559513569 1695.5431249290705 2329.2307698577642 2305.8573105037212 1735.3808023482561 836.71798649430275 1792.6943969279528 11693.23122009635 1368.9886911809444 11598.382610291243 473.34608967602253 7401.864039182663 10673.061604559422
leaf_count=18117 11537 13348 1139 21699 9487 18513 2492 9070 14758 10188 3933 1379 1576 3840 5456 14301 19437 2165 6828 9338 9266 6964 3360 7201 46997 5529 46854 1905 29746 42950
internal_value=1.58158e-06 -0.000929729 -0.000611985 -0.000706057 -0.00172797 0.000518654 0.00089374 0.0017942 -0.000150836 0.000498353 -0.0056399 -0.00220388 0.00104 -0.000286328 0.00360424 0.00127867 -0.00201963 0.000490242 0.00152166 0.000345193 0.00239062 -0.0020889 -0.00254424 -0.00482428 0.00221386 0.00108059 -0.00128795 -0.00088035 -9.7969e-05 0.000773677
internal_weight=99215.9 48542.6 45242.3 44958.7 24506.2 20452.5 50673.3 27210.1 23463.2 19785.4 1596.68 22141.7 18188.7 16227.9 4224.55 17796.3 21801.8 14243.9 10177.8 7640.7 4474.75 4066.09 3165.95 2330.71 24971.9 13278.6 16998 2168.89 8770.85 11626.3
internal_count=399373 195639 182291 181152 98856 82296 203734 109459 94275 79517 6425 89369 73092 65303 16993 71516 87990 57215 40885 30697 17999 16330 12698 9366 100389 53392 68553 8733 35275 46790
is_linear=0
shrinkage=0.05


Tree=46
num_leaves=31
num_cat=0
split_feature=20 20 61 0 25 1 91 26 85 95 79 46 32 27 86 96 38 86 28 28 7 48 79 90 43 0 86 45 71 30
split_gain=32.3568 26.6742 46.1456 30.2746 24.1345 21.1058 20.7579 24.5012 20.3781 17.9183 17.4098 17.2152 21.9006 15.8692 18.2643 16.2936 18.1684 15.9926 15.612 15.4015 14.9872 14.7986 15.6932 15.015 26.6774 14.7949 14.7579 14.6695 14.3165 14.2743
threshold=13.500000000000002 12.500000000000002 1.0000000180025095e-35 4.5000000000000009 0.37355250000000007 3.5000000000000004 0.058803999999999988 0.50002900000000017 0.52118898095678712 -0.031464499999999999 92.550000000000011 1.7584758919327486 0.13590000000000002 0.61057250000000007 0.029919499999999991 0.27272765000000004 0.16136850000000005 -0.10478350000000002 0.36464450000000004 0.56933750000000016 1.5000000000000002 0.56879648007395545 6.3500000000000005 0.016905600000000024 2176.9018064531442 8.5000000000000018 0.20787700000000006 11.360882078178477 1.0000000180025095e-35 0.21076750000000002
decision_type=2 2 2 2 10 2 10 10 2 10 2 8 10 10 10 10 10 8 8 8 2 8 2 10 10 2 10 10 2 10
left_child=1 5 3 -3 6 19 26 29 -7 -4 11 -10 -13 14 15 -6 17 25 28 -1 -18 22 -16 24 -23 -17 -2 -24 -5 -8
right_child=4 2 9 18 13 8 7 -9 10 -11 -12 12 -14 -15 21 16 20 -19 -20 -21 -22 23 27 -25 -26 -27 -28 -29 -30 -31
leaf_value=-0.0042697533393123762 0.001047240416596848 -0.00051089799359034722 -0.0051227671943387338 0.0067174044715269587 0.0051526859123724664 -0.0011287594556201794 -0.0067811501673469866 -0.013093068817430524 0.013375428283324478 0.0011355219672059913 -0.0052225401268724539 -0.0056163021326515496 0.0084984864126027466 0.0011893604456583501 -0.010108701538639898 -0.0056602859650122178 0.003069317478016146 -0.0012414554419730955 0.0073360907570649801 0.002816618286274223 -0.0017249144339836382 0.0020929683982310646 -0.0042705827444786178 -0.011975495437397697 -0.01579239443415183 0.00084473940164212901 -0.0050492187350670327 0.0026022440559554348 -0.0087513769290888405 -0.00055252338479954918
leaf_weight=3817.1233953386545 31076.277207002044 1877.6226764172316 1602.4066620618105 282.53645260632038 907.56778335571289 2646.5958395004272 1017.2228630781174 443.40384404361248 699.42280587553978 3926.2601865381002 323.32898032665253 419.05423925817013 759.1677223443985 4453.9535453468561 581.02968634665012 5134.7541372478008 3093.9894111603498 8844.9827047139406 6455.8319237977266 951.3858255892992 3423.6816790997982 678.42319768667221 1736.9140321016312 1077.4899505972862 289.78593797981739 1050.1050702929497 1015.6334252804518 1388.5179286152124 296.33403295278549 8823.2391285896301
leaf_count=15342 125114 7554 6485 1134 3662 10655 4089 1780 2810 15773 1301 1691 3057 17886 2341 20759 12428 35700 25975 3837 13749 2729 7025 4345 1168 4242 4091 5576 1200 35433
internal_value=-4.93304e-05 0.00154597 0.00290385 0.00512801 -0.000560925 -0.000494137 0.000226335 -0.00172751 0.00182734 -0.00068433 0.00537097 0.00721317 0.00347331 -0.0015821 -0.00201998 -0.00137485 -0.00165205 -0.00260763 0.00663167 -0.00285299 0.00055216 -0.00453169 -0.00263573 -0.00793731 -0.00336686 -0.00455624 0.000852789 -0.00121867 -0.00121548 -0.00120262
internal_weight=99094 24057.1 14441 8912.33 75037 9616.08 42375.8 10283.9 4847.57 5528.67 2200.97 1877.64 1178.22 32661.2 28207.2 22455.1 21547.5 15029.8 7034.7 4768.51 6517.67 5752.16 3706.46 2045.7 968.209 6184.86 32091.9 3125.43 578.87 9840.46
internal_count=398931 96814 58121 35863 302117 38693 170507 41302 19514 22258 8859 7558 4748 131610 113724 90540 86878 60701 28309 19179 26177 23184 14942 8242 3897 25001 129205 12601 2334 39522
is_linear=0
shrinkage=0.05


Tree=47
num_leaves=31
num_cat=0
split_feature=72 42 48 84 25 26 61 85 3 34 38 40 79 58 25 83 42 4 40 44 50 23 56 48 89 89 1 0 32 32
split_gain=30.8779 24.499 20.232 23.2145 18.0004 19.7715 16.9623 18.2802 17.0819 16.6254 13.5135 13.1771 13.067 12.2074 13.251 14.802 12.5027 14.4024 12.1613 12.0553 11.2677 14.7332 14.147 12.5447 15.4352 17.7992 12.0847 11.9546 12.6052 12.9471
threshold=3.5000000000000004 145.09249437257921 0.27575621653434773 0.46652725194479477 0.35486400000000001 0.50002900000000017 1.0000000180025095e-35 0.55538327968993828 1.5000000000000002 0.47853300000000004 0.0078441650000000019 0.078546706391391732 92.15000000000002 4957.5000000000009 0.41685850000000008 0.48519178982399719 134.17485727455588 1.5000000000000002 0.051638520853669788 16.090538865685222 142.45534937012931 0.24262350000000002 2.8505794176248496 0.57540754913981529 0.50745035000000016 0.5313047500000001 2.5000000000000004 9.5000000000000018 0.24456250000000004 0.15945400000000001
decision_type=2 10 8 2 8 10 2 2 2 8 10 8 2 10 10 2 10 2 10 8 8 8 8 10 10 10 2 2 10 8
left_child=6 2 3 -2 5 12 7 8 18 -6 -5 -8 -4 14 -12 -16 -15 -18 -1 -14 27 22 26 24 -24 -26 -22 28 29 -11
right_child=1 -3 4 10 9 -7 11 -9 -10 20 13 -13 19 16 15 -17 17 -19 -20 -21 21 -23 23 -25 25 -27 -28 -29 -30 -31
leaf_value=0.00060238540481007661 -0.0050917529810574503 0.0071436312510723011 0.0018627454273524341 -0.0065511485337114463 -0.004462040321774074 -0.0034908625328965563 -0.0024553641939150292 0.0083496013144405603 -0.0056733436457268504 -0.00084580800241946153 0.0039156417902074378 -0.014140097710796449 0.006598776632718459 0.0039847275261529116 0.0055044029306263688 -0.005515689123961799 0.00061794396251987666 -0.0067599382888575456 -0.0032848361242495401 -0.0036625672818159372 0.0028383297298765512 -0.0011134211119282963 0.005091980182985653 -0.0017801867175678693 -0.0037905496139107146 0.002664192706660691 -0.003957353672248789 0.0055964438509205072 0.0055221043740920541 -0.0041158578098575106
leaf_weight=4530.7789572924376 1177.4769175499678 1258.1087166666985 17911.852467864752 424.93110898137093 2919.5682674646378 2281.7232212126255 455.21262885630131 410.60330417752266 2754.765080049634 6313.787771821022 9842.8981666713953 515.77984870970249 326.13560806214809 1516.8974791318178 472.93342135846615 816.98007823526859 2291.4058402627707 919.09940323233604 3605.6972216963768 1937.9231770336628 933.42272774875164 15121.22472396493 3891.7449084669352 1881.2580431252718 1435.73283675313 4081.462985008955 2132.1115182191133 517.49890129268169 512.35930751264095 5816.1580713689327
leaf_count=18266 4834 5169 72122 1708 11761 9158 1838 1656 11159 25338 39528 2100 1309 6167 1905 3276 9180 3682 14578 7791 3751 60945 15602 7551 5754 16411 8583 2076 2062 23355
internal_value=-8.73333e-05 0.000244909 0.000142545 0.00166016 -0.000247292 0.000910975 -0.00243365 -0.00188433 -0.00227746 -0.00081835 0.00215118 -0.00874303 0.00141027 0.00238831 0.00329157 -0.00146402 0.00025874 -0.00150862 -0.00112216 -0.00216191 -0.000567859 -2.46086e-05 0.00112224 0.00193989 0.0026848 0.000980664 -0.00188564 -0.00178376 -0.00209004 -0.00241585
internal_weight=99007.5 86734.7 85476.6 17462.6 68014 22457.6 12272.8 11301.8 10891.2 45556.3 16285.1 970.992 20175.9 15860.2 11132.8 1289.91 4727.4 3210.51 8136.48 2264.06 42636.8 29477 14355.7 11290.2 9408.94 5517.2 3065.53 13159.8 12642.3 12129.9
internal_count=398615 349018 343849 70280 273569 90380 49597 45659 44003 183189 65446 3938 81222 63738 44709 5181 19029 12862 32844 9100 171428 118597 57652 45318 37767 22165 12334 52831 50755 48693
is_linear=0
shrinkage=0.05


Tree=48
num_leaves=31
num_cat=0
split_feature=20 26 20 71 19 19 37 55 45 55 2 21 28 29 1 89 89 28 23 55 30 0 71 37 16 95 34 85 54 74
split_gain=32.0123 23.747 27.538 22.086 32.1619 31.6656 23.0528 20.9863 25.5899 21.8643 20.46 18.042 17.4084 16.8218 16.8695 17.0968 17.6188 16.6044 15.7103 15.3925 15.1475 14.4703 15.2477 16.8155 14.9784 15.4521 14.0576 13.8556 13.5616 13.2934
threshold=13.500000000000002 0.40634600000000004 12.500000000000002 1.0000000180025095e-35 13.500000000000002 12.500000000000002 0.36288900000000007 1752.7463117077357 -6.1853430826940858 1795.2039206930929 2.5000000000000004 461.50000000000006 0.46373900000000007 0.56796650000000015 3.5000000000000004 0.54225355000000008 0.43417330000000004 0.41886100000000004 0.30228150000000004 1974.5486543598226 0.077296500000000004 4.5000000000000009 1.0000000180025095e-35 0.1825205 0.12500000000000003 0.05482950000000001 0.48077000000000009 0.52376971411561735 132.51792417296798 3.5000000000000004
decision_type=2 10 2 2 2 2 8 8 8 8 2 2 10 10 2 8 10 8 10 10 8 2 2 10 2 10 8 2 10 2
left_child=1 -1 13 4 5 -2 10 17 -9 -10 29 12 -4 14 19 16 -16 -5 -11 -3 -7 -13 24 -24 -23 -26 28 -27 -19 -6
right_child=3 2 11 7 6 20 -8 8 9 18 -12 21 -14 -15 15 -17 -18 26 -20 -21 -22 22 23 -25 25 27 -28 -29 -30 -31
leaf_value=-0.0022009840703002782 -0.00080290579110557951 -0.002052994424211071 0.0046727794495523235 -0.0056761685548957948 0.0024857557355789559 0.0087904445623333324 -0.0028389521524701789 -0.0053154858895569958 0.0071122663302458332 0.00063309380943682826 -0.00058807570128332522 0.00055521870732278607 -0.005487192108992683 0.0051262612493423818 -0.002916145970196083 -0.0053798706007363523 0.0055141874043040289 -0.011449323524716662 -0.0054751142256376671 -0.01214179719169645 0.0033215009463801962 0.01662495371792044 0.012091874899968597 0.0020502898284731163 0.0020656900995376674 0.011374646994579225 -0.0015042283931986367 0.0032884856234642388 0.0010820450185003419 0.013840398982259083
leaf_weight=3621.2339670956135 4069.1032790541649 3346.7434550970793 748.47122992575169 3452.2482776492834 4568.8055001944304 1752.892880409956 8226.8958318531513 2028.6702575534582 1197.8715303242207 11368.369526356459 15553.742617577314 1807.6685532778502 939.7713610380888 1392.5114900022745 853.88578276336193 716.01842649281025 2200.8097621798515 689.78714676201344 1150.0033260732889 417.33094038069248 4583.325649023056 409.56313717365265 464.91384819149971 3475.6284501999617 1264.7479187548161 1712.373477011919 15801.651390567422 780.31675320863724 309.89022575318813 263.9985117316246
leaf_count=14625 16399 13445 3012 14007 18372 7093 33047 8259 4833 45727 62482 7269 3773 5629 3457 2879 8827 2777 4667 1676 18481 1645 1870 13989 5071 6903 63639 3145 1251 1063
internal_value=-5.51294e-05 0.00152772 0.00218615 -0.000564869 0.000259179 0.00263825 -0.000606593 -0.00145788 -8.84419e-05 0.000687962 0.000295216 0.00379127 -0.000981844 9.79509e-05 -0.000836899 0.00152503 0.00315581 -0.00252189 6.80395e-05 -0.00320077 0.00484593 0.00460415 0.00550511 0.00326263 0.00761283 0.00658898 -0.00187078 0.00886659 -0.00759248 0.00313332
internal_weight=99169.2 24152 20530.8 75017.3 39018.8 10405.3 28613.4 35998.5 15744.9 13716.2 20386.5 11603.5 1688.24 8927.3 7534.79 3770.71 3054.7 20253.6 12518.4 3764.07 6336.22 9915.21 8107.54 3940.54 4167 3757.44 16801.3 2492.69 999.677 4832.8
internal_count=399312 97215 82590 302097 156937 41973 114964 145160 63486 55227 81917 46677 6785 35913 30284 15163 12284 81674 50394 15121 25574 39892 32623 15859 16764 15119 67667 10048 4028 19435
is_linear=0
shrinkage=0.05


Tree=49
num_leaves=31
num_cat=0
split_feature=71 65 47 28 39 34 58 19 19 86 83 35 46 89 21 44 3 57 94 46 79 46 4 7 38 5 47 44 94 38
split_gain=26.0739 24.0488 20.9123 20.5722 20.5169 15.7451 15.7051 15.2931 15.7994 15.8936 15.3064 16.9543 14.5657 13.6935 15.6847 13.5035 13.3075 13.2392 12.9171 14.2305 13.6754 13.3498 12.5 12.3481 12.2876 14.7446 15.4097 13.5275 14.476 13.0998
threshold=1.0000000180025095e-35 1.0000000180025095e-35 0.58571548841795662 0.30830000000000007 0.036503553809810484 0.48835400000000001 6834.5000000000009 13.500000000000002 12.500000000000002 0.039871500000000039 0.56971040437950204 0.14088850000000003 1.9980657015509309 0.45257080000000005 4596.5000000000009 24.778745795201733 1.5000000000000002 11.24815337137654 0.36058150000000005 1.5654736200992427 7.049999999999998 1.7369309159328858 1.0000000180025095e-35 2.5000000000000004 0.11562900000000001 1.0000000180025095e-35 1.6399999810441892 18.79234180132358 0.43775550000000008 0.16046650000000004
decision_type=2 2 8 8 8 8 10 2 2 10 2 8 10 8 2 10 2 10 8 8 2 8 2 2 10 2 8 8 10 10
left_child=2 3 -1 -2 -3 -5 13 8 17 -10 11 18 -13 23 16 -12 -15 -4 -9 -20 -21 -22 -17 -6 27 26 29 28 -7 -26
right_child=1 4 7 5 6 24 -8 10 9 -11 15 12 -14 14 -16 22 -18 -19 19 20 21 -23 -24 -25 25 -27 -28 -29 -30 -31
leaf_value=-0.010545157201153468 -0.0094956217453914405 0.0006597679073498178 -0.0035636231934428921 -0.0034288074588169314 -0.004164617640264958 0.0050306968115020473 0.0029257534931539063 -0.0018246380440519615 0.0023964399045694872 0.0074977064754291793 0.0072359792567021118 -0.00066539967301792384 0.0060056697361743445 0.0014719554335301237 -0.008423428790096249 -0.0045250546901533144 -0.0038898152276213276 0.0019996701926570395 0.013730794163762848 0.0092222579168320801 -0.0024448149947502557 0.0032833368432662702 0.0041664981933015903 -0.010844363238473537 0.014758120324349453 0.0021629921854873931 -0.0017591287501512592 -0.0014986458616410635 -0.0071881801571406102 0.0014562242307224315
leaf_weight=389.86653070151806 563.18653400242329 3508.8322487324476 1511.6837745159864 2957.901829957962 1506.37839153409 1548.2801053524017 787.69883148372173 1592.178436756134 4909.0842813849449 2217.0358957350254 1477.2893682718277 26175.836507633328 834.68041962385178 1875.9916815459728 1097.7179576605558 676.88987098634243 2992.5840408354998 3588.3145503848791 296.3706309646368 691.7073415517807 1370.7287009358406 3866.7680208235979 1030.4143746495247 1303.1465440690517 249.43343988060951 12731.936075463891 5544.6620898544788 10854.983483880758 277.97031053900719 655.00178241729736
leaf_count=1564 2305 14161 6064 11926 6139 6218 3170 6390 19749 9015 6021 105106 3353 7553 4419 2733 12067 14481 1190 2775 5499 15528 4159 5307 1005 51223 22316 43818 1128 2626
internal_value=5.15371e-05 -0.000777462 0.00084495 -0.000100193 -0.00260917 5.44531e-05 -0.00380797 0.00093542 0.0024729 0.0039918 0.000440399 0.000136533 -0.000457104 -0.00441502 -0.00305109 0.0037528 -0.001825 0.000346915 0.00218553 0.0032124 0.0026644 0.00178239 0.0007143 -0.00729037 0.000378792 0.00117693 -0.000770111 -0.000828407 0.00314187 0.00524602
internal_weight=99084.6 48455.7 50628.8 35383.4 13072.3 34820.2 9563.52 50239 12226.1 7126.12 38012.9 34828.3 27010.5 8775.82 5966.29 3184.59 4868.58 5100 7817.75 6225.57 5929.2 5237.5 1707.3 2809.52 31862.3 19181 6449.1 12681.2 1826.25 904.435
internal_count=399008 195381 203627 142565 52816 140260 38655 202063 49309 28764 152754 139841 108459 35485 24039 12913 19620 20545 31382 24992 23802 21027 6892 11446 128334 77170 25947 51164 7346 3631
is_linear=0
shrinkage=0.05


Tree=50
num_leaves=31
num_cat=0
split_feature=72 23 49 49 0 46 55 27 26 45 29 96 49 64 30 79 22 92 92 3 49 32 89 45 26 58 14 47 88 44
split_gain=19.985 18.7492 15.5649 17.9021 15.2042 16.7457 15.4131 14.3213 14.2638 17.8398 16.7072 15.0276 13.588 16.3962 14.8327 14.5371 13.5696 13.3904 16.293 12.6221 13.9702 12.1671 13.3716 11.6704 14.8584 11.379 14.7444 11.3201 13.1987 21.8252
threshold=3.5000000000000004 0.1750015 119.8211259910119 118.29149310100421 9.5000000000000018 1.6422753682213627 1915.0371971430152 0.66256450000000011 0.39923600000000004 -16.434370485902701 0.35523350000000004 0.45919950000000004 123.8679385557581 9.5000000000000018 0.11258800000000001 0.59999999999999731 0.53534650000000006 -0.002809500000000006 0.0046854999999999961 1.5000000000000002 128.2226902229626 0.21406250000000002 0.44973255000000006 32.496271573007213 0.43054550000000008 1132.0000000000002 1.0000000180025095e-35 1.7847995305110353 0.002583499999999989 40.300771111509114
decision_type=2 8 8 10 2 8 10 10 8 8 8 10 8 2 8 2 10 10 10 2 8 10 8 10 10 8 2 10 8 8
left_child=17 21 3 7 8 -6 -7 -3 9 -4 11 -10 13 14 23 -14 -11 19 -19 20 -1 22 -2 24 -12 -20 -27 28 29 -17
right_child=1 2 4 -5 5 6 -8 -9 10 16 12 -13 15 -15 -16 27 -18 18 25 -21 -22 -23 -24 -25 -26 26 -28 -29 -30 -31
leaf_value=-0.0005045385617629825 -0.0050739889358439871 0.0010164626822506898 0.0080991225447377881 0.0055871328024198856 0.014734689746285019 0.00048223231903603395 0.012179377972792869 -0.010247412635856983 -0.0093128800421358252 -0.0030374902964734034 -0.00092469268697163926 0.0018673672752186389 0.0055006660938280022 -0.008614771944172938 -2.1989996009827412e-05 -0.00066773044528050003 -0.011798328812386842 -0.010224237577909729 -0.0087876934491396483 -0.0043032262155534729 0.0061899504868767382 0.0082009992328944646 0.0021401799691789947 0.0023596427359631731 -0.0087840059310972836 -0.0041779702826615413 0.00095326559031664281 0.0011016792159529417 -0.0017773578598061464 0.0030461621438478202
leaf_weight=2849.1044093966484 681.73166534304619 2507.6378486603498 312.15210783481598 2455.8207404762506 275.70663347840309 2238.5475089251995 312.31162288784981 307.8226884752512 929.11875787377357 3556.2580410689116 1012.5542811900377 437.71454338729382 1237.9618229866028 795.9585185199976 7535.0873122811317 15554.591300293803 497.42764616012573 777.99419960379601 652.78329452872276 1325.769685998559 1062.0466911792755 750.84375855326653 9083.5646187365055 557.00409187376499 1480.2833427190781 3079.8176091313362 2554.2014632821083 16650.732975319028 12510.67174859345 5293.9520394951105
leaf_count=11507 2739 10054 1252 9940 1108 9001 1255 1234 3779 14401 4064 1775 4980 3200 30241 62540 2005 3142 2672 5375 4289 3028 36763 2245 5939 12438 10322 66987 50281 21265
internal_value=-0.000137056 0.000129822 -0.000142529 0.0024765 -0.000336782 0.0032503 0.00195633 -0.00024696 -0.000485552 -0.00324741 -0.000296658 -0.00574496 -0.000176854 -0.00173888 -0.00121418 0.000170304 -0.00413892 -0.0020225 -0.0034412 -0.000105725 0.00132445 0.00210825 0.00163187 -0.00414998 -0.00560812 -0.00258689 -0.00185414 3.72814e-05 -0.000494167 0.000276325
internal_weight=99277.2 86975.5 76459.3 5271.28 71188 2826.57 2550.86 2815.46 68361.5 4365.84 63995.6 1366.83 62628.8 11380.9 10584.9 51247.9 4053.69 12301.7 7064.8 5236.92 3911.15 10516.1 9765.3 3049.84 2492.84 6286.8 5634.02 50009.9 33359.2 20848.5
internal_count=399821 350076 307546 21228 286318 11364 10256 11288 274954 17658 257296 5554 251742 45689 42489 206053 16406 49745 28574 21171 15796 42530 39502 12248 10003 25432 22760 201073 134086 83805
is_linear=0
shrinkage=0.05


Tree=51
num_leaves=31
num_cat=0
split_feature=20 23 49 26 20 21 94 65 45 74 44 23 90 32 95 85 89 30 29 49 42 0 30 91 48 86 99 34 48 99
split_gain=20.419 21.8953 20.8305 19.8517 19.9345 22.0664 17.0858 16.5726 19.8215 19.4932 15.5734 15.3482 14.658 14.975 16.4782 14.5878 14.1951 14.154 14.1501 13.8713 16.0693 13.2097 12.8824 16.4602 13.735 14.7852 12.8467 12.6095 12.5386 12.4492
threshold=13.500000000000002 0.21634650000000002 126.54787298949604 0.40321400000000002 12.500000000000002 103.50000000000001 0.45696750000000008 -1.0000000180025095e-35 17.665189922579923 1.0000000180025095e-35 26.232762596974592 0.20514950000000001 0.008689199999999982 0.20849350000000003 0.12386400000000002 0.5046329147001346 0.63277420000000018 0.41277900000000006 0.59306300000000012 121.36626274676793 131.7912225791392 5.5000000000000009 0.14971250000000003 -0.012742499999999988 0.45386309581224477 -0.081968000000000027 0.021849499999999984 0.58684800000000015 0.40999222619874826 -0.050893100000000004
decision_type=2 10 8 10 2 2 10 2 10 2 10 10 10 10 10 2 8 10 10 8 8 2 10 10 10 10 8 10 10 10
left_child=3 2 11 -1 6 16 18 8 -3 22 -7 -2 13 -10 -15 -13 -6 27 19 20 -5 -12 24 -24 -9 -26 -17 -11 -25 -4
right_child=1 7 29 4 5 10 -8 9 12 17 21 15 -14 14 -16 26 -18 -19 -20 -21 -22 -23 23 28 25 -27 -28 -29 -30 -31
leaf_value=-0.002468774172171998 -0.0018675202645739028 -0.00091083089503689579 0.010672827502786992 -0.0011286771359131518 -0.014499888837556631 0.0054372775591233109 -0.006679596870751774 0.00022823875390273749 -0.00092123200459984537 -0.0023331446693492246 -0.0015113671951621421 -0.0051777397599035851 0.0069417006191850152 0.0012780907442834074 0.017423438354733516 0.0046812206982520307 0.001241529853629491 -0.010838482930389534 0.0068611591623394435 0.00087615852193491373 -0.014635991277501814 0.0035544503894599996 -0.013220436850270601 0.0016170534318304772 0.016844241613310659 0.0038888648415570438 -0.0056680313070434016 0.0046190991547013782 -0.003639121736585078 0.0018516334772207821
leaf_weight=3175.8082559257746 8700.4088756740093 9557.5754261612892 403.77291555702686 700.36515259742737 270.68520478904247 5705.1482837796211 855.35915003716946 2572.7348704338074 2286.2649704217911 25806.861261487007 2015.4785216599703 572.79702045023441 1595.5846361368895 407.2947144806385 250.05686485767365 2581.1217703521252 289.45912270247936 468.82748466730118 828.64581368863583 6343.5178400874138 312.43501642346382 3527.5396707803011 265.73163634538651 2631.8754023164511 260.67224726080894 1241.021224796772 330.54826788604259 660.12997032701969 1979.167557656765 12529.183455303311
leaf_count=12836 34944 38463 1628 2812 1090 22939 3483 10388 9176 104026 8116 2300 6434 1637 1002 10369 1164 1898 3360 25471 1253 14206 1070 10604 1050 4987 1326 2659 7954 50603
internal_value=-6.00582e-05 -0.000465946 0.000738187 0.00120843 0.00176949 0.00312139 2.16478e-06 -0.00107107 0.000381382 -0.00164156 0.00360517 -0.00074499 0.00309824 0.000998448 0.00758884 0.00205519 -0.00648628 -0.00231312 0.000707732 6.21203e-06 -0.00539786 0.00171308 0.000379607 -0.00135305 0.0024517 0.00623428 0.00349094 -0.00215807 -0.000642013 0.00213507
internal_weight=99126.1 75101.6 25117.8 24024.4 20848.6 11808.3 9040.32 49983.8 14096.8 35887 11248.2 12184.9 4539.2 2943.62 657.352 3484.47 560.144 26935.8 8184.96 7356.32 1012.8 5543.02 8951.2 4876.77 4074.43 1501.69 2911.67 26467 4611.04 12933
internal_count=399248 302518 101170 96730 83894 47515 36379 201348 56712 144636 45261 48939 18249 11815 2639 13995 2254 108583 32896 29536 4065 22322 36053 19628 16425 6037 11695 106685 18558 52231
is_linear=0
shrinkage=0.05


Tree=52
num_leaves=31
num_cat=0
split_feature=64 52 84 85 61 46 46 28 90 21 96 30 36 45 28 33 95 45 38 35 32 35 52 5 40 85 71 21 58 51
split_gain=26.1659 22.0048 18.1296 16.9889 16.7573 15.1755 15.0565 15.1259 13.6733 13.2623 15.8004 14.8537 15.4633 13.2227 12.78 14.1727 13.8811 11.8591 15.0838 16.5085 11.5141 14.5112 11.2118 11.1313 11.0832 16.7315 12.4422 16.0297 13.0519 13.482
threshold=9.5000000000000018 132.0677087772448 0.52721451347969961 0.503501228054543 1.0000000180025095e-35 1.8308642000386575 1.9164193291220173 0.50081450000000005 0.12874889999999997 1464.5000000000002 0.48987585000000006 0.19617000000000004 0.62940200000000013 31.467253261318465 0.32515050000000006 6554.5000000000009 -0.025719999999999989 -13.367696946470298 0.080595850000000011 0.16735150000000001 0.11237600000000002 0.15282950000000003 121.41450363933147 1.5000000000000002 0.085676344817780845 0.51373019804578812 1.0000000180025095e-35 8781.5000000000018 4246.0000000000009 2091.9152689376392
decision_type=2 10 2 2 2 8 8 8 8 2 10 10 10 10 8 2 10 10 10 8 10 10 8 2 10 2 2 2 10 10
left_child=2 13 3 8 6 -6 9 -8 17 10 -4 12 24 23 -5 16 22 18 -1 -20 -13 -22 -16 -2 26 -26 27 28 -11 -30
right_child=1 -3 4 14 5 -7 7 -9 -10 11 -12 20 -14 -15 15 -17 -18 -19 19 -21 21 -23 -24 -25 25 -27 -28 -29 29 -31
leaf_value=-0.0060117044186080862 -0.0050334295664504003 0.0044976819109086514 -0.006519459200965862 -0.0044801466653480648 0.00018975877171687437 -0.006363160888705627 0.010511804772736987 0.0028644126378526633 -0.011989306034294621 0.0033747755250043035 0.003416844357821051 -0.010611060856911644 0.0087856085022462484 -0.01465368849115343 0.0067540470937816179 -0.00088729894171333276 0.0012333447140651494 -0.0030187161630374128 0.0063184662293491638 -0.0028005368545075955 0.0016351349148609447 -0.0032395220795683934 -0.00377719934433139 -0.00046844088554935626 -0.001297864669499103 0.0092770242025314587 -0.00029757049055992226 0.00724909518500488 0.007162983659839927 -0.0040651545099356853
leaf_weight=599.33723483979702 3860.845653295517 868.52756728231907 1166.6661153882742 1475.6441777348518 2903.7178694754839 1259.5626226663589 727.91289442777634 5379.6947254985571 335.86391605436802 3111.4613106995821 598.51426769793034 265.35214413702488 837.31902593374252 267.39579685032368 274.94094216823578 17739.794350624084 27000.504391729832 6446.1178047209978 1318.4806050956249 784.91584169864655 4107.2089813649654 2416.4962450563908 2274.7729455381632 2042.0901239216328 564.87224805355072 1084.4541251510382 6108.3411000221968 1558.6165867894888 318.26958957314491 1439.8431271165609
leaf_count=2425 15590 3500 4685 6018 11666 5065 2918 21857 1356 12554 2400 1067 3363 1075 1109 71390 108619 25950 5305 3157 16487 9694 9213 8240 2275 4374 24577 6328 1277 5792
internal_value=1.95024e-05 -0.00291656 0.00024419 -0.000290571 0.00116429 -0.00180326 0.00158095 0.00379153 -0.00222558 0.00100695 -0.00315012 0.00134465 0.00222133 -0.00396577 8.61587e-05 0.000229563 0.000900119 -0.00185444 0.00092328 0.00291842 -0.000595711 -0.000172719 -0.00261964 -0.00345766 0.00182795 0.00566927 0.00131847 0.00285217 0.00143287 -0.00200352
internal_weight=99137.5 7038.86 92098.7 58250.4 33848.3 4163.28 29685 6107.61 9484.72 23577.4 1765.18 21812.2 15023.2 6170.33 48765.7 47290 29550.2 9148.85 2702.73 2103.4 6789.06 6523.71 2549.71 5902.94 14185.9 1649.33 12536.5 6428.19 4869.57 1758.11
internal_count=399326 28405 370921 234542 136379 16731 119648 24775 38193 94873 7085 87788 60540 24905 196349 190331 118941 36837 10887 8462 27248 26181 10322 23830 57177 6649 50528 25951 19623 7069
is_linear=0
shrinkage=0.05


Tree=53
num_leaves=31
num_cat=0
split_feature=71 65 19 94 19 38 47 24 43 54 54 55 90 23 46 34 38 43 44 48 27 87 28 88 65 61 34 42 34 42
split_gain=22.6447 24.113 21.4175 20.9382 17.6845 16.2075 16.492 21.226 15.7954 16.783 15.9569 15.5447 13.7501 13.5244 13.519 13.5084 13.3827 13.1811 12.9216 12.4361 14.9928 14.9392 12.505 12.4221 12.2782 26.4226 19.9452 14.8688 17.3528 14.8029
threshold=1.0000000180025095e-35 1.0000000180025095e-35 13.500000000000002 0.42745550000000004 12.500000000000002 0.4328085000000001 1.431787723283408 0.10996000000000002 2205.1585182345834 129.42457987763399 127.90037290872361 1068.4506656481494 -0.14661874999999999 0.16905200000000004 2.0601088169748039 0.56067300000000009 0.13898050000000003 2438.3105970702486 17.271545974523658 0.5281616970806452 0.42459300000000005 -0.064532500000000007 0.44467950000000006 -0.0018514999999999779 1.0000000180025095e-35 1.0000000180025095e-35 0.50202350000000007 136.68285663316811 0.51398050000000006 135.00328849007181
decision_type=2 2 2 10 2 10 10 10 10 10 10 10 8 8 10 10 10 10 8 8 8 10 10 10 2 2 8 8 10 8
left_child=2 5 4 12 19 6 8 -8 10 -10 23 -9 -3 -4 -13 16 -15 -14 -6 21 -21 -1 -23 -2 25 -20 -27 28 -26 -28
right_child=1 3 13 -5 18 -7 7 11 9 -11 -12 14 17 15 -16 -17 -18 -19 24 20 -22 22 -24 -25 27 26 29 -29 -30 -31
leaf_value=-0.0048640041805640861 0.0034311712110070523 -0.0093922126805222744 0.0035097982739234475 -0.0062146588293400589 0.014141433601035012 0.010277817818278658 -0.010596670781146062 -0.0080572488582291851 0.010622837227236143 0.0013554277047940202 -0.01056636285668037 -0.00050552799693018519 -0.0014473092447366319 -0.0014867684277071007 0.0091916295135787245 0.0034831586856222071 0.00054512231159187924 0.0071904077391729939 0.0051458313372056731 0.0049808688356299839 -0.0051737086398665338 0.012596660009399074 0.0025347302633247355 -0.0010234722379762514 -0.0060405697178557488 0.0084661915388718374 0.0012205889367592402 0.011375554572852522 0.0075990329720127207 -0.0091429267954356384
leaf_weight=579.91351734101772 3007.6347598880529 508.55738958716393 2860.8707866966724 3001.4901123344898 304.44697169959545 366.29933713376522 528.40336179733276 664.5006315112114 908.71869768202305 1050.553579762578 296.31994226574898 24923.311895668507 9119.151279181242 14172.223792552948 354.68507340550423 2493.8853206187487 18898.512554004788 454.27701011300087 3120.4074908345938 469.65375424921513 1503.4712452143431 351.44028426706791 2185.1225776076317 3243.6895433664322 355.81861734390259 326.82686980068684 565.77723273634911 987.61105206608772 636.11857876181602 862.88323991000652
leaf_count=2334 12105 2063 11597 12246 1238 1471 2137 2678 3664 4212 1188 100522 36762 57001 1427 10011 75840 1825 12656 1883 6035 1414 8844 13046 1435 1311 2266 3990 2559 3462
internal_value=5.04737e-05 -0.000722595 0.000789255 -0.00255548 0.00260892 -4.3577e-05 -0.000154573 -0.000770077 0.00175934 0.00568581 0.000577536 -0.000565921 -0.00146104 0.000208645 -0.000365883 -5.78165e-05 -0.000325816 -0.00103036 0.00420892 0.000354239 -0.00274373 0.00231815 0.0039728 0.0011218 0.00374787 0.00239102 -0.00250711 0.00706115 0.0026949 -0.00505882
internal_weight=99102.6 48427.6 50675 13083.5 12249.5 35344.1 34977.8 26470.9 8506.92 1959.27 6547.64 25942.5 10082 38425.5 25278 35564.6 33070.7 9573.43 7159.89 5089.6 1973.12 3116.48 2536.56 6251.32 6855.44 4875.89 1755.49 1979.55 991.937 1428.66
internal_count=399222 195346 203876 52896 49427 142450 140979 106764 34215 7876 26339 104627 40650 154449 101949 142852 132841 38587 28917 20510 7918 12592 10258 25151 27679 19695 7039 7984 3994 5728
is_linear=0
shrinkage=0.05


Tree=54
num_leaves=31
num_cat=0
split_feature=64 26 20 20 53 52 97 48 38 42 2 52 48 36 86 52 45 72 32 1 0 15 85 98 0 38 52 8 52 43
split_gain=20.7858 18.0957 20.2259 23.8273 15.8384 15.8176 14.3255 15.0186 13.7822 13.7588 14.4466 16.4226 12.8112 16.2661 14.9717 14.3523 12.4236 13.117 13.288 12.2352 16.32 19.6862 16.085 16.722 11.723 11.7019 15.968 11.5073 11.3227 13.7078
threshold=9.5000000000000018 0.40570450000000008 13.500000000000002 12.500000000000002 2134.8330583879051 128.43611493405226 1.0462699599760368 0.4170966868547189 0.23666350000000005 145.09249437257921 3.5000000000000004 117.44812538777613 0.51655841793245327 0.39684200000000008 0.14620550000000002 127.03158231974389 31.876373521978419 3.5000000000000004 0.16385400000000003 3.5000000000000004 5.5000000000000009 72.550000000000011 0.52132535917076039 -0.04205868184015079 8.5000000000000018 0.21906300000000004 122.97602453255998 7.5000000000000009 131.36424415059818 1952.7091012376184
decision_type=2 10 2 2 8 10 2 8 10 10 2 8 10 10 8 10 10 2 10 2 2 2 2 2 2 10 8 2 10 8
left_child=1 5 3 4 -3 -1 19 -8 -5 10 11 -4 25 -14 -15 -16 17 -2 -19 20 21 -6 24 -24 -21 26 -12 -25 29 -10
right_child=16 2 9 8 6 -7 7 -9 28 -11 12 -13 13 14 15 -17 -18 18 -20 22 -22 -23 23 27 -26 -27 -28 -29 -30 -31
leaf_value=-0.0008880482844898747 -0.0078484289036088693 -0.0067495031400759374 0.01026178988785993 0.0026290881190861133 -0.0014631618987486785 -0.0062162763859393844 0.00045019182207316341 -0.015085487208465359 0.00072049791466463403 0.0056451772523206248 -0.0062815287091612 0.00072899856832553736 0.0078364632179756654 -0.0017319600489485454 -0.014097094445165409 -0.0028922871787577984 -0.012084263920249937 0.0010216411422499477 -0.0037402690299235038 0.0020208060270590733 0.0017128805746870022 -0.015253785642434263 -0.0034547548080302286 0.012157204680240691 -0.0081240692507958245 0.001717464423022596 -0.00031996787136205932 0.0011554735638514338 -0.0012059207453410069 0.012617256312646605
leaf_weight=6097.5255741178989 872.93239176273346 817.68396437168121 451.73329390585423 9184.5254013389349 907.34407949447632 1797.0204041600227 336.60474030673504 278.34159606695175 323.40549771487713 1042.5737047493458 1175.3154363483191 21187.549561724067 399.45038962364197 11234.905562579632 489.7026187479496 683.40675151348114 322.08832548558712 2991.2995748966932 2854.8731663972139 1520.7531489133835 2166.6090640723705 353.44895063340664 305.14046935737133 964.91069097816944 339.84659369289875 6908.1447352021933 21478.157043591142 317.27916724979877 290.80317980051041 968.65780587494373
leaf_count=24628 3561 3291 1854 36968 3648 7268 1357 1116 1299 4297 4726 85316 1603 45160 1966 2746 1296 12060 11506 6124 8718 1420 1237 3880 1368 27798 86531 1275 1166 3901
internal_value=-2.03735e-05 0.000180085 0.000394955 0.00182618 -0.000185781 -0.00210723 0.000538798 -0.00671055 0.00337732 -2.49498e-05 -0.000118173 0.00093265 -0.000654956 -0.00197519 -0.00229712 -0.00764924 -0.00263669 -0.00216653 -0.00130617 0.001196 -0.000918695 -0.00541882 0.00329469 0.00697515 0.000134276 -8.24928e-05 -0.000631903 0.00946483 0.00767513 0.00966788
internal_weight=99062 92020.8 84126.3 19075.4 8307.96 7894.55 7490.28 614.946 10767.4 65050.9 64008.4 21639.3 42369.1 12807.5 12408 1173.11 7041.19 6719.11 5846.17 6875.33 3427.4 1260.79 3447.93 1587.33 1860.6 29561.6 22653.5 1282.19 1582.87 1292.06
internal_count=399084 370661 338765 76768 33434 31896 30143 2473 43334 261997 257700 87170 170530 51475 49872 4712 28423 27127 23566 27670 13786 5068 13884 6392 7492 119055 91257 5155 6366 5200
is_linear=0
shrinkage=0.05


Tree=55
num_leaves=31
num_cat=0
split_feature=64 14 28 72 17 49 26 26 54 22 46 34 53 8 53 27 90 55 39 98 83 99 15 32 39 45 57 27 80 47
split_gain=19.4721 18.7566 20.2924 17.4641 14.2224 15.661 13.9407 15.1601 13.7289 12.8012 13.6033 11.3573 11.2734 14.9497 11.9199 11.1447 12.3273 17.6688 14.6942 13.1562 14.8151 11.4409 10.6779 11.8358 11.7136 11.7885 10.9757 10.8314 10.7893 10.9943
threshold=10.500000000000002 1.0000000180025095e-35 0.41125250000000008 3.5000000000000004 1.5000000000000002 126.44276337683158 0.42992150000000007 0.49712700000000004 135.37471715518376 0.46978100000000006 1.8134218152590109 0.45747700000000008 2550.3823551886812 4.5000000000000009 2013.8512879676834 0.16954050000000004 -0.069946849999999991 1727.1390321463825 0.04313600576334415 -0.048137499035067026 0.47307696153846163 0.024150499999999995 52.250000000000007 0.095290900000000026 0.039658509979153718 -7.0312186480752628 13.324402453483204 0.48850400000000005 5.8449915960445429 1.8169645322681098
decision_type=2 2 8 2 2 10 10 10 10 10 10 10 10 2 8 8 8 8 10 2 2 8 2 10 10 10 10 10 2 8
left_child=1 3 11 12 22 -6 9 -8 -2 -7 -11 -3 14 -14 -1 -4 17 21 -18 -20 -21 -17 23 -5 25 28 -25 -28 -24 -30
right_child=8 2 15 4 5 6 7 -9 -10 10 -12 -13 13 -15 -16 16 18 -19 19 20 -22 -23 24 26 -26 -27 27 -29 29 -31
leaf_value=0.0050040381898066909 -0.0038767126869419105 -0.01167479315949236 -0.008689706608508636 0.012073623860291521 -0.0013077668336345402 0.0042629060766678833 0.0020404226734342442 -0.008871038381080219 0.0054737133344410164 -0.0013763050467223857 -0.0097731722419100373 -0.0011295627382047213 0.0084638495386668896 -0.0064239889669930926 -0.0042299518321898587 0.00073922339224000329 0.00180052380019428 0.0085860485245426981 0.0055078794261904729 -0.0097699944347571614 -0.0006466871494730706 0.0092066559723574023 -0.0089215279218500792 0.0010936642359888767 0.0049119113355487985 -0.0076307011603074723 0.013098730017788449 0.0023133718448147124 -0.0025634633572116702 0.0046508695691204619
leaf_weight=366.24868313968182 4281.5317265093327 256.23918032646179 259.7714536935091 376.76032574474812 21647.062314271927 596.0993275642395 10258.735428676009 318.77296175062656 423.3589074164629 1604.9595587253571 682.14756236970425 6353.230176627636 451.04146479070187 256.87999995052814 5225.3759799897671 2895.1499182879925 24687.981401845813 1402.3200844079256 798.55852840840816 462.84446160495281 7589.1885023862123 453.11304345726967 280.09692905843258 2508.5284254103899 935.97157306969166 606.71439519524574 435.23851501941681 498.90378433465958 963.32461956143379 1146.1857374161482
leaf_count=1483 17285 1042 1048 1525 87064 2414 41396 1284 1710 6455 2747 25737 1823 1038 21123 11626 99421 5629 3222 1878 30510 1820 1127 10102 3758 2436 1747 2006 3887 4620
internal_value=0.000110312 0.000267043 0.00100261 -0.000408726 -4.71614e-05 -0.000475252 0.000863547 0.00170352 -0.00302551 -0.00221326 -0.00391238 -0.0015554 -0.00286469 0.00304734 -0.00361728 0.00144148 0.00151247 0.00389396 0.00117408 -0.000573386 -0.00118258 0.00190911 0.00188979 0.00376906 5.95198e-05 -0.00146754 0.00282789 0.00742403 0.000122553 0.00135984
internal_weight=99022.3 94317.4 45158.4 49159 42859.5 35107.8 13460.7 10577.5 4704.89 2883.21 2287.11 6609.47 6299.55 707.921 5591.62 38548.9 38289.2 4750.58 33538.6 8850.59 8052.03 3348.26 7751.72 3819.43 3932.29 2996.32 3442.67 934.142 2389.61 2109.51
internal_count=398963 379968 181933 198035 172568 141360 54296 42680 18995 11616 9202 26779 25467 2861 22606 155154 154106 19075 135031 35610 32388 13446 31208 15380 15828 12070 13855 3753 9634 8507
is_linear=0
shrinkage=0.05


Tree=56
num_leaves=31
num_cat=0
split_feature=20 20 26 27 79 23 1 97 28 44 15 58 86 38 2 58 29 25 9 99 27 86 58 0 24 38 54 20 16 90
split_gain=16.5386 31.7861 26.1097 16.0039 14.7281 13.2334 13.8449 13.2756 13.8684 13.2072 12.7674 15.0953 12.1816 17.1149 12.055 17.6364 15.5877 14.8036 16.2593 12.0649 15.9045 15.4329 11.7212 12.8357 11.6599 11.6281 12.0018 11.483 13.75 17.4639
threshold=13.500000000000002 12.500000000000002 0.40757550000000003 0.59906550000000014 92.550000000000011 0.31498650000000006 4.5000000000000009 1.0412855831059931 0.41707350000000004 30.653069496385331 79.15000000000002 1477.0000000000002 0.054150500000000053 0.31823200000000001 4.5000000000000009 641.50000000000011 0.54931150000000006 0.37264650000000005 1.5000000000000002 0.029972500000000003 0.65747050000000007 0.06486500000000002 2867.5000000000005 8.5000000000000018 0.18657150000000003 0.069964500000000013 125.19425301260073 14.500000000000002 1.6950000000000001 0.044870050000000029
decision_type=2 2 10 10 2 10 2 2 8 8 2 10 10 10 2 8 10 8 2 10 8 10 10 2 10 10 8 2 2 8
left_child=1 3 25 4 5 6 12 8 -8 -6 -4 -12 13 22 15 16 -2 27 19 20 21 -19 23 -1 -16 -3 -27 28 29 -17
right_child=14 2 10 -5 9 -7 7 -9 -10 -11 11 -13 -14 -15 24 17 -18 18 -20 -21 -22 -23 -24 -25 -26 26 -28 -29 -30 -31
leaf_value=-0.00074517210806460815 0.0029667234894728877 -0.0042931325676820618 0.0028146392950098918 0.0031474912850988908 -0.0014439432052641725 -0.0092713319569914018 -0.005994311818793752 -0.0068647638659621417 0.0060733978380015019 -0.014060979475287262 0.0015779229172808934 0.0095821795972231491 -0.0093110259854834038 -0.011894511741251185 -0.0007099677903528571 -0.0026336118558274186 0.015817573029679694 0.00074887869723979533 -0.0052499743022159599 -0.0046954818874493445 0.010144951083302536 -0.0056181138237818224 0.0034498694551114784 -0.010795169476887707 -0.0041427468401182598 -0.0078459680397162078 0.0040554457765286205 0.0013652126203055257 -0.013110306899407368 0.01033069472994402
leaf_weight=1829.2980288863182 1012.3615099936724 1656.081294849515 8762.3967461585999 1810.0042383372784 384.63792331516743 475.10107792913914 272.99467617273331 306.96470749378204 1539.8707391917706 446.6814553886652 907.33934417366982 1693.3452975898981 534.67635631561279 338.04128532111645 39001.777369022369 2018.2707792967558 300.45185552537441 6528.5715223550797 2131.8940825164318 1395.6511560082436 382.27593165636063 1103.8848143368959 1315.0119282603264 374.94189713895321 2631.9711470007896 249.75236783921719 1145.5415187329054 17975.960534378886 250.08788625895977 287.99618737399578
leaf_count=7360 4084 6712 35271 7296 1546 1946 1102 1233 6189 1801 3654 6812 2154 1356 157089 8124 1209 26350 8606 5640 1536 4443 5284 1507 10610 1004 4619 72434 1008 1174
internal_value=5.31366e-06 0.00114624 0.00263136 -0.00107757 -0.00205849 -0.00130387 -0.000709241 0.00260149 0.00423324 -0.00830983 0.00373341 0.00680636 -0.00230948 -0.0013174 -0.000360432 0.000347288 0.00600512 0.000113913 -0.00131808 -0.000422692 0.000326277 -0.000178128 -0.000270592 -0.00249571 -0.000927921 -0.00147139 0.00188447 0.000919159 -0.00221053 -0.000977077
internal_weight=99063.8 24042.7 14414.5 9628.22 7818.22 6986.9 6511.8 2119.83 1812.87 831.319 11363.1 2600.68 4391.97 3857.29 75021.2 33387.4 1312.81 32074.6 11542.3 9410.38 8014.73 7632.46 3519.25 2204.24 41633.7 3051.38 1395.29 20532.3 2556.35 2306.27
internal_count=399153 96846 58072 38774 31478 28131 26185 8524 7291 3347 45737 10466 17661 15507 302307 134608 5293 129315 46575 37969 32329 30793 14151 8867 167699 12335 5623 82740 10306 9298
is_linear=0
shrinkage=0.05


Tree=57
num_leaves=31
num_cat=0
split_feature=71 23 23 53 47 43 53 6 77 44 29 49 74 15 73 24 49 17 24 0 4 53 6 19 51 86 31 85 38 96
split_gain=15.9072 17.5691 16.0959 15.551 14.9622 17.9625 17.4746 15.9579 14.6559 15.534 14.5787 14.3918 14.1138 16.9728 14.0035 15.4295 13.9377 19.8304 18.2644 13.7391 13.6846 16.3422 15.9635 17.6854 15.507 14.4982 13.5107 14.0338 13.9419 13.1618
threshold=1.0000000180025095e-35 0.30126800000000004 0.1750015 2581.1797324556896 1.5665023187450553 2221.2732178072906 1991.2034002318012 2.5000000000000004 1.0000000180025095e-35 23.099459515067824 0.51043850000000013 120.2914423605978 1.5000000000000002 52.45000000000001 1.0000000180025095e-35 0.10759650000000001 126.63863926336229 1.5000000000000002 0.11741150000000002 6.5000000000000009 1.5000000000000002 2556.7250408299487 3.5000000000000004 16.500000000000004 2093.156580023945 -0.10015 0.17296400000000003 0.52036669959266812 0.3390180000000001 0.49715750000000009
decision_type=2 8 10 10 10 10 8 2 2 8 8 10 2 2 2 10 10 2 10 2 2 10 2 2 8 10 8 2 10 10
left_child=2 4 -1 8 5 26 29 19 16 -10 12 -9 13 -3 15 -8 17 20 -18 -7 21 22 -4 25 -22 -24 28 -28 -2 -6
right_child=1 10 3 -5 6 7 14 11 9 -11 -12 -13 -14 -15 -16 -17 18 -19 -20 -21 24 -23 23 -25 -26 -27 27 -29 -30 -31
leaf_value=0.0031353259775635817 -0.0010479167489989599 -0.0034300101490394746 0.0031112790881374711 -0.0032495038651487031 0.0014735935567442048 0.01128006532956782 -0.012670508926250318 0.0067630649537469946 0.010036330149707577 0.0019635724895487329 -0.0093804626954073801 -0.0044459731443621036 -0.0048729255307391091 0.0065912075316589521 0.00059039436992452737 -0.0015876842169147976 0.014796161204855676 -0.0013888773680967048 0.0015476479700128325 0.0020010365050379861 -0.0089442925528598217 0.012719015519834169 -0.0076650888515265234 -0.0073848533716330822 0.00012426019839605626 0.0060964349159484121 -0.00073164919128999005 0.0054924364319628542 -0.012351607450522377 0.01244129608645617
leaf_weight=5696.2433420568705 4052.6183971464634 900.52099694311619 6156.239070519805 2853.480763822794 893.95331747829914 1047.0863630771637 308.76714883744717 476.39784304797649 716.62089349329472 3358.1551491320133 860.97075006365776 686.32553926110268 2154.7907236814499 778.88664549589157 8954.2308374047279 22380.361252650619 258.04472458362579 16917.953829064965 9065.0668187886477 648.86613833904266 557.44969248771667 355.28806713223457 251.56999735534191 858.34625485539436 2783.5078344941139 707.70301716029644 1841.4688971191645 1768.213226094842 282.71576656401157 386.2435794621706
leaf_count=23092 16298 3688 24762 11506 3603 4210 1252 1918 2880 13486 3491 2756 8830 3192 36106 90233 1052 67965 36462 2608 2234 1427 1011 3452 11194 2844 7404 7108 1133 1552
internal_value=1.36667e-05 -0.000633882 0.000634139 0.000315769 -0.000321421 0.00129238 -0.000851214 0.00468373 0.000558791 0.0034044 -0.00353704 0.000165167 -0.0022039 0.0012292 -0.00108347 -0.00174402 0.000252121 -0.000295485 0.0019298 0.00776248 0.00128942 0.00237301 0.00189667 -0.0022117 -0.00141103 0.00244562 6.77939e-05 0.00232399 -0.00181178 0.0048534
internal_weight=98958.1 48422.4 50535.7 44839.4 43727.2 10803.7 32923.6 2858.68 41985.9 4074.78 4695.17 1162.72 3834.2 1679.41 31643.4 22689.1 37911.2 28588.1 9323.11 1695.95 11670.1 8329.15 7973.86 1817.62 3340.96 959.273 7945.02 3609.68 4335.33 1280.2
internal_count=398749 195382 203367 180275 176181 43435 132746 11492 168769 16366 19201 4674 15710 6880 127591 91485 152403 114889 37514 6818 46924 33496 32069 7307 13428 3855 31943 14512 17431 5155
is_linear=0
shrinkage=0.05


Tree=58
num_leaves=31
num_cat=0
split_feature=94 20 20 61 0 94 44 16 50 28 37 40 85 53 39 68 30 93 5 54 26 54 50 33 26 64 71 38 2 45
split_gain=15.1689 14.7381 17.69 26.3904 21.3665 12.4657 17.0494 14.9771 14.2155 13.826 14.7176 13.6952 12.2968 13.9521 12.7748 12.2707 17.2732 14.842 14.3854 20.8976 14.7469 16.7478 13.802 13.6471 13.5417 12.1646 12.0781 23.6194 14.1968 12.8433
threshold=0.48963350000000005 13.500000000000002 12.500000000000002 1.0000000180025095e-35 4.5000000000000009 0.37607450000000003 38.990374708456336 0.62500000000000011 144.23222547592943 0.49060150000000008 0.27936650000000002 0.044797032638589876 0.52250074783945799 2225.8094632621419 0.049073655178662148 1.0000000180025095e-35 0.40370350000000005 0.034228000000000001 1.5000000000000002 129.71906446583054 0.44241350000000007 130.93247150107308 148.21483641353839 4491.5000000000009 0.46544450000000009 6.5000000000000009 1.0000000180025095e-35 0.24143250000000002 1.5000000000000002 17.278125887537978
decision_type=8 2 2 2 2 10 8 2 10 8 10 10 2 8 10 2 10 8 2 10 10 10 10 2 10 2 2 10 2 8
left_child=1 2 12 4 -4 6 7 8 11 10 -8 -3 -1 14 -14 16 18 22 23 -20 -21 -22 -17 -7 -19 -2 29 28 -28 -6
right_child=25 5 3 -5 26 15 9 -9 -10 -11 -12 -13 13 -15 -16 17 -18 24 19 20 21 -23 -24 -25 -26 -27 27 -29 -30 -31
leaf_value=-0.0020832687740424435 -0.0016810919734129917 -0.0083296244055092502 -0.00083132850584697921 -0.00054500361954720451 0.0099182869364708454 -0.0006584688103973709 0.01362611110623421 0.00090763995077853047 0.0012226451446817692 0.0019006656743593084 0.00020708202786159409 -0.0019106524818048181 -0.00015818203227846613 0.0035901672172030845 -0.012482183906043869 2.0860113168468127e-05 -0.010737979332471333 0.0015637273118501681 0.0027937963970848232 0.00071552848544459598 -0.015968357534181889 -0.0031487885324991451 -0.0078345265142331609 -0.0033054891195890817 0.0093081882693177385 -0.0087541539414403846 0.011576039805040024 0.015087199559564973 3.5758395045280521e-06 0.0040358697074934042
leaf_weight=5320.2213310301304 2640.1747379750013 951.29660591483116 1801.2823545634747 5068.10319262743 1998.4680821150541 9468.0150022357702 553.0696077644825 15822.053193733096 3220.2171380370855 4446.4324590116739 321.20487655699253 6221.2341274917126 991.7591687142849 2725.5023627430201 256.94608676433563 8182.7782759070396 477.30137941241264 2165.5785401165485 4551.7420134991407 2592.3745710402727 281.68468648195267 2091.1352469623089 590.18306824564934 10028.563581526279 756.1332795470953 782.52368196845055 288.34883050620556 341.88113853335381 2372.4604927897453 1766.7127525359392
leaf_count=21414 10793 3818 7246 20399 8059 38143 2222 63771 13011 17979 1289 25000 3987 10971 1035 32899 1936 8719 18319 10474 1131 8406 2369 40397 3033 3221 1161 1375 9558 7114
internal_value=-5.33034e-05 6.38857e-05 0.00116883 0.00231467 0.00400465 -0.000284659 0.000463377 -6.07726e-05 -0.00153455 0.0030411 0.00875411 -0.00277242 -0.000513079 0.00158887 -0.00277311 -0.0008574 -0.00140074 0.000512793 -0.00124349 0.000349839 -0.00189172 -0.00473127 -0.000515913 -0.00202103 0.00359289 -0.00331898 0.00529108 0.00291139 0.00129632 0.00717612
internal_weight=99075.4 95652.7 22931.7 13637.3 8569.15 72721 31535.5 26214.8 10392.7 5320.71 874.274 7172.53 9294.43 3974.21 1248.71 41185.5 29490.8 11694.7 29013.5 9516.94 4965.19 2372.82 8772.96 19496.6 2921.71 3422.7 6767.87 3002.69 2660.81 3765.18
internal_count=399249 385235 92319 54912 34513 292916 127090 105600 41829 21490 3511 28818 37407 15993 5022 165826 118806 47020 116870 38330 20011 9537 35268 78540 11752 14014 27267 12094 10719 15173
is_linear=0
shrinkage=0.05


Tree=59
num_leaves=31
num_cat=0
split_feature=64 83 34 52 20 44 87 87 32 8 27 33 72 30 90 79 79 44 44 88 55 34 43 96 28 58 5 93 58 44
split_gain=17.9238 17.6595 15.6174 14.9394 14.8218 15.885 22.9704 14.4618 16.8936 14.1112 13.8659 13.4161 13.1429 13.0655 12.9538 12.7579 12.5744 12.0749 12.6364 11.6633 10.9826 10.889 13.8058 10.7035 10.5563 10.4204 17.2864 11.7661 10.8344 10.7983
threshold=9.5000000000000018 0.5763553187124365 0.44976250000000007 132.0677087772448 13.500000000000002 24.757465181154945 -0.007735999999999992 -0.098202000000000025 0.19517500000000002 3.5000000000000004 0.5265510000000001 5782.5000000000009 3.5000000000000004 0.22157600000000002 0.02141980000000002 38.350000000000001 0.20000000000000145 24.044574561250503 25.304112696375704 -0.15388849999999998 995.77869915963504 0.49451150000000005 2137.0065408890528 0.53200845000000008 0.34670050000000002 3675.0000000000005 1.5000000000000002 0.041624500000000016 2153.5000000000005 29.135793249653243
decision_type=2 2 8 10 2 8 8 10 10 2 8 2 2 10 8 2 2 8 8 10 8 10 10 10 10 10 2 10 10 10
left_child=1 2 15 12 5 6 7 8 -4 -5 -3 17 -2 14 -8 -1 -7 20 -19 -20 -6 22 -22 -24 -13 28 27 29 -14 -27
right_child=3 10 4 9 11 16 13 -9 -10 -11 -12 24 25 -15 -16 -17 -18 18 19 -21 21 -23 23 -25 -26 26 -28 -29 -30 -31
leaf_value=0.00064908058470410199 -0.0090749634967007674 -0.0003047303232966307 -0.0062592789223216982 0.010653847410399396 0.011280859453253838 0.0095607353700730563 -0.0061395391392266253 0.0081425872216431897 0.0083820141282810769 -0.0020497776529084205 0.0037410754573670569 0.003466150467395724 -0.0025516694542681547 0.0076989112287993294 0.0017319356317363665 -0.0077523354856153491 7.6576940616617331e-05 -0.0053943298755583964 -0.0056103572028022939 0.00017384715097286949 -0.00924002395730311 0.0021873719132036629 -0.0026062248067747137 0.0096406953090129918 -0.0014330430867434863 -0.0096618471677958062 0.0011709987024342125 -0.017216562699698176 0.0035441802973108804 0.002725413914850643
leaf_weight=730.63561733067036 844.43127532303333 3344.1057975143194 429.68706029653549 386.37078619003296 286.44731000065804 348.77060943841934 926.0245528370142 2431.1856180131435 346.98457925021648 481.507194429636 5758.253657951951 1141.8981984108686 2574.8171485811472 432.69187112152576 1176.068268597126 1168.2250976860523 13511.29502248764 1140.4415526688099 894.15710970759392 24129.520416647196 492.5478019118309 8004.4853938519955 549.6764958947897 252.13600206375122 24467.429826825857 560.34252096712589 618.61159734427929 318.93947431445122 1005.5670979619026 249.06265342235565
leaf_count=2948 3453 13463 1729 1559 1160 1405 3720 9768 1395 1940 23444 4642 10405 1739 4740 4713 54419 4578 3616 97181 1974 32204 2216 1017 98481 2257 2489 1284 4045 1003
internal_value=-1.9493e-05 0.000166749 -6.30023e-05 -0.00244926 4.23883e-05 0.00123894 0.0034477 0.00625189 0.000305243 0.00366269 0.00225599 -0.000340021 -0.00331326 -0.000111727 -0.0017483 -0.00453321 0.000321955 0.00028574 -0.00027057 -3.49952e-05 0.00180295 0.00149918 -0.00274082 0.00131623 -0.00121332 -0.00238468 -0.0055389 -0.00919556 -0.00083452 -0.00586341
internal_weight=99002.3 91962.7 82860.3 7039.65 80961.4 19602.7 5742.64 3207.86 776.672 867.878 9102.36 61358.7 6171.77 2534.78 2102.09 1898.86 13860.1 35749.4 26164.1 25023.7 9585.29 9298.85 1294.36 801.812 25609.3 5327.34 1746.96 1128.34 3580.38 809.405
internal_count=398987 370552 333645 28435 325984 78915 23091 12892 3124 3499 36907 247069 24936 10199 8460 7661 55824 143946 105375 100797 38571 37411 5207 3233 103123 21483 7033 4544 14450 3260
is_linear=0
shrinkage=0.05


Tree=60
num_leaves=31
num_cat=0
split_feature=71 52 65 46 41 21 53 39 47 7 47 57 50 43 24 37 93 45 26 7 22 44 57 98 81 43 37 91 67 38
split_gain=22.0365 14.3278 13.7604 13.5799 17.1749 14.6619 15.2387 14.432 14.1914 13.9692 13.5567 13.1555 14.2595 13.0433 15.0371 14.2266 19.5476 17.1619 21.4315 13.5643 13.8679 13.514 19.4873 16.7002 14.9823 13.4785 15.8657 16.0409 13.3826 20.4167
threshold=1.0000000180025095e-35 134.55730414587066 -1.0000000180025095e-35 1.7886188053930572 0.077918477039287309 705.50000000000011 2497.6897915962195 0.047000043929925218 1.2573927736051507 1.5000000000000002 1.7110529576837867 16.304659670093667 151.43980822971758 2352.6229171215432 0.18381550000000005 0.30640800000000007 0.098174500000000012 12.741406092193355 0.40700600000000003 5.5000000000000009 0.47619300000000003 31.592544318399522 13.446252805355785 0.026284836802278558 7.8214426048817707 2123.3023909203453 0.22802350000000002 0.014078500000000009 1.0000000180025095e-35 0.20207350000000004
decision_type=2 10 2 10 10 2 8 10 10 2 10 8 10 10 10 10 10 10 10 2 10 10 8 2 2 10 8 8 2 10
left_child=1 13 -2 5 8 -4 7 -7 -5 -9 -3 12 -10 14 15 21 17 18 -17 20 -19 23 25 24 -1 26 27 -23 -20 -30
right_child=2 10 3 4 -6 6 -8 9 11 -11 -12 -13 -14 -15 -16 16 -18 19 28 -21 -22 22 -24 -25 -26 -27 -28 -29 29 -31
leaf_value=0.0046408417618345544 0.00050146105391639265 0.014905726186913305 -0.0030238877660984757 0.0023402567105843871 0.0012050229259447441 -0.00016548071965867539 0.0021770341082970315 -0.00060133728590558184 -0.0049870700333659781 -0.0090280981409027825 0.0029833780919904223 0.0041135473047049162 0.0050523680847150421 -0.0019227088858302034 -0.0017405187857448161 -0.0072224386851249545 0.0095867660442991512 0.0013647805992575632 0.002496296227009628 0.003643541320042356 -0.0047161574989497516 0.0050300920110509847 0.0031519713233256214 0.006329275546990816 0.00050672455746656679 0.00070139318730177026 -0.0095476845794030801 -0.0080705734958712895 -6.3171615571838046e-05 -0.014305175578916458
leaf_weight=3475.0382856279612 13898.781201034784 300.68221063911915 4887.3358541429043 921.49088379740715 2318.7406607419252 9381.8203231990337 5737.7468879520893 972.5091822296381 8468.4431961029768 988.12574608623981 1058.8122829198837 451.21528050303459 361.34414847195148 4893.5508299320936 5160.949032753706 749.95300734043121 524.5182054489851 1225.612106025219 8566.9476919919252 814.02220284938812 3927.2549913972616 553.68070025742054 3494.5411104261875 2991.4453195631504 5912.4509848356247 2253.8714260160923 947.18858923017979 389.12046107649803 3212.1816532462835 263.03986930847168
leaf_count=13962 55993 1230 19779 3708 9392 37808 23141 3937 34211 4003 4322 1823 1485 19727 20753 3019 2107 4921 34476 3267 15764 2220 14071 12130 23762 9043 3819 1560 12925 1054
internal_value=-6.32761e-05 0.000664941 -0.000826498 -0.00136165 -0.00267516 -0.000612085 7.93952e-05 -0.000982709 -0.00355734 -0.00487254 0.00570986 -0.00414478 -0.00457097 0.00052485 0.000794605 0.00112787 0.000158433 -0.000110158 0.000922695 -0.00232228 -0.00326996 0.00206123 0.000406539 0.0030811 0.00204039 -0.00191071 -0.00501303 -0.000404875 0.00143552 -0.0011791
internal_weight=99102.4 50714.9 48387.6 34488.8 12521.2 21967.5 17080.2 11342.5 10202.5 1960.63 1359.49 9281 8829.79 49355.4 44461.8 39300.9 19283.5 18759 12792.1 5966.89 5152.87 20017.3 7638.4 12378.9 9387.49 4143.86 1889.99 942.801 12042.2 3475.22
internal_count=399412 204132 195280 139287 50619 88668 68889 45748 41227 7940 5552 37519 35696 198580 178853 158100 77533 75426 51474 23952 20685 80567 30713 49854 37724 16642 7599 3780 48455 13979
is_linear=0
shrinkage=0.05


Tree=61
num_leaves=31
num_cat=0
split_feature=86 51 31 19 29 93 87 51 0 91 24 20 80 26 97 79 41 70 53 27 54 24 4 97 57 54 73 51 27 1
split_gain=13.6345 16.422 14.3003 12.3622 16.4461 14.8408 14.335 19.6139 20.1723 17.405 18.1284 16.2056 15.6842 15.1779 20.187 14.5737 14.4591 14.3939 14.9285 14.1726 13.8611 16.5852 17.2206 12.4415 11.9424 11.5617 11.5534 13.1136 16.9827 22.3338
threshold=-0.14438699999999999 2334.2814034630114 0.31296650000000009 13.500000000000002 0.41682050000000009 0.033652200000000014 -0.0067309999999999584 2104.1694436051616 4.5000000000000009 -0.012742499999999988 0.17065350000000004 20.500000000000004 5.1328485759866682 0.41392000000000001 0.93777322199927438 44.550000000000004 0.055040343349061771 4.5000000000000009 2641.3570729479538 0.65747050000000007 131.30862193823219 0.16936800000000002 1.0000000180025095e-35 0.88683273905025584 6.1209728905271659 131.36149596393639 1.0000000180025095e-35 2263.2364035745236 0.59776350000000011 3.5000000000000004
decision_type=8 8 10 2 10 8 10 10 2 10 10 2 2 10 2 2 8 2 10 8 10 10 2 2 8 8 2 8 10 2
left_child=1 2 -1 4 5 -2 7 8 9 10 -5 19 -8 14 23 -13 -14 18 26 24 21 -15 -23 -9 -10 -19 27 -18 29 -29
right_child=3 -3 -4 6 -6 -7 12 13 11 -11 -12 15 16 20 -16 -17 17 25 -20 -21 -22 22 -24 -25 -26 -27 -28 28 -30 -31
leaf_value=-0.00090034621144562338 0.00079057024792411319 -0.0045964252375725765 0.0099962578476942739 -0.0020227815369729973 0.0016968489647074291 -0.0075378728901111984 -0.0061291123811264038 -0.0040748906153202378 0.010646617994136354 0.010910964678897059 0.010895617666751116 0.0025005898791462099 0.007021128551798244 0.00017087464543366748 0.002057649890536029 -0.012626988839381818 -0.0026080018924826186 -0.011951644362696348 -0.0069148556245863142 -0.0053141512795413697 0.0015780635417957213 -0.0084325685332965993 -0.0010136141614874999 -0.013043434304089023 0.0019087538978480876 -0.0023171717902637041 0.0013196509954256793 -0.0038948539585893409 0.0029374820442868727 0.0014936638173891667
leaf_weight=9811.8910692334175 1199.1782638430595 3362.9106357693672 300.64638245105743 818.27180618047714 18251.280481234193 953.15193386375904 1408.9646608233452 1325.122405782342 406.99685174226761 1106.1870945990086 394.70676040649414 265.5587732642889 577.41537871956825 8654.4987745881081 990.14535765349865 377.22392982244492 8001.1904273182154 494.2041472941637 909.67317324876785 634.98739187419415 9622.6050751060247 1305.355902120471 1937.4864347726107 545.58158640563488 6478.7391144931316 830.88838103413582 6903.7467369437218 3934.9625315517187 3477.5116145759821 3743.7388650774956
leaf_count=39557 4873 13568 1216 3297 73811 3861 5692 5368 1636 4453 1588 1070 2316 34765 3989 1521 32168 1992 3677 2559 38767 5270 7820 2203 26086 3351 27774 15811 14032 15049
internal_value=-9.74638e-05 -0.00157512 -0.000566834 0.000135448 0.00120912 -0.00291546 -0.000200959 0.000490235 0.00229778 0.00640263 0.00223562 0.00112523 -0.000996617 -0.000287553 -0.00370247 -0.00643463 -0.000744126 -0.000905011 -0.000653894 0.00177904 0.000167932 -0.000972953 -0.00401674 -0.00674597 0.00243992 -0.00597303 -0.000432785 -0.00106467 4.35487e-05 -0.00126916
internal_weight=99024.8 13475.4 10112.5 85549.4 20403.6 2152.33 65145.8 34863.5 10482.7 2319.17 1212.98 8163.51 30282.3 24380.8 2860.85 642.783 28873.3 28295.9 26970.8 7520.72 21519.9 11897.3 3242.84 1870.7 6885.74 1325.09 26061.2 19157.4 11156.2 7678.7
internal_count=399140 54341 40773 344799 82545 8734 262254 140392 42210 9338 4885 32872 121862 98182 11560 2591 116170 113854 108511 30281 86622 47855 13090 7571 27722 5343 104834 77060 44892 30860
is_linear=0
shrinkage=0.05


Tree=62
num_leaves=31
num_cat=0
split_feature=71 65 5 94 47 24 92 92 64 53 21 47 37 55 41 47 40 21 1 97 24 93 15 39 33 6 91 40 19 26
split_gain=16.868 19.4886 23.9883 21.7305 16.8469 15.0841 16.4234 19.1886 14.8743 16.1639 19.2157 15.626 14.6435 15.7789 14.2773 14.191 13.8292 13.8284 13.5912 16.2153 13.7982 13.1987 13.0687 12.4592 12.3431 12.1804 12.0871 11.9297 14.4868 17.647
threshold=1.0000000180025095e-35 -1.0000000180025095e-35 1.5000000000000002 0.37886050000000004 0.58571548841795662 0.18381550000000005 0.016014500000000004 0.023315500000000006 9.5000000000000018 2321.0666059122736 1303.5000000000002 1.6959119368919038 0.22494450000000002 2199.4571279702391 0.062837972669395545 1.744522268052072 0.11072100910216108 119.50000000000001 1.5000000000000002 0.90278853215253696 0.11881400000000002 0.029191999999999999 18.650000000000002 0.045443846808644162 333.50000000000006 2.5000000000000004 0.070194500000000007 0.078546706391391732 18.500000000000004 0.42937050000000004
decision_type=2 2 2 8 8 8 8 10 2 8 2 10 10 10 8 8 10 2 2 2 10 8 2 8 2 2 10 8 2 10
left_child=4 27 8 24 -1 12 26 -8 9 18 15 25 13 16 -10 -11 -6 -5 19 -3 -20 23 -22 -17 -4 -12 -7 28 -2 -30
right_child=1 2 3 17 5 6 7 -9 14 10 11 -13 -14 -15 -16 21 -18 -19 20 -21 22 -23 -24 -25 -26 -27 -28 -29 29 -31
leaf_value=-0.0093838131789459513 -0.0013845318051364369 0.0085121893419977442 -0.0045979917463014651 -0.012647537909103985 0.0028483996563683387 -0.0029334902726843872 0.0098528718861158431 -0.0011449569710351357 0.0024260232947751737 -0.010221755588614437 0.0063887609340286299 -0.00076031865799145674 0.00059742943148897911 -0.0038187702704651355 -0.0079903052989134752 0.0046923990880336879 0.013518078504012432 -0.00077242589714778985 -0.011063013216819479 -0.0025694796861859917 -0.0075106647296932566 0.0041075592656247585 -0.0023032534411413954 -0.005043562104711994 0.0039162344417240239 -0.00020103799129196311 -0.013393810030933158 0.0029945911687214309 -0.0039815373749450154 0.0053227460826750757
leaf_weight=395.90613967180252 6219.0994910597801 483.22523736953735 460.53128664195538 245.50240606069565 10713.551666975021 2855.3882584571838 533.12492425739765 1464.0540329962969 399.58423817157745 620.92575764656067 1784.9154349565506 5088.0783751308918 33169.242105811834 867.37922729551792 1752.0057857185602 376.27728003263474 303.46915638446808 6110.5564708709717 649.89711664617062 989.05146785080433 1549.594325274229 685.59266220033169 5373.8862271755934 2254.8325198888779 4608.414952352643 1149.837310731411 297.37471280992031 4984.4739449173212 671.88313901424408 2023.5577993392944
leaf_count=1589 25061 1956 1860 1002 43152 11481 2145 5889 1622 2531 7178 20532 133523 3477 7119 1523 1239 24712 2626 3991 6264 2770 21713 9102 18566 4630 1196 20095 2710 8131
internal_value=0.000123916 -0.000542513 -0.00117795 0.000696471 0.000762433 0.0008443 -0.00171686 0.00182525 -0.00210261 -0.00169524 -0.000488226 0.000915985 0.00113737 0.00264258 -0.00605355 -0.00334435 0.00315429 -0.00125025 -0.0032889 0.00110059 -0.00414255 -0.00202996 -0.00347791 -0.00363872 0.00313516 0.00381496 -0.00395936 0.00103826 -5.77305e-05 0.00299736
internal_weight=99081.2 48481.7 34582.7 11425 50599.5 50203.6 5149.94 1997.18 23157.7 21006.1 11960.5 8022.83 45053.6 11884.4 2151.59 3937.63 11017 6356.06 9045.65 1472.28 7573.38 3316.7 6923.48 2631.11 5068.95 2934.75 3152.76 13899 8914.54 2695.44
internal_count=399385 195694 139697 46140 203691 202102 20711 8034 93557 84816 48266 32340 181391 47868 8741 15926 44391 25714 36550 5947 30603 13395 27977 10625 20426 11808 12677 55997 35902 10841
is_linear=0
shrinkage=0.05


Tree=63
num_leaves=31
num_cat=0
split_feature=71 45 34 92 50 94 20 55 47 47 48 48 65 46 29 23 86 32 35 45 48 21 92 47 34 34 35 8 70 92
split_gain=13.4987 17.0003 15.5026 15.3781 14.775 22.5442 14.5722 14.5056 14.5972 14.4938 14.4298 13.6551 13.7082 18.4888 13.7982 11.9465 12.5254 11.1107 17.9892 15.445 15.2961 13.4347 12.8684 12.6667 12.6118 18.018 13.6278 13.7583 12.1545 11.9046
threshold=1.0000000180025095e-35 -8.7075194900437953 0.47551350000000009 -0.037127899999999991 136.83970251954185 0.35516500000000006 18.500000000000004 2188.7866949641207 0.58571548841795662 1.8583348087089415 1.0630940379241358 -0.76019208066496646 -1.4999999999999998 1.8906204217129268 0.57158650000000011 0.23853150000000004 0.0010195000000000067 0.16907500000000003 0.1522415 -13.63409552276342 -0.75353307788511159 12739.500000000002 0.0182715 1.7510580500440789 0.52913250000000012 0.56532850000000001 0.12939950000000003 1.5000000000000002 1.5000000000000002 0.037707500000000012
decision_type=2 8 8 8 8 8 2 10 8 10 10 8 2 10 8 10 8 8 8 8 8 2 10 8 8 10 10 2 2 10
left_child=7 6 3 -3 5 -4 -2 8 -1 -5 -6 -10 13 14 -13 -7 -17 20 19 28 -14 24 -21 -20 -22 -26 27 -27 -19 -24
right_child=1 2 4 9 10 15 -8 -9 11 -11 -12 12 17 -15 -16 16 -18 18 23 22 21 -23 29 -25 25 26 -28 -29 -30 -31
leaf_value=-0.0087330347764051127 -0.0016325199941670558 0.0064502070085842526 -0.0054267855640809945 -0.0070801862653970017 -0.00027414624538717078 0.017189496280186196 -0.0072661243941583038 -0.0046199923402199137 0.0057690803150276387 0.0055492949869828286 0.0083021275944312085 -0.0029102117514342527 -0.0081871947307268957 0.0060196136189306828 -0.01354556226483126 0.0099078574510836452 -0.0034400528269897153 0.013495172070304665 -0.0043944405517774175 -0.0014742259243952691 0.002319773743120489 0.010250318034149761 0.0055467319552173515 -0.00033868006486111209 -0.002128537376699823 -0.0090179347789476165 0.0078164835697906703 0.0029893661858333806 0.0014881631906265033 0.00085087057733447969
leaf_weight=394.09168004989624 4705.2036429047585 295.21992461383343 374.55646456778049 1877.5414933264256 37931.464870765805 291.83128559589386 1512.2072113007307 1289.6274560540915 1339.9504640549421 250.75917375087738 486.88654728233814 1958.5936987996101 382.71975521743298 490.09495881199837 353.47323101758957 496.64581783115864 262.77720598876476 433.9710860401392 2916.0622447729111 4019.825205296278 16901.583247438073 447.85467021167278 1813.8402957320213 5633.205276414752 4349.1079877912998 310.63965594768524 968.97440393269062 922.06411384046078 406.54873089492321 5209.9669531285763
leaf_count=1582 19097 1192 1505 7592 152977 1175 6144 5173 5381 1015 1980 7864 1578 1985 1432 1994 1056 1742 11728 16166 68106 1842 7305 22653 17516 1247 3895 3703 1631 20946
internal_value=2.27048e-05 -0.000573255 -0.000213868 -0.00408806 2.27463e-05 0.00500263 -0.0030122 0.000594409 0.000731853 -0.00557317 -0.000163325 0.000809968 0.000668944 -0.00271752 -0.0045875 0.0087347 0.0053045 0.000881718 2.24379e-05 0.00128032 0.00160447 0.00176463 0.000779562 -0.00172557 0.00159828 -0.000263934 0.0034123 -8.46755e-05 0.00777332 0.0020697
internal_weight=99027.3 48485.1 42267.7 2423.52 39844.2 1425.81 6217.41 50542.2 49252.6 2128.3 38418.4 48858.5 47518.5 2802.16 2312.07 1051.25 759.423 44716.4 20433.4 11884.2 24282.9 23900.2 11043.6 8549.27 23452.4 6550.79 2201.68 1232.7 840.52 7023.81
internal_count=399202 195727 170486 9799 160687 5730 25241 203475 198302 8607 154957 196720 191339 11281 9296 4225 3050 180058 82171 47790 97887 96309 44417 34381 94467 26361 8845 4950 3373 28251
is_linear=0
shrinkage=0.05


Tree=64
num_leaves=31
num_cat=0
split_feature=20 20 61 0 72 16 23 65 19 39 33 52 53 37 45 46 21 34 91 28 90 31 45 57 31 23 50 89 28 31
split_gain=23.7438 19.1848 23.9198 22.8391 16.8703 16.2118 16.2036 15.2389 15.5737 16.2043 14.8833 14.9796 14.4525 20.2083 17.6725 14.4658 14.4636 14.1451 15.8837 14.3164 16.5154 14.0213 13.2775 13.0404 12.7796 12.6738 12.3106 12.2572 14.987 12.22
threshold=13.500000000000002 12.500000000000002 1.0000000180025095e-35 4.5000000000000009 3.5000000000000004 0.015000000000000001 0.16633650000000003 -1.0000000180025095e-35 16.500000000000004 0.02807954440775742 12713.500000000002 127.32596503434489 2134.8330583879051 0.21939350000000005 18.85861032856608 1.7235609445313296 705.50000000000011 0.50520550000000009 -0.053461549999999997 0.51031050000000011 -0.11452945000000002 0.19798600000000002 17.773249636151434 13.886793937791227 0.16366850000000002 0.19982150000000001 140.22899878657731 0.49531275000000013 0.48445550000000009 0.26237650000000007
decision_type=2 2 2 2 2 2 10 2 2 8 2 8 8 10 10 8 2 8 8 8 10 10 10 8 10 8 10 8 10 10
left_child=1 12 3 -3 -4 -5 -2 22 9 -9 11 21 -1 15 16 -14 -15 -11 -19 20 23 -7 27 -20 -16 26 -6 28 29 -8
right_child=6 2 4 5 25 10 7 8 -10 17 -12 -13 13 14 24 -17 -18 18 19 -21 -22 -23 -24 -25 -26 -27 -28 -29 -30 -31
leaf_value=-0.0062154169046688039 0.0019070227994563279 -0.00081937438737415477 -0.011242029328282992 0.016645046638123759 7.4912480090922695e-05 0.01186482273819678 -0.00072016545556242875 0.0056811187925390741 -0.0021515337013343311 -0.0027960093243143717 -0.0027739852938124805 0.0039052091697398005 0.015237404235775479 -0.0061050220216892536 -0.0018854829176882374 0.0029333347020749421 0.00099083741928085835 0.0025648359504942238 -0.0019732968843319556 -0.0027072504848447919 0.0013325253153730341 0.0021988335460066178 0.0024768447446920695 -0.013694693540367401 -0.013629866522135013 0.0019098850870429892 -0.010301303830873812 -0.001864376018951339 0.0063623743801146729 0.0068601043208904328
leaf_weight=957.14768847823143 6421.3607641011477 1883.0730890482664 311.24363872408867 297.03981304168701 739.33769927918911 1386.1473179459572 5071.0192779004574 1053.7316852062941 22582.969821736217 5757.1976901143789 578.31518556177616 4238.5017678439617 271.15865507721901 829.23911367356777 495.76217792928219 1646.4829290807247 4966.7085902839899 4666.2070302963257 1064.9400610327721 5835.3176670223475 7888.2176815271378 520.24014140665531 5766.670952796936 297.03691470623016 431.04892535507679 4013.2765870690346 455.88821655511856 6898.3592454642057 1127.9015325009823 583.80767348408699
leaf_count=3857 26056 7584 1267 1196 2967 5594 20450 4288 90930 23232 2331 17091 1090 3351 1997 6626 20019 18829 4309 23506 31814 2098 23197 1203 1734 16188 1835 27730 4528 2355
internal_value=-5.47545e-05 0.00131306 0.00246512 0.00406693 -0.000121263 0.0053769 -0.000492862 -0.000717772 -0.00118652 -0.000365578 0.00485508 0.00557642 -0.000419003 0.000229543 -0.00106309 0.00474318 -3.31495e-05 -0.000617485 1.8601e-05 -0.00077017 0.000453405 0.00925228 0.00046677 -0.00461083 -0.00743484 0.000563548 -0.00393546 -0.00038168 0.00112682 7.31546e-05
internal_weight=99035.3 24020.6 14423.1 8903.32 5519.75 7020.24 75014.7 68593.4 49145.6 26562.6 6723.2 6144.89 9597.55 8640.4 6722.76 1917.64 5795.95 25508.9 19751.7 15085.5 9250.19 1906.39 19447.8 1361.98 926.811 5208.5 1195.23 13681.1 6782.73 5654.83
internal_count=399252 96825 58151 35894 22257 28310 302427 276371 198111 107181 27114 24783 38674 34817 27101 7716 23370 102893 79661 60832 37326 7692 78260 5512 3731 20990 4802 55063 27333 22805
is_linear=0
shrinkage=0.05


Tree=65
num_leaves=31
num_cat=0
split_feature=34 64 58 16 58 71 32 88 19 57 79 31 35 46 25 20 20 91 88 46 34 48 96 24 6 86 56 94 86 33
split_gain=13.4983 13.2515 15.13 13.7373 11.4102 10.1988 10.8993 11.6723 10.6886 9.3758 11.8583 11.2714 10.9481 9.84363 9.18098 9.44207 15.4098 13.0288 12.9253 13.7262 15.6779 14.4438 13.541 11.8237 11.7661 11.7077 14.0674 10.8708 14.2532 11.363
threshold=0.45747700000000008 9.5000000000000018 3675.0000000000005 0.9850000000000001 2106.5000000000005 1.0000000180025095e-35 0.13154650000000004 -0.018387500000000053 13.500000000000002 9.079093271108599 45.95000000000001 0.15630700000000003 0.14399450000000005 1.7753689886563111 0.47168700000000002 13.500000000000002 12.500000000000002 0.058803999999999988 0.06201750000000001 1.8081332316873895 0.52385550000000014 -0.48799633084792404 0.52441015000000013 0.095396100000000011 5.5000000000000009 -0.30776649999999994 2.8223661587880895 0.29629605000000009 0.0010195000000000067 4935.5000000000009
decision_type=8 2 8 2 10 2 8 8 2 8 2 8 10 10 8 2 2 10 10 10 10 8 10 10 2 10 8 10 10 2
left_child=9 14 4 -4 5 8 -7 -8 -3 -1 11 -11 -12 -14 15 16 18 27 19 20 -2 -22 -23 -18 -21 26 -19 28 -17 -29
right_child=1 2 3 -5 -6 6 7 -9 -10 10 12 -13 13 -15 -16 17 23 25 -20 24 21 22 -24 -25 -26 -27 -28 29 -30 -31
leaf_value=-0.0092723879467561249 -0.0016914118598851981 0.0096045116115360766 -0.0069708388357698423 -0.00046645048547947388 0.0036785836935903289 -0.013280582536215764 -0.0080106682738276692 0.0051362426396088191 -0.0017639088160892249 0.007309810321876652 -0.012378078966442746 -0.0033592338517035589 0.0028053495311681702 -0.008047594941700844 -0.0046089968755417569 0.00058300435686237855 -0.0063394813109590685 0.0020598873646351682 0.0071976527620542814 -0.0023970372410664961 -0.005668087071581643 0.0073921023360482788 -0.0030757373166199358 0.0026828636227105764 -0.011896263983128975 -0.00085590212943687525 -0.011885642553668989 0.0010044045008318675 0.0076445074582464113 -0.00055136236193597805
leaf_weight=544.4708137512207 3117.3264318555593 274.80009908974171 2033.6449125558138 1349.201060205698 1450.2488909363747 313.96501931548119 360.86619108915329 300.71479077637196 746.40805917978287 497.36676675081253 365.50506436824799 474.91388742625713 460.04854743182659 367.24592313170433 944.65219976007938 1816.6422241181135 365.46619082987309 272.82998158037663 522.3751744478941 2390.4347409158945 339.47048020362854 1589.5442086756229 376.94265650212765 11734.834656476974 369.24217456579208 16776.486617997289 511.46540962159634 24494.402960970998 1169.8965724408627 22516.336629018188
leaf_count=2198 12544 1104 8213 5448 5848 1281 1479 1226 3007 2006 1477 1919 1857 1484 3838 7346 1472 1104 2112 9640 1374 6402 1512 47293 1487 67535 2064 98708 4784 90760
internal_value=7.50465e-06 0.00010576 -0.00201533 -0.00438567 0.000316851 -0.00213095 -0.00576069 -0.00204738 0.00135873 -0.00346629 -0.00197027 0.00211733 -0.00529207 -0.00205098 0.000268178 0.000320833 0.00125191 3.39492e-05 -0.000352277 -0.000842438 0.000619043 0.00373627 0.00538018 0.00240535 -0.00370639 -0.00113728 -0.0070696 0.000445472 0.00336544 0.000259293
internal_weight=98847.7 96138.2 6829.85 3382.85 3447 1996.75 975.546 661.581 1021.21 2709.55 2165.08 972.281 1192.8 827.294 89308.3 88363.7 20805.6 67558.1 8705.34 8182.96 5423.28 2305.96 1966.49 12100.3 2759.68 17560.8 784.295 49997.3 2986.54 47010.7
internal_count=398522 387581 27606 13661 13945 8097 3986 2705 4111 10941 8743 3925 4818 3341 359975 356137 83836 272301 35071 32959 21832 9288 7914 48765 11127 70703 3168 201598 12130 189468
is_linear=0
shrinkage=0.05


Tree=66
num_leaves=31
num_cat=0
split_feature=35 61 92 34 40 30 54 33 14 28 40 45 46 46 52 98 54 95 28 92 43 47 34 28 88 57 23 25 95 10
split_gain=12.6577 14.7119 15.1805 14.6335 17.1875 15.363 13.4355 13.2144 12.7463 15.4136 13.0851 12.4888 12.4579 13.737 12.5031 12.3473 12.443 15.4971 14.5265 12.0159 16.301 12.227 12.2391 11.9513 11.8136 13.645 14.4828 12.7917 15.1702 12.4751
threshold=0.14088850000000003 1.0000000180025095e-35 -0.04205649999999999 0.52334100000000017 0.059235043415324477 0.10367200000000001 104.7123293812724 857.50000000000011 1.0000000180025095e-35 0.39152850000000006 0.035500876933737067 -12.468793597735708 1.8081332316873895 1.9980657015509309 118.94328008861326 0.017283624584872152 129.60995291427548 0.077528000000000027 0.52388600000000018 0.047397500000000002 2072.2841198473743 1.7363516250383249 0.52892150000000016 0.54225800000000013 0.0052615000000000309 14.996835843117433 0.25758050000000005 0.39137450000000001 0.13963750000000005 -1.0000000180025095e-35
decision_type=10 2 8 8 10 8 8 2 2 10 8 8 8 10 10 2 8 10 10 10 8 8 10 10 8 8 10 10 10 2
left_child=1 3 -3 4 5 -1 -4 -7 12 11 -11 -10 14 19 -2 16 17 -12 -19 20 -14 22 -21 -15 25 -22 29 28 -28 -27
right_child=8 2 6 -5 -6 7 -8 -9 9 10 15 -13 13 23 -16 -17 -18 18 -20 21 24 -23 -24 -25 -26 26 27 -29 -30 -31
leaf_value=0.013115918782799121 -0.00914604187886775 0.0050014977274095845 -0.012903858471108816 0.00078967414687567566 0.00045407231939149163 -0.0049428063185305007 -0.0013871710256414037 0.0059219391386674067 -0.0092594461878613473 -0.008281858342991227 -0.0001033937127399121 -0.0014285230782305021 0.0039365904804304882 0.0073667536879469713 9.1471678004030366e-05 0.0021729158912613309 -0.00073145384322293133 0.0018016990330335084 0.0094269249350871567 -0.010018566857982275 -0.002869852129804069 -0.0021055382071298793 0.0019605317934969983 -0.0032521938707331939 -0.0038061681561573748 0.0087981233674346102 -0.010975520748186056 0.0055614604941225821 0.0034979671466401881 0.0012036377184370776
leaf_weight=653.77032366394997 363.40245942771435 909.40113654732704 255.27595482766628 11772.686913564801 2056.3235375732183 315.26993434131145 5708.831011608243 2085.1051450222731 596.60852345824242 391.79027688503265 3849.6503949165344 3204.3702377229929 1221.9354372471571 712.41669622063637 19277.608706891537 10765.76663441956 14361.199226602912 1551.4037833660841 1042.445373877883 1314.6631622463465 4158.785577505827 1870.0126771479845 250.6136511862278 411.11282865703106 5735.1755537539721 699.51497568190098 594.10895857214928 276.68015465140343 252.81434035301208 2290.9732100814581
leaf_count=2636 1463 3659 1035 47441 8291 1271 23022 8401 2459 1572 15502 12984 4919 2866 77656 43434 57814 6222 4225 5300 16811 7545 1010 1653 23188 2814 2395 1127 1022 9217
internal_value=-3.8509e-05 0.000967336 -0.000981723 0.00176095 0.00399252 0.00636566 -0.00190088 0.00448036 -0.000356384 0.000327121 0.000685308 -0.00267875 -0.000976256 -0.00186135 -8.40102e-05 0.000799178 8.76098e-05 0.00191143 0.00489065 -0.00218496 -0.00158045 -0.00485263 -0.00810034 0.00348674 -0.00206417 -0.000853398 0.00118698 -0.00363155 -0.00666465 0.00300349
internal_weight=98949.7 23756.7 6873.51 16883.2 5110.47 3054.15 5964.11 2400.38 75193.1 35763.2 31962.3 3800.98 39429.8 19788.8 19641 31570.5 20804.7 6443.5 2593.85 18665.3 15230 3435.29 1565.28 1123.53 14008.1 8272.88 4114.09 1123.6 846.923 2990.49
internal_count=398954 95756 27716 68040 20599 12308 24057 9672 303198 144212 128769 15443 158986 79867 79119 127197 83763 25949 10447 75348 61493 13855 6310 4519 56574 33386 16575 4544 3417 12031
is_linear=0
shrinkage=0.05


Tree=67
num_leaves=31
num_cat=0
split_feature=72 23 81 92 35 48 14 45 21 32 93 96 92 35 84 48 81 74 48 65 25 43 81 44 39 14 44 32 96 5
split_gain=14.8579 14.9231 17.1498 12.4048 15.0995 11.899 11.4111 16.7326 13.3989 11.358 11.7279 16.3734 10.9298 10.5168 12.2068 11.1718 12.7603 10.7143 12.9179 12.1669 12.9126 11.9693 12.4804 16.928 12.8351 17.4672 15.1668 13.2523 11.8404 12.346
threshold=3.5000000000000004 0.12295350000000001 5.173316863805991 -0.03869344999999999 0.14362150000000004 -0.79556964862466717 1.0000000180025095e-35 -3.4133292258116108 2833.5000000000005 0.15911550000000005 -0.0025439999999999972 0.38235305000000008 0.081487000000000018 0.13513750000000005 0.45253090794596845 0.27049269790746427 5.8126357624008849 1.0000000180025095e-35 0.52467217357332885 -1.4999999999999998 0.37596450000000009 1972.0327089770174 8.6739404934363211 32.446584965931038 0.041789697595516498 1.0000000180025095e-35 25.939237993744779 0.18723400000000004 0.36064380500000009 1.0000000180025095e-35
decision_type=2 8 2 10 10 8 2 10 2 10 8 8 10 10 2 10 2 2 10 2 10 10 2 10 10 2 10 10 10 2
left_child=5 -2 3 4 -3 -1 12 9 -9 10 -8 -12 -7 15 -15 -4 -17 19 -19 20 -16 -20 23 -23 25 27 -27 -24 -25 -30
right_child=1 2 13 -5 -6 6 7 8 -10 -11 11 -13 -14 14 17 16 -18 18 21 -21 -22 22 24 28 -26 26 -28 -29 29 -31
leaf_value=-0.010265067283268519 0.0057282935371039323 0.0095159144021590581 0.003818973903302179 -0.0047431262318563556 -0.006136007637353582 -0.0022490066207128847 -0.00082535396595168086 0.015509521350360206 0.001123352120455045 0.0016513460748711587 0.0002754012359314483 -0.014570971798480076 -0.0099762500309549113 -0.0074190830189173789 -0.007091217120944013 -0.0066770059066355554 0.0011072827393495835 0.00023663209568901305 -0.0063802130476498511 0.0014407059346913896 0.0046791757613833243 0.0014367051656413677 -0.007558289278570181 0.002536236348479231 -0.0042322209949997814 -0.0024017702928404629 0.0093022188820610328 0.0037305315326155615 -0.011424772936928987 -0.0024883318681489068
leaf_weight=383.06327025592327 1174.7191895693541 360.71652881801128 3873.306015715003 2857.4225215762854 254.78109055757523 5907.2317195087671 1666.6511726379395 291.07919903099537 353.67774869501591 2431.000885233283 320.19558368623257 430.96551908552647 487.57290741801262 540.01960623264313 833.49711075425148 562.19010822474957 6582.9485302567482 35522.342051327229 1135.0104680359364 17028.331832438707 313.98060910403728 6600.1592068076134 795.91749343276024 586.74168466031551 4527.8590233922005 450.56731308996677 693.91496723890305 376.40563872456551 592.50379066169262 1099.6559711992741
leaf_count=1559 4728 1453 15601 11523 1028 23909 6758 1176 1423 9847 1309 1747 1979 2247 3358 2265 26533 143140 4552 68610 1262 26566 3210 2366 18216 1824 2794 1518 2386 4428
internal_value=-7.53267e-05 0.00015506 7.79062e-05 -0.00335854 0.00304239 -0.00170304 -0.00141876 0.000252723 0.00775575 -0.000758879 -0.00317907 -0.00832197 -0.00285283 0.000223636 7.90175e-07 0.00166025 0.000486328 5.86228e-05 -0.000304345 0.00110425 -0.00385792 -0.00144368 -0.00108351 0.000153635 -0.00268624 0.000340353 0.00471362 -0.00393282 -0.00355244 -0.00566613
internal_weight=99034.4 86763 85588.3 3472.92 615.498 12271.4 11888.4 5493.57 644.757 4848.81 2417.81 751.161 6394.8 82115.4 71096.9 11018.4 7145.14 70556.9 52381.1 18175.8 1147.48 16858.7 15723.7 8879.06 6844.66 2316.81 1144.48 1172.32 2278.9 1692.16
internal_count=399315 349608 344880 14004 2481 49707 48148 22260 2599 19661 9814 3056 25888 330876 286477 44399 28798 284230 211000 73230 4620 67860 63308 35746 27562 9346 4618 4728 9180 6814
is_linear=0
shrinkage=0.05


Tree=68
num_leaves=31
num_cat=0
split_feature=71 48 40 35 51 26 64 49 96 35 79 39 13 38 89 87 35 30 38 96 49 51 98 51 49 33 20 16 40 36
split_gain=13.7194 15.3661 14.0105 14.8555 14.9388 13.7563 11.8692 11.3817 11.0166 10.6009 10.6856 10.3526 9.4778 11.219 10.6393 9.608 15.7362 13.2916 12.9826 9.69012 16.4048 15.9439 12.9585 9.62864 9.45832 9.55674 9.22531 10.9073 9.17751 9.16726
threshold=1.0000000180025095e-35 -0.77663621754644419 0.13199937133120221 0.1693395 2263.2364035745236 0.46794350000000007 9.5000000000000018 132.9014309569998 0.49715750000000009 0.14734450000000002 45.250000000000007 0.042090345093936256 1.0000000180025095e-35 0.4328085000000001 0.67047290000000015 0.065347500000000017 0.14622650000000001 0.032697800000000006 0.10000350000000001 0.39118852850000002 123.66327281646841 2368.5549575374703 -0.084213115717855933 2340.7965873500621 125.40973360672497 1250.5000000000002 17.500000000000004 0.82500000000000007 0.061273220174758669 0.42715550000000008
decision_type=2 8 10 10 10 10 2 10 10 8 2 8 2 10 10 10 8 8 10 10 8 10 2 10 8 2 2 2 10 8
left_child=7 -2 3 5 -5 6 12 29 -6 -4 -11 -8 13 14 15 17 18 -3 -17 20 28 23 -21 -22 25 -14 27 -13 -19 -1
right_child=1 2 9 4 8 -7 11 -9 -10 10 -12 26 24 -15 -16 16 -18 19 -20 22 21 -23 -24 -25 -26 -27 -28 -29 -30 -31
leaf_value=-0.0019919386496519836 -0.0080999814168898048 0.0037490772412702815 -0.0005106403201141596 -0.0064418520248538244 -0.0023665341307568225 0.0014350518089934273 -0.0011147317712927346 0.0073559613077222794 0.0079551837966244342 0.014474650233396972 0.0028547500997363343 0.0011946721293624642 0.011484973056657714 0.0077940213487865985 0.0064773192204841791 -0.014270587165352533 -0.0005604030700433444 -0.0036545836708162384 -0.003805886440400497 0.0092965864326275231 -0.0014436564362710293 -0.010821992825466451 -0.00076683318408193846 0.0081983524437867251 -0.0006648389432899267 0.0025056013533721285 -0.013752742096466999 -0.010821813398698716 -0.014618616802554508 0.0006857968917358834
leaf_weight=3422.0996062606573 662.00767323374748 1491.6148063838482 623.22910822927952 2079.8909036964178 966.62738165259361 8357.1239789575338 1303.3498596698046 603.24033842980862 341.59911647439003 357.02715066075325 442.81331518292427 411.9145455211401 360.03414039313793 357.56210821866989 458.01697061955929 496.46691927313805 1570.2622023075819 357.05225792527199 739.93768557906151 315.64999131858349 3210.7419675737619 425.3382183611393 18195.063618794084 271.61468775570393 1987.5305247753859 1535.6802777647972 393.18949274718761 335.96910393238068 422.77591909468174 46582.415018111467
leaf_count=13722 2690 6018 2523 8405 3919 33696 5291 2520 1376 1444 1787 1679 1453 1438 1843 2009 6344 1444 2980 1285 13023 1729 73323 1105 8033 6192 1602 1369 1722 187542
internal_value=9.56447e-06 -0.000591576 -0.000485933 -0.000636239 -0.00381887 -0.000384621 -0.000823919 0.000585316 0.000368536 0.00438353 0.00815625 -0.00417571 -0.000568218 -0.000886033 -0.000999805 -0.00112666 -0.00389373 -0.000810663 -0.00808867 -0.00110534 -0.00313359 -0.00180006 -0.000590302 -0.000670283 0.00174524 0.00426228 -0.00763194 -0.00427501 -0.00970845 0.000502182
internal_weight=99077.8 48470.1 47808.1 46385 3388.12 42996.9 34639.8 50607.8 1308.23 1423.07 799.84 2444.42 32195.3 28312.1 27954.5 27496.5 2806.67 24689.9 1236.4 23198.2 4687.52 3907.69 18510.7 3482.36 3883.24 1895.71 1141.07 747.884 779.828 50004.5
internal_count=399506 195722 193032 187278 13700 173578 139882 203784 5295 5754 3231 9941 129941 114263 112825 110982 11333 99649 4989 93631 19023 15857 74608 14128 15678 7645 4650 3048 3166 201264
is_linear=0
shrinkage=0.05


Tree=69
num_leaves=31
num_cat=0
split_feature=20 20 27 49 21 79 71 2 38 79 50 83 32 42 0 8 91 52 98 95 0 87 51 38 41 51 26 85 32 28
split_gain=12.4146 12.6537 14.1861 13.6374 13.016 16.7816 13.3053 14.3482 12.7701 11.5461 12.2905 15.5271 18.1954 12.9554 13.8209 12.2403 11.9173 11.7543 18.7051 11.247 13.1589 17.2909 14.7703 11.7539 10.9063 10.3664 10.1793 15.025 13.1665 9.94839
threshold=13.500000000000002 12.500000000000002 0.59906550000000014 127.35354649237182 402.50000000000006 23.250000000000004 1.0000000180025095e-35 6.5000000000000009 0.10147000000000002 92.550000000000011 142.2795405656008 0.55272474976806818 0.15911550000000005 137.64097793256047 8.5000000000000018 9.5000000000000018 0.060902000000000005 130.99458655267418 0.0074303771768703961 0.056344499999999999 4.5000000000000009 0.0087524999999999704 2307.1181441522772 0.18103550000000004 0.07019101588458436 2094.4578284061163 0.50002900000000017 0.51584806183303378 0.21474400000000002 0.40435700000000002
decision_type=2 2 10 10 2 2 2 2 10 2 8 2 8 8 2 2 10 8 2 10 2 10 10 10 10 8 8 2 10 10
left_child=1 2 9 -4 -3 6 7 8 -6 10 15 12 -12 16 17 -1 -14 -15 -19 25 22 -22 23 -21 -11 -7 -2 -28 -29 -8
right_child=26 4 3 -5 5 19 29 -9 -10 24 11 -13 13 14 -16 -17 -18 18 -20 20 21 -23 -24 -25 -26 -27 27 28 -30 -31
leaf_value=-0.0021685190810097218 -0.00016234871828432382 -0.00083669713874376991 0.001686135447592958 0.013384020831199892 0.01350409384659506 0.0081838260216418966 -0.0056156176661124471 0.01515022925233309 -0.00034007700542216574 -0.010732030805925857 -0.004484861341621525 0.0096650826042359618 0.0027939952897622442 -0.0057641438358603985 -0.010313004052937697 -0.013020962697481162 0.016426781553514271 0.0073186442517791288 -0.0061200119808929847 0.00033902257188136059 0.0024837872387063007 0.0099558349750263689 0.0061974218598513636 -0.013905558829993706 0.0015202422258639235 -0.0011686845082631973 0.0010605369030263665 -0.0096623141692960459 0.0028341974989767147 0.004848441924932289
leaf_weight=2116.7412127554417 72722.355108171701 3198.3419151604176 1528.6300089657307 288.6343739181757 252.61303858458996 314.16792792081833 277.3742216527462 632.5973105430603 454.17044737935066 560.65871912240982 1488.7066138088703 444.30482092499733 397.81643825769424 377.04900348186493 253.03163106739521 287.33952017128468 264.44545204937458 1060.0830067396164 333.18756596744061 281.16256023943424 2824.7304145395756 1062.172437146306 326.83029045164585 287.61931051313877 263.11930245161057 3436.6641146987677 992.00137209892273 1018.2753292769194 260.24069525301456 1088.8546393364668
leaf_count=8523 293288 12919 6168 1164 1015 1262 1125 2546 1834 2258 6016 1797 1595 1524 1020 1157 1062 4266 1339 1131 11402 4295 1320 1158 1063 13837 3990 4094 1045 4384
internal_value=5.17601e-05 0.00103872 -0.000361462 0.00360718 0.00197554 0.00277587 0.00620043 0.00972594 0.00472737 -0.00128403 -0.000622639 0.000886805 -6.83997e-05 0.00238732 0.000387337 -0.00351418 0.00840103 0.00196607 0.00408421 0.00168409 0.00328906 0.00454598 -0.00215586 -0.00697992 -0.00684729 -0.000365645 -0.000265522 -0.00355487 -0.00711641 0.00269864
internal_weight=99093.9 24101 9663.75 1817.26 14437.3 11239 2705.61 1339.38 706.783 7846.48 7022.71 4618.62 4174.32 2685.61 2023.35 2404.08 662.262 1770.32 1393.27 8533.35 4782.52 3886.9 895.612 568.782 823.778 3750.83 74992.9 2270.52 1278.52 1366.23
internal_count=399597 97180 38952 7332 58228 45309 10904 5395 2849 31620 28299 18619 16822 10806 8149 9680 2657 7129 5605 34405 19306 15697 3609 2289 3321 15099 302417 9129 5139 5509
is_linear=0
shrinkage=0.05


Tree=70
num_leaves=31
num_cat=0
split_feature=64 79 20 33 41 86 55 87 90 84 33 24 98 46 37 89 54 83 37 56 24 28 80 90 92 32 32 38 46 97
split_gain=14.3361 11.0322 11.6149 13.9565 12.1472 12.53 12.4817 12.1327 16.0177 12.1322 11.9324 11.4843 11.3493 10.51 10.3676 10.3589 11.0312 10.6274 9.88422 13.7589 13.173 10.5025 9.85967 14.2406 10.1687 13.177 16.0268 12.789 12.7506 13.2352
threshold=10.500000000000002 91.050000000000011 20.500000000000004 10010.500000000002 0.076152852796036272 0.066056500000000032 1568.3732351517449 -0.062883500000000023 -0.028201150000000032 0.57422651698813754 115.50000000000001 0.15200050000000001 0.059725969097505445 1.770756635182676 0.35555150000000008 0.54993070000000011 132.24017220005848 0.45677676503698428 0.31742000000000009 2.3488147389543697 0.15753950000000003 0.44035700000000005 5.0271592211193568 -0.0040191999999999997 0.12755050000000004 0.16907500000000003 0.17089350000000003 0.16312000000000001 1.6939976072675353 0.97982449774751335
decision_type=2 2 2 2 10 10 8 8 8 2 2 10 2 10 10 10 10 2 10 10 10 8 2 10 10 10 10 10 10 2
left_child=1 2 9 4 6 -6 11 -8 -9 10 13 -4 -11 -1 -14 17 -17 -2 20 -20 21 -19 23 -12 25 -24 -27 -28 -26 -30
right_child=15 -3 3 -5 5 -7 7 8 -10 12 22 -13 14 -15 -16 16 -18 18 19 -21 -22 -23 24 -25 28 26 27 -29 29 -31
leaf_value=-0.00062841692435118123 -0.011383040560383331 -0.0013238837802079257 -0.009528091364852137 0.0050361914079115194 0.0037710527097449585 -0.0072477847834835967 0.0031152623666169839 -0.0093343088537791909 -0.0011056697124510245 0.0063799316862309281 0.00040778856534391629 -0.0012364180452505485 0.0025667562130533041 -0.0085315212209011778 -0.0048855068477921563 -0.010054098811535092 0.00097154142182480959 0.013781867944026161 0.0036882157998129753 -0.0067645542943922153 -0.0031324746457377368 0.0024222709612803511 0.0011356889218380225 -0.0067535460459452832 0.012361180507760963 -0.0066987328873499676 -0.0010934795318811833 0.0010390078333878453 -0.0019222589336432994 0.009659693497428571
leaf_weight=1076.3479659408331 239.53232575953007 12075.166361749172 1172.4308846145868 741.75479416549206 1344.5279145985842 309.05771335959435 1009.6135062128305 778.68632525205612 2377.9658760130405 1589.125144213438 1758.9152926057577 650.76060743629932 2478.828663751483 682.4335353821516 564.79288831353188 793.17002899944782 313.85516762733459 265.57257398962975 439.01124487817287 1057.4114297926426 786.6033088862896 800.84041431546211 33921.23180642724 1135.6682049781084 383.88866117596626 940.69404098391533 15056.060553625226 13172.775992482901 749.1648353934288 355.94540952146053
leaf_count=4344 995 48665 4733 2989 5422 1246 4067 3137 9596 6452 7109 2619 10129 2756 2280 3195 1271 1078 1780 4270 3174 3228 136800 4586 1546 3784 60696 52911 3029 1430
internal_value=-4.76163e-05 8.67464e-05 0.000293976 -0.00146847 -0.00210551 0.00168043 -0.0031518 -0.00163442 -0.00315859 0.00049421 0.000328232 -0.00659139 0.00296858 -0.00372584 0.0011724 -0.00274093 -0.00694748 -0.00142772 -0.000684005 -0.00369386 0.00175341 0.00535295 0.000434442 -0.00241549 0.000562535 0.000465754 -0.000313434 -9.83547e-05 0.00463278 0.00186135
internal_weight=99021.8 94325.8 82250.7 8384.8 7643.04 1653.59 5989.46 4166.27 3156.65 73865.9 69233.1 1823.19 4632.75 1758.78 3043.62 4696 1107.03 3588.97 3349.44 1496.42 1853.02 1066.41 67474.3 2894.58 64579.8 63090.8 29169.5 28228.8 1489 1105.11
internal_count=399317 380326 331661 33809 30820 6668 24152 16800 12733 297852 278991 7352 18861 7100 12409 18991 4466 14525 13530 6050 7480 4306 271891 11695 260196 254191 117391 113607 6005 4459
is_linear=0
shrinkage=0.05


Tree=71
num_leaves=31
num_cat=0
split_feature=72 86 87 58 36 24 14 39 27 86 91 15 35 36 40 44 31 27 48 23 87 27 97 24 34 86 0 16 35 84
split_gain=13.7369 20.2482 14.382 15.1279 14.4255 13.2635 12.0324 11.0895 12.1494 15.6697 10.7556 10.6871 12.7896 10.5012 9.83276 15.2782 9.47556 9.32408 9.29637 16.5047 17.0353 17.0441 13.5233 12.3572 11.2355 15.1593 10.9607 10.0868 9.98771 9.94139
threshold=3.5000000000000004 -0.11839549999999997 -0.068159999999999957 1302.5000000000002 0.70114250000000011 0.16936800000000002 1.0000000180025095e-35 0.042980166971500117 0.62563150000000012 -0.027676000000000003 -0.050543400000000002 64.15000000000002 0.14622650000000001 0.53951100000000018 0.074980321073169168 28.718063319974771 0.10726300000000001 0.67210400000000015 0.23807794440659219 0.33639850000000004 -0.0047954999999999795 0.61452050000000014 0.6900678268151198 0.15731250000000005 0.49742350000000007 0.015566999999999999 7.5000000000000009 2.0150000000000001 0.13066300000000003 0.49142307100974136
decision_type=2 8 8 8 10 10 2 10 10 8 10 2 10 10 8 10 8 10 10 10 10 10 2 10 10 10 2 2 10 2
left_child=1 5 3 -3 7 14 -6 8 9 -4 -5 -11 -13 -14 -1 -16 -9 -10 19 20 -2 22 -22 24 25 -24 -21 28 -25 -30
right_child=18 2 4 10 6 -7 -8 16 17 11 -12 12 13 -15 15 -17 -18 -19 -20 26 21 -23 23 27 -26 -27 -28 -29 29 -31
leaf_value=-0.0014187405272093475 0.0024667113891222088 -0.0054604008507606527 0.0014807294297128823 -0.001776909003900631 -9.2979292234979005e-05 -0.013254660570975471 0.013979672574216014 -8.0470956532122275e-05 0.008646501617889121 -0.0057887207852935843 0.0096277827608152577 -0.0069128389367685925 0.010260929972431833 -0.0018167583150924555 -0.018262229080453479 -0.001773957797405057 -0.008925855966186438 -0.0014606455517064824 -0.00015763543047831379 -0.0065981324856039889 -0.0097587782260950412 0.0035400816593154217 -7.046285600587319e-05 0.005330234893176581 0.00042666829216502172 0.015964259342662795 0.0020388793018236606 -0.010571481637496544 -0.0069151966106747419 -0.0011609041778773209
leaf_weight=1290.5194238722324 13809.243818566203 316.14177830517292 2087.5052766799927 270.97771708667278 351.83560948073864 465.08744876086712 257.11258670687675 450.26426982879639 511.05921101570129 2466.1086664348841 825.63295538723469 400.43465131521225 345.3211632668972 359.53941187262535 249.9911704659462 310.926633015275 915.42412991821766 401.49476644396782 58598.802224621177 1141.4486014246941 412.65725421905518 2585.171570584178 295.37562741339207 470.44950629770756 3270.6199893504381 284.05206876993179 533.6748201996088 319.9682220518589 910.85488651692867 4093.330079600215
leaf_count=5250 55557 1294 8434 1097 1420 1896 1039 1828 2063 9974 3345 1617 1395 1455 1017 1273 3725 1619 236166 4685 1664 10448 1189 1892 13169 1144 2187 1287 3688 16438
internal_value=-2.06102e-05 -0.0015854 -0.000603646 0.00405211 -0.00137712 -0.00578526 0.0059787 -0.00194829 -0.00109187 -0.00195635 0.00681904 -0.00396387 0.0001231 0.00416104 -0.00384779 -0.00931365 -0.00603134 0.00423205 0.000201031 0.000948059 0.00125329 -7.30107e-05 -0.00100433 -0.00062004 0.00157318 0.0079277 -0.00385071 -0.00207746 -0.00156265 -0.00222
internal_weight=99001 12275.4 9958.85 1412.75 8546.1 2316.52 608.948 7937.15 6571.46 5658.91 1096.61 3571.4 1105.3 704.861 1851.44 560.918 1365.69 912.554 86725.6 28126.8 26451.7 12642.5 10057.3 9644.65 3850.05 579.428 1675.12 5794.6 5474.63 5004.18
internal_count=399255 49741 40305 5736 34569 9436 2459 32110 26557 22875 4442 14441 4467 2850 7540 2290 5553 3682 349514 113348 106476 50919 40471 38807 15502 2333 6872 23305 22018 20126
is_linear=0
shrinkage=0.05


Tree=72
num_leaves=31
num_cat=0
split_feature=14 28 64 51 39 84 18 42 58 49 55 55 28 38 47 54 88 40 35 58 41 93 86 40 25 33 5 94 35 51
split_gain=12.0446 18.0612 13.121 12.854 11.8332 14.1056 10.7332 23.5347 18.0754 13.4773 15.6442 12.6784 12.5247 12.3346 12.0617 12.0827 15.0156 11.9523 11.6418 11.4483 10.4985 13.8123 10.4825 10.2846 10.3054 10.2716 10.8786 10.0825 10.1561 11.9844
threshold=1.0000000180025095e-35 0.40037450000000008 1.5000000000000002 2364.4450117781303 0.045117820763028504 0.50264201612122716 1.5000000000000002 133.73402718791218 4264.0000000000009 119.85556856020979 1811.4458019593633 2199.4571279702391 0.60803150000000017 0.27835450000000006 1.7847995305110353 124.98961749626044 0.0021015000000000343 0.061236740359482185 0.14171150000000002 10724.500000000002 0.077596286098170417 0.020164500000000019 0.12251100000000008 0.035500876933737067 0.34219350000000009 5524.5000000000009 1.5000000000000002 0.3033455000000001 0.14940350000000005 2436.5952887408234
decision_type=2 8 2 10 10 2 2 10 10 8 8 10 10 10 10 8 10 8 10 10 8 10 10 8 10 2 2 10 10 10
left_child=2 3 -1 4 -2 -6 7 14 12 10 -8 20 13 -9 15 -4 25 -18 -19 27 -11 22 -22 24 -3 -17 -27 -10 -29 -30
right_child=1 23 6 -5 5 -7 9 8 19 11 -12 -13 -14 -15 -16 16 17 18 -20 -21 21 -23 -24 -25 -26 26 -28 28 29 -31
leaf_value=0.00043782070256008759 0.0003671643071337142 -0.012194004800995277 -0.010972689056248775 -0.0075565959758323352 0.00080030845883190423 -0.0099419439604387944 0.012526380730923065 -0.00055106312913883674 0.0048090492859020981 -0.0019574047085188858 0.00035899285841355029 0.0087612078704891513 0.0078413713077572552 0.0072998973738738933 -0.012163803146569348 0.0023722317036313032 0.001345091362126378 -0.0003558823256067368 -0.011100933597603684 0.0064206739542448672 -0.0015278244803165416 0.0046204500673892156 0.0079700316553684147 0.00097957829276652808 0.00070425382541563467 -0.0065460824050519138 0.0046592088098907653 -0.0078822185609089181 -0.00034354991775793899 -0.010978085757170001
leaf_weight=19559.997539401054 3615.6252123713493 288.80115923285484 548.84945210814476 900.4158017039299 537.12100176513195 694.6984558403492 416.04814982414246 5378.8352717161179 278.72277502715588 9228.3334025144577 696.95201402902603 336.37559801340103 576.01666393876076 541.49388845264912 498.4405033737421 1328.665816783905 372.04038155078888 326.45385329425335 1106.7050972431898 264.48864820599556 3758.1098070591688 1644.6012020409107 304.85391743481159 41034.184601515532 319.33844105899334 929.54382847249508 273.62043449282646 1563.1123625040054 1426.7945089936256 315.5251386910677
leaf_count=78856 14667 1159 2208 3679 2190 2812 1670 21705 1149 37227 2807 1352 2331 2172 2011 5349 1515 1316 4459 1084 15165 6642 1228 165344 1284 3744 1102 6293 5743 1267
internal_value=-5.50232e-05 0.000520624 -0.000582942 -0.00210437 -0.00107814 -0.00528918 -0.0012046 -0.00213712 -0.000740179 -0.000308654 0.0049783 -0.000696958 0.000868603 0.000178112 -0.00481474 -0.0040417 -0.00314136 -0.00661213 -0.00867278 -0.00345095 -0.000915687 0.000769101 -0.000797359 0.000883368 -0.00551921 -0.000650421 -0.0039804 -0.00419525 -0.00496673 -0.00232107
internal_weight=99064.8 47390.2 51674.6 5747.86 4847.44 1231.82 32114.6 15729.3 10345 16385.3 1113 15272.3 6496.35 5920.33 5384.32 4885.88 4337.03 1805.2 1433.16 3848.64 14935.9 5707.56 4062.96 41642.3 608.14 2531.83 1203.16 3584.15 3305.43 1742.32
internal_count=399530 191135 208395 23348 19669 5002 129539 63448 41744 66091 4477 61614 26208 23877 21704 19693 17485 7290 5775 15536 60262 23035 16393 167787 2443 10195 4846 14452 13303 7010
is_linear=0
shrinkage=0.05


Tree=73
num_leaves=31
num_cat=0
split_feature=87 24 31 51 5 52 65 85 81 92 45 45 39 85 31 54 97 58 39 95 86 52 32 88 41 18 1 45 34 58
split_gain=10.7912 12.3283 12.8159 11.2031 10.8041 17.7582 12.9085 17.1746 15.3731 14.5579 13.0107 12.7918 12.1031 17.8483 14.919 13.6 11.9793 11.8569 11.5093 11.3514 12.1557 11.2342 11.1456 18.8851 13.6636 17.3164 11.4049 16.8291 10.974 10.7467
threshold=-0.156139 0.11323100000000001 0.24174000000000004 2342.3869629998858 1.5000000000000002 117.44812538777613 -1.0000000180025095e-35 0.52036669959266812 9.1423291599275061 0.12755050000000004 -16.734709507005739 -16.434370485902701 0.03407660857826373 0.52670457619544153 0.22980750000000003 129.86294539746731 0.782505637976734 4590.0000000000009 0.036753816388031803 0.049973500000000011 0.042319499999999934 126.48686916625321 0.16650000000000004 0.023526999999999996 0.077490992566104228 1.5000000000000002 4.5000000000000009 32.275713549800535 0.62276000000000009 6839.5000000000009
decision_type=8 10 10 8 2 8 2 2 2 10 8 8 10 2 10 8 2 8 8 10 10 10 10 10 8 2 2 10 8 10
left_child=1 -1 -3 -4 6 -6 9 11 18 10 -2 -8 13 17 -15 -14 -12 -7 21 20 -10 -9 -13 24 26 -26 27 -24 -17 -20
right_child=4 2 3 -5 5 12 7 8 19 -11 16 22 15 14 -16 28 -18 -19 29 -21 -22 -23 23 -25 25 -27 -28 -29 -30 -31
leaf_value=0.0062610412440076441 -0.0050207719651259256 -0.005298630540265077 0.0034238738820782304 -0.0071182195965438181 0.0098124711440773348 0.0060526010378330877 0.0028585481565869984 -0.0005885902946971644 -0.010942034669620555 0.011838652337111897 -0.0026824521952817214 -0.0008679995041945489 0.001464147612296896 -0.0022820893618558753 0.008433446572768493 -0.0014483769459467312 0.0014695731174126621 0.0019126231046621728 -0.00032928533397969336 -0.00091167689375158548 0.0010544118165284587 0.0043800448003310736 -0.0013465739273490237 -0.0094101890512079261 -0.0029203856041626767 0.0037950789351696699 -0.0069752360211181672 -0.013921026497984063 0.0089409054921135555 0.0051500337739172888
leaf_weight=361.32354979217052 940.29647168517113 2610.3800270855427 982.55847330391407 327.86660246551037 535.52643573284149 2661.9765990376472 1472.9649484008551 1651.9886587262154 685.64835277199745 286.84582079946995 1954.3659072965384 11692.568905949593 8481.1358427107334 2859.6720445454121 356.41390277445316 10684.565843522549 15055.719526737928 4946.574226424098 12302.09784938395 2289.6348338127136 300.83108443021774 3628.661172658205 3486.9128586351871 1058.7536680698395 2296.0912609398365 1634.4969679415226 2013.9295945763588 278.39568388462067 250.50286078453064 955.01519976556301
leaf_count=1458 3783 10545 3979 1324 2179 10718 5947 6659 2776 1154 7879 47240 34145 11523 1436 43135 60656 19947 49584 9233 1216 14667 14050 4267 9257 6598 8120 1117 1009 3852
internal_value=-9.592e-06 -0.00246175 -0.00327949 0.000752323 0.000101465 0.000871111 -0.000268806 -0.000717169 0.00029758 0.000855686 0.000673685 -0.00164176 0.00070958 0.00204841 -0.00107211 -3.74934e-05 0.000991232 0.00336711 0.000855895 -0.00285461 -0.0073098 0.00282749 -0.00193803 -0.00309798 -0.00240073 -0.000125281 -0.00394542 -0.0023107 -0.00120243 6.90179e-05
internal_weight=99043.7 4282.13 3920.81 1310.43 94761.6 30776.4 63985.2 45748 21813.9 18237.2 17950.4 23934.1 30240.8 10824.6 3216.09 19416.2 17010.1 7608.55 18537.8 3276.11 986.479 5280.65 22461.1 10768.6 9709.83 3930.59 5779.24 3765.31 10935.1 13257.1
internal_count=399453 17306 15848 5303 382147 124092 258055 184583 87987 73472 72318 96596 121913 43624 12959 78289 68535 30665 74762 13225 3992 21326 90649 43409 39142 15855 23287 15167 44144 53436
is_linear=0
shrinkage=0.05


Tree=74
num_leaves=31
num_cat=0
split_feature=38 93 57 0 47 99 64 88 87 32 48 99 27 40 8 48 21 87 25 25 21 87 93 79 57 40 0 48 34 48
split_gain=10.1237 14.2989 21.1746 15.5568 15.1418 12.3548 11.1498 11.2287 13.8527 10.8646 10.7984 14.1256 11.5077 11.8433 16.8594 10.8218 11.9843 10.7609 12.0391 10.677 9.9074 10.9988 16.7044 12.2431 10.861 12.056 10.7891 11.7289 10.2675 9.70791
threshold=0.045610450000000004 0.047123000000000019 12.679751691234172 8.5000000000000018 1.2400034986788329 0.025740000000000002 10.500000000000002 -0.11292299999999998 -0.061987999999999953 0.12383150000000002 0.47792649194544062 0.060939 0.60386700000000015 0.059686077990877932 5.5000000000000009 -0.56084528765761588 2526.5000000000005 0.090531500000000029 0.35445350000000003 0.40441750000000004 1724.5000000000002 0.011936499999999963 0.032496500000000005 37.45000000000001 11.019661338430646 0.047190995997399447 6.5000000000000009 -0.39190772270166568 0.53341950000000005 0.4170966868547189
decision_type=10 10 10 2 8 10 2 10 10 8 10 10 8 8 2 10 2 10 8 10 2 10 10 2 10 10 2 10 10 10
left_child=1 3 19 4 -1 17 10 -8 -9 -7 12 -12 13 14 20 -16 -17 18 -6 -3 26 23 29 24 25 -22 27 -2 -26 -23
right_child=6 2 -4 -5 5 9 7 8 -10 -11 11 -13 -14 -15 15 16 -18 -19 -20 -21 21 22 -24 -25 28 -27 -28 -29 -30 -31
leaf_value=0.0045708708264874266 0.016421912133006141 0.0019102757530261101 0.011996799049825885 0.0024830439678068294 -0.01110117507845332 0.0092879438520167314 -0.011672862953928857 0.0046019701189962412 -0.0030413166047758055 -0.0015343757057914745 -0.00032795440620569005 -0.011368230124246863 0.0022707719832799553 0.0010523294836175872 -0.0071142497297441085 -0.0052433985813448583 0.00042396185831456931 -0.011774494567972825 -0.0032145331747500889 -0.0080811122676361178 0.0013911339206908501 -0.0035014729581194187 -0.015293289918938236 -0.00047783683093176045 0.0032541053749061237 0.014079129691520488 -0.0024822130506893855 0.0035033141733711265 -0.006538444707390823 0.0061080101574258333
leaf_weight=613.6813478320837 267.05392973124981 1235.5821155458689 446.8369953930378 1562.6780104637146 529.49724732339382 261.48581756651402 287.15341594815254 725.02969069778919 3065.0764828026295 1580.7698984146118 27125.934926733375 282.8684449493885 10338.828783154488 28120.766138866544 1212.1506056189537 1491.4083467125893 2459.5257642120123 478.27615870535374 4938.2250721156597 330.48201644420624 332.85495997965336 1329.8395445048809 249.21696515381336 6351.7605437189341 1450.0195203125477 425.10273115336895 338.61967471241951 500.8095209300518 318.10468436777592 317.40112476050854
leaf_count=2488 1078 4986 1805 6323 2129 1054 1164 2933 12381 6398 109147 1140 41875 113347 4916 6021 9883 1929 19991 1350 1335 5383 1002 25598 5846 1712 1367 2013 1283 1285
internal_value=5.25642e-05 -0.00130965 0.00252534 -0.00208609 -0.00293785 -0.00353461 0.000240256 -0.00230921 -0.00157093 4.35719e-05 0.00036589 -0.000445999 0.000766827 0.000422126 -0.000617659 -0.00300018 -0.0017232 -0.00464145 -0.00399715 -0.000236074 0.000419376 -4.51785e-05 -0.00349125 0.000694061 0.00363103 0.0085979 0.00490284 0.00814961 0.00146546 -0.00162417
internal_weight=98967 11977.5 2012.9 9964.61 8401.94 7788.25 86989.5 4077.26 3790.11 1842.26 82912.3 27408.8 55503.5 45164.6 17043.9 5163.08 3950.93 5946 5467.72 1566.06 11880.8 10774.3 1896.46 8877.84 2526.08 757.958 1106.48 767.863 1768.12 1647.24
internal_count=399162 48453 8141 40312 33989 31501 350709 16478 15314 7452 334231 110287 223944 182069 68722 20820 15904 24049 22120 6336 47902 43444 7670 35774 10176 3047 4458 3091 7129 6668
is_linear=0
shrinkage=0.05


Tree=75
num_leaves=31
num_cat=0
split_feature=56 98 37 21 78 50 74 29 91 92 10 45 35 54 99 93 33 18 26 35 97 87 27 78 21 43 92 32 87 20
split_gain=12.8571 15.3004 14.1949 12.5728 14.5573 12.4713 14.4263 15.686 12.0806 21.0137 15.7338 17.3169 15.9967 14.1094 11.5875 11.4028 13.0974 10.9165 10.8126 13.5824 19.4122 10.6862 14.8985 10.5713 14.5521 20.558 15.8889 13.4217 12.7923 12.2565
threshold=2.1789268918341178 -0.022246593788170285 0.23222350000000003 1646.5000000000002 0.34712328800162323 144.41782277505175 3.5000000000000004 0.41967150000000003 0.054436000000000005 0.014708000000000001 1.0000000180025095e-35 12.161389614951116 0.14892150000000001 125.81626914906614 0.036009500000000021 0.0034095000000000032 5589.5000000000009 1.5000000000000002 0.45562450000000004 0.14558050000000003 0.95390140232913756 0.012601499999999934 0.56994600000000006 0.5276783899985763 4546.5000000000009 2251.9070161310869 0.059711000000000007 0.10304150000000002 0.011936499999999963 12.500000000000002
decision_type=8 2 8 2 2 10 2 10 8 8 2 10 10 10 10 10 2 2 10 10 2 10 10 2 2 10 10 10 10 2
left_child=1 5 -3 -4 -5 -1 7 -7 23 13 12 -12 -11 17 -13 -6 -17 -10 19 20 -15 -9 -23 29 -25 27 28 -26 -27 -2
right_child=8 2 3 4 15 6 -8 21 9 10 11 14 -14 18 -16 16 -18 -19 -20 -21 -22 22 -24 24 25 26 -28 -29 -30 -31
leaf_value=-0.0033054650461637894 -0.0034173519392571871 0.001366286349068204 -0.0087143533339721427 0.0048871857158913259 0.0012793150340527741 0.0080495932310037776 0.0092965324581987165 -0.0076235299512516178 -0.011317529702808629 0.0030147415226170022 0.0005629192739938203 -0.0047925894954228979 -0.00060045451989070898 -0.010583955358937615 0.0061593876251104839 -0.0040739037219345532 -0.017619250122890031 -0.003314826947243641 -0.005553126286457888 0.0026000454265928011 0.002516072079590139 0.0080132902544988831 -0.0068038206881496886 0.0018069268216088072 -0.0037936711467433438 -0.0027031816200060814 0.0074713399447604266 0.0016116445891973528 -0.0099478274878569296 0.00011057210529748822
leaf_weight=1410.8709117770195 2717.8425304442644 945.59625777602196 1608.8497128486633 469.30995017290115 413.55648291110992 462.95932157337666 592.92576639354229 568.61484223604202 823.26601159572601 5832.8477838635445 4065.1428762823343 3691.1875457167625 6418.5689412206411 588.03049032390118 249.96420201659203 511.23237553238869 271.43664938211441 896.45174033939838 1319.8862759619951 1780.8842308074236 530.52727538347244 382.48253540694714 289.18109221756458 23472.335887387395 1313.1826612353325 2388.6227809637785 290.54833942651749 8701.4097639173269 813.98332872986794 25245.348264232278
leaf_count=5720 10953 3822 6529 1891 1666 1880 2407 2299 3316 23498 16401 14855 25847 2372 1005 2069 1094 3610 5322 7174 2135 1546 1173 94621 5351 9668 1169 35100 3283 101809
internal_value=-3.35209e-05 -0.00196363 -0.00401879 -0.00557335 -0.00250536 0.000380417 0.00264971 0.000295081 0.00013455 -0.000771628 -4.36474e-06 -0.00172687 0.00112178 -0.00338431 -0.00408414 -0.00542211 -0.00893457 -0.00718917 -0.00182019 -0.00010763 -0.00440343 -0.00264068 0.00162764 0.000500146 0.00105476 -0.000252652 -0.00354973 0.000899785 -0.00456973 -0.000233419
internal_weight=99067 7927.02 4219.98 3274.39 1665.54 3707.03 2296.16 1703.24 91140 26196.8 20257.7 8006.29 12251.4 5939.05 3941.15 1196.23 782.669 1719.72 4219.33 2899.44 1118.56 1240.28 671.664 64943.3 36980.1 13507.7 3493.15 10014.6 3202.61 27963.2
internal_count=399585 32096 17071 13249 6720 15025 9305 6898 367489 105535 81606 32261 49345 23929 15860 4829 3163 6926 17003 11681 4507 5018 2719 261954 149192 54571 14120 40451 12951 112762
is_linear=0
shrinkage=0.05


Tree=76
num_leaves=31
num_cat=0
split_feature=20 20 61 45 40 44 16 46 19 1 97 20 97 45 48 1 30 87 92 39 21 21 87 86 18 47 19 43 32 58
split_gain=10.7159 19.4111 21.8717 16.3366 14.6733 14.4575 15.1505 13.0647 11.453 11.2459 16.9728 16.6426 13.288 12.0825 11.5106 15.5657 12.9786 12.1231 14.5574 11.2301 11.3982 14.3523 11.007 11.7859 10.868 13.0911 12.4857 12.9606 12.2949 11.7826
threshold=13.500000000000002 12.500000000000002 1.0000000180025095e-35 24.583799340218615 0.041133587066508444 24.619540225890091 0.025000000000000005 1.6962932441173193 18.500000000000004 2.5000000000000004 0.95464759837201052 14.500000000000002 0.87239233295254393 18.00148167174002 0.63997256012376735 1.5000000000000002 0.11378000000000001 -0.093459999999999974 0.0025464999999999936 0.031552763938744677 2119.5000000000005 4648.5000000000009 -0.0042655000000000045 -0.012071000000000024 1.5000000000000002 1.8527461581378863 19.500000000000004 2069.6749108419058 0.17438150000000002 1771.5000000000002
decision_type=2 2 2 10 8 10 2 8 2 2 2 2 2 10 10 2 10 10 10 10 2 2 8 10 2 10 2 8 8 8
left_child=1 7 4 -4 -3 8 -7 -1 -6 10 11 -2 -13 24 15 22 -16 -17 -19 -15 -21 -22 -14 -24 25 29 27 -26 -29 -12
right_child=9 2 3 -5 5 6 -8 -9 -10 -11 13 12 14 19 16 17 -18 18 -20 20 21 -23 23 -25 26 -27 -28 28 -30 -31
leaf_value=0.0029127505967316576 -0.0048879542190396127 0.010447017478302156 -0.0014037512881225683 0.0070552675613407348 0.0032094669783950154 0.012174943830872243 0.00018875361645947315 -0.0017427069686113206 0.0089290164176071187 -0.00075333130635880192 0.0083970528788341759 0.0017961817807330576 -0.00058634737745118671 0.0076224067153526824 -0.016531483675964 -0.005980292557048527 -0.0021697986940695684 -0.00032994482113802816 0.0076236461819836308 -0.0082085793423061337 0.005587298659682661 -0.0019075903308069569 -0.014269938162912436 -0.003625273779455194 0.00056696623321717129 0.011221553591666517 -0.00040325449434991932 0.0048121012050084885 0.012056201941876911 -0.00099228610684464337
leaf_weight=1859.8422344624996 1970.304515004158 708.84968090057373 4877.6045010685921 636.26905037462711 2568.9232506006956 272.18483555316925 4016.1753159165382 7764.983317181468 1333.7804201692343 49639.712146297097 370.06761758029461 5711.6828363537788 1498.7822015881538 405.41530209779739 248.41025970876217 407.04947632551193 411.34425616264343 1264.5692837536335 1044.2712606489658 473.53086166083813 847.58206003904343 2493.1848613023758 372.86127437651157 843.50260764360428 731.06834600865841 281.57040263712406 857.09500300884247 1290.46074642241 1098.5306313335896 2754.2942260056734
leaf_count=7496 7969 2861 19681 2562 10372 1097 16214 31312 5365 200216 1491 23070 6054 1630 1003 1651 1661 5104 4218 1902 3410 10055 1508 3412 2938 1133 3449 5190 4415 11093
internal_value=-2.12685e-05 0.000897202 0.00205768 -0.000416624 0.00358937 0.0029839 0.000976079 -0.000841025 0.00518199 -0.000315672 0.000540436 -0.000646319 6.53177e-05 0.00194848 -0.0015581 -0.000793871 -0.00774334 0.0018793 0.00328477 -0.000185857 -0.00103355 4.92898e-06 -0.00346486 -0.00697802 0.00316694 0.00108912 0.00493914 0.00640332 0.00817953 0.000143084
internal_weight=99053.9 24038.6 14413.8 5513.87 8899.91 8191.06 4288.36 9624.83 3902.7 75015.3 25375.6 13772.8 11802.5 11602.8 6090.79 5431.04 659.755 2715.89 2308.84 4219.71 3814.3 3340.77 2715.15 1216.36 7383.09 3405.93 3977.15 3120.06 2388.99 3124.36
internal_count=399532 96960 58152 22243 35909 33048 17311 38808 15737 302572 102356 55650 47681 46706 24611 21947 2664 10973 9322 16997 15367 13465 10974 4920 29709 13717 15992 12543 9605 12584
is_linear=0
shrinkage=0.05


Tree=77
num_leaves=31
num_cat=0
split_feature=0 55 59 84 64 33 46 44 87 0 90 20 0 45 52 53 54 88 40 86 21 28 86 65 65 65 31 21 53 31
split_gain=11.6039 11.8181 11.0125 10.3252 14.17 10.8689 10.3188 9.9831 18.3207 17.2309 16.3153 14.7446 13.3613 18.5439 16.292 13.658 13.0721 13.0044 17.7162 16.6544 13.7994 12.7114 12.4168 15.596 12.8131 14.0756 12.285 14.4649 14.5674 17.669
threshold=9.5000000000000018 1904.443798164725 8.3671833773862812 0.57422651698813754 10.500000000000002 175.50000000000003 2.0601088169748039 24.102065327584004 -0.0047954999999999795 4.5000000000000009 -0.028857149999999995 13.500000000000002 4.5000000000000009 19.36791117436756 130.77546594410467 2374.2678412293212 124.1497006291987 0.0013285000000000104 0.071469070691739509 0.0094204999999999445 1050.5000000000002 0.47795350000000009 0.020447500000000011 -1.4999999999999998 -1.0000000180025095e-35 -1.4999999999999998 0.13001550000000003 151.50000000000003 2495.0532790075144 0.14040950000000005
decision_type=2 10 2 2 2 2 10 10 8 2 8 2 2 10 10 8 8 10 8 10 2 8 8 2 2 2 10 2 10 10
left_child=3 2 -2 5 -5 -1 7 8 9 16 -10 -11 13 14 -9 22 -7 18 -13 -20 -21 -16 23 -14 25 -24 -12 -28 29 -29
right_child=1 -3 -4 4 -6 6 -8 12 10 11 26 17 15 -15 21 -17 -18 -19 19 20 -22 -23 24 -25 -26 -27 27 28 -30 -31
leaf_value=-0.0028956043100726247 0.003025199902402517 0.0093594133931779473 -0.0042584052247816636 0.0025196925843594831 -0.0088134685044162914 -0.0061456151278525334 0.0053033545004370327 -0.0023613806009998043 -0.0096182607477805788 0.0035636322359050305 0.0012117472236519199 -0.0013074413843207166 0.0044424876157501837 -0.0060883508376889722 0.0089686570723764274 0.0011077100385568418 0.0056192776449586219 -0.0038896643542773086 0.0048193794353659771 0.004068151329400623 -0.0073002090283760873 -0.00017251754609240401 -0.0034530323729828638 -0.0020487448341273682 -0.00051612383089922297 0.0060210582149748653 -0.0090180524816098687 -0.0064255869483490326 -0.0067029666758152365 0.00035376753006034637
leaf_weight=3506.5853632092476 2624.7398732155561 568.02650471031666 636.99015071988106 5693.4288366287947 280.15947557985783 246.48431891202927 877.72087416052818 4980.2995942533016 477.01438975334167 3797.1382161527872 7572.7113383859396 5015.3155575692654 974.14238515496254 2401.764881297946 620.22212904691696 13159.933929786086 3244.7494562864304 1823.6557071506977 3268.458663418889 464.75363893806934 602.02731032669544 958.07976457476616 497.13416351377964 15662.351411566138 5823.6105750799179 1751.0287730097771 578.53313603997231 1068.5844000577927 995.21958516538143 8817.5937865823507
leaf_count=14163 10569 2292 2583 23164 1131 993 3538 20117 1922 15288 30667 20154 3921 9653 2505 53137 13042 7339 13175 1871 2420 3852 1999 63168 23468 7043 2342 4300 4003 35462
internal_value=7.23987e-05 0.00276722 0.0015941 -3.63365e-05 0.00197433 -0.000171217 -5.939e-05 -0.000115515 0.00048687 0.00161544 -0.000581409 0.000876303 -0.000603975 -0.00233908 -0.00095892 -0.000192905 0.00477349 -3.92546e-05 0.000715051 0.00305244 -0.00235569 0.00345352 -0.000885797 -0.00166621 0.000722767 0.00392005 -0.000349987 -0.00138214 -0.000968248 -0.000384757
internal_weight=98988.5 3829.76 3261.73 95158.7 5973.59 89185.1 85678.5 84800.8 37972.2 18462.6 19509.7 14971.3 46828.6 8960.37 6558.6 37868.2 3491.23 11174.2 9350.56 4335.24 1066.78 1578.3 24708.3 16636.5 8071.77 2248.16 19032.6 11459.9 10881.4 9886.18
internal_count=399281 15444 13152 383837 24295 359542 345379 341841 152978 74282 78696 60247 188863 36127 26474 152736 14035 44959 37620 17466 4291 6357 99599 67089 32510 9042 76774 46107 43765 39762
is_linear=0
shrinkage=0.05


Tree=78
num_leaves=31
num_cat=0
split_feature=64 54 37 58 6 63 88 18 53 49 43 91 27 41 28 30 41 23 28 29 92 91 49 16 27 32 25 94 53 79
split_gain=9.108 10.0986 9.74396 11.6705 9.40512 9.37948 13.0588 12.0991 18.1627 16.7541 15.9421 15.1403 15.0219 11.9932 11.5931 11.2281 14.627 11.0255 12.4298 11.5908 12.7492 20.0097 12.307 14.4276 11.344 11.2688 11.4116 10.8086 11.0532 10.7212
threshold=10.500000000000002 135.29681361446168 0.21214700000000003 3706.0000000000005 1.5000000000000002 1.0000000180025095e-35 -0.18975850000000002 1.5000000000000002 2299.4216376745985 126.6549564957612 2123.3023909203453 -0.12444249999999998 0.6113805000000001 0.056898617994858368 0.55887350000000013 0.052357450000000007 0.056898617994858368 0.16905200000000004 0.61203450000000015 0.51354200000000005 -0.041181649999999986 0.0341575 124.00954454633174 0.67500000000000016 0.5519035000000001 0.16385400000000003 0.39137450000000001 0.38415850000000007 2257.0831475647715 49.850000000000001
decision_type=2 10 10 8 2 2 8 2 8 10 10 10 10 8 8 10 10 10 10 8 8 8 8 2 10 10 10 10 10 2
left_child=5 2 3 -2 -5 6 -1 9 10 13 14 -11 -13 -8 15 -9 -17 -15 19 22 -21 -22 23 -19 25 -24 -27 -12 -29 -23
right_child=1 -3 -4 4 -6 -7 7 8 -10 11 27 12 -14 17 -16 16 -18 18 -20 20 21 29 24 -25 -26 26 -28 28 -30 -31
leaf_value=0.0087888778814179808 0.0081105277117875484 0.0048793180026016885 -0.0043322492569926093 0.0034381933860282883 -0.0091324506777955925 0.00048889772294679072 0.0038655596128059286 0.011254918657244763 0.0012381914189239457 -0.0099427303028540269 -0.0013587887941541089 9.7054288272363509e-05 0.0063996997943292569 0.0014313011683522135 -0.0035354980056607824 -0.010174048878564363 0.001979400364565505 -0.0077466486216739797 0.0026120887372888873 0.0010644579624114244 -0.0095872772162638054 0.002393712085025181 0.0013210736856027767 -0.0008259112169546408 0.0043748807046466538 -0.005087375723709338 0.0019564659586724328 -0.0047889147564335981 -0.015147396908754005 -0.0060987139246282199
leaf_weight=364.73178364336491 377.91241267323494 435.79765652120113 3277.4879931211472 280.99188008904457 296.95567402243614 45092.327894642949 756.12228406965733 281.79256956279278 15536.375288188457 311.36318597197533 2330.4484466612339 5566.7504436671734 1128.8938333392143 1566.5772903859615 1366.0777964890003 258.67097046971321 3153.6232860088348 1821.7252787649632 923.11098362505436 630.73134112358093 2229.1466916501522 701.12750911712646 1782.5030411481857 1283.2694919258356 828.7215897589922 2669.8750386685133 726.25080050528049 1819.430910050869 294.72148482501507 771.05494466423988
leaf_count=1474 1524 1764 13273 1134 1198 181873 3036 1134 62638 1255 9429 22461 4600 6336 5509 1043 12677 7344 3741 2544 8963 2819 7197 5169 3330 10753 2934 7357 1194 3101
internal_value=-0.000138658 -0.00229179 -0.00303977 0.00139089 -0.00306621 -3.16978e-05 -0.000509773 -0.000581148 0.000185224 -0.00139072 -0.00153544 0.000660481 0.00116765 -0.00225175 0.000384127 0.00183924 0.00103106 -0.00254428 -0.00297845 -0.00336396 -0.00549197 -0.00660909 -0.00234738 -0.0048982 -0.001023 -0.00189357 -0.00357975 -0.00371681 -0.00629744 -0.00206533
internal_weight=98864.6 4669.15 4233.35 955.86 577.948 94195.4 49103.1 48738.4 25041.1 23697.2 9504.77 7007.01 6695.64 16690.2 5060.16 3694.09 3412.29 15934.1 14367.5 13444.4 4332.06 3701.33 9112.35 3104.99 6007.35 5178.63 3396.13 4444.6 2114.15 1472.18
internal_count=398804 18893 17129 3856 2332 379911 198038 196564 100981 95583 38343 28316 27061 67267 20363 14854 13720 64231 57895 54154 17427 14883 36727 12513 24214 20884 13687 17980 8551 5920
is_linear=0
shrinkage=0.05


Tree=79
num_leaves=31
num_cat=0
split_feature=34 48 89 20 40 0 88 92 44 25 8 88 92 10 74 44 40 31 96 19 92 28 25 90 48 9 34 70 31 88
split_gain=9.72102 13.8536 13.7886 10.6086 13.1771 12.8021 15.6986 13.7674 13.9852 13.6274 13.475 15.5376 12.4045 12.1376 11.7917 11.4613 11.0019 13.3855 11.7903 11.6621 11.4768 10.7398 16.0595 11.1739 11.1464 12.1044 11.9526 10.7136 12.4178 10.7291
threshold=0.47853300000000004 0.27575621653434773 0.40688580000000002 13.500000000000002 0.049675336660277965 4.5000000000000009 0.082530500000000021 0.020512500000000006 25.232653062535629 0.37749250000000006 10.500000000000002 -0.02931449999999999 -0.039407499999999991 -7.4999999999999991 1.0000000180025095e-35 32.891548843466538 0.061745116505153193 0.12710450000000004 0.40162550000000002 18.500000000000004 -0.079328599999999985 0.41272500000000006 0.36289350000000004 -0.091477149999999993 -0.50574751488084491 1.5000000000000002 0.50843550000000015 1.5000000000000002 0.20415350000000002 0.0057364999999999786
decision_type=8 10 10 2 8 2 10 8 10 8 2 8 10 2 2 10 10 10 10 2 10 8 10 10 10 2 10 2 10 8
left_child=1 2 -1 4 21 7 9 12 -9 10 27 -12 -6 -11 16 -10 20 18 -18 -19 -5 23 24 -2 -23 26 -26 28 -7 -29
right_child=3 -3 -4 14 5 6 -8 8 15 13 11 -13 -14 -15 -16 -17 17 19 -20 -21 -22 22 -24 -25 25 -27 -28 29 -30 -31
leaf_value=-0.0067604801349693605 0.0041882227641881096 -0.0041577828731539793 0.0028709634148319637 0.0087993399052685699 0.0017854214132311628 0.0066316307324932842 0.0091457387982840956 0.0052274164495027878 -0.0096577967576100179 0.0088864447413604716 0.0032907720953483164 -0.012291884387052825 -0.0076405833460523685 -0.0016461312596192251 -0.0005797482010914659 0.0037146853255788526 -0.0078539935753074094 0.0058016453532994533 0.0012786799248218591 0.00056920974160008385 -0.00029187747752184066 0.0077347148715789515 0.0063105003289761138 -0.0065127037725519771 -0.013005777621893947 0.0066641646887380824 -0.0010375038779876532 0.0028189665499973528 -0.00054571654395468784 -0.0031419048238182923
leaf_weight=456.11268566548824 440.07096087932587 3234.4670444130898 1824.8775171935558 347.98300820589066 460.8991840928793 2420.2812614440918 561.7637343108654 872.55774992704391 394.13585902750492 277.91353912651539 301.33705107867718 323.07848118245602 1386.6842526942492 5511.3676253408194 52686.381152674556 258.42019097507 465.91696481406689 3022.1742009073496 1364.9012289941311 1644.9782567471266 11460.297792285681 361.26852817833424 2999.5882206857204 523.77772480249405 295.94310873746872 290.5493052303791 661.94436441361904 2237.6547500640154 799.43127353489399 1127.0575105249882
leaf_count=1866 1779 13061 7354 1403 1859 9775 2268 3513 1588 1123 1215 1301 5589 22248 212508 1041 1888 12206 5516 6616 46216 1464 12077 2128 1191 1170 2664 9015 3219 4551
internal_value=-2.0441e-05 -0.0020583 0.000923933 9.99795e-05 0.00104565 0.000350865 0.00103669 -0.0024014 0.00111232 0.000679464 0.002129 -0.00483851 -0.00529221 -0.00112607 -0.000199918 -0.00438599 0.000892974 0.00254363 -0.00107549 0.00396259 -1.67459e-05 0.00315218 0.0041544 -0.00163407 0.000122487 -0.00212427 -0.00483132 0.00279608 0.00485338 0.000818896
internal_weight=99013.8 5515.46 2280.99 93498.4 22505.7 16932.6 13559.9 3372.7 1525.11 12998.1 7208.84 624.416 1847.58 5789.28 70992.6 652.556 18306.3 6497.97 1830.82 4667.15 11808.3 5573.14 4609.29 963.849 1609.71 1248.44 957.887 6584.42 3219.71 3364.71
internal_count=399412 22281 9220 377131 90778 68305 54715 13590 6142 52447 29076 2516 7448 23371 286353 2629 73845 26226 7404 18822 47619 22473 18566 3907 6489 5025 3855 26560 12994 13566
is_linear=0
shrinkage=0.05


Tree=80
num_leaves=31
num_cat=0
split_feature=23 64 45 58 41 47 47 39 38 42 63 97 39 58 92 41 0 58 87 32 19 33 40 51 88 35 92 93 54 91
split_gain=11.063 10.8049 13.2505 9.84097 9.73473 9.05579 12.0151 9.63531 10.0099 9.59099 10.2701 9.34988 11.7618 10.2739 10.1183 12.1711 8.13705 26.0395 9.50873 13.53 13.5809 10.4689 8.80458 8.1301 7.84898 7.78458 7.73505 10.1515 12.2294 9.18374
threshold=0.12295350000000001 9.5000000000000018 31.876373521978419 641.50000000000011 0.056898617994858368 1.9039674972126932 1.8448003901397925 0.057385506172999104 0.27027600000000007 138.41303812391661 1.0000000180025095e-35 0.87544410759107705 0.044852247750400177 6334.5000000000009 0.021028700000000015 0.065199906005028452 9.5000000000000018 1569.5000000000002 0.023968499999999979 0.17585000000000003 16.500000000000004 2774.5000000000005 0.049675336660277965 2171.9668930897319 -0.015285999999999992 0.14817550000000004 0.12197850000000002 0.068717500000000015 132.70461835265965 0.054436000000000005
decision_type=8 2 8 10 10 8 10 10 10 10 2 2 10 10 10 10 2 8 10 10 2 2 10 10 10 10 10 10 10 10
left_child=4 16 3 -3 -1 6 7 8 11 10 -8 12 24 14 15 -13 26 -18 19 20 -19 -20 -21 -4 -5 -22 29 -28 -29 -2
right_child=1 2 23 5 -6 -7 9 -9 -10 -11 -12 13 -14 -15 -16 -17 17 18 21 22 25 -23 -24 -25 -26 -27 27 28 -30 -31
leaf_value=0.0096741150633109993 0.00020428271199380332 0.007099397275969953 -0.0044131488187499684 -0.0013953363511142898 0.00082952829657478584 -0.009651627164215448 -0.0058921872903528304 0.0065505354501688628 0.0034778964770853025 0.012599265324004495 0.0079348356144449284 -0.0018702647468569586 -0.0085264182523046503 0.00053925079116319118 -0.0027078723495079482 -0.013792224164255401 0.010873515453578843 0.011640446528134854 -0.012181486478884401 0.0028457088794568912 0.0068369370164372391 -2.8351855067150311e-05 -0.0068066045584476795 -0.014179543934246135 0.0093660005542709011 -0.0041711799628451991 -0.0034646625797131315 0.0071512740394117013 -0.0015406834166686034 -0.00097691015531753064
leaf_weight=534.14924916625023 62605.310869693756 352.98907585442066 1169.2748920470476 330.57277871668339 731.29023823142052 303.83519668877125 266.34977146983147 298.66522027552128 562.02569423615932 252.24091050028801 251.38926212489605 304.66620227694511 246.14778272807598 560.91908283531666 747.20285747945309 738.829434633255 714.24578279256821 506.76552666723728 272.16759487986565 423.7308953255415 277.5811008810997 476.46311885118484 512.00742277503014 256.18383103609085 332.81890079379082 353.93040204048157 505.3681156784296 1296.3175659775734 581.83656020462513 22312.358291059732
leaf_count=2150 252586 1437 4736 1341 2949 1232 1076 1207 2261 1020 1015 1231 1004 2263 3026 2998 2879 2044 1098 1708 1118 1928 2062 1032 1345 1424 2037 5229 2347 89906
internal_value=-1.71604e-05 -7.74821e-05 -0.00197262 -0.000863212 0.00460946 -0.00141678 -0.000886665 -0.00195944 -0.00263959 0.00480758 0.000844691 -0.00370128 0.000599871 -0.00536034 -0.00720106 -0.0103622 6.82184e-05 0.00241586 0.000244894 0.00198881 0.0056289 -0.004549 -0.00245187 -0.00625492 0.00406246 0.000698592 -2.7159e-05 0.002776 0.00446468 -0.000106158
internal_weight=99077.6 97812.2 6974.11 5548.65 1265.44 5195.66 4891.83 4121.85 3823.18 769.98 517.739 3261.16 909.539 2351.62 1790.7 1043.5 90838.1 3536.89 2822.65 2074.02 1138.28 748.631 935.738 1425.46 663.392 631.512 87301.2 2383.52 1878.15 84917.7
internal_count=399689 394590 28224 22456 5099 21019 19787 16676 15469 3111 2091 13208 3690 9518 7255 4229 366366 14261 11382 8356 4586 3026 3770 5768 2686 2542 352105 9613 7576 342492
is_linear=0
shrinkage=0.05


Tree=81
num_leaves=31
num_cat=0
split_feature=34 46 55 89 14 18 39 91 37 81 54 30 91 46 49 45 87 28 49 37 87 23 16 37 92 55 7 39 56 0
split_gain=11.0071 9.95556 10.8146 9.62138 9.22063 11.4306 18.8486 13.6054 13.7742 13.601 12.268 12.6432 12.1532 12.109 14.9491 11.9338 11.6533 15.3879 11.6496 11.4042 12.5337 11.0505 10.5195 13.1573 15.1736 13.5136 12.6352 13.5183 11.0028 10.8567
threshold=0.47853300000000004 1.7875061812017037 1502.6837104599492 0.44073615000000005 1.0000000180025095e-35 1.5000000000000002 0.038517437818256707 0.062598500000000015 0.27803850000000002 7.2552380421655025 128.96639926105541 0.30341350000000006 0.043939500000000013 1.8081332316873895 121.77146576888082 -8.7075194900437953 -0.0088720000000000448 0.48445550000000009 126.91617547239933 0.41067350000000008 -0.022813500000000011 0.25383550000000005 1.7150000000000001 0.22653050000000005 0.10933800000000003 1558.9072807982873 2.5000000000000004 0.033363891854745149 2.7537354139984038 7.5000000000000009
decision_type=8 10 10 8 2 2 8 10 10 2 10 10 10 10 10 8 10 10 10 10 10 10 2 8 10 8 2 8 8 2
left_child=1 -1 3 -3 5 6 9 12 10 -2 11 -9 15 16 -15 -8 -7 -18 -12 20 -11 -14 23 -6 25 -25 28 -28 -24 -27
right_child=4 2 -4 -5 22 13 7 8 -10 19 18 -13 21 14 -16 -17 17 -19 -20 -21 -22 -23 26 24 -26 29 27 -29 -30 -31
leaf_value=-0.00050325768071417503 0.0053730267986198781 -0.0017626014459265673 -0.0019910628926279868 -0.013595216875437919 0.0028478707492077182 0.0025353333308739388 -0.0069137540406156916 -0.0092147420902573048 -0.0078479698462109206 -0.0016193106356088484 0.009154840809989271 0.0037841285527315744 0.00047847776888545633 0.0031430353463326832 -0.0022181243239105795 -0.0012585927793031771 -0.0055543781726093639 0.00075325242961979671 -0.0028787768093974705 -0.0049900716633828777 0.0026968630164004213 0.011726466842458313 0.0024643319726892119 -0.0016456504286173552 0.0070066464431183199 0.00014495052564244222 0.0066133650806464404 9.1168059003290296e-05 -0.0027019218319708216 0.0028351809382808693
leaf_weight=3543.715040564537 1338.2244298607111 264.84990724921227 1234.0382232815027 497.07359774410725 8684.1752639263868 8502.9190362989902 1027.2759405970573 647.47065354883671 1835.0375072807074 3152.6545452326536 378.9608343988657 254.97413875162601 734.02225959300995 1624.0219174921513 6366.9593419730663 9363.7003109157085 1109.2011189609766 7096.1167583763599 409.02201835811138 1012.0606901496649 3583.7567631304264 301.37496872246265 1229.773392483592 6291.7174313813448 872.70628470182419 10858.516677469015 995.17041100561619 3791.355530038476 6143.2618197053671 5719.7234007269144
leaf_count=14309 5402 1083 4982 2009 35001 34263 4180 2605 7406 12731 1524 1028 2950 6547 25735 37699 4496 28571 1642 4074 14526 1217 4965 25358 3524 43842 4003 15293 24782 23084
internal_value=6.53002e-05 -0.00209807 -0.00491295 -0.00955824 0.000193928 -0.000281409 -0.00105737 -0.00214831 -0.00485959 0.000738118 -0.0015885 -0.00554086 -0.00130827 0.000473921 -0.001126 -0.00182378 0.00123932 -0.000105141 0.00295069 -6.82617e-05 0.000677479 0.0038333 0.00071347 0.00118367 0.000574023 0.000325603 -0.000540389 0.00145816 -0.00183805 0.00107427
internal_weight=98863.8 5539.68 1995.96 761.924 93324.2 48737.8 24038.5 14951.8 3525.47 9086.7 1690.43 902.445 11426.4 24699.2 7990.98 10391 16708.2 8205.32 787.983 7748.47 6736.41 1035.4 44586.4 32426.8 23742.7 22870 12159.6 4786.53 7373.04 16578.2
internal_count=398831 22383 8074 3092 376448 196596 96984 60251 14205 36733 6799 3633 46046 99612 32282 41879 67330 33067 3166 31331 27257 4167 179852 130809 95808 92284 49043 19296 29747 66926
is_linear=0
shrinkage=0.05


Tree=82
num_leaves=31
num_cat=0
split_feature=20 20 61 29 1 24 93 79 7 85 8 54 46 87 46 72 29 29 54 43 32 54 0 32 54 58 91 46 49 19
split_gain=11.139 10.752 16.1446 15.0254 14.6453 13.8679 13.1934 14.3634 13.113 12.8416 14.3203 12.9734 12.2965 11.8469 11.7773 11.4616 10.4258 16.0498 13.8972 12.3174 13.9912 11.2475 10.3068 10.6677 10.5041 12.0986 10.82 10.3349 9.71022 8.01105
threshold=13.500000000000002 12.500000000000002 1.0000000180025095e-35 0.56796650000000015 3.5000000000000004 0.18718500000000002 -0.040428999999999993 92.550000000000011 5.5000000000000009 0.52118898095678712 4.5000000000000009 133.3732249103783 1.852993348683831 -0.043631499999999983 1.6962932441173193 3.5000000000000004 0.53242100000000014 0.47921500000000006 131.11127263041524 2065.759812931035 0.17343550000000002 129.58502916843773 4.5000000000000009 0.23194200000000004 128.93005855264991 2594.0000000000005 0.027385500000000024 1.8705782247213938 122.50392402296386 13.500000000000002
decision_type=2 2 2 10 2 8 10 2 2 2 2 8 10 10 8 2 10 10 8 8 8 10 2 10 10 10 10 8 8 2
left_child=1 3 8 4 14 6 -6 9 22 10 -8 13 -10 -11 -1 -4 17 19 -19 -16 -21 -18 24 -24 26 -26 -3 -25 -5 -2
right_child=29 2 15 28 5 -7 7 -9 12 11 -12 -13 -14 -15 16 -17 21 18 -20 20 -22 -23 23 27 25 -27 -28 -29 -30 -31
leaf_value=0.0019932884420280554 0.00052809985119127445 0.010946776026598694 -0.0094565336485774847 -0.0027243926125584354 -0.0092272840673358215 0.010843117127594278 -0.0039934536135822476 -0.0072015395375019447 0.0051747200356960241 0.0036552207020801638 0.0057363628755955284 -0.0010395436747823649 0.017436270933433955 0.015366921903247375 -0.016328746318557647 0.00022449467079773018 -0.017576228066176137 -0.0051629538739987506 0.0052943244620750427 0.0026687881621165308 -0.008660358295099679 -0.003298239707529209 0.0039173213411737677 0.002657749110080015 0.0022098558055867338 -0.0089428353806571739 -0.0029596498566956328 -0.010570825710904704 0.0067396249010903981 -0.00063607235490737758
leaf_weight=828.53605058789253 20233.949020385742 277.42307581007481 314.70228223502636 356.78791522979736 337.24905894696712 313.89065040647984 1091.2639622986317 452.48678393661976 926.13454160094261 447.39686588943005 566.04444442689419 439.76996280252934 258.51692098379135 422.76901955902576 273.53739754855633 5227.0116511285305 286.59620337188244 553.60063745081425 718.46930851042271 417.59830786287785 754.17664223909378 268.40595370531082 5593.2081925868988 330.70415914058685 406.91292162239552 582.40025889873505 265.90938386321068 252.29921321570873 1059.671864002943 54723.212036117911
leaf_count=3337 81930 1115 1285 1443 1362 1264 4396 1824 3738 1800 2281 1779 1044 1701 1106 21074 1151 2222 2882 1692 3048 1078 22596 1333 1643 2347 1070 1015 4303 220459
internal_value=-2.14946e-05 0.000915211 0.00177685 -0.000382496 -0.00120771 0.000916082 6.0109e-05 0.00100025 0.00309562 0.00227096 -0.000655815 0.00595079 0.00797401 0.00945528 -0.00331304 -0.000341314 -0.00465852 -0.00335845 0.000738578 -0.00694468 -0.00463445 -0.0108518 0.00233658 0.00324631 -0.00132672 -0.00437943 0.00421042 -0.00314874 0.00435337 -0.000321787
internal_weight=98980.6 24023.5 14435.2 9588.25 8171.79 4070.87 3756.98 3419.73 8893.51 2967.24 1657.31 1309.94 1184.65 870.166 4100.92 5541.71 3272.38 2717.38 1272.07 1445.31 1171.77 555.002 7708.86 6176.21 1532.65 989.313 543.332 583.003 1416.46 74957.2
internal_count=399318 96929 58260 38669 32923 16407 15143 13781 35901 11957 6677 5280 4782 3501 16516 22359 13179 10950 5104 5846 4740 2229 31119 24944 6175 3990 2185 2348 5746 302389
is_linear=0
shrinkage=0.05


Tree=83
num_leaves=31
num_cat=0
split_feature=0 24 57 86 56 27 95 83 47 3 59 88 48 88 88 33 45 40 95 93 88 47 24 32 54 85 98 5 44 5
split_gain=12.3961 13.8369 13.4956 15.6857 11.3609 16.7014 13.6588 11.9485 11.8655 11.8184 10.3428 9.97881 9.84531 13.6398 13.6596 11.6811 11.3177 11.1663 10.875 15.8714 11.3405 10.2301 12.9408 12.8582 11.9569 11.6147 11.5469 10.6113 10.3583 10.2293
threshold=9.5000000000000018 0.14693950000000003 15.098509481990137 -0.11470750000000003 2.1591527383043787 0.52970600000000012 0.088804500000000022 0.44721356036128235 1.8649581988189106 2.5000000000000004 7.154614136209049 0.026308500000000016 0.28318391085072331 -0.15388849999999998 0.0052615000000000309 4324.5000000000009 11.698241337845808 0.068314032782163123 0.014906000000000004 0.028272500000000009 -0.13047700000000001 1.7665960777608956 0.17852350000000003 0.18101450000000002 128.88517200572855 0.53206667230288296 0.0065133819065561491 1.5000000000000002 28.718063319974771 1.5000000000000002
decision_type=2 10 8 10 8 10 10 2 10 2 2 10 8 8 10 2 10 8 10 8 10 10 10 10 8 2 2 2 10 2
left_child=4 2 3 -2 5 8 -7 9 11 -6 -5 -1 15 -14 -15 16 -9 -16 19 -17 -20 23 28 24 27 26 -25 -19 -23 -30
right_child=1 -3 -4 10 7 6 -8 12 -10 -11 -12 -13 13 14 17 18 -18 21 20 -21 -22 22 -24 25 -26 -27 -28 -29 29 -31
leaf_value=-0.002384695940220611 -0.0018709461728357423 8.8918299313138624e-05 -0.0031318975663343959 0.018620553381084686 -0.0021728087236139934 -0.0076624786318128984 0.0020741604647002208 0.0015411541934586747 0.0054902798568126718 -0.013547664271266588 0.0077455489211968528 0.0042650577329841786 -0.0050494978344266415 0.00046934723857546435 0.00022762083592873782 -0.00092136900432113688 0.0061420221268248185 0.0012842673749018218 0.0096493123100776582 -0.01236301932254643 0.00022028113996681878 -0.011116588613562744 0.002415480385544629 -0.00047500125738089022 -0.001047799656616966 -0.01320886492373461 -0.0091281472062827961 0.013189549848533237 -0.00091277673722207605 -0.010206959205479132
leaf_weight=3807.7810614258051 299.76507574319839 2126.2891411781311 316.17561233043671 310.79284575581551 2315.3565700948238 1729.5626649260521 449.59830203652382 9992.8536724746227 715.3138530254364 244.25554704666138 786.77207714319229 652.60452429950237 1395.7923560291529 39820.257872626185 8641.9990935772657 1145.205208837986 1535.7455611377954 554.86953523755074 318.99712380766869 403.09504871070385 10398.533599242568 781.26053959131241 488.93094022572041 1279.4974002838135 5846.5492312610149 328.3053792566061 542.53079360723495 274.37699395418167 934.36421982944012 424.90241770446301
leaf_count=15445 1204 8574 1275 1254 9543 6982 1830 40248 2896 1024 3179 2639 5631 160360 34897 4636 6225 2238 1291 1635 41911 3140 1964 5147 23579 1326 2193 1107 3770 1714
internal_value=6.65879e-06 0.0027881 0.00611758 0.00821785 -0.000106019 -0.00199218 -0.00565334 5.24289e-05 -0.000442761 -0.00330677 0.0109653 -0.0014044 0.000153833 -0.000181201 -6.69698e-05 0.00101686 0.00215884 -0.0011293 -5.73544e-05 -0.00396039 0.000509661 -0.00215226 -0.00488433 -0.00133373 -0.000248324 -0.00468665 -0.00308734 0.00533365 -0.0065552 -0.00387143
internal_weight=98862.3 3839.79 1713.51 1397.33 95022.5 7354.86 2179.16 87667.7 5175.7 2559.61 1097.56 4460.39 85108.1 61313.6 59917.8 23794.4 11528.6 20097.6 12265.8 1548.3 10717.5 11455.6 2629.46 8826.13 6675.8 2150.33 1822.03 829.247 2140.53 1359.27
internal_count=398857 15486 6912 5637 383371 29792 8812 353579 20980 10567 4433 18084 343012 247066 241435 95946 46473 81075 49473 6271 43202 46178 10588 35590 26924 8666 7340 3345 8624 5484
is_linear=0
shrinkage=0.05


Tree=84
num_leaves=31
num_cat=0
split_feature=23 36 49 26 54 26 29 29 31 30 17 24 83 91 9 24 27 69 19 79 83 89 92 85 21 91 78 20 79 40
split_gain=10.0496 10.9723 8.28666 8.13351 9.9866 10.8151 9.48536 11.6133 8.94685 11.0847 8.70777 8.70273 9.42162 7.92125 7.7626 7.75953 8.36932 7.32625 8.90119 9.47989 7.77645 10.6354 8.71186 7.69001 7.54518 15.7951 8.31355 7.34264 14.3046 12.2348
threshold=0.12295350000000001 0.57823200000000019 124.87220030381947 0.40321400000000002 131.87761711711715 0.39059250000000006 0.51284600000000002 0.41033950000000002 0.19569100000000003 0.17902550000000003 1.5000000000000002 0.11825300000000001 0.47792507395143491 -0.15755049999999995 11.500000000000002 0.16205750000000005 0.64770550000000016 1.0000000180025095e-35 18.500000000000004 19.850000000000005 0.47539027527506117 0.54747915000000014 -0.00205799999999999 0.52181447498397937 103.50000000000001 -0.00081249999999999367 0.6549225944782423 13.500000000000002 0.59999999999999731 0.03604362112448397
decision_type=8 10 10 10 10 8 8 10 10 10 2 8 2 8 2 10 10 2 2 2 2 10 10 2 2 10 2 2 2 8
left_child=1 -1 -3 4 5 6 7 -2 9 -7 -8 -6 -13 15 17 -5 -17 24 19 23 -21 -22 -23 -19 25 26 -15 28 -26 -30
right_child=3 2 -4 13 11 8 10 -9 -10 -11 -12 12 -14 14 -16 16 -18 18 -20 20 21 22 -24 -25 27 -27 -28 -29 29 -31
leaf_value=-0.0040196584882562052 -0.0013773062388627874 0.010001616684837749 0.00027654274078907679 0.011585797599504446 0.0033969195163677975 -0.0035674942703233501 0.0039999690536593182 0.00643762754751719 -0.0084124100166320902 0.0061591460456636993 -0.0050540965393670208 -0.00066120903692174914 -0.0094909049024637197 -0.0039732562066929801 0.0077796104704449948 0.0059734156572080347 -0.0042819795771157137 -0.01072855461769222 -0.0056409743885575655 -0.0061385344225218571 0.0045142386306121079 -0.0080314932791376997 0.0034946976278673009 0.00054196687112116604 0.0086990396657710082 -0.01292026175112391 0.0058544507571429063 -0.00011854678727195451 0.0099847405517896927 0.00057309014576809156
leaf_weight=294.40961506962776 783.5646797567606 667.86660435795784 324.47706484794617 263.97380697727203 247.63955426216125 1285.0343735516071 376.6073485314846 1187.0046644210815 613.85389931499958 368.85846711695194 844.42979323863983 446.13585913181305 936.26620398461819 566.61887399852276 309.63614171743393 478.58923515677452 326.46198347210884 355.6746184527874 1220.3716197013855 330.33592909574509 1374.8114183098078 378.116883918643 276.08903896808624 256.65278613567352 575.45966786146164 333.13260424137115 333.33621063828468 65187.370631292462 342.23176674544811 17723.147854834795
leaf_count=1186 3213 2686 1314 1061 1001 5185 1522 4809 2488 1489 3417 1819 3799 2284 1249 1931 1312 1440 4936 1360 5544 1526 1115 1038 2318 1345 1343 262872 1376 71478
internal_value=-1.67528e-05 0.00435598 0.00685619 -7.47709e-05 -0.00170453 -0.000675356 0.00119969 0.00333888 -0.00330796 -0.00137424 -0.00225172 -0.0051263 -0.00666655 5.28854e-05 1.58094e-06 0.00431133 0.00181317 -2.6271e-05 -0.0020643 -0.000581485 0.000863038 0.00202745 -0.00318781 -0.00607179 7.43995e-05 -0.00379247 -0.000308817 0.000131726 0.00100653 0.00075681
internal_weight=99008.2 1286.75 992.344 97721.4 7089.39 5459.35 3191.61 1970.57 2267.75 1653.89 1221.04 1630.04 1382.4 90632 89563 1069.03 805.051 89253.3 4192.05 2971.68 2359.35 2029.02 654.206 612.327 85061.3 1233.09 899.955 83828.2 18640.8 18065.4
internal_count=399456 5186 4000 394270 28742 22123 12961 8022 9162 6674 4939 6619 5618 365528 361224 4304 3243 359975 16959 12023 9545 8185 2641 2478 343016 4972 3627 338044 75172 72854
is_linear=0
shrinkage=0.05


Tree=85
num_leaves=31
num_cat=0
split_feature=20 20 1 94 83 7 94 94 45 30 15 1 46 47 38 45 32 8 16 41 27 52 54 15 21 87 44 37 24 55
split_gain=9.02693 12.2019 12.1485 13.3489 15.9019 10.3288 15.028 15.643 13.2964 13.6267 16.4709 13.5593 12.8934 14.1736 12.5247 12.4843 12.2483 12.1381 18.8939 11.9599 11.9479 10.8235 13.2617 10.2822 15.0378 10.4878 11.0924 10.7325 10.2563 14.3412
threshold=13.500000000000002 12.500000000000002 3.5000000000000004 0.45095150000000006 0.48320005316938003 1.0000000180025095e-35 0.37768750000000006 0.38034700000000005 18.113328832733988 0.2802440000000001 96.550000000000011 2.5000000000000004 1.7097389964164413 1.861150967049215 0.061832750000000006 37.45949765433982 0.20991700000000005 13.500000000000002 0.46500000000000002 0.081705254387213475 0.62563150000000012 117.44812538777613 134.2775163410551 79.15000000000002 4873.5000000000009 0.10497750000000002 24.757465181154945 0.40549050000000003 0.18718500000000002 1904.443798164725
decision_type=2 2 2 10 2 2 8 10 8 8 2 2 10 10 10 10 8 2 2 10 10 8 8 2 2 10 8 8 10 8
left_child=1 2 3 4 -1 6 16 -8 11 14 -11 17 -9 20 -10 -16 19 -7 -19 21 -14 -2 -23 25 -25 26 -3 -28 29 -4
right_child=5 23 28 -5 -6 8 7 12 9 10 -12 -13 13 -15 15 -17 -18 18 -20 -21 -22 22 -24 24 -26 -27 27 -29 -30 -31
leaf_value=0.0088156088439378371 0.010741178197492682 0.0040535672628806904 0.0026438897234159564 -0.009502670273119386 -0.0021565699415830785 0.00085565273796035671 -0.0094771410190836233 -0.0015913814939619399 -0.0034363743976237914 -0.0013261025988890339 -0.012777603673810888 -0.0019730315528396708 0.00041849678549252945 0.012885826400889712 0.0016304957597141968 -0.0049126201680083081 0.0074851045407875504 -0.01039660787198652 0.0058620736129016025 0.0089857092924484558 0.0083843430583212929 -0.00033044789080075276 0.0040125879573807794 0.0028907718646274628 0.012164536879096494 -0.0057756363811097677 0.0011251424512238556 -0.0049819530415308351 0.010139058560107161 -0.0034151516503145695
leaf_weight=351.09844011068344 276.11629840731621 3024.9605717658997 3136.487474411726 541.310626283288 3868.8580035120249 8833.2659501582384 444.06484045088291 6908.0281593054533 1498.4340465515852 2167.13973967731 357.85078093409538 19772.847675934434 6466.7992549091578 250.28926499187946 15604.119149848819 755.16859592497349 961.64516341686249 573.96788290143013 249.78325432538986 507.5480422526598 497.79946100711823 6421.4106577187777 2409.5444758683443 2891.80580984056 507.64607305824757 509.40337000787258 6667.0121786445379 796.34306478500366 301.99368269741535 1406.4696508347988
leaf_count=1416 1130 12211 12654 2213 15569 35649 1785 27804 6075 8733 1443 79820 26115 1010 62851 3031 3871 2317 1008 2065 2008 25864 9827 11671 2051 2052 26926 3210 1216 5681
internal_value=0.000143603 0.000987263 -0.000392651 -0.00218404 -0.00122501 -0.000126661 0.000699301 -0.000342343 -0.000543628 0.000437846 -0.00299305 -0.0012233 -4.86167e-05 0.00142869 0.000924361 0.00132564 0.00213295 0.000312232 -0.00545536 0.00159042 0.000999066 0.00116886 0.000857757 0.00190762 0.00430726 0.00116263 0.0015048 0.000467719 0.00136867 0.000764669
internal_weight=98959.2 24003.4 9606.22 4761.27 4219.96 74955.8 25143.2 14567 49812.6 20382.7 2524.99 29429.9 14122.9 7214.89 17857.7 16359.3 10576.3 9657.02 823.751 9614.62 6964.6 9107.07 8830.96 14397.2 3399.45 10997.7 10488.3 7463.36 4844.95 4542.96
internal_count=399276 96870 38749 19198 16985 302406 101479 58722 200927 82133 10176 118794 56937 29133 71957 65882 42757 38974 3325 38886 28123 36821 35691 58121 13722 44399 42347 30136 19551 18335
is_linear=0
shrinkage=0.05


Tree=86
num_leaves=31
num_cat=0
split_feature=71 55 55 53 43 43 97 4 34 91 54 39 51 48 53 4 35 29 50 86 7 8 31 16 80 86 92 54 53 38
split_gain=11.0699 15.3259 13.0918 19.9371 19.2602 25.9858 13.5024 11.4594 11.0882 11.0847 10.5879 10.2609 11.606 11.0457 12.4953 10.4185 10.1606 10.0399 9.82397 10.1482 12.207 13.792 9.66276 14.7131 12.6037 14.667 14.9133 13.2316 11.7181 14.7
threshold=1.0000000180025095e-35 2199.4571279702391 1730.196097580796 1991.2034002318012 2221.2732178072906 2228.4396804359417 0.50049342938537533 1.5000000000000002 0.49660650000000006 0.04202150000000001 70.962829665946202 0.044543212439123979 2447.1283677734727 0.60185798780417366 2391.8266121214433 1.5000000000000002 0.15497750000000002 0.57752550000000014 137.59106577340938 0.040960999999999977 1.0000000180025095e-35 6.5000000000000009 0.18281600000000001 0.03500000000000001 8.3427207424778285 -0.032714499999999973 0.0039155000000000032 127.3755276673149 2474.2013139620435 0.32234850000000004
decision_type=2 10 8 10 8 8 2 2 8 10 8 10 10 10 10 2 10 10 10 10 2 2 10 2 2 10 10 10 10 10
left_child=1 10 3 -2 18 -6 -7 9 -8 -3 -1 12 13 22 15 -15 -14 -10 19 20 -4 -22 24 -24 27 -26 -27 -5 29 -25
right_child=2 7 4 11 5 6 8 -9 17 -11 -12 -13 16 14 -16 -17 -18 -19 -20 -21 21 -23 23 28 25 26 -28 -29 -30 -31
leaf_value=0.010574595472685249 0.0052860738328924552 -0.013615463060351078 0.0056292216944439652 -0.0056681983318556126 0.015612198277776553 -0.0094528676686829911 -0.0022194757197886209 0.0024718338587935208 0.0022424926035818919 -0.0015011794420230354 0.00069627993357199494 -0.0034148313725683812 0.0076027785605108219 -0.01151990165872338 0.0011740426040358579 -0.00091528545905180672 -0.0035481404190003045 -0.0023151527879945828 -0.00095478843955823305 -0.014050796454418278 -0.014210154094389233 0.00097971829257477504 -0.010295681390798561 0.0030482769894780003 -0.0078915900414298218 -0.0042249415693798023 0.0042276405404649683 0.00055692229607853761 -0.0032327878395247422 -0.0084419881958698161
leaf_weight=262.8181936442852 1119.6082796007395 439.64110384881496 260.6789173334837 1003.882007881999 303.9603226184845 288.48180210590363 1962.7025091648102 336.65107716619968 12233.5488640517 330.2812867462635 49267.662153035402 5474.7748286575079 685.51934921741486 741.86541225016117 517.15989242494106 337.36980660259724 282.26774425804615 1332.5569155067205 5412.6355341523886 285.62127992510796 312.57045868039131 276.16414161026478 280.21395471692085 4466.6452931314707 1501.3558040559292 1669.4994088113308 747.82071375846863 5391.524120375514 1168.2006919980049 287.27905048429966
leaf_count=1077 4516 1766 1055 4069 1242 1177 7938 1352 49389 1326 198513 22204 2777 2989 2090 1359 1143 5400 21883 1153 1267 1117 1136 18018 6050 6755 3030 21733 4709 1155
internal_value=0.000103774 0.000620371 -0.000437345 -0.00121028 0.000438235 0.00136689 0.00108344 -0.005173 0.00128514 -0.00850456 0.00075082 -0.00150851 -0.000960034 -0.00124586 -0.00520448 -0.00824373 0.00434744 0.00179343 -0.00184683 -0.0060552 -0.00323442 -0.00718752 -0.000860322 0.000698546 -0.00179751 -0.00402655 -0.00160341 -0.000427554 0.00123523 0.00233766
internal_weight=98981 50637.1 48343.9 25675 22668.9 16121.3 15817.3 1106.57 15528.8 769.922 49530.5 24555.4 19080.6 18112.8 1596.4 1079.24 967.787 13566.1 6547.67 1135.03 849.414 588.735 16516.4 6202.34 10314.1 3918.68 2417.32 6395.41 5922.13 4753.92
internal_count=399388 204034 195354 103733 91621 65146 63904 4444 62727 3092 199590 99217 77013 73093 6438 4348 3920 54789 26475 4592 3439 2384 66655 25018 41637 15835 9785 25802 23882 19173
is_linear=0
shrinkage=0.05


Tree=87
num_leaves=31
num_cat=0
split_feature=70 84 52 30 46 33 34 16 16 19 38 30 20 20 39 32 41 36 25 42 20 0 52 39 59 51 1 36 30 32
split_gain=8.94929 9.00289 11.1634 8.63711 8.01057 8.72382 7.34312 8.95932 7.53829 7.77391 11.7866 11.2607 7.26635 11.9762 13.9082 10.9164 15.9228 10.9109 12.1264 10.2377 10.1723 11.8603 16.1057 14.3671 13.2838 11.2299 10.7433 10.6397 10.5887 10.5717
threshold=4.5000000000000009 0.56774658359795971 131.84487778465248 0.29846400000000001 2.0601088169748039 2952.5000000000005 0.44976250000000007 1.4450000000000001 1.1050000000000002 13.500000000000002 0.095998150000000018 0.12650950000000002 13.500000000000002 14.500000000000002 0.062549137136459557 0.16650000000000004 0.067884873860891856 0.5247075000000001 0.33994450000000004 137.46106716387752 12.500000000000002 8.5000000000000018 120.05752107730153 0.029883237417579336 8.7539239882110529 2077.6224459936102 2.5000000000000004 0.62508950000000019 0.043717150000000003 0.11909100000000002
decision_type=2 2 10 10 10 2 8 2 2 2 8 10 2 2 10 10 8 10 10 10 2 2 8 8 2 8 2 10 8 8
left_child=4 2 3 -2 6 -6 7 8 9 10 -1 -11 20 14 15 -14 -17 18 -18 -19 21 22 -8 -24 -23 -25 27 -27 -28 -30
right_child=1 -3 -4 -5 5 -7 12 -9 -10 11 -12 -13 13 -15 -16 16 17 19 -20 -21 -22 24 23 25 -26 26 28 -29 29 -31
leaf_value=0.0084044237083530475 -0.001659258534001954 -0.0090887069020916256 0.0050406296427960426 -0.01040747574067051 -0.00019159180065685683 0.0091583228632730589 -0.0093004924352497222 -0.0088176790190099084 0.0067489033176923721 -0.012450062973073831 -0.0051929393573344716 -0.00084529986995622239 -0.00054556421396214077 0.00018819201237530928 0.0079661869836732402 -0.0083142689111124803 -0.0073772613287036229 -0.00072030020051801853 0.0050453428667257064 -0.0096265583233750094 0.0018886372716386474 -0.0063230832061005665 -0.0073139703698306196 0.010314060728961768 0.0060848180296252169 -0.00032325124637019311 0.011281760968950024 -0.010808091742698971 -0.003964053192694942 0.0031114880446253849
leaf_weight=318.9820342361927 3405.8387117385864 406.47936511039734 575.50869737565517 298.43061684072018 483.77002555131912 504.24302686750889 384.7762071788311 464.33121804893017 253.50876243412495 337.55558902025223 299.81065766513348 528.5109013915062 4528.1479761749506 60714.383809879422 340.48101560771465 1435.4223366975784 248.32485073804855 724.61355000734329 815.11182457208633 574.25127217173576 12821.734115093946 1291.6794619709253 465.43957798182964 347.03278604149818 250.25726623833179 1826.9015416055918 319.66626881062984 269.02187876403332 625.85838863253593 3125.6465416401625
leaf_count=1298 13806 1640 2320 1212 1949 2035 1546 1878 1023 1365 1212 2135 18299 244892 1375 5787 998 2924 3284 2321 51751 5202 1879 1397 1012 7365 1291 1093 2533 12602
internal_value=6.2324e-05 -0.00206796 -0.00138152 -0.00239017 0.000168398 0.00462419 0.000120728 -0.00272532 -0.00105688 -0.00242579 0.00183857 -0.00545882 0.000189827 -6.00926e-05 -0.00179773 -0.00220609 -0.00417936 -0.00164238 0.00210282 -0.00470138 0.000987517 -0.000310424 0.000526038 0.0010803 -0.00428304 0.00169036 0.00118918 -0.00171396 0.00268432 0.00192368
internal_weight=98985.7 4686.26 4279.78 3704.27 94299.5 988.013 93311.4 2202.7 1738.37 1484.86 618.793 866.066 91108.8 69380.7 8666.35 8325.87 3797.72 2362.3 1063.44 1298.86 21728 8906.28 7364.34 6979.57 1541.94 6514.13 6167.09 2095.92 4071.17 3751.5
internal_count=399424 18978 17338 15018 380446 3984 376462 8911 7033 6010 2510 3500 367551 279880 34988 33613 15314 9527 4282 5245 87671 35920 29706 28160 6214 26281 24884 8458 16426 15135
is_linear=0
shrinkage=0.05


Tree=88
num_leaves=31
num_cat=0
split_feature=72 64 92 92 68 79 32 50 86 86 88 51 51 88 20 2 86 89 57 25 15 58 15 32 45 24 92 88 29 32
split_gain=12.0327 11.1989 9.51119 23.7383 11.7404 11.4555 10.4809 10.4402 9.98525 11.1424 9.69475 8.29172 8.16113 8.64833 8.15981 11.8379 9.94976 9.70807 10.6222 7.96034 11.8064 14.086 9.11249 8.57652 17.7896 16.3711 14.5302 12.9906 12.3941 11.3639
threshold=3.5000000000000004 10.500000000000002 -1.0000000180025095e-35 0.0046854999999999961 1.0000000180025095e-35 6.049999999999998 0.16437000000000004 144.37339494280917 -0.03676999999999999 -0.12634949999999998 -0.087681999999999968 2076.1356403870859 2336.6391044105872 0.0094044999999999979 16.500000000000004 2.5000000000000004 -0.015090500000000005 0.5123430000000001 13.446252805355785 0.34095650000000005 6.3500000000000005 3892.0000000000005 97.450000000000017 0.16863300000000001 -5.8145548717539191 0.18718500000000002 0.027199000000000004 0.013820000000000001 0.59773300000000018 0.17089350000000003
decision_type=2 2 8 8 2 2 10 10 8 10 10 8 8 10 2 2 8 8 8 8 2 8 2 10 10 10 10 10 10 10
left_child=1 2 4 -4 5 -1 12 -6 9 10 -5 -11 -7 -14 16 -16 -10 -18 -19 20 21 -2 -22 -21 25 -25 -26 -27 29 -28
right_child=19 -3 3 8 7 6 -8 -9 14 11 -12 -13 13 -15 15 -17 17 18 -20 23 22 -23 -24 24 26 27 28 -29 -30 -31
leaf_value=-0.0091561219432739673 0.0026207874766396295 -0.00832859028562008 -0.013751597512915301 0.0016156693128950616 0.0058518442597053529 -0.00050239956282908092 -0.0056945684685834295 -0.0049073158472910227 -0.009569996405747648 0.010735774813067454 -0.0072960755366404673 0.001265325429251244 0.011545000408172818 0.00053291394363543692 -0.014909908541892159 -0.0038794153283289341 0.0049165862980583043 -0.010012540909602928 0.0018604373713454782 0.00033340712198375499 0.0016881873064982286 -0.0092489939176223241 -0.0047014518737115802 0.0028450214788236479 -0.0032984180376026129 -8.9279228816127663e-05 -0.0089137202137119648 -0.0089791998571211156 0.0090563542132236687 -0.00058030380298683946
leaf_weight=392.89244627952576 433.6901249140501 577.64647196233273 428.80925184488297 528.40704989433289 1280.6687462627888 1825.2143876254559 675.93694372475147 265.20371541380882 301.84286473691463 258.0378811955452 702.64656515419483 1707.1881934553385 331.76128754019737 374.88080483675003 326.28939315676689 921.27762578427792 618.47149632871151 332.30324234068394 413.17832817137241 40138.694276124239 14399.259028553963 568.73993872106075 571.0161724537611 5284.5636457055807 7360.8224937021732 1673.7150395512581 410.72795280814171 534.74932335317135 315.12975572049618 14904.915797680616
leaf_count=1597 1753 2379 1738 2161 5172 7398 2737 1071 1218 1041 2861 6921 1350 1520 1322 3738 2511 1339 1665 161779 58292 2294 2302 21271 29626 6756 1655 2167 1269 60014
internal_value=-0.000126379 -0.0015916 -0.00125172 -0.00251584 0.000356045 -0.00120928 -0.000210512 0.00398637 -0.00170607 0.000224797 -0.00348868 0.00255687 0.00127023 0.00579193 -0.00381796 -0.00685996 -0.00151237 0.000327454 -0.0034945 8.12673e-05 0.00108892 -0.0041385 0.00144149 -0.000146754 -0.000778878 0.00133565 -0.00146829 -0.00227262 -0.00060489 -0.000809456
internal_weight=98858.7 12262.7 11685 6538.45 5146.56 3600.69 3207.79 1545.87 6109.64 3196.28 1231.05 1965.23 2531.86 706.642 2913.36 1247.57 1665.8 1363.95 745.482 86596 15972.7 1002.43 14970.3 70623.3 30484.6 7493.03 22991.6 2208.46 15630.8 15315.6
internal_count=398917 49739 47360 26515 20845 14602 13005 6243 24777 12984 5022 7962 10268 2870 11793 5060 6733 5515 3004 349178 64641 4047 60594 284537 122758 30194 92564 8923 62938 61669
is_linear=0
shrinkage=0.05


Tree=89
num_leaves=31
num_cat=0
split_feature=83 78 52 50 55 31 7 39 47 90 51 91 79 78 1 48 39 50 2 79 31 32 25 65 85 40 20 40 49 83
split_gain=8.77556 8.36559 19.829 12.3013 11.0242 9.83162 9.2255 10.9894 11.1299 10.2393 13.1811 16.1891 12.3246 11.8569 11.814 10.3708 15.327 13.4897 16.3223 12.6615 16.7877 11.9715 11.7049 11.4133 15.6836 11.2016 10.6497 10.3031 10.2977 13.8014
threshold=0.6448319941064079 0.014876479074673899 131.93566815038432 143.78882937020433 1505.5247298431125 0.17752950000000003 1.5000000000000002 0.043426071113219687 1.5338011776889244 -0.057304249999999966 2301.8203891505277 0.10883700000000002 38.350000000000001 0.062963778298895309 5.5000000000000009 0.44954341983527762 0.052697892917632265 142.71773644941055 2.5000000000000004 32.95000000000001 0.16965900000000003 0.23290900000000003 0.34894750000000002 -1.4999999999999998 0.51037515592917404 0.044493823323894142 13.500000000000002 0.046533447721378067 123.99167068284596 0.52775447648699847
decision_type=2 2 10 10 10 8 2 8 10 10 10 10 2 2 2 10 10 10 2 2 10 10 10 2 2 10 2 8 8 2
left_child=1 2 3 5 -5 -1 9 8 -8 27 13 12 14 -11 -12 19 17 18 -17 20 26 23 -18 24 -21 -20 -15 -3 -28 -30
right_child=-2 6 -4 4 -6 -7 7 -9 -10 10 11 -13 -14 15 -16 16 22 -19 25 21 -22 -23 -24 -25 -26 -27 28 -29 29 -31
leaf_value=0.0051172908885013593 0.0073107240069363024 -0.0011443635939554046 0.015381895572794645 -0.0107234354999865 0.0012518271394019133 -0.0013494686675591377 0.0057579911726847663 -0.0014740384764232153 -0.00011008321761006253 -0.0070813707850170063 0.00064083553588920538 -0.0071222354205131141 0.0031019865135119393 0.006497095591165937 -0.008584606400381509 -0.0011015593307614397 0.012117364290836971 -0.00068372336059735917 -0.016901560036205056 0.0045183139712993946 0.0067263753439412502 -0.0064488963759580216 1.0779620104328054e-05 0.000307079650099414 -0.0095700815282311422 -0.0064258006762229723 0.0035915572605760612 0.0026611395673363175 -0.00097370845133890093 -0.013374957546511185
leaf_weight=1729.6048839241266 402.78139159083366 2285.3907106071711 260.58280368149281 345.06897975504398 414.90589746832848 882.34706453979015 822.97553946077824 19858.30850045383 26999.806358620524 664.54472015798092 1699.2432673871517 493.15719872713089 7016.4703285992146 450.30000975728035 425.71452324092388 1369.9669522345066 299.62810418009758 3658.9236260354519 311.86615608632565 274.48075048625469 1596.4520526081324 758.49746517837048 562.12301485240459 14015.188238665462 652.20738559961319 1387.9368903189898 505.42072719335556 7934.9943934977055 678.4741119146347 326.49519322812557
leaf_count=6972 1620 9236 1052 1396 1674 3568 3306 80148 108916 2682 6872 1987 28394 1818 1719 5503 1211 14800 1254 1106 6432 3059 2262 56574 2629 5571 2041 31988 2731 1323
internal_value=3.55893e-05 5.15702e-06 0.0023567 0.0013076 -0.00425423 0.00293593 -8.49513e-05 -0.000575867 6.54961e-05 0.000409232 2.34784e-05 0.0016141 0.00209267 -0.000533924 -0.00123894 -0.000369284 -0.00193324 -0.00273815 -0.00517669 0.000247841 0.00293692 -0.000362889 0.00431091 -4.98369e-05 -0.00539348 -0.00843542 -0.000167051 0.0018099 -0.00218353 -0.00509472
internal_weight=99083.9 98681.1 3632.51 3371.93 759.975 2611.95 95048.6 47681.1 27822.8 47367.5 37147.1 9634.59 9141.43 27512.5 2124.96 26848 7590.44 6728.69 3069.77 19257.5 3557.14 15700.4 861.751 14941.9 926.688 1699.8 1960.69 10220.4 1510.39 1004.97
internal_count=399844 398224 14662 13610 3070 10540 383562 192370 112222 191192 149968 38972 36985 110996 8591 108314 30601 27128 12328 77713 14345 63368 3473 60309 3735 6825 7913 41224 6095 4054
is_linear=0
shrinkage=0.05


Tree=90
num_leaves=31
num_cat=0
split_feature=27 95 5 43 89 56 48 64 45 87 25 20 33 39 84 38 45 49 47 7 42 48 93 94 87 30 16 91 86 39
split_gain=9.03566 13.3257 19.8618 13.2664 12.2554 11.9387 10.6362 10.5194 12.8786 12.5746 13.1452 9.94838 13.405 10.9782 12.6146 10.027 11.2735 9.83236 10.3771 9.6256 9.48505 10.2909 10.8282 12.5977 11.2344 9.28199 9.09768 11.8048 9.74073 9.18798
threshold=0.60894550000000014 0.1228865 1.5000000000000002 2286.5145714307891 0.5123430000000001 2.0129224652087481 0.82859243408235939 6.5000000000000009 30.423256693363111 0.0076754999999999471 0.35208950000000006 13.500000000000002 2774.5000000000005 0.045117820763028504 0.52536449236176808 0.28032950000000006 18.901105546805997 128.64607218684014 1.9078785899215382 1.5000000000000002 141.05789765392007 0.28565142547139522 0.035941500000000008 0.29988350000000003 -0.0042655000000000045 0.15345350000000005 2.7350000000000008 -0.081266349999999987 0.11331750000000003 0.029657597804561255
decision_type=10 10 2 10 10 8 10 2 10 8 10 2 2 10 2 8 10 10 10 2 10 10 10 10 10 10 2 8 10 8
left_child=6 2 4 -4 25 -6 11 9 -9 -8 -11 12 17 15 -15 16 -14 18 -1 -5 21 22 23 -7 -25 -2 28 -28 29 -13
right_child=1 -3 3 19 5 20 7 8 -10 10 -12 26 13 14 -16 -17 -18 -19 -20 -21 -22 -23 -24 24 -26 -27 27 -29 -30 -31
leaf_value=-0.00067065729399242607 0.0078187663796925704 0.0037142955444270445 0.0047222958569529188 0.0053615580875152717 -0.0092014535019038553 0.0098738437571225038 0.0056906405946610715 0.004244688693276993 -0.0081998957168271259 0.0048094008754215037 -0.0089108687768522914 0.0023836374206495808 0.0024849669890368311 -0.0042500977622365235 0.0051391790539032202 0.0064773795733444649 -0.0036165573122828396 -0.0069181379370580809 0.0092521742343058457 -0.0059574655929233158 0.0054662494068798972 -0.0033283707306177818 0.0087661001926946994 -0.011383490605886146 -0.00040924177315289123 -0.0034323899223122332 0.0063288670112411939 -0.0045857220153255303 -0.0066314728091544251 -0.000433547106922889
leaf_weight=6709.1431770026684 624.41455666720867 4100.6976659297943 3249.9340540021658 268.77395689487457 477.18642887473106 250.54692316055298 2294.5673634260893 378.74353976547718 438.66805709898472 342.3475389778614 336.85497623682022 3050.7765802890062 7746.1078496426344 1310.0151007324457 481.32943093776703 1377.7862518578768 830.10950019955635 596.82649730145931 264.23978039622307 569.57952772080898 500.01650448143482 3719.3714489489794 351.72457256913185 256.19412563741207 1888.7733887434006 251.06671160459518 269.2435302734375 2264.011954843998 600.29651580750942 53205.620257899165
leaf_count=27083 2517 16730 13102 1085 1934 1015 9232 1528 1766 1391 1358 12299 31261 5289 1938 5549 3347 2416 1066 2294 2011 14971 1415 1032 7645 1011 1087 9125 2440 214598
internal_value=0.000179524 0.00124694 0.000429152 0.00327849 -0.000973334 -0.00163291 -3.42013e-05 0.00254903 -0.00245215 0.00392734 -0.00202582 -0.000158942 0.00082649 0.00188335 -0.0017127 0.00253157 0.00189086 -0.000813571 -0.000281945 -0.00230819 -0.00110205 -0.00161759 0.000702238 -0.000513269 -0.00176674 0.00458988 -0.000479522 -0.00340536 -0.000348585 -0.000280375
internal_weight=99005 16508.3 12407.6 4088.29 8319.29 7443.81 82496.7 3791.18 817.412 2973.77 679.203 78705.5 19315.6 11745.3 1791.34 9954 8576.22 7570.21 6973.38 838.353 6966.63 6466.61 2747.24 2395.51 2144.97 875.481 59389.9 2533.26 56856.7 56256.4
internal_count=399535 66762 50032 16481 33551 30023 332773 15275 3294 11981 2749 317498 77949 47384 7227 40157 34608 30565 28149 3379 28089 26078 11107 9692 8677 3528 239549 10212 229337 226897
is_linear=0
shrinkage=0.05


Tree=91
num_leaves=31
num_cat=0
split_feature=65 45 28 85 44 88 8 16 62 75 16 44 28 37 44 62 43 29 39 49 98 97 48 47 85 97 39 93 31 57
split_gain=9.2802 13.875 18.4627 11.42 10.9082 14.4858 11.1476 10.7893 10.5552 13.6532 15.7486 11.9347 11.3677 10.7096 13.4572 10.4218 12.6246 17.5108 14.3254 10.7969 10.0522 10.0293 9.94798 10.9222 9.77141 9.59818 9.61231 9.48304 14.1566 13.4844
threshold=-1.0000000180025095e-35 -16.734709507005739 0.45336150000000003 0.50878236727437598 34.970462898027371 0.038592500000000036 17.500000000000004 1.7350000000000001 1.0000000180025095e-35 1.0000000180025095e-35 3.2050000000000005 23.158601585993306 0.29460000000000003 0.13756800000000002 32.180333378713534 1.0000000180025095e-35 2312.7948668719596 0.50862900000000011 0.041619025647497691 129.90453165634986 0.037356288577960202 0.7851872067019422 -0.67671240997019255 1.7700302703150341 0.52051972309769579 0.92687960264951086 0.050846067972701518 -0.0097340000000000048 0.17658150000000003 13.271551140955877
decision_type=2 8 10 2 10 10 2 2 2 2 2 8 8 8 10 2 8 8 8 10 2 2 8 10 2 2 10 8 10 10
left_child=1 2 -1 -2 6 7 15 20 11 27 13 -5 -13 14 -11 16 19 18 -18 25 -6 -19 -17 -24 -25 26 -3 -10 -29 -30
right_child=3 4 -4 8 5 -7 -8 -9 9 10 -12 12 -14 -15 -16 22 17 21 -20 -21 -22 -23 23 24 -26 -27 -28 28 29 -31
leaf_value=0.0055781255258137178 -0.0014580974597691292 0.0078160183226091903 -0.007369308689226934 0.0012670242498698065 -0.0011763363914061172 0.011237116100102952 -0.0084077545605028316 0.008708579756419867 0.0016151479824733361 -0.011210133017550016 -0.0053918778059335419 -0.011343661825456909 -0.0010852308232360268 0.0027575969718017538 0.0042012362798777127 0.0066621039779115243 -0.0063005178961285371 -0.012658783340426825 0.0043683215867955016 -0.0037296915057045375 0.0079645583834785632 -0.0023836673215375552 0.00048799221322094261 -0.00034876136194582808 -0.0056142373882071168 0.0023651003665905133 -0.0018611456604550863 -0.0030211580957780781 -0.0010762473347318885 0.0044324439155092148
leaf_weight=362.97805267572403 16805.705359458923 1762.073183208704 1056.0557032525539 6243.5945131182671 1605.2324646264315 534.52527438104153 324.72086426615715 497.65088224411011 4488.6126580387354 304.67786011099815 675.49351085722446 263.71322555840015 21016.062225148082 10942.415874406695 250.16220115125179 480.22736686468124 368.22585588693619 268.82277977466583 1882.7237132042646 540.52725024521351 359.62830927968025 1658.4650650173426 7260.4986252486706 1819.2241771519184 1701.2001718878746 5023.2609633803368 296.06886960566044 5022.7251757234335 3382.2275661230087 1642.2348791956902
leaf_count=1473 67898 7090 4242 25182 6480 2160 1308 2006 18133 1227 2723 1090 84829 44186 1009 1940 1481 1081 7581 2200 1449 6697 29282 7327 6843 20230 1193 20283 13647 6620
internal_value=-1.65923e-05 0.000757687 -0.00404159 -0.000319687 0.00101725 0.00385219 0.000652451 0.00221022 3.32938e-05 0.000741264 0.00197588 -0.000653737 -0.00121763 0.00241307 -0.00431021 0.000783614 0.00182133 -0.000387183 0.00260289 0.00303092 0.000528579 -0.00387481 -0.000304419 -0.000620623 -0.00290193 0.0035515 0.00642167 -0.000293292 -0.00114665 0.000729485
internal_weight=98839.7 27802.1 1419.03 71037.6 26383.1 2997.04 23386 2462.51 54231.9 26708.5 12172.7 27523.4 21279.8 11497.3 554.84 23061.3 11800.2 4178.24 2250.95 7621.93 1964.86 1927.29 11261.2 10780.9 3520.42 7081.4 2058.14 14535.8 10047.2 5024.46
internal_count=398890 112063 5715 286827 106348 12095 94253 9935 218929 107828 49145 111101 85919 46422 2236 92945 47553 16840 9062 30713 7929 7778 45392 43452 14170 28513 8283 58683 40550 20267
is_linear=0
shrinkage=0.05


Tree=92
num_leaves=31
num_cat=0
split_feature=74 37 54 72 16 36 10 97 21 48 33 11 45 65 36 97 92 90 38 24 90 33 28 49 96 90 93 58 88 38
split_gain=8.15964 10.7045 12.232 11.293 11.2877 13.6533 10.3402 9.79735 9.14147 10.048 12.3983 12.3992 11.0321 10.0004 9.60483 9.02939 8.83698 8.75319 12.2916 11.8771 10.7531 16.4006 13.5061 17.1201 14.1956 9.49979 10.8109 9.86088 9.31844 10.8657
threshold=1.0000000180025095e-35 0.21939350000000005 120.92817193669602 3.5000000000000004 0.68500000000000016 0.47201500000000002 -8.4999999999999982 0.6058125050564338 748.50000000000011 -0.59200694782909979 10574.500000000002 1.0000000180025095e-35 -5.8145548717539191 1.0000000180025095e-35 0.51733450000000014 0.95088242481388863 -0.041181649999999986 0.020072850000000034 0.045610450000000004 0.21667900000000004 -0.045042499999999978 552.50000000000011 0.45611050000000003 120.2914423605978 0.37640865000000007 -0.049386349999999989 0.047123000000000019 5350.5000000000009 0.0039019999999999892 0.10762850000000002
decision_type=2 8 8 2 2 10 2 2 2 8 2 2 10 2 10 2 10 8 10 10 10 2 10 8 10 10 10 8 10 10
left_child=7 2 -2 8 5 -4 -7 -1 13 14 11 16 -13 -3 -10 -8 -11 19 -19 20 22 -22 24 -24 -9 26 27 -25 -20 -30
right_child=1 3 4 -5 -6 6 15 17 9 10 -12 12 -14 -15 -16 -17 -18 18 28 -21 21 -23 23 25 -26 -27 -28 -29 29 -31
leaf_value=-0.0072565807730698558 0.01034556949910446 -0.0035083172035823649 -0.0059563807086429584 -0.00036386164772531245 0.0018333968001425082 0.0092242521125367582 -0.0015837845142014828 0.0066555413624937989 -0.0013263355176960125 -0.0081388539530318233 -0.0067311900729957342 0.0020516914325013711 0.012747191902008931 -0.014419011066315511 -0.0074263867000758203 0.0019180514859608066 0.00034541467189677021 -0.004837780181036852 0.0083355871199072267 0.010929917377913831 -0.0074898445289311921 -0.00023071238489709599 0.016343597400690728 0.00246545106234529 -0.0014184154329720873 0.011060452325642466 0.0069729751055098363 -0.0055813466387753981 0.0058028033074166985 0.00074497298216591413
leaf_weight=367.00912754237652 315.88644430041313 686.82903392612934 1063.1442337185144 47703.427628099918 8983.4828253388405 285.5168292671442 5015.7559008896351 635.55628351867199 1400.5857480913401 367.30798843502998 585.11400581896305 816.87412329018116 335.10480551421642 298.86631411314011 1195.2130487114191 2894.9103126525879 1641.1186182945967 512.97156374156475 750.95455314218998 250.72171245515347 829.11845265328884 10709.501268967986 257.50447823107243 1121.6982538849115 3464.4709426313639 317.90639689564705 739.58650717139244 563.76024779677391 1557.0345763117075 3305.159283131361
leaf_count=1489 1296 2801 4273 192391 36222 1153 20238 2578 5683 1492 2366 3311 1354 1234 4874 11651 6648 2072 3024 1011 3343 43206 1035 4507 13986 1282 2969 2264 6320 13351
internal_value=-2.80039e-05 -0.000294641 0.000743511 -0.000644824 0.000571668 -0.000653131 4.11854e-05 0.000744831 -0.00247107 -0.00176846 -0.000109373 0.00113395 0.00524588 -0.00692807 -0.00415277 -0.000301483 -0.00123885 0.000865073 0.0025058 0.000331928 0.000183586 -0.000758358 0.0017132 0.00425631 -0.000153701 0.00306632 0.00197723 -0.000243125 0.00318432 0.00237324
internal_weight=98972.1 73589.1 18558.7 55030.4 18242.8 9259.33 8196.18 25383 7327.01 6341.32 3745.52 3160.41 1151.98 985.695 2595.8 7910.67 2008.43 25015.9 6126.12 18889.8 18639.1 11538.6 7100.48 3000.46 4100.03 2742.95 2425.05 1685.46 5613.15 4862.19
internal_count=399424 296987 74833 222154 73537 37315 33042 102437 29763 25728 15171 12805 4665 4035 10557 31889 8140 100948 24767 76181 75170 46549 28621 12057 16564 11022 9740 6771 22695 19671
is_linear=0
shrinkage=0.05


Tree=93
num_leaves=31
num_cat=0
split_feature=40 83 86 45 86 41 54 91 91 86 54 29 89 47 20 92 83 54 88 42 59 47 21 2 32 38 15 78 42 38
split_gain=10.4372 9.73143 8.85775 15.4967 13.3912 12.4631 10.716 9.78156 18.8428 10.1283 9.69719 9.65776 11.0827 11.5221 8.09274 11.3441 10.5938 10.7707 13.2318 10.9632 12.6331 11.6994 9.34373 9.08034 11.3514 10.7986 11.2175 13.3685 9.7775 9.7065
threshold=0.18929230318209003 0.4635358628925455 0.039871500000000039 -10.522967468686643 -0.11096999999999997 0.07598041804115882 131.51451461921323 0.059816500000000015 0.083047000000000024 -0.081968000000000027 129.27504938935215 0.44414200000000004 0.4275240500000001 1.7799863865285104 13.500000000000002 0.15246900000000002 0.46721323623371169 134.96842887361683 0.079742500000000036 137.72577459481235 6.8554082434248054 1.8924537279284006 6049.5000000000009 2.5000000000000004 0.16952850000000003 0.16418050000000003 66.450000000000017 0.80423872566948795 138.46707265644702 0.16940650000000004
decision_type=10 2 10 8 8 8 8 10 10 10 10 10 10 10 2 10 2 10 10 10 2 10 2 2 10 10 2 2 10 10
left_child=1 2 4 -4 5 -1 -5 9 -9 -6 -10 12 13 -11 15 16 -3 18 19 21 -21 -18 -19 24 -16 26 27 28 -26 -27
right_child=-2 14 3 6 7 -7 -8 8 10 11 -12 -13 -14 -15 23 -17 17 22 -20 20 -22 -23 -24 -25 25 29 -28 -29 -30 -31
leaf_value=-0.010292391854297979 0.0093725825092885739 0.01060146235637043 -0.012612967428326445 0.0027826634456756035 0.010094355293123317 -0.00017365875556173623 -0.0056958619402114035 -0.013312863430446714 -0.0051317516460975404 0.0037293153210053217 0.0082477251786616801 0.0077385217240432784 -0.0080605534907462143 -0.0058042917240240105 0.0020263949311546451 0.010733206276044925 0.00029929413102359234 0.0026204932828022597 0.0058832791607515908 -0.0099724408425357902 -0.0012881833450344566 0.0067720100074846364 0.012255111738256757 -0.00051056106548047389 0.0023918328566173461 0.010397932550608814 -0.011717054662185289 -0.0079524057413448822 -0.0056477281918354584 0.00037650238649233962
leaf_weight=604.91533577442169 283.10769882798195 260.16766557097435 462.60692912340164 623.67991265654564 343.78678353130817 603.13487774133682 898.86241312325001 318.9557418525219 248.45246809720993 1256.7637895643711 275.4072472602129 432.87106269598007 374.43581464886665 413.02727869153023 8891.9573646187782 279.03151133656502 12809.792683646083 2171.7448376119137 974.67098222672939 455.80907568335533 4198.8544636070728 728.43876270949841 276.38959486782551 54179.623354509473 1408.6537332981825 250.03335919976234 317.34687000513077 660.58463087677956 505.6620504707098 3426.7607799619436
leaf_count=2511 1148 1052 1909 2529 1409 2477 3660 1303 1009 5134 1129 1761 1531 1710 35923 1125 51617 8779 3932 1851 16948 2931 1122 218360 5668 1004 1278 2659 2040 13787
internal_value=-4.858e-05 -7.65636e-05 -0.00189213 -0.0046986 -0.000741267 -0.00528338 -0.0022273 0.000766732 -0.00393015 0.00217898 0.00192494 0.00104427 -0.000404034 0.00135064 5.92464e-05 0.000891367 0.000760985 0.000637697 0.000237969 -6.75402e-05 -0.00215815 0.000652307 0.00375365 -0.000205568 0.000862853 -0.000712821 -0.00299335 -0.00187702 0.000249888 0.00108435
internal_weight=98935.5 98652.4 6856.9 1985.15 4871.75 1208.05 1522.54 3663.7 842.815 2820.88 523.86 2477.1 2044.23 1669.79 91795.5 22154.9 21875.9 21615.7 19167.6 18192.9 4654.66 13538.2 2448.13 69640.6 15461 6569.04 2892.25 2574.9 1914.32 3676.79
internal_count=399296 398148 28072 8098 19974 4988 6189 14986 3441 11545 2138 10136 8375 6844 370076 89357 88232 87180 77279 73347 18799 54548 9901 280719 62359 26436 11645 10367 7708 14791
is_linear=0
shrinkage=0.05


Tree=94
num_leaves=31
num_cat=0
split_feature=5 52 29 8 35 79 46 81 34 58 85 96 44 30 86 44 79 85 92 86 30 56 92 22 34 36 29 29 90 50
split_gain=12.8937 12.3839 11.4015 14.3643 11.7498 11.5012 14.3357 11.3993 11.1934 15.2392 11.6933 10.8531 10.4936 10.8541 10.6406 10.4313 10.0264 8.97989 10.8634 17.1197 10.2023 16.1282 9.98291 11.9204 9.67159 9.5727 9.28787 12.4181 12.3705 13.24
threshold=1.5000000000000002 124.52004441325965 0.44552900000000006 15.500000000000002 0.17758650000000001 52.250000000000007 1.8365885344600665 9.2168690127051001 0.52218650000000011 3927.0000000000005 0.51386947198543942 0.37258350000000007 35.544359134410541 0.20960050000000002 -0.13532849999999996 34.970462898027371 21.850000000000005 0.51186880877798457 -0.064082499999999987 0.016614999999999994 0.11791450000000002 2.4608504724481102 0.1417245 0.54672150000000019 0.49851050000000002 0.5646905000000001 0.51354200000000005 0.55004900000000012 0.020072850000000034 145.23901520855853
decision_type=2 10 8 2 8 2 10 2 10 10 2 10 10 10 8 10 2 2 8 10 10 8 8 10 10 10 8 8 10 10
left_child=17 12 4 8 5 6 7 -3 10 -10 15 -7 13 14 16 -4 -2 18 19 -1 21 25 -19 -24 -21 -20 28 -28 29 -23
right_child=1 2 3 -5 -6 11 -8 -9 9 -11 -12 -13 -14 -15 -16 -17 -18 22 20 24 -22 26 23 -25 -26 -27 27 -29 -30 -31
leaf_value=0.010913223066735186 -0.012903717610385126 -0.0032300449915253237 -0.00062129856882258869 0.0089460109234672288 -0.012358516053168588 -0.011753874728389731 0.0064609457420210948 0.007538794749387622 0.00090041123927857595 -0.0038924360132620525 0.0038965613376716543 -0.0024389339331813338 0.0077704350632879365 0.0045931677496522791 0.0013822405458259687 0.0056743190042994052 -0.00017996209258711225 -0.00014495099329023478 -0.017473291156881923 0.0044070436493723374 -0.00083230420163614557 0.00062873422442985029 0.0013444442674396427 0.012015887121004452 -0.0084518264108761273 -0.0050698217830782728 -0.0091603748595545514 -0.0018027524097460085 0.0086712728862273908 -0.0096810210100924231
leaf_weight=448.04698666930199 251.01463440060616 1595.2408158779144 4883.4001572132111 509.17543359100819 248.35273264348507 377.33351078629494 772.94023157656193 280.46526816487312 4116.8995726704597 2764.1046096533537 3519.1081455349922 1669.124420017004 777.91126430034637 2523.5346674025059 6740.1893612891436 750.19518849253654 381.30066326260567 45697.139325231314 286.52539990842342 282.87287436425686 13379.059178769588 1419.6954405903816 965.82934011518955 350.53494881093502 283.0497639477253 352.21298870444298 890.18748395144939 1598.2603804767132 337.26243610680103 388.53104062378407
leaf_count=1811 1011 6464 19686 2048 1013 1535 3139 1136 16586 11146 14186 6773 3138 10166 27189 3025 1537 184412 1156 1142 54013 5727 3907 1409 1144 1430 3577 6487 1362 1567
internal_value=3.798e-07 0.000822526 0.000130703 0.00076042 -0.00197388 -0.00139947 0.000776069 -0.00158839 0.00049506 -0.00102773 0.00163977 -0.00420526 0.00221372 0.00176951 0.000798091 0.000225623 -0.00535326 -0.000396217 -0.00129308 0.00372342 -0.00156764 -0.00342839 -2.08662e-05 0.00425531 -0.00205948 -0.0108173 -0.0023888 -0.00446091 2.40866e-05 -0.00162757
internal_weight=98839.5 32160.3 21486.3 16542.9 4943.46 4695.1 2648.65 1875.71 16033.7 6881 9152.7 2046.46 10674 9896.04 7372.5 5633.6 632.315 66679.2 19665.7 1013.97 18651.7 5272.68 47013.5 1316.36 565.923 638.738 4633.94 2488.45 2145.49 1808.23
internal_count=398922 129778 86737 66677 20060 19047 10739 7600 64629 27732 36897 8308 43041 39903 29737 22711 2548 269144 79416 4097 75319 21306 189728 5316 2286 2586 18720 10064 8656 7294
is_linear=0
shrinkage=0.05


Tree=95
num_leaves=31
num_cat=0
split_feature=16 93 57 48 5 68 53 96 29 74 24 52 48 38 28 41 35 98 98 2 92 20 44 41 72 29 99 48 26 91
split_gain=8.34882 8.68319 11.177 7.89132 8.14067 11.4355 16.453 11.4344 12.7674 10.6006 15.4654 11.5232 11.0608 14.301 15.6829 10.6515 13.6721 10.3987 14.8952 17.4418 13.0747 10.6971 10.5855 10.6008 10.1266 10.4215 10.8989 14.0076 12.5613 9.75887
threshold=4.4650000000000007 0.10647900000000002 14.713964401384535 -0.79556964862466717 1.5000000000000002 1.0000000180025095e-35 2502.685395602487 0.32474880000000006 0.46878600000000009 1.0000000180025095e-35 0.22347450000000002 128.32262006292379 0.44017710175682379 0.23143350000000004 0.28187050000000008 0.079489404922701762 0.12710750000000001 0.029600907295412929 0.006827944040354251 3.5000000000000004 0.078495500000000024 16.500000000000004 33.537822253372291 0.060177356091065538 3.5000000000000004 0.42746400000000001 0.013285500000000007 -0.55226981223460569 0.46376850000000008 0.054436000000000005
decision_type=2 10 10 8 2 2 10 10 8 2 8 8 10 10 10 10 10 2 2 2 8 2 10 10 2 10 10 8 10 10
left_child=1 3 -3 -1 5 24 7 8 -7 11 12 15 13 14 -11 16 -6 18 20 -20 22 -19 23 -14 25 -5 28 -28 -27 -26
right_child=-2 2 -4 4 9 6 -8 -9 -10 10 -12 -13 17 -15 -16 -17 -18 21 19 -21 -22 -23 -24 -25 29 26 27 -29 -30 -31
leaf_value=-0.0053468631524319762 -0.0047739970418277447 0.0052182681168654339 -0.0044367616768555629 0.0016863854199751669 0.0089219838465614022 -0.0091759522208870372 -0.0029235524865581994 0.0017476648689471739 0.00067310133218335261 -0.010081334780559247 -0.011337342178681551 0.0038961548338724986 0.0065478082099138238 0.0052256643650082811 0.00087104427974285341 0.0067836272839861093 -0.0028963736373637575 0.0053551334363604328 0.0042697694235073668 -0.0074961665568529139 0.006805267244861312 -0.0015045127684352932 -0.0066207491220863354 -0.0011985147975140929 -2.2888896746523665e-05 -0.0037234773425266592 -0.012662348957724522 -0.0032336183645024839 0.0039491284304395786 -0.0017878713960005938
leaf_weight=691.61027990281582 913.40060546994209 1528.6731912493706 364.11942139267921 1074.8680609017611 266.98318955302238 512.34725004434586 2654.0773715823889 14318.053782165051 885.79793877899647 326.85234500467777 280.46881450712681 4441.9004889130592 487.898970246315 1898.5179514437914 11026.504386439919 449.28693503141403 2102.9997048079967 1153.5837197750807 376.83526334166527 1748.1880698055029 543.06273378431797 1104.2318080216646 777.563406214118 3901.4597785025835 29860.419749602675 2287.0725695341825 651.87679681181908 997.21822714805603 685.87920174002647 10606.255662068725
leaf_count=2807 3679 6175 1468 4434 1075 2075 10700 57708 3574 1330 1137 17935 1969 7683 44495 1813 8482 4675 1517 7028 2187 4466 3135 15711 120521 9280 2643 4032 2764 42753
internal_value=-4.1928e-05 2.65739e-06 0.00334736 -6.35534e-05 -2.47034e-05 -0.000344193 0.000710653 0.00132585 -0.0029756 0.000642733 0.000128875 0.00231216 0.000271428 0.00122084 0.000547141 -0.000188446 -0.00153312 -0.000975125 -0.00183636 -0.00539946 -0.000503203 0.00200844 -0.00128301 -0.000324546 -0.00076402 -0.00273587 -0.00376569 -0.00701459 -0.00194605 -0.000485816
internal_weight=98918 98004.6 1892.79 96111.8 95420.2 64533.9 18370.3 15716.2 1398.15 30886.3 23625.2 7261.17 23344.7 13251.9 11353.4 2819.27 2369.98 10092.8 7835.01 2125.02 5709.98 2257.82 5166.92 4389.36 46163.6 5696.91 4622.05 1649.1 2972.95 40466.7
internal_count=399251 395572 7643 387929 385122 260484 74057 63357 5649 124638 95333 29305 94196 53508 45825 11370 9557 40688 31547 8545 23002 9141 20815 17680 186427 23153 18719 6675 12044 163274
is_linear=0
shrinkage=0.05


Tree=96
num_leaves=31
num_cat=0
split_feature=21 53 53 34 41 88 39 99 88 31 28 33 58 58 53 45 92 17 28 27 14 27 1 34 28 21 21 99 21 89
split_gain=6.70582 12.9133 11.9892 21.1014 10.2561 16.3897 12.2359 11.0719 12.3996 12.9682 10.264 14.1394 10.146 9.85924 9.72488 10.4127 13.9724 9.50492 8.92627 8.50563 8.45365 8.27973 9.37696 8.24282 8.10229 9.79819 9.64119 8.02545 9.01299 7.8449
threshold=1673.5000000000002 2669.6249592799945 2505.4575141133578 0.52521950000000006 0.080129457541379193 -1.0000000180025095e-35 0.066131459286895955 0.031599000000000016 0.013820000000000001 0.194134 0.46596800000000005 9956.5000000000018 669.50000000000011 422.00000000000006 2404.6463153288973 17.665189922579923 0.054307500000000002 1.5000000000000002 0.47440600000000005 0.44136700000000006 1.0000000180025095e-35 0.62981500000000012 3.5000000000000004 0.46532100000000004 0.49125850000000004 603.50000000000011 422.50000000000006 0.058505300000000017 308.50000000000006 0.50984940000000012
decision_type=2 10 10 8 8 10 10 10 10 10 10 2 8 10 10 10 10 2 10 10 2 10 2 8 10 2 2 10 2 10
left_child=1 2 4 17 6 10 13 21 9 -9 23 18 -2 -1 -15 16 -16 -4 -12 -11 -5 29 -23 -6 26 -26 -10 28 -20 -7
right_child=12 -3 3 20 5 7 -8 8 24 19 11 -13 -14 14 15 -17 -18 -19 27 -21 -22 22 -24 -25 25 -27 -28 -29 -30 -31
leaf_value=0.0008725129552802415 0.0071910669689105857 -0.010711830778477132 0.0074058309005762242 0.0043500723939989879 -0.0085944683150458705 0.0015001986143364401 0.00522774597098707 -0.0065002066166130919 -0.0041466087208469954 0.0097746329635821829 0.013047420512026401 -0.0038944257128922587 0.00028310808315143595 -0.0020679594321615694 -0.010723381601039835 0.0020845385728079004 -0.00037272071930679148 -0.0030299316222832805 -0.0029687869140581982 -0.00071724190769545133 0.015290846558354457 0.010154848773872632 -0.0011904190375754808 0.00054091734074423797 -0.011237859480085516 -0.00091300310622857781 -0.01683852892526267 0.011992460881063741 0.0044057538392876516 -0.0028155112298813853
leaf_weight=2118.5969542860985 525.78621418774128 299.55069142580032 272.33603884279728 352.27184322476387 250.38024085760117 1840.3862609863281 574.23658412694931 493.63310328125954 276.09949250519276 327.44839195907116 285.34464478492737 547.91387610137463 67438.503560349345 7239.0185425281525 1122.4193155765533 320.21686065196991 458.90885309875011 951.18693819642067 499.08099663257599 448.86087499558926 367.71687945723534 375.71836839616299 341.47275978326797 4767.9091368615627 322.20443364977837 751.87478365004063 340.11638331413269 269.43179607391357 2266.6525173932314 2436.1413946002722
leaf_count=8593 2117 1221 1112 1422 1018 7436 2309 1987 1127 1325 1145 2212 272104 29247 4541 1295 1859 3838 2011 1808 1485 1519 1378 19280 1296 3018 1377 1083 9149 9803
internal_value=5.98948e-05 -0.000550488 -0.000447608 0.00334276 -0.000705593 8.72203e-05 -0.001833 -0.0015605 -0.00397781 -0.000237823 0.00156209 0.0034939 0.0003376 -0.00219743 -0.00290916 -0.00608397 -0.00774079 -0.000665896 0.00472107 0.00377627 0.0100707 -0.000122445 0.00481099 6.89348e-05 -0.00676979 -0.00408537 -0.0113089 0.00389801 0.0030691 -0.000959096
internal_weight=98881.4 30917.1 30617.6 1943.51 28674.1 16840.7 11833.4 7953.96 2960.24 1269.94 8886.71 3868.42 67964.3 11259.2 9140.56 1901.55 1581.33 1223.52 3320.51 776.309 719.989 4993.72 717.191 5018.29 1690.3 1074.08 616.216 3035.17 2765.73 4276.53
internal_count=399115 124894 123673 7857 115816 67972 47844 32074 11938 5120 35898 15600 274221 45535 36942 7695 6400 4950 13388 3133 2907 20136 2897 20298 6818 4314 2504 12243 11160 17239
is_linear=0
shrinkage=0.05


Tree=97
num_leaves=31
num_cat=0
split_feature=33 46 31 45 33 35 37 94 14 29 68 41 31 45 94 27 41 51 69 44 62 88 48 33 27 35 15 30 92 87
split_gain=9.63248 15.6945 11.2388 10.4559 9.5876 12.5881 11.7792 11.4351 15.693 12.4531 18.524 14.4214 14.1699 10.143 12.6637 10.3986 10.1203 9.62317 10.1816 9.48168 9.72739 12.1138 12.0295 10.4047 18.89 10.2733 11.7285 15.7589 13.4133 10.0137
threshold=115.50000000000001 1.6689888022720734 0.11463100000000002 2.4428101883352942 5524.5000000000009 0.14088850000000003 0.41067350000000008 0.33759550000000005 1.0000000180025095e-35 0.58202150000000008 1.0000000180025095e-35 0.067642004359072416 0.13650500000000002 18.00148167174002 0.48963350000000005 0.74744900000000014 0.061473573658134786 2042.7229343206427 1.0000000180025095e-35 15.850330266593826 1.0000000180025095e-35 0.079742500000000036 0.46054092635737148 2650.5000000000005 0.64321050000000013 0.15447350000000001 52.45000000000001 0.10856500000000001 0.024774499999999994 0.087305000000000035
decision_type=2 8 10 8 2 10 10 8 2 8 2 8 10 10 8 10 8 10 2 8 2 10 10 2 10 10 2 8 10 8
left_child=1 -1 -3 -4 19 6 -6 8 16 10 11 -10 -13 14 -9 17 -7 -15 -19 -2 21 23 -23 24 -21 29 -27 -28 -29 -25
right_child=4 2 3 -5 5 7 -8 13 9 -11 -12 12 -14 15 -16 -17 -18 18 -20 20 -22 22 -24 25 -26 26 27 28 -30 -31
leaf_value=0.0062504848476184734 0.0029184908803403229 0.00032809087692963162 0.0014416937626173625 -0.0087055922883159716 0.0023379059466556306 -0.0088267054423935131 -0.0031365113047802668 -0.0002485623587335848 -0.0037963565535609821 -0.00060822107099793067 0.015589362891701992 0.016373865416442767 0.0025557233031733352 0.0061845416475104064 -0.0058494951761597636 -0.012339303302700175 -5.3829017276306209e-06 -0.0022387106371555602 -0.010883355527210476 -0.00071151995500612288 0.0012101236052771257 0.0076135614630816863 -0.0033659909682383486 0.0016757543069318846 -0.0071488412573213721 0.0011567797269647882 0.0046737201885477522 -0.013497766035563573 -0.0018409390854933424 0.011815782372893963
leaf_weight=412.20823590457439 4385.8624223321676 884.15790858864784 313.5152690410614 1268.7627271711826 6516.3917605280876 360.7633930593729 1147.8342494219542 19526.467159047723 425.83973303437233 868.04229928553104 429.73219786584377 279.92380110919476 528.21700669825077 311.81722374260426 1054.284825950861 257.14964742958546 2642.2350408434868 7149.935207054019 348.66657045483589 13832.104909151793 24330.940936267376 899.68523523211479 337.07737402617931 5742.2964036017656 1232.3113703280687 1833.1879961043596 311.10146705806255 525.16826562583447 464.70133885741234 244.70838165283203
leaf_count=1664 17650 3571 1267 5135 26318 1473 4619 78736 1715 3554 1735 1128 2133 1253 4345 1036 10704 28775 1408 55822 98227 3653 1364 23171 4974 7400 1257 2118 1874 987
internal_value=0.000167605 -0.00267724 -0.00418852 -0.00669856 0.000253192 -0.000315151 0.00151501 -0.000725817 0.00135305 0.00424479 0.00676535 0.00359178 0.00748368 -0.00112778 -0.000538181 -0.00262934 -0.00109091 -0.00229428 -0.00265462 0.000692475 0.0004957 -0.00018826 0.00461811 -0.000435847 -0.0012425 0.00089632 -0.00141996 -0.00503194 -0.00809853 0.00210922
internal_weight=98865.1 2878.64 2466.44 1582.28 95986.4 41847.3 7664.23 34183.1 5534.75 2531.76 1663.71 1233.98 808.141 28648.3 20580.8 8067.57 3003 7810.42 7498.6 54139.1 49753.3 25422.3 1236.76 24185.6 15064.4 9121.16 3134.16 1300.97 989.87 5987
internal_count=399066 11637 9973 6402 387429 168932 30937 137995 22442 10265 6711 4976 3261 115553 83081 32472 12177 31436 30183 218497 200847 102620 5017 97603 60796 36807 12649 5249 3992 24158
is_linear=0
shrinkage=0.05


Tree=98
num_leaves=31
num_cat=0
split_feature=37 31 92 92 30 32 32 40 30 87 37 31 54 26 54 0 40 89 91 30 96 16 37 26 58 86 33 30 2 32
split_gain=8.91129 13.0612 12.4319 11.9581 23.1936 18.464 20.2051 14.8525 14.7218 12.6258 14.8711 12.5323 12.4111 11.8218 14.6817 20.3824 13.923 11.0348 16.2101 11.275 11.0081 10.9879 12.1779 10.8077 15.7427 11.7773 10.7713 13.0495 12.7358 12.2397
threshold=0.22494450000000002 0.24756450000000005 0.048978000000000001 0.029631000000000008 0.15898500000000002 0.16952850000000003 0.17050200000000001 0.037408355493659694 0.27486250000000007 -0.030073499999999972 0.3865435000000001 0.18148800000000001 137.29693686357629 0.42992150000000007 127.90037290872361 5.5000000000000009 0.082523340227666983 0.47848690000000005 -0.11220764999999998 0.075370250000000014 0.37877475000000005 1.9550000000000003 0.25201350000000006 0.43394450000000007 3195.5000000000005 -0.16876099999999997 9196.5000000000018 0.38585600000000003 3.5000000000000004 0.19517500000000002
decision_type=8 10 10 10 10 10 10 8 10 10 10 10 10 10 8 2 10 10 10 10 10 2 10 10 10 10 2 10 2 10
left_child=-1 2 3 5 9 -2 -7 -8 12 10 -5 -10 17 14 15 -4 23 19 -19 -9 -20 22 -21 24 -15 -25 27 29 -28 -3
right_child=1 26 13 4 -6 6 7 8 11 -11 -12 -13 -14 16 -16 -17 -18 18 20 21 -22 -23 -24 25 -26 -27 28 -29 -30 -31
leaf_value=0.00080060921676990745 0.00011369356880003311 -0.0042374906583586567 0.012460790096645323 0.0036682641092049026 0.0034631957809997775 -0.013069241468431875 0.0071676598903855377 -0.0070564614994029192 -0.013950312645397376 -0.0060100449303287099 -0.0073441835627798312 -0.0025239711136780512 -0.010469176443393747 0.015430102716009414 -0.0063181995495590121 -0.0036487529810633832 -0.0060596046210258199 0.0064806342380310912 -0.01054030519746554 -0.0070324953587045979 -0.002690724549707469 -0.0067338256500223395 0.003338337096958801 -0.0068373187337498259 0.00058087404709699275 0.00023132153914007223 -0.011713111123751081 -0.0042189454143863438 0.00092891768324198482 0.0056952733002975132
leaf_weight=27223.040939375758 36159.422972932458 339.68866437673569 264.75466999411583 1166.1365804672241 5546.5384060442448 399.22685313224792 438.42417389154434 411.11662827432156 453.58016912639141 1186.7044455558062 404.72992685437202 508.79865635931492 366.4117955416441 257.49966721236706 2585.950320199132 678.48512263596058 1062.2389332354069 437.70364843308926 485.60042862594128 301.35469871759415 4715.8498691767454 352.14484067261219 3172.4885621517897 670.69792948663235 538.892493724823 4382.9992498010397 253.41586196422577 467.40427088737488 812.34659245610237 2913.7832482606173
leaf_count=109763 146159 1375 1067 4701 22379 1609 1762 1665 1834 4785 1631 2055 1480 1037 10462 2738 4277 1759 1954 1218 18969 1427 12845 2705 2169 17646 1025 1895 3286 11767
internal_value=3.05634e-05 -0.000261738 -0.000442257 -0.000149221 0.00160205 -0.000451195 -0.00214602 -0.00176059 -0.00211601 -0.0021404 0.000802425 -0.00799742 -0.00155615 -0.00202641 -0.00437676 0.000956263 -0.000821821 -0.00121522 -0.00266205 0.00071211 -0.00344237 0.00156309 0.00242107 0.000137955 0.00551392 -0.000718438 0.00225872 0.0035262 -0.00215803 0.00464841
internal_weight=98957.4 71734.4 66947.8 56506.2 8304.11 48202.1 12042.7 11643.5 11205 2757.57 1570.87 962.379 10242.7 10441.5 3529.19 943.24 6912.33 9876.26 5639.15 4237.1 5201.45 3825.99 3473.84 5850.09 796.392 5053.7 4786.64 3720.88 1065.76 3253.47
internal_count=399444 289681 270333 228232 33496 194736 48577 46968 45206 11117 6332 3889 41317 42101 14267 3805 27834 39837 22682 17155 20923 15490 14063 23557 3206 20351 19348 15037 4311 13142
is_linear=0
shrinkage=0.05


Tree=99
num_leaves=31
num_cat=0
split_feature=29 89 20 28 57 92 96 55 51 54 48 24 42 24 92 89 54 45 96 97 14 89 20 45 96 95 70 23 61 94
split_gain=8.80505 15.0329 8.06623 11.2914 14.1035 13.6676 14.9051 12.21 11.6998 11.1094 10.197 7.86234 14.2551 8.72322 6.69984 8.42438 11.6135 11.0157 10.7169 9.66484 7.59285 6.8869 6.46255 6.29127 6.21497 11.7867 7.59322 5.8983 7.75552 13.8148
threshold=0.74106000000000016 0.70571665000000017 20.500000000000004 0.40037450000000008 9.4834807619828254 0.040565500000000011 0.53611069500000008 1451.9830701962285 2238.4955107901947 124.49507326606044 -0.73977561409380599 0.17398650000000002 134.91052068790745 0.16554150000000004 0.029631000000000008 0.59202005000000013 131.8684926433439 10.482949808767126 0.43416950000000004 0.92818613288128204 1.0000000180025095e-35 0.47719930000000005 16.500000000000004 21.510213016837138 0.64823930000000007 0.108913 2.5000000000000004 0.12295350000000001 1.0000000180025095e-35 0.37716250000000007
decision_type=10 10 2 8 10 8 10 8 10 8 8 10 10 10 10 10 10 10 10 2 2 10 2 10 8 8 2 10 2 10
left_child=1 2 24 4 -4 9 7 -7 -6 -5 -11 13 -13 14 15 17 18 21 -17 20 -19 -12 -3 -21 27 -26 -27 -1 -29 -30
right_child=-2 22 3 5 8 6 -8 -9 -10 10 11 12 -14 -15 -16 16 -18 19 -20 23 -22 -23 -24 -25 25 26 -28 28 29 -31
leaf_value=0.0039839560837659077 -0.0090180093060678573 0.0026421498209647544 -0.0045692225343854963 -0.0073577032838286803 0.014862559105515136 -0.012345459669938264 -0.014887556056560667 -0.001441062968363168 0.001748098511869643 -0.0098611491851692754 0.007105277825959125 -1.4586922856382586e-05 0.013837675418413388 -0.0068482759132249176 0.0055379820320875326 -0.0079952395459824185 0.011724509648505993 -0.0046199545421841742 0.0061811688470637975 -0.0094856975505909977 0.0061981594991140799 -0.00049264182458612143 0.013817622088481052 -0.002811562777553598 0.0026436532598511277 -0.0033926813209411949 -0.013059240444988846 0.00022933404217234058 -0.0034167316692439867 0.00057951862587605053
leaf_weight=963.47453092038631 264.4040450155735 261.19449433684349 351.54920400679111 611.12563452124596 299.84709259867668 310.78089982271194 350.78624777495861 1303.0693864226341 383.78252448141575 260.13270796835423 404.55268511176109 562.14724281430244 267.34372951090336 502.16022552549839 483.15609829127789 245.22663688659668 293.26776160299778 296.65956760942936 269.17266903817654 733.74702276289463 334.78175531327724 1058.9504396021366 258.21380367875099 694.85467854142189 552.65424227714539 650.96456779539585 292.70948067307472 77033.855158105493 4168.9702958762646 4476.9628101140261
leaf_count=3885 1065 1054 1432 2467 1216 1254 1410 5246 1565 1050 1634 2265 1075 2018 1944 997 1204 1193 1101 2957 1347 4262 1046 2794 2224 2610 1175 310946 16807 18144
internal_value=-7.38848e-05 -4.90075e-05 -9.43189e-05 -0.00143808 0.00348409 -0.00200861 -0.0056839 -0.00360403 0.00763158 -0.00097301 -0.000353414 6.43698e-05 0.00456163 -0.000644544 1.53864e-05 -0.000612009 0.00396333 -0.00166901 -0.000600658 -0.00401752 0.00112288 0.0016416 0.00835388 -0.00628159 5.85457e-05 -0.00312557 -0.00649656 0.00011389 6.99107e-05 -0.00134915
internal_weight=98940.5 98676.1 98156.7 10017.1 1035.18 8981.92 1964.64 1613.85 683.63 7017.28 6406.15 6146.02 829.491 5316.53 4814.37 4331.21 807.667 3523.55 514.399 2060.04 631.441 1463.5 519.408 1428.6 88139.6 1496.33 943.674 86643.3 85679.8 8645.93
internal_count=399387 398322 396222 40431 4213 36218 7910 6500 2781 28308 25841 24791 3340 21451 19433 17489 3302 14187 2098 8291 2540 5896 2100 5751 355791 6009 3785 349782 345897 34951
is_linear=0
shrinkage=0.05


end of trees

feature_importances:
batter_team_id=116
tm_m_horz_break=76
form_blend=74
asof_pitcher_offspeed_rate=70
platoon=70
rev_plus_mid=65
tm_m_induced_vert_break=64
asof_pitcher_ball_rate=62
asof_pitcher_reverse_rate=56
asof_pitcher_prev5_game_success_rate=56
asof_pitcher_n=55
tm_m_rel_side=55
tm_rel_var_rel_height=54
asof_pitcher_breaking_rate=53
tm_v_offspeed=52
asof_pitcher_strike_rate=51
mid_dev3=51
asof_pitcher_prev1_game_success_rate=50
asof_pitcher_prev5_game_middle_rate=50
tm_rel_var_rel_side=49
tm_m_rel_height=49
tm_m_extension=47
tm_v_breaking=46
tm_sp_offspeed=45
tm_prior_n=45
pitcher_team_id=44
asof_pitcher_middle_rate=43
asof_pitcher_prev3_game_success_rate=43
form_dev1=42
asof_batter_middle_rate=41
form_dev5=41
asof_batter_success_rate=40
cnt_diff=39
p_succ_eb1000=39
form_dev3=39
cnt_code=38
mix_entropy=38
mid_dev1=37
tm_m_zone_speed=36
we_pitcher=36
game_month=35
asof_pitcher_success_rate=35
asof_pitcher_prev1_game_middle_rate=35
tm_m_rel_speed=35
hand_combo=35
asof_pitcher_prev3_game_middle_rate=33
tm_sp_fastball=33
tm_sp_breaking=33
tm_rel_var_extension=32
tm_m_spin_rate=32
p_succ_eb200=32
breaking_plus_off=32
is_F=31
strike_minus_ball=29
asof_batter_n=28
tm_velo_sep=26
form_blend_dev=25
li=24
b_succ_eb500=24
mid_dev5=24
asof_pitcher_fastball_rate=20
inning=19
tm_v_fastball=19
game_dayofweek=18
outs_before=16
run_total_before=16
balls_before=15
num_runners_on=15
home_win_expectancy=15
tm_n_types=14
pb_succ_gap=14
pb_mid_gap=14
run_bot_before=13
strikes_before=12
log_pitcher_n=10
abs_score_diff=9
batter_hand=8
pitcher_ahead=8
log_batter_n=8
run_top_before=7
score_diff_pitcher_team=7
pitch_of_pa_est=7
log_li=7
pitcher_hand=6
is_full=5
score_diff_home=4
tm_log_n=4
base_code=4
is_bottom=3
is_3ball=3
is_2strike=3
scoring_pos=2
late_close=2
runner_on_1b=1
runner_on_3b=1
close_game=1

parameters:
[boosting: gbdt]
[objective: binary]
[metric: binary_logloss]
[tree_learner: serial]
[device_type: cpu]
[data_sample_strategy: bagging]
[data: ]
[valid: ]
[num_iterations: 100]
[learning_rate: 0.05]
[num_leaves: 31]
[num_threads: 6]
[seed: 4]
[deterministic: 0]
[force_col_wise: 0]
[force_row_wise: 1]
[histogram_pool_size: -1]
[max_depth: -1]
[min_data_in_leaf: 1000]
[min_sum_hessian_in_leaf: 0.001]
[bagging_fraction: 0.8]
[pos_bagging_fraction: 1]
[neg_bagging_fraction: 1]
[bagging_freq: 1]
[bagging_seed: 4]
[bagging_by_query: 0]
[feature_fraction: 0.7]
[feature_fraction_bynode: 1]
[feature_fraction_seed: 4]
[extra_trees: 0]
[extra_seed: 27504]
[early_stopping_round: 0]
[early_stopping_min_delta: 0]
[first_metric_only: 0]
[max_delta_step: 0]
[lambda_l1: 0]
[lambda_l2: 10]
[linear_lambda: 0]
[min_gain_to_split: 0]
[drop_rate: 0.1]
[max_drop: 50]
[skip_drop: 0.5]
[xgboost_dart_mode: 0]
[uniform_drop: 0]
[drop_seed: 27159]
[top_rate: 0.2]
[other_rate: 0.1]
[min_data_per_group: 100]
[max_cat_threshold: 32]
[cat_l2: 10]
[cat_smooth: 10]
[max_cat_to_onehot: 4]
[top_k: 20]
[monotone_constraints: ]
[monotone_constraints_method: basic]
[monotone_penalty: 0]
[feature_contri: ]
[forcedsplits_filename: ]
[refit_decay_rate: 0.9]
[cegb_tradeoff: 1]
[cegb_penalty_split: 0]
[cegb_penalty_feature_lazy: ]
[cegb_penalty_feature_coupled: ]
[path_smooth: 0]
[interaction_constraints: ]
[verbosity: -1]
[saved_feature_importance_type: 0]
[use_quantized_grad: 0]
[num_grad_quant_bins: 4]
[quant_train_renew_leaf: 0]
[stochastic_rounding: 1]
[linear_tree: 0]
[max_bin: 255]
[max_bin_by_feature: ]
[min_data_in_bin: 3]
[bin_construct_sample_cnt: 200000]
[data_random_seed: 4]
[is_enable_sparse: 1]
[enable_bundle: 1]
[use_missing: 1]
[zero_as_missing: 0]
[feature_pre_filter: 1]
[pre_partition: 0]
[two_round: 0]
[header: 0]
[label_column: ]
[weight_column: ]
[group_column: ]
[ignore_column: ]
[categorical_feature: ]
[forcedbins_filename: ]
[precise_float_parser: 0]
[parser_config_file: ]
[objective_seed: 17345]
[num_class: 1]
[is_unbalance: 0]
[scale_pos_weight: 1]
[sigmoid: 1]
[boost_from_average: 1]
[reg_sqrt: 0]
[alpha: 0.9]
[fair_c: 1]
[poisson_max_delta_step: 0.7]
[tweedie_variance_power: 1.5]
[lambdarank_truncation_level: 30]
[lambdarank_norm: 1]
[label_gain: ]
[lambdarank_position_bias_regularization: 0]
[eval_at: ]
[multi_error_top_k: 1]
[auc_mu_weights: ]
[num_machines: 1]
[local_listen_port: 12400]
[time_out: 120]
[machine_list_filename: ]
[machines: ]
[gpu_platform_id: -1]
[gpu_device_id: -1]
[gpu_device_id_list: ]
[gpu_use_dp: 0]
[num_gpu: 1]

end of parameters

pandas_categorical:[]
