tree
version=v4
num_class=1
num_tree_per_iteration=1
label_index=0
max_feature_idx=99
objective=binary sigmoid:1
feature_names=game_month game_dayofweek inning balls_before strikes_before outs_before run_top_before run_bot_before run_total_before score_diff_home score_diff_pitcher_team runner_on_1b runner_on_2b runner_on_3b num_runners_on home_win_expectancy li pitcher_hand batter_hand pitcher_team_id batter_team_id asof_pitcher_n asof_pitcher_success_rate asof_pitcher_reverse_rate asof_pitcher_middle_rate asof_pitcher_ball_rate asof_pitcher_strike_rate asof_pitcher_prev1_game_success_rate asof_pitcher_prev3_game_success_rate asof_pitcher_prev5_game_success_rate asof_pitcher_prev1_game_middle_rate asof_pitcher_prev3_game_middle_rate asof_pitcher_prev5_game_middle_rate asof_batter_n asof_batter_success_rate asof_batter_middle_rate asof_pitcher_fastball_rate asof_pitcher_breaking_rate asof_pitcher_offspeed_rate tm_rel_var_rel_height tm_rel_var_rel_side tm_rel_var_extension tm_m_rel_speed tm_m_spin_rate tm_m_induced_vert_break tm_m_horz_break tm_m_extension tm_m_rel_height tm_m_rel_side tm_m_zone_speed tm_v_fastball tm_sp_fastball tm_v_breaking tm_sp_breaking tm_v_offspeed tm_sp_offspeed tm_n_types tm_velo_sep tm_prior_n tm_log_n tm_has is_F is_bottom base_code cnt_code cnt_diff is_3ball is_2strike pitcher_ahead is_full pitch_of_pa_est platoon hand_combo scoring_pos abs_score_diff close_game blowout late_close log_li we_pitcher log_pitcher_n log_batter_n is_rookie_p p_succ_eb200 p_succ_eb1000 b_succ_eb500 form_dev1 form_dev3 form_dev5 form_blend form_blend_dev mid_dev1 mid_dev3 mid_dev5 rev_plus_mid strike_minus_ball breaking_plus_off mix_entropy pb_succ_gap pb_mid_gap
feature_infos=[3:10] [0:6] [1:13] [0:3] [0:2] [0:2] [0:30] [0:22] [0:36] [-27:19] [-27:27] [0:1] [0:1] [0:1] [0:3] [0:100] [0:10.83] [1:2] [1:2] [12:25] [12:25] [0:15449] [0:1] [0:1] [0:1] [0:1] [0:1] [0:1] [0.125:0.92857100000000004] [0.14583299999999999:0.84999999999999998] [0:1] [0:0.52941199999999999] [0:0.5] [0:13926] [0:1] [0:1] [0:1] [0:1] [0:0.66666700000000001] [0.013637649574865166:0.18554997200386428] [0.023687706151775116:0.23732486323619806] [0.031366467788529473:0.13700466977235751] [108.45118171673819:148.8045327198364] [1647.0762547857457:2618.9695819456679] [-11.586682218856058:49.265559574468085] [-33.423814428051948:47.192352120698978] [1.4374507923299569:2.0926419850537132] [0.32885211056511054:1.9900524966666668] [-1.0251837142857143:1.1894576892703863] [98.080663690987123:136.06468200409] [49.82336909871244:152.31761089597379] [778.98497854077243:2631.4251249578606] [79.204218749999995:137.76974130285953] [1277.1646875000001:2986.4456182349518] [18.772909547738692:141.12893333333332] [271.06256281407036:2458.9687092244781] [1:3] [-1.876799303439028:22.184692598937389] [28:13891] [0:9.5390684138639639] [0:1] [0:1] [0:1] [0:7] [0:11] [-2:3] [0:1] [0:1] [0:1] [0:1] [0:5] [0:1] [3:6] [0:1] [0:27] [0:1] [0:1] [0:1] [0:2.4706386779902956] [0:100] [0:9.6453642823258914] [0:9.5415846810530915] [0:1] [0.4052925793871866:0.6895921292984869] [0.42610256518733586:0.64407931365313642] [0.463360312361214:0.66728207976366316] [-0.69962999999999997:0.57547199999999998] [-0.35977399999999993:0.42137200000000008] [-0.32465200000000005:0.342754] [0.14538039999999999:0.85785460000000002] [-0.35204580000000002:0.34418260000000001] [-0.23857900000000001:0.89732100000000004] [-0.222222:0.39729999999999999] [-0.222222:0.29999999999999999] [0:2] [-1:1] [0:1] [0:1.098612190055321] [-0.2045944497080987:0.15300624950021002] [-0.88368099999999994:0.88520100000000002]
tree_sizes=3577 3605 3591 3598 3608 3588 3606 3610 3616 3628 3589 3608 3616 3607 3612 3605 3611 3626 3624 3630 3613 3625 3625 3604 3632 3614 3618 3603 3612 3615 3624 3611 3620 3613 3629 3606 3608 3623 3611 3628 3618 3623 3605 3636 3644 3623 3596 3610 3621 3609 3603 3604 3622 3636 3597 3621 3612 3607 3616 3606 3619 3575 3604 3601 3602 3613 3601 3599 3623 3622 3623 3585 3618 3638 3629 3614 3615 3611 3639 3617 3603 3612 3615 3589 3591 3604 3601 3598 3621 3601 3604 3622 3649 3606 3592 3614 3601 3614 3624 3616

Tree=0
num_leaves=31
num_cat=0
split_feature=83 95 29 29 25 83 72 95 28 54 72 72 20 41 72 72 96 97 58 72 57 48 58 24 38 38 23 54 36 95
split_gain=994.495 411.115 274.659 236.517 89.2077 87.0058 78.0433 66.5138 75.3127 51.9354 49.8012 51.6539 46.7532 45.7838 39.5334 68.1363 36.377 36.3409 34.0856 32.1491 31.5595 29.9764 28.7719 28.0045 29.852 27.8131 27.6446 26.3968 26.1818 26.0081
threshold=0.51829541904514798 0.058698500000000021 0.45920550000000004 0.53980400000000006 0.33744950000000007 0.45086693352601165 3.5000000000000004 0.076398500000000022 0.53667500000000012 126.12239037956924 5.5000000000000009 3.5000000000000004 13.500000000000002 0.076447709222172047 5.5000000000000009 3.5000000000000004 0.56215625000000002 0.99152939742681934 7594.5000000000009 5.5000000000000009 5.7422693201512063 0.41305623136058006 2346.5000000000005 0.16074350000000001 0.17561650000000004 0.049832750000000002 0.25457150000000006 128.88517200572855 0.47362450000000006 0.060912499999999987
decision_type=2 10 10 8 10 2 2 10 10 8 2 2 2 8 2 2 10 2 10 2 10 10 8 10 10 10 10 10 8 10
left_child=2 10 5 12 17 -1 20 19 -9 -10 11 22 -3 -14 15 -7 25 23 -6 -8 29 -12 -2 -5 -25 -16 -21 -20 -23 -4
right_child=1 3 6 4 18 14 7 8 9 -11 21 -13 13 -15 16 -17 -18 -19 27 26 -22 28 -24 24 -26 -27 -28 -29 -30 -31
leaf_value=-0.044499538462054358 -0.044549536664104966 -0.019410086865610639 -0.043341552337940112 -0.0082455220603089747 -0.020367732889256984 -0.041623804230043443 -0.02918035690968231 -0.028591502571295564 -0.009354002138821222 -0.023794947851016809 -0.029665923942105554 -0.026082767547833563 -0.027315277628670809 -0.020214725110530976 -0.046221639832628579 -0.032253344379167125 -0.024406564227533144 -0.026352089432433695 -0.010183065888255859 -0.030964838378277439 -0.039879310035120727 -0.027141106543714079 -0.030034377616387119 -0.024109293844607367 -0.0078910591320188843 -0.0381989080587102 -0.037601955180020061 -0.019982241593807376 -0.038744572070366134 -0.025913983390930175
leaf_weight=3653.7672361135483 624.12483161687851 3570.7838784456253 269.19601267576218 4260.6455265283585 8707.7536579370499 2460.5065448284149 8652.2647862434387 7422.7613634467125 925.06447809934616 1890.8707854151726 2439.5107555389404 6605.1753305196762 10857.322561383247 2861.6760901808739 1396.2199877500534 9111.4227020144463 394.67084866762161 371.67546039819717 1739.9010624289513 3620.0240033268929 2567.2351403832436 578.13405507802963 745.3505197763443 673.6149063706398 488.90195059776306 5068.9834141731262 2774.693534553051 1179.7633981704712 2983.1517282128334 909.56758600473404
leaf_count=14618 2497 14286 1077 17046 34838 9844 34616 29697 3701 7565 9760 26426 43438 11449 5586 36453 1579 1487 6961 14483 10271 2313 2982 2695 1956 20280 11101 4720 11935 3639
internal_value=-0.0283811 -0.0232675 -0.0332517 -0.0203529 -0.0162426 -0.0374525 -0.0300539 -0.0290546 -0.0259472 -0.0190006 -0.0305075 -0.0279176 -0.0244992 -0.0258293 -0.0360475 -0.0342555 -0.0390574 -0.0111701 -0.0187832 -0.0311692 -0.0367791 -0.0339442 -0.0367192 -0.0101351 -0.0171726 -0.0399565 -0.0338547 -0.0141007 -0.0368629 -0.0299868
internal_weight=99804.7 48687.5 51117.2 34712 17422.3 22085.6 29031.7 25285.7 10238.7 2815.94 13975.4 7974.65 17289.8 13719 18431.8 11571.9 6859.87 5794.84 11627.4 15047 3746 6000.8 1369.48 5423.16 1162.52 6465.2 6394.72 2919.66 3561.29 1178.76
internal_count=399299 194789 204510 138876 69703 88360 116150 101163 40963 11266 55913 31905 69173 54887 73742 46297 27445 23184 46519 60200 14987 24008 5479 21697 4651 25866 25584 11681 14248 4716
is_linear=0
shrinkage=1


Tree=1
num_leaves=31
num_cat=0
split_feature=22 25 89 22 71 71 49 25 89 58 89 54 29 45 29 37 26 50 20 25 21 43 53 35 20 1 25 99 24 88
split_gain=943.605 350.556 243.18 229.879 143.933 104.32 85.7809 75.6724 60.533 56.5968 47.0723 39.4417 39.1559 32.5874 30.7758 30.7079 34.4144 29.8084 29.519 29.0071 27.7616 26.8724 30.7267 26.8422 26.5499 26.8063 24.2679 24.2283 23.755 23.7011
threshold=0.51458950000000014 0.37756150000000005 0.55821445000000003 0.45642150000000009 1.0000000180025095e-35 1.0000000180025095e-35 121.39398244832503 0.33630350000000003 0.42650040000000006 1355.5000000000002 0.52669765000000013 125.81626914906614 0.47995550000000003 -10.522967468686643 0.61761700000000008 0.26983250000000009 0.41298600000000002 138.80975537379436 13.500000000000002 0.36202950000000006 8513.5000000000018 2157.9830954344052 2342.7393780968619 0.14911150000000004 12.500000000000002 4.5000000000000009 0.4178960000000001 0.032990500000000006 0.15922850000000002 -0.044834499999999937
decision_type=10 10 8 10 2 2 10 10 10 8 10 8 10 8 8 10 10 8 2 10 2 10 10 8 2 2 10 10 10 8
left_child=3 2 12 13 10 15 20 28 -8 29 18 19 -2 26 -11 -3 -17 -9 24 -12 -6 22 -10 -14 25 -5 27 -1 -4 -7
right_child=1 5 7 4 6 9 8 17 21 14 11 -13 23 -15 -16 16 -18 -19 -20 -21 -22 -23 -24 -25 -26 -27 -28 -29 -30 -31
leaf_value=-0.020719048520139047 0.00066644634277079602 0.006505339083290965 0.019308994874227263 -0.0075066613873632435 -0.0019025812321745662 -0.016545657033473261 -0.014449472205481191 0.0015206091501411096 -0.005271965869423966 -0.0041232175952021152 0.028271371288787095 0.0027354721114266206 0.0073590049872440909 -0.010005737537813524 0.0085241289674636029 -0.0076565131836000087 0.0026449985280329958 0.010753887417389257 -0.0025978273906726718 0.004880455478839911 0.011419574046343984 -0.0084278198963437245 0.0065513878162103542 0.0034166957930676805 0.0056488883696725854 0.006918013465325808 -0.0055492026635335645 -0.0054081646363078988 0.010666702996644451 -0.0070595077676798542
leaf_weight=1911.3765110522509 6005.1837264001369 2867.0149310827255 3864.8951050341129 992.52246126532555 4560.7762239426374 1318.2670579403639 3197.9876611083746 983.36750960350037 2934.3466050028801 4358.3245783448219 278.48902730643749 2990.1735404878855 8495.5707072615623 7348.7915636748075 531.11394168436527 1121.8031884133816 2848.0018039643764 8125.4591021537781 12077.48978292942 254.45163229107857 417.67821058630943 6771.7718438357115 666.61285427212715 8835.733719676733 2397.6984635591507 465.39748096466064 434.59666763246059 308.36969831585884 1055.91042137146 1357.565367475152
leaf_count=7649 24025 11470 15460 3971 18248 5275 12797 3934 11741 17438 1114 11963 33987 29406 2125 4488 11394 32505 48321 1018 1671 27096 2667 35348 9593 1862 1739 1234 4224 5432
internal_value=4.17788e-05 0.00472384 0.00727772 -0.00500688 -0.00323014 -0.00190262 -0.00638021 0.0124781 -0.00843836 -0.0059444 -0.000225194 0.00499659 0.00414728 -0.0117474 -0.00273481 0.00257195 -0.000277967 0.00975985 -0.00138224 0.017399 -0.000764239 -0.00657296 -0.00307113 0.00535229 0.00242239 -0.00288625 -0.0165137 -0.0186258 0.0174799 -0.0117771
internal_weight=99776.7 51768.2 37366.1 48008.5 38005.4 14402.1 18549.2 14029.6 13570.7 7565.27 19456.2 3523.11 23336.5 10003.1 4889.44 6836.82 3969.8 9108.83 15933.1 532.941 4978.45 10372.7 3600.96 17331.3 3855.62 1457.92 2654.34 2219.75 4920.81 2675.83
internal_count=399195 207105 149483 192090 152062 57622 74220 56123 54301 30270 77842 14095 93360 40028 19563 27352 15882 36439 63747 2132 19919 41504 14408 69335 15426 5833 10622 8883 19684 10707
is_linear=0
shrinkage=0.05


Tree=2
num_leaves=31
num_cat=0
split_feature=22 95 22 89 89 94 95 43 89 44 48 20 45 23 20 26 45 52 95 41 87 42 41 91 54 26 32 86 3 38
split_gain=839.149 287.574 226.573 210.395 116.767 80.0356 71.5693 49.9193 48.8607 42.566 41.5534 40.2968 37.6524 35.225 34.8344 34.2138 32.3898 32.1331 28.9549 27.63 26.9253 25.3397 24.3595 24.2045 24.8029 22.0165 23.2699 20.4646 20.1944 20.145
threshold=0.51852050000000005 0.058698500000000021 0.44938550000000005 0.53385070000000023 0.46244555000000004 0.35428150000000003 0.0780135 1986.9695012331383 0.55435310000000004 23.158601585993306 0.36353882610540328 13.500000000000002 15.464696535118827 0.30233150000000003 13.500000000000002 0.40785250000000006 -22.791447899965444 123.69722018480779 -0.025634499999999973 0.076447709222172047 -0.079488499999999976 137.21099347753747 0.074090005814691662 0.12564650000000005 132.24017220005848 0.49865650000000006 0.18086900000000003 -0.088879499999999959 1.5000000000000002 0.045653350000000002
decision_type=10 10 10 8 10 10 10 8 10 10 8 2 10 10 2 10 10 8 10 8 8 10 8 8 8 10 10 8 2 10
left_child=2 9 13 11 14 7 29 -5 25 -2 16 -3 -10 -1 18 21 -7 -9 -4 28 -15 -11 -20 24 -19 26 -8 -24 -13 -6
right_child=1 3 4 5 6 10 8 17 12 15 -12 19 -14 20 -16 -17 -18 23 22 -21 -22 -23 27 -25 -26 -27 -28 -29 -30 -31
leaf_value=-0.0074335221873129201 0.0028971548991345787 0.0078108646423580537 -0.013521151715783939 -0.0026791999961483185 -0.0076259900620142904 -0.0034218689616382966 0.0041563124104310569 -0.0030790335090071872 0.00078735511180129825 -0.0046573847673964152 0.002940000485573763 0.0017635636123920927 0.014748854664112122 -0.024117521083861355 -0.0076067764481696888 -0.0015501831918530353 0.012182532926009229 0.01244280197290059 -0.0047553409732547453 0.0064205050784237987 -0.013096894684369012 -0.015966639862872067 0.0076635340187698499 0.0050358821789284877 0.017485358141140345 -0.0053345738291311617 -0.0013860809515971791 -0.0026221309665296118 -0.0034591711990526438 -0.0023644626504359572
leaf_weight=2730.1498084813356 4117.9700221419334 3374.0372329950333 515.50512959063053 460.71757033467293 2092.7247422933578 367.4719802737236 4157.2731264680624 263.48217341303825 801.6166455000639 1417.7619842290878 3693.5596746504307 7623.6888796389103 1209.1580879092216 640.68672746419907 12306.370830371976 7412.9407096356153 3141.8519302457571 4832.8429715633392 2102.12571439147 2439.0948667675257 4681.0970989614725 762.19399701058865 1055.3599510937929 649.72810338437557 5279.0922524183989 1319.2102156877518 3464.3524264097214 878.4170433729887 2433.4115978181362 13671.891984567046
leaf_count=10927 16476 13497 2063 1843 8374 1470 16633 1054 3207 5673 14775 30499 4837 2565 49247 29660 12568 19332 8412 9757 18738 3050 4223 2599 21117 5278 13861 3515 9735 54705
internal_value=3.74314e-05 0.0047762 -0.00439335 0.00720648 -0.00296792 0.0108004 -0.000911145 0.0133926 0.00219258 -0.00135024 0.00665398 0.00297017 0.00921439 -0.012094 -0.00622502 -0.00317466 0.0105435 0.014066 -0.00248047 0.00165796 -0.0144664 -0.00866638 -0.00104031 0.0144882 0.01509 0.000604858 0.00163854 0.00300182 0.000497692 -0.00306731
internal_weight=99895.8 48269.8 51625.9 34559 43574 18688.7 26716.2 11485.9 10951.6 13710.9 7202.88 15870.2 2010.77 8051.93 16857.8 9592.9 3509.32 11025.1 4551.41 12496.2 5321.78 2179.96 4035.9 10761.7 10111.9 8940.84 7621.63 1933.78 10057.1 15764.6
internal_count=399690 193105 206585 138246 174355 74758 106895 45945 43816 54859 28813 63488 8044 32230 67460 38383 14038 44102 18213 49991 21303 8723 16150 43048 40449 35772 30494 7738 40234 63079
is_linear=0
shrinkage=0.05


Tree=3
num_leaves=31
num_cat=0
split_feature=22 89 22 61 22 89 19 44 21 49 41 52 54 38 72 72 72 72 49 89 22 24 44 72 38 21 35 43 91 49
split_gain=798.326 256.953 179.933 104.213 97.8412 82.9305 82.075 50.4779 61.27 42.2029 39.9226 39.3657 35.5827 33.4564 32.6757 52.5431 29.5529 49.0998 42.4705 29.325 28.1054 29.3907 25.0648 24.4189 24.3642 23.1582 23.2743 22.2153 22.0656 21.9531
threshold=0.51377450000000013 0.52827860000000004 0.44938550000000005 1.0000000180025095e-35 0.58642150000000015 0.46244555000000004 13.500000000000002 22.322190212339674 2196.5000000000005 132.9014309569998 0.063123166971260511 116.1173645782569 133.06937367351483 0.11094550000000002 3.5000000000000004 5.5000000000000009 5.5000000000000009 3.5000000000000004 121.47310436606476 0.32426125000000011 0.54368250000000018 0.13428250000000005 39.369109069410932 3.5000000000000004 0.055831800000000008 869.50000000000011 0.13926050000000004 2267.5525967749186 -0.013337000000000007 120.20850878278073
decision_type=10 8 10 2 10 10 2 10 2 10 8 8 8 10 2 2 2 2 10 8 10 10 8 2 10 2 10 10 8 10
left_child=2 7 19 4 6 16 10 -2 13 11 -3 -7 -6 -9 29 24 17 -4 -18 -1 21 -8 -10 -15 -16 -21 -27 -20 -12 -13
right_child=1 3 5 -5 12 9 20 8 22 -11 28 14 -14 23 15 -17 18 -19 27 25 -22 -23 -24 -25 -26 26 -28 -29 -30 -31
leaf_value=-0.022642160439918197 0.0043656992537843484 1.6519344943657052e-05 -0.011359579903562086 -0.0016523385230025542 0.010178252704661628 0.014355251959846793 -0.0070622981090843213 -0.0092610235558837403 0.00067018387608628444 0.014380191052479785 0.016560358364474104 -0.00046819586005505341 0.018568654856477237 -0.011953886381336215 -0.0045416288114170063 -0.0044025854320491999 -0.0001823582900900365 -0.0026010024721716471 -0.0087766815484085266 -0.0080400844191391603 0.0071529863903469909 0.0037766424911006517 0.012517774472535777 0.0010772902708245857 0.001788226524892914 -0.0049044348142758716 -0.015587011805829496 -0.016413946508714829 0.00947483332397526 -0.0099479668361901093
leaf_weight=547.4928038418293 6718.6061184853315 589.41927915811539 2009.6410789489746 2710.0256575345993 2373.8282993286848 365.93628451228142 689.09898889064789 2629.7644574642181 13146.591929644346 405.69924993813038 2889.7231456637383 890.73505614697933 2822.8582382053137 424.73825225234032 1776.4642608314753 7909.8578329831362 1128.9456679672003 7752.3581058382988 3416.9263160526752 4039.2710991501808 7229.8527385145426 5978.9787607342005 452.18798407912254 2069.9731609523296 10198.266710832715 635.30227968096733 2839.9576358646154 1348.3245292901993 1859.5875262469053 1939.8209158480167
leaf_count=2193 26878 2358 8045 10843 9496 1464 2757 10524 52595 1623 11560 3564 11293 1700 7108 31652 4518 31022 13678 16171 28921 23918 1809 8282 40803 2544 11374 5398 7439 7764
internal_value=2.51363e-05 0.00426195 -0.00469447 0.00764484 0.00867629 -0.00329178 0.00702522 0.000651228 -0.000683282 -0.00141171 0.0122916 -0.00169539 0.0147629 -0.00533706 -0.00196017 -0.00124288 -0.00610949 -0.00441385 -0.00890556 -0.0114923 0.00499482 0.00264762 0.00107305 -0.00118021 0.00084618 -0.010651 -0.0136538 -0.0109675 0.0138118 -0.00697697
internal_weight=99790.2 52585.2 47205 27143.4 24433.3 39143 19236.7 25441.9 18723.3 23486.8 5338.73 23081.1 5196.69 5124.48 22715.1 19884.6 15656.2 9762 5894.2 8062.02 13897.9 6668.08 13598.8 2494.71 11974.7 7514.53 3475.26 4765.25 4749.31 2830.56
internal_count=399294 210373 188921 108585 97742 156639 76953 101788 74910 93978 21357 92355 20789 20506 90891 79563 62661 39067 23594 32282 55596 26675 54404 9982 47911 30089 13918 19076 18999 11328
is_linear=0
shrinkage=0.05


Tree=4
num_leaves=31
num_cat=0
split_feature=25 29 23 22 22 19 89 26 94 72 45 18 94 47 72 45 48 72 84 96 8 64 72 37 80 52 28 24 25 34
split_gain=683.23 375.342 167.861 109.888 84.5175 80.2743 61.4697 54.2663 36.0469 32.3173 46.8743 32.6295 31.4304 31.0159 30.2793 29.8508 29.2436 27.8443 27.3955 24.9749 24.5858 24.0623 22.9718 22.6787 24.4309 22.4078 22.3732 22.1881 23.735 21.0718
threshold=0.37360350000000003 0.53980400000000006 0.2902010000000001 0.49524000000000007 0.58839100000000011 13.500000000000002 0.44591290000000006 0.44809950000000004 0.3702410000000001 3.5000000000000004 -7.278829282425832 1.5000000000000002 0.48517550000000004 1.8312167022096431 5.5000000000000009 -9.5147600404406401 0.57540754913981529 3.5000000000000004 0.52702729750089083 0.49333350000000004 6.5000000000000009 5.5000000000000009 5.5000000000000009 0.22177850000000002 7.2309250788684549 125.12928766027009 0.37858300000000006 0.18215550000000005 0.42574450000000003 0.51889350000000012
decision_type=8 10 8 10 10 2 8 10 10 2 10 2 10 8 2 10 10 2 2 10 2 2 2 10 2 10 8 10 10 10
left_child=1 3 6 12 5 7 14 -3 21 23 27 16 20 26 17 -4 -12 -2 -7 -13 -1 -5 25 -8 -25 -17 -10 28 -11 -27
right_child=2 4 15 8 -6 18 9 -9 13 10 11 19 -14 -15 -16 22 -18 -19 -20 -21 -22 -23 -24 24 -26 29 -28 -29 -30 -31
leaf_value=-0.0012975238766741357 -0.010369126298007089 -0.0026849385859505147 -0.013758085860526695 0.0061537876333803213 0.015464078479852796 0.00045310524762258583 0.001129716410441525 0.01432413005209183 -0.0095281980176665903 0.0061297859954916982 0.0017916602579562829 -0.0059740149075828627 -0.011669134558219989 0.0047817826321356009 -0.0093322141909401041 -0.013769279390959755 -0.0047623083957418124 -0.0023241885094870867 0.006491943790317603 -0.000591952940111017 -0.0075178740887129857 0.00050680976956335043 -0.012426059164610342 -0.018943879266101856 -0.0063067121025788368 -0.0070363628513547688 6.9514467807382742e-05 -0.0044708997293720519 -0.0038289288521310832 0.0032644283714355891
leaf_weight=7211.8475620895624 1350.5436322838068 518.39183734357357 4337.8766143769026 7782.4598277509212 4452.9952793419361 2577.6915188282728 686.16218085587025 4634.4101762324572 638.15744745731354 3627.2367525696754 6101.9568051695824 6760.6661212593317 1076.0207109898329 3731.2216130793095 4520.3437718898058 531.78231962025166 2348.8948402553797 5181.4099427610636 6925.2737372964621 3165.6950636953115 2029.5019559860229 2491.5134692788124 1610.4614732563496 495.30694374442101 1658.1972720474005 1062.7827890068293 9607.3040054887533 811.62664185464382 709.01619011163712 915.87693582475185
leaf_count=28862 5408 2074 17379 31132 17817 10312 2746 18542 2554 14512 24413 27057 4309 14927 18099 2130 9398 20735 27702 12668 8123 9967 6449 1983 6637 4254 38438 3248 2837 3666
internal_value=-1.90161e-05 0.00381002 -0.00449901 0.000700655 0.0094316 0.0075894 -0.0030593 0.0126111 0.00253923 -0.00174595 -0.00113627 -0.00231743 -0.00361914 0.000885305 -0.00618783 -0.0108564 -3.34759e-05 -0.00400086 0.0048561 -0.0042599 -0.00267023 0.00478618 -0.00777601 -0.00677513 -0.00928739 -0.00475551 -0.000537005 0.00307665 0.00449638 -0.00227592
internal_weight=99552.6 53676.8 45875.8 34568 19108.8 14655.8 37417.1 5152.8 24250.7 26364.8 23525.1 18377.2 10317.4 13976.7 11052.3 8458.78 8450.85 6531.95 9502.97 9926.36 9241.35 10274 4120.9 2839.67 2153.5 2510.44 10245.5 5147.88 4336.25 1978.66
internal_count=398378 214759 183619 138312 76447 58630 149741 20616 97018 105499 94133 73536 41294 55919 44242 33878 33811 26143 38014 39725 36985 41099 16499 11366 8620 10050 40992 20597 17349 7920
is_linear=0
shrinkage=0.05


Tree=5
num_leaves=31
num_cat=0
split_feature=83 89 29 51 71 61 23 20 21 45 71 21 24 91 20 48 44 42 48 38 47 71 29 83 49 83 18 9 21 19
split_gain=624.237 199.502 191.995 97.3984 67.7729 62.3986 61.5091 54.0856 52.4562 48.0598 42.3276 40.3024 38.7682 38.2576 37.301 34.717 31.4487 28.9049 28.7341 49.3689 28.6009 29.1764 27.7831 26.8769 26.4269 24.996 25.8035 24.0432 23.8986 25.146
threshold=0.51829541904514798 0.55644570000000015 0.45920550000000004 2264.3618526762589 1.0000000180025095e-35 1.0000000180025095e-35 0.29294750000000008 13.500000000000002 1667.5000000000002 9.0773950944369819 1.0000000180025095e-35 1301.5000000000002 0.11669850000000001 0.058440500000000013 12.500000000000002 0.46292451128983791 27.246193183260278 134.25416121386982 0.27535357656904141 0.2159095 1.6696583232568065 1.0000000180025095e-35 0.57951100000000011 0.53661776006779005 127.01271429149416 0.58601587101521446 1.5000000000000002 4.5000000000000009 2196.5000000000005 13.500000000000002
decision_type=2 10 10 8 2 2 10 2 2 8 2 2 10 10 2 10 10 10 8 10 8 2 10 2 8 2 2 2 2 2
left_child=2 5 6 8 12 7 10 14 -3 -6 -1 17 -4 24 -2 -8 -11 23 19 -14 22 -22 -13 -5 28 26 -10 -15 -9 -30
right_child=1 3 4 11 9 -7 15 13 25 16 -12 20 18 27 -16 -17 -18 -19 -20 -21 21 -23 -24 -25 -26 -27 -28 -29 29 -31
leaf_value=-0.0027018322674117641 0.0026725577393348146 -0.0042693940031462638 0.015334039372687243 -0.0021261505801537343 -0.0083599686040065086 -0.0040753820021448648 -0.01285542403737653 -0.0033035520194998631 0.0085126203137263958 0.00044459347719408374 -0.0081043929973726152 -0.0047037511976343992 0.0026096553762179758 -0.00058506471694201199 0.011034419736785877 -0.0047234365922220675 -0.0052654602538227385 -0.0086195826855957631 -0.00061139566325350381 0.022174414971477131 0.016553554954856962 0.010398862116099798 0.011735885765385522 0.011116231838151698 0.0060534595951797594 0.011882838411192448 -0.0002967949515265068 -0.011125621263409189 0.0084454323412362624 0.0012860893306005363
leaf_weight=7210.3136331439018 2550.9810094535351 1641.671327367425 458.52775473892689 526.18384131789207 3899.6871977597475 4056.6926893144846 5794.5748714804649 2046.188118904829 1534.1343059241772 6065.8044862300158 7312.6016216725111 438.20281940698624 3554.5121174901724 7054.3671324402094 2804.1980160623789 1716.6052515655756 3990.9453356564045 319.12479078769684 10756.24061229825 345.11230725049973 4219.2637085467577 3695.4458372443914 597.11033292114735 1372.1431320309639 4705.8129216730595 1327.5845640301704 1799.0547648817301 576.08428026735783 1543.7988913506269 5846.642227396369
leaf_count=28858 10205 6569 1835 2105 15614 16235 23226 8188 6137 24274 29288 1753 14223 28222 11218 6874 15974 1277 43036 1381 16884 14788 2389 5491 18825 5312 7197 2305 6176 23389
internal_value=4.58513e-05 0.00409898 -0.003813 0.00837511 -0.00114412 0.00170155 -0.00733208 0.0025666 0.00339811 -0.00365522 -0.00542584 0.0111784 0.00117549 0.00145781 0.00706359 -0.0110057 -0.00182438 0.00511225 0.000722366 0.0043934 0.0126739 0.0136966 0.00479927 0.00745376 0.00299658 0.0061022 0.00377116 -0.00139438 0.0014674 0.00279101
internal_weight=99759.6 48654.7 51104.9 17469.9 29070.8 31184.8 22034.1 27128.1 6302.44 13956.4 14522.9 11167.5 15114.4 21772.9 5355.18 7511.18 10056.7 2217.45 14655.9 3899.62 8950.02 7914.71 1035.31 1898.33 14142.4 4660.77 3333.19 7630.45 9436.63 7390.44
internal_count=399248 194665 204583 69902 116337 124763 88246 108528 25215 55862 58146 44687 60475 87105 21423 30100 40248 8873 58640 15604 35814 31672 4142 7596 56578 18646 13334 30527 37753 29565
is_linear=0
shrinkage=0.05


Tree=6
num_leaves=31
num_cat=0
split_feature=25 29 71 23 22 94 22 19 84 20 44 29 83 22 95 27 20 55 26 26 3 94 20 87 38 27 50 54 47 44
split_gain=583.203 362.448 145.189 96.1052 83.9895 82.8403 70.5294 65.8201 45.7945 43.8304 40.7497 40.8242 30.3115 27.7242 27.6938 27.4031 26.0923 25.3637 26.0112 24.8387 24.7913 23.946 23.6565 23.2444 22.3745 22.0956 22.0211 21.782 21.3606 20.4167
threshold=0.37360350000000003 0.53980400000000006 1.0000000180025095e-35 0.2902010000000001 0.49450750000000004 0.47064250000000007 0.58642150000000015 13.500000000000002 0.51613557276650079 13.500000000000002 26.956165461615459 0.43029300000000004 0.55199012238594636 0.46236700000000003 -0.025634499999999973 0.35758400000000007 13.500000000000002 1604.5035744746895 0.40785250000000006 0.44809950000000004 2.5000000000000004 0.3691155000000001 13.500000000000002 -0.12354349999999996 0.16387350000000003 0.35025750000000005 137.9299974070353 120.92817193669602 1.6000024981516292 26.901220019266571
decision_type=8 10 2 8 10 10 10 2 2 2 10 8 2 10 10 8 2 8 8 10 2 10 2 8 10 8 10 8 8 10
left_child=1 4 5 10 13 8 7 19 22 12 27 -12 15 -1 -13 -6 -15 18 -10 -3 21 -11 -2 -23 25 -24 -16 -4 -27 -17
right_child=2 6 3 -5 9 -7 -8 -9 17 20 11 14 -14 16 26 29 -18 -19 -20 -21 -22 23 24 -25 -26 28 -28 -29 -30 -31
leaf_value=-0.0075911200587826426 0.001543441667923231 0.0014160662646425283 -0.010530804334429354 -0.013778894785730099 -0.0082644275127932102 -0.010265300626428466 0.014483120610601219 0.0048275552301438396 -0.0099939930752235579 0.0036505595475056448 -0.013146834231667532 -0.015153715059212548 0.012907684024688337 0.0043841222544535943 -0.015220007024099947 0.0078532583832187971 -0.0031750622853565589 0.0049412406672429184 0.0013014895027006414 0.013017813316337709 -0.0053810828875950215 -0.0090312116203321493 -0.011567596404653338 0.00051417492988307608 0.00028613269718182402 0.0091794346383548726 -0.0041337300149329815 -0.0020861117697388767 -0.0046123440154094619 0.00011730036901302912
leaf_weight=2794.5918746441603 3005.8519469946623 515.09894977509975 836.51818665862083 4199.2736680209637 404.851801648736 2305.106119915843 4514.1959519833326 9421.3802314400673 603.92029801011086 7122.0432278215885 2469.0582670420408 711.57436308264732 1217.9548693746328 1396.5230210274458 471.28780220448971 2552.2003655135632 6065.3431304991245 4761.8534322530031 2992.4799979627132 4635.763901501894 1441.2146745175123 672.55788084864616 1116.8765926510096 9712.3813606798649 2617.189210832119 289.08176194131374 6876.8624875247478 7911.4027236551046 4780.4462379664183 1278.9300136715174
leaf_count=11195 12029 2061 3351 16837 1620 9244 18072 37690 2417 28490 9893 2850 4872 5589 1887 10210 24276 19051 11972 18557 5766 2692 4471 38858 10473 1157 27531 31670 19132 5117
internal_value=-4.54581e-05 0.00349026 -0.00418095 -0.00693003 0.000442552 -0.00130734 0.00902138 0.00732067 -0.000278895 0.00203816 -0.00543169 -0.00752648 0.00598366 -0.003352 -0.00579055 0.00396712 -0.00175635 0.00255144 -0.00061774 0.0118626 0.000899955 0.0014198 -0.00228255 -0.000112105 -0.00358915 -0.00522642 -0.00486449 -0.00290474 -0.00380937 0.00527782
internal_weight=99693.8 53745 45948.8 23476 34658.6 22472.8 19086.4 14572.2 20167.7 24402.1 19276.7 10528.8 5453.94 10256.5 8059.72 4235.98 7461.87 8358.25 3596.4 5150.86 18948.2 17507 11809.4 10384.9 8803.59 6186.4 7348.15 8747.92 5069.53 3831.13
internal_count=399030 215065 183965 94019 138685 89946 76380 58308 80702 97625 77182 42161 21819 41060 32268 16947 29865 33440 14389 20618 75806 70040 47262 41550 35233 24760 29418 35021 20289 15327
is_linear=0
shrinkage=0.05


Tree=7
num_leaves=31
num_cat=0
split_feature=25 28 71 22 94 25 23 94 90 22 56 46 23 98 65 96 3 47 55 71 48 47 27 84 71 59 25 21 46 51
split_gain=530.344 264.441 136.183 99.5522 97.139 85.8025 65.1844 49.1098 44.4682 37.3903 36.7968 34.2841 33.4996 31.8827 31.8199 28.4018 26.8614 25.4204 25.1695 34.9139 27.0325 25.2332 25.1665 23.3173 23.019 26.623 22.1571 22.0611 22.0436 20.4531
threshold=0.37575550000000008 0.53859150000000011 1.0000000180025095e-35 0.51325850000000017 0.47064250000000007 0.33744950000000007 0.2902010000000001 0.38462050000000009 -0.086434700000000017 0.46352050000000006 2.1777651606268282 1.8771110366993586 0.20072450000000003 0.038245651947258048 -1.0000000180025095e-35 0.49333350000000004 1.5000000000000002 1.7188537285642207 1365.9805854861229 1.0000000180025095e-35 -0.47117840214510698 1.6487686304405444 0.61057250000000007 0.57024128044031797 1.0000000180025095e-35 8.9353003232316066 0.42258800000000002 5117.5000000000009 1.9020012989974586 2348.6525725817069
decision_type=8 10 2 10 8 10 8 10 8 10 8 10 10 2 2 10 2 8 10 2 10 10 8 2 2 2 10 2 10 10
left_child=1 3 4 9 10 7 8 -3 -4 -1 -2 12 -7 22 -10 17 23 -16 -11 20 -20 -21 -12 -5 -13 -26 -6 -18 -29 -23
right_child=2 5 6 16 26 11 -8 -9 14 18 13 24 -14 -15 15 -17 27 -19 19 21 -22 29 -24 -25 25 -27 -28 28 -30 -31
leaf_value=-0.0074977753068196156 -0.0053952778926267446 0.014735129409187931 -0.010313148244029839 0.0033400703766905335 -0.013895529302883181 0.0073060601343604053 -0.012650103492220295 0.0041066903481555448 -0.00036227911743146323 0.0013271587760253357 -0.00080417939115260708 0.012731803040484352 0.0014214724362666251 0.0084741606909722548 -0.012952651501470234 -0.0016559888781732222 0.0030838963684739719 -0.0058634739266752054 0.0057437335167086802 -0.00075220440171221148 -0.0027454023387159712 -0.0078229220709215615 0.004840691154962491 0.010397046270876663 -0.00095349387354209969 0.010374625267540483 -0.0027225995818853568 -0.0056665564317540801 0.008749123161235918 -0.021901821933556082
leaf_weight=2933.0276247113943 2881.8327785879374 4971.305196762085 4043.5608322918415 13316.907408863306 1720.4230186641216 4074.302282050252 4138.9493391364813 1402.4992182701826 3677.18825738132 5491.4332513064146 12455.220200464129 2199.7928124070168 5945.2297201603651 1218.0774022489786 1623.3830239772797 2997.569412112236 2278.4214847385883 5811.2845404446125 1376.5268034338951 1215.0475410819054 2887.4898050576448 2154.2930436581373 2336.1228857338428 1277.0267864018679 927.21870589256287 1162.6228860020638 604.39080853760242 2042.1842930912971 295.46032105386257 288.81957095861435
leaf_count=11753 11535 19914 16202 53273 6905 16303 16607 5611 14724 21974 49842 8805 23786 4873 6502 12000 9115 23271 5508 4864 11555 8627 9347 5109 3710 4654 2423 8170 1182 1157
internal_value=-0.000117499 0.00308899 -0.00426205 0.000473532 -0.0013936 0.0075829 -0.00699022 0.0124065 -0.00569349 -0.00239371 -0.000204364 0.00542712 0.00381926 0.00073283 -0.0043632 -0.00577176 0.00291337 -0.00742674 -0.0012729 -0.00307459 2.121e-06 -0.00665109 9.00312e-05 0.00396428 0.00916509 0.00536797 -0.011015 -0.000410512 -0.00381502 -0.0095698
internal_weight=99747.6 56239.6 43508 35556.6 21216.1 20683 22291.9 6373.8 18153 16346.6 18891.3 14309.2 10019.5 16009.4 14109.4 10432.2 19210 7434.67 13413.6 7922.18 4264.02 3658.16 14791.3 14593.9 4289.63 2089.84 2324.81 4616.07 2337.64 2443.11
internal_count=399301 225070 174231 142287 84925 82783 89306 25525 72699 65438 75597 57258 40089 64062 56497 41773 76849 29773 53685 31711 17063 14648 59189 58382 17169 8364 9328 18467 9352 9784
is_linear=0
shrinkage=0.05


Tree=8
num_leaves=31
num_cat=0
split_feature=84 71 95 94 84 28 38 71 26 97 95 21 35 21 96 97 49 72 96 28 41 45 90 92 96 2 87 35 95 88
split_gain=450.748 177.15 143.033 102.679 85.6688 79.7773 69.6322 52.5146 45.7963 45.065 42.5649 36.553 32.8921 32.7012 32.445 31.9756 43.2381 25.3697 22.8144 23.049 22.796 22.5195 22.7868 21.4087 21.6171 21.3742 20.5554 20.4091 24.1201 20.0906
threshold=0.52702729750089083 1.0000000180025095e-35 0.065293000000000032 0.47542450000000008 0.49981219698738816 0.53859150000000011 0.075319050000000012 1.0000000180025095e-35 0.45494550000000006 1.0598564372631241 0.14317750000000004 8422.5000000000018 0.14304050000000004 8422.5000000000018 0.33690185 0.85780272181292894 132.1249544859914 3.5000000000000004 0.56215625000000002 0.42635050000000002 0.06376312763590529 10.621335960272683 0.012902499999999985 -0.050669949999999991 0.50566695000000006 2.5000000000000004 -0.078344499999999997 0.13334500000000002 0.030796500000000008 0.059588499999999996
decision_type=2 2 10 10 2 8 10 2 8 2 10 2 8 2 10 2 10 2 10 10 8 10 10 8 10 2 8 10 10 10
left_child=1 3 7 9 18 17 23 -2 27 12 25 -11 -1 -10 -9 16 -14 -4 19 -3 -21 -17 -23 -6 -25 -7 -5 28 -8 -22
right_child=2 4 5 26 6 10 8 14 13 11 -12 -13 15 -15 -16 21 -18 -19 -20 20 29 22 -24 24 -26 -27 -28 -29 -30 -31
leaf_value=0.0032831821239198119 0.0032045205450372061 -0.012585338184885714 -0.0026424873364047385 -0.02140315335172539 0.0010274674597640957 0.01124415229106303 -0.0040449935574501843 -0.0126165044098379 0.00044299285947178955 0.003215197952231315 0.013359628525323138 0.024605853850676738 -0.0048624505650574383 0.011782234259999054 -0.002198305173824681 0.0025916967175210505 0.015375946801484098 0.0042218931462640304 -0.0012589355276281522 -0.00068759235524848287 -0.0077490486651137546 -0.0029619413834212683 0.0030791495994205663 -0.011813793346719488 -0.00087073533346348055 0.0059391303142781494 -0.0075370930780549244 -0.0047338432377582521 0.0088286325452135682 -0.016982197380706027
leaf_weight=7983.6148665398359 4947.3930962383747 3717.8319972753525 1541.6029464006424 293.6909795999527 472.10888592898846 2507.6742877364159 809.53909447789192 881.83766414225101 4765.0527134388685 468.63393817842007 3868.8929207623005 342.68178378045559 5078.6816016733646 723.88640016317368 4654.7379988580942 7625.8430781811476 268.73969206213951 10284.220075368881 936.69979956746101 1003.8793971687555 4993.5162623971701 5479.4843255877495 2172.0276392400265 3167.9425926059484 527.9306263923645 8027.7453006654978 2552.2193551659584 8165.9810782372952 644.90508867800236 669.64940400421619
leaf_count=31948 19793 14922 6167 1181 1891 10038 3243 3533 19069 1875 15506 1373 20330 2898 18633 30514 1076 41142 3751 4021 20013 21928 8690 12697 2114 32130 10242 32701 2582 2683
internal_value=-6.222e-07 -0.0025713 0.00440059 1.36721e-05 -0.00529619 0.00637298 -0.00326594 -0.000535577 -0.00168491 0.000892055 0.00887083 0.0124397 0.000560338 0.00195713 -0.00387742 -0.000494724 -0.00381855 0.00332558 -0.00874719 -0.00942076 -0.00763984 0.000670427 -0.00124528 -0.0089796 -0.0102572 0.00721131 -0.00903797 -0.00376275 0.00168452 -0.00886885
internal_weight=99578.6 62864.5 36714.1 32265.6 30598.9 26230.1 19277.3 10484 15109.4 29419.7 14404.3 811.316 28608.4 5488.94 5536.58 20624.8 5347.42 11825.8 11321.6 10384.9 6667.05 15277.4 7651.51 4167.98 3695.87 10535.4 2845.91 9620.43 1454.44 5663.17
internal_count=398684 251742 146942 129157 122585 104983 77195 41959 60493 117734 57674 3248 114486 21967 22166 82538 21406 47309 45390 41639 26717 61132 30618 16702 14811 42168 11423 38526 5825 22696
is_linear=0
shrinkage=0.05


Tree=9
num_leaves=31
num_cat=0
split_feature=29 95 29 23 20 71 71 55 29 20 2 94 61 33 89 84 51 48 37 55 38 37 3 71 31 29 23 71 51 30
split_gain=460.239 217.307 111.544 105.033 79.2345 56.8389 49.7081 43.0432 41.0634 36.3973 34.7117 33.6061 32.6269 30.8767 28.4819 26.7174 28.1129 26.1685 24.4619 24.3095 22.9612 22.8093 22.4829 22.2031 21.6315 21.6114 21.5883 21.2831 20.9389 20.6978
threshold=0.49662550000000005 0.070276500000000006 0.56256850000000014 0.29589100000000007 13.500000000000002 1.0000000180025095e-35 1.0000000180025095e-35 1953.0733476893492 0.40868050000000006 12.500000000000002 4.5000000000000009 0.3691155000000001 1.0000000180025095e-35 218.50000000000003 0.38879900000000006 0.50769214990138078 2253.5023916335381 -0.52672037199134392 0.40550750000000008 1918.4173064713334 0.17422800000000002 0.30292300000000005 2.5000000000000004 1.0000000180025095e-35 0.15630700000000003 0.47927650000000005 0.24294650000000004 1.0000000180025095e-35 2242.0042180798778 0.21760650000000001
decision_type=10 10 10 8 2 2 2 8 10 2 2 10 2 2 10 2 10 8 10 10 10 10 2 2 10 8 10 2 10 10
left_child=3 5 11 4 9 -2 15 14 -5 13 19 -3 27 -1 28 17 21 -6 -13 -4 -19 -17 26 -10 -20 -15 -7 -11 -8 -27
right_child=1 2 10 8 6 22 7 -9 23 12 -12 18 -14 25 -16 16 -18 20 24 -21 -22 -23 -24 -25 -26 29 -28 -29 -30 -31
leaf_value=-0.018575105527557683 0.0019078164374965257 0.005838204472384978 0.013483671492887792 -0.012108940225033976 0.0026555605836528664 -0.0012082327891865432 -0.0069287704965350144 -0.00085631099105312855 -0.0022495188102705727 0.0099375817855905692 0.0070004356374279214 0.0025168216209860571 -0.0011267307074397644 -0.0032411016213684802 -0.0061390093167424057 0.0061125880304307156 -0.0030328067657356883 -0.0075326256248993487 -0.01384071273203125 0.0032347408037331211 -0.00059536090955459046 -0.00081766899060667906 -0.011517610681251258 -0.008801760179573322 0.0002492587264159829 0.00092477644821490419 -0.0065816276103925391 0.0024828843232267447 -0.018343838335375784 0.0169207325517245
leaf_weight=255.90938344597816 8982.6285699158907 8964.6865479648113 5282.9465114623308 3930.2571645975113 1233.4510317444801 6016.5860472172499 748.1224162876606 3505.6554145663977 2770.347648948431 2205.2829491645098 6279.5194150805473 10075.813483804464 2009.1489869356155 2758.1627263426781 9388.2294099628925 2493.2350059747696 3582.5245249420404 3828.8092054724693 433.31380367279053 657.92726688086987 1733.0988741517067 2254.492351680994 816.76230911910534 2429.8932414650917 705.64365203678608 751.13978837430477 2705.6935369819403 1701.4322453439236 907.63657920062542 267.38160242140293
leaf_count=1025 35939 35871 21174 15791 4936 24086 3000 14041 11104 8824 25148 40311 8046 11044 37607 9976 14334 15329 1734 2633 6937 9021 3271 9754 2824 3006 10841 6815 3641 1070
internal_value=5.01857e-05 0.00337433 0.00584332 -0.00342171 -0.0023065 -0.000945476 -0.00360078 -0.00568641 -0.00825361 0.00155396 0.00961198 0.00355744 0.00404815 -0.00210603 -0.00721745 -0.00159213 0.000306251 -0.00391633 0.00173071 0.012356 -0.00537591 0.0028269 -0.00363152 -0.00532217 -0.00518505 -0.000943969 -0.00288071 0.00670558 -0.0132587 0.00524771
internal_weight=99675.7 50921.5 32399.9 48754.2 39623.7 18521.7 29675.3 14549.6 9130.5 9948.46 12220.4 20179.5 5915.86 4032.59 11044 15125.6 8330.25 6795.36 11214.8 5940.87 5561.91 4747.73 9539.04 5200.24 1138.96 3776.68 8722.28 3906.72 1655.76 1018.52
internal_count=399133 203832 129695 195301 158652 74137 118822 58289 36649 39830 48955 80740 23685 16145 44248 60533 33331 27202 44869 23807 22266 18997 38198 20858 4558 15120 34927 15639 6641 4076
is_linear=0
shrinkage=0.05


Tree=10
num_leaves=31
num_cat=0
split_feature=84 89 89 51 52 97 65 61 80 55 23 26 20 41 72 72 80 44 23 20 20 23 61 23 47 27 91 87 52 52
split_gain=378.567 137.133 130.715 62.055 54.9056 44.6615 43.3933 39.8172 36.4265 33.671 31.5065 28.8087 28.0255 29.1577 27.0574 25.7527 25.5018 23.6713 22.596 21.3139 21.1891 25.05 20.2374 26.131 32.0842 26.7731 20.2325 20.1706 19.6585 19.0257
threshold=0.52702729750089083 0.53311310000000012 0.44591290000000006 2250.7494292391798 116.1173645782569 0.99152939742681934 1.0000000180025095e-35 1.0000000180025095e-35 9.03878069606459 1576.8195134764971 0.29851500000000003 0.44853250000000006 13.500000000000002 0.076405720759185045 3.5000000000000004 5.5000000000000009 5.9545403518763083 28.083613146768542 0.30138750000000009 13.500000000000002 13.500000000000002 0.25950850000000009 1.0000000180025095e-35 0.1788315 1.8377867512389947 0.5544015000000001 0.087180000000000007 -0.047241999999999999 134.59924453545489 131.49746549896454
decision_type=2 8 8 8 8 2 2 2 2 10 10 10 2 8 2 2 2 10 8 2 2 10 2 10 10 10 10 10 10 10
left_child=2 7 5 9 8 10 11 12 -4 -3 19 18 26 -14 -8 -16 -11 -17 -6 -1 21 -13 23 -5 -25 -26 -2 -18 -22 -19
right_child=1 3 4 22 6 -7 14 -9 -10 16 -12 20 13 -15 15 17 27 29 -20 -21 28 -23 -24 24 25 -27 -28 -29 -30 -31
leaf_value=-0.0016181272757336295 0.0033013257954387109 -0.002259007851924628 -0.0020763668646027046 0.012305013687654048 -0.00080105626057823626 -0.00084045059997243693 -0.0099105209517609087 -0.0047997440868362429 0.019682851544850728 -0.0085355080315262077 -0.010215532536827389 0.0088331988368630116 -0.00045661990924440596 0.0063411104578078763 -0.00067888145918467953 -0.002782432394766705 0.014052423932386702 -0.014190376327610594 -0.006820622232134122 -0.0066657445384427126 0.00028072811319904156 -0.00089838346695453168 0.00010513236904149792 0.0052775764698395891 0.0041068663754819127 0.015870799017654227 0.012306724380982995 0.0048529921079940811 0.013006258564990375 -0.0019088960009489833
leaf_weight=2822.288440451026 1939.5029011815786 2051.6926825046539 296.64479848742485 4770.2273949831724 15133.925037994981 3823.49611723423 1477.6931255161762 2704.3363925516605 527.9172555655241 303.74860616028309 4862.3849537372589 1889.1346791833639 9366.1616696715355 1886.7208125293255 6262.0648483633995 2511.7595607936382 693.15214875340462 1091.4273452311754 1728.5778134763241 8152.4307655990124 10605.572210460901 1011.8955196142197 613.82211335003376 5061.282967492938 697.91278623044491 1632.3040218502283 917.46918725967407 4098.4910408556461 302.44403672218323 446.67391963303089
leaf_count=11308 7760 8210 1188 19128 60587 15317 5922 10829 2118 1216 19552 7559 37474 7549 25059 10058 2775 4373 6933 32680 42445 4051 2457 20265 2795 6540 3671 16405 1211 1789
internal_value=4.04233e-05 0.00407312 -0.00231342 0.00687849 -0.000777373 -0.00569314 -0.00102677 0.000747014 0.0119237 0.00314151 -0.00686344 -3.5465e-05 0.00181277 0.000687743 -0.00360349 -0.00269097 0.00531624 -0.00579282 -0.0014218 -0.00537034 0.00165722 0.00544734 0.008965 0.00941172 0.00753037 0.01238 0.0062261 0.00621026 0.000645155 -0.0106591
internal_weight=99683.2 36736.8 62946.3 19922.6 43285.7 19660.6 42461.2 16814.2 824.562 7147.08 15837.1 30671.5 14109.9 11252.9 11789.6 10311.9 5095.39 4049.86 16862.5 10974.7 13809 2901.03 12775.5 12161.7 7391.5 2330.22 2856.97 4791.64 10908 1538.1
internal_count=399224 147074 252150 79791 173293 78857 169987 67283 3306 28606 63540 122786 56454 45023 47201 41279 20396 16220 67520 43988 55266 11610 51185 48728 29600 9335 11431 19180 43656 6162
is_linear=0
shrinkage=0.05


Tree=11
num_leaves=31
num_cat=0
split_feature=25 29 71 22 22 22 65 19 37 22 84 47 96 8 39 86 71 90 80 55 99 32 44 19 29 29 25 5 57 31
split_gain=392.199 207.709 88.8339 56.4594 56.3435 53.0379 51.1077 48.5428 38.2576 37.9159 32.7999 30.5819 28.8244 27.9361 25.6036 23.9563 23.3702 22.3647 23.5589 24.2885 21.5201 19.5647 19.1391 18.9704 18.7757 18.5402 19.209 18.0303 17.9694 17.9056
threshold=0.37360350000000003 0.53980400000000006 1.0000000180025095e-35 0.51569000000000009 0.49450750000000004 0.58642150000000015 1.0000000180025095e-35 13.500000000000002 0.30417450000000007 0.48480050000000002 0.45379621815783661 1.8463937169971567 0.33907650000000006 6.5000000000000009 0.036550133422956092 -0.042595500000000001 1.0000000180025095e-35 0.053838200000000037 7.2309250788684549 1707.0520155173447 0.0098885000000000101 0.19430300000000003 32.717266140251134 12.500000000000002 0.36014700000000005 0.46834000000000003 0.32588450000000008 1.5000000000000002 13.067953715134614 0.30449200000000004
decision_type=8 10 2 10 10 10 2 2 10 10 2 8 10 2 8 10 2 10 2 8 10 10 8 2 8 10 10 2 10 10
left_child=1 4 3 10 13 7 9 15 -5 20 -2 25 -11 -1 -8 -3 23 18 -9 -20 -4 28 -10 -17 -16 26 -6 -15 -13 -12
right_child=2 5 6 8 11 -7 14 17 22 12 29 21 -14 27 24 16 -18 -19 19 -21 -22 -23 -24 -25 -26 -27 -28 -29 -30 -31
leaf_value=-0.0011496945135900181 -0.013650430657419367 0.00097614829596665877 -0.010282388447021416 0.0053653481316159593 -0.014455335879865304 0.011805477468698837 -0.0038345861451089336 -0.0028896001452248612 0.00019869210922085617 -0.0084053352545122983 -0.0026710340313598055 0.0019549042411767868 -0.0011435846322170864 -0.010710304341471362 -0.02323211708385332 0.0059781091022713881 0.0069501860702278874 -0.0008236645516967021 0.0012660433644596941 0.0079907450268102281 -0.0042015317918402233 0.0091342138004591924 -0.0092543513323117988 0.016726265061205822 -0.010102015356552557 0.0018132007008475064 -0.0010100718935873733 -0.0013089003032278617 0.011786537477023559 0.01038202254861742
leaf_weight=7950.9879059195518 672.93027845025063 715.25018320977688 2928.9796188771725 4406.4870365858078 271.5235591083765 4508.950521543622 1741.1655672043562 861.09407836198807 2482.9902859777212 1601.2073452323675 13931.940193355083 4138.6549160927534 9030.0475782155991 1464.8716517239809 285.55172918736935 549.54512006044388 2095.4143557697535 2304.2260368317366 1952.7913303375244 4318.594756513834 2927.7532432377338 1858.8808109015226 672.52215865254402 1811.714982047677 5001.0789839029312 12903.514136880636 4755.4919214993715 784.24980783462524 514.6171075552702 258.13117741048336
leaf_count=31847 2712 2865 11768 17629 1087 18094 6981 3446 9934 6421 55793 16557 36172 5871 1149 2202 8402 9221 7814 17284 11755 7437 2691 7272 20059 51625 19032 3143 2059 1034
internal_value=-1.49127e-05 0.0028838 -0.0034069 -0.00115458 0.000574487 0.00706599 -0.00555335 0.00559607 0.00236067 -0.00402738 -0.00294345 0.00187694 -0.00224417 -0.00254538 -0.00912264 0.00948614 0.0108467 0.00345628 0.00483817 0.00590215 -0.00725494 0.0048089 -0.00183887 0.0142606 -0.0108537 0.000809998 -0.00176355 -0.00745242 0.00306515 -0.00242644
internal_weight=99701.2 53760.4 45940.8 22425 34642.8 19117.6 23515.8 14608.6 7562 16488 14863 24442.7 10631.3 10200.1 7027.8 5171.92 4456.67 9436.71 7132.48 6271.39 5856.73 6512.15 3155.51 2361.26 5286.63 17930.5 5027.02 2249.12 4653.27 14190.1
internal_count=399356 215258 184098 89793 138658 76600 94305 58506 30254 66116 59539 97797 42593 40861 28189 20741 17876 37765 28544 25098 23523 26053 12625 9474 21208 71744 20119 9014 18616 56827
is_linear=0
shrinkage=0.05


Tree=12
num_leaves=31
num_cat=0
split_feature=25 89 22 71 19 23 72 36 20 26 27 20 3 26 39 72 89 84 89 24 45 71 27 41 31 50 37 39 57 34
split_gain=356.694 158.257 84.9902 60.4529 55.0517 56.2689 45.9422 43.2683 40.8619 34.9747 33.2212 34.3792 31.3639 29.1101 28.592 28.3978 27.7882 25.2275 24.8796 24.6339 24.4661 20.4739 20.408 20.1601 26.9013 19.7154 18.9265 23.2438 22.3599 18.4734
threshold=0.37395650000000008 0.52765710000000021 0.48301300000000008 1.0000000180025095e-35 13.500000000000002 0.20000650000000003 3.5000000000000004 0.66222600000000009 13.500000000000002 0.44309350000000008 0.5756150000000001 12.500000000000002 2.5000000000000004 0.5000285000000001 0.035770151718391992 3.5000000000000004 0.58643500000000015 0.52575565844832217 0.46663585000000002 0.15752250000000004 18.512667434351133 1.0000000180025095e-35 0.52150800000000008 0.071017450678896074 0.12168050000000001 142.0139395424591 0.32560100000000008 0.092443971677496781 7.8410758897106279 0.48948550000000007
decision_type=8 10 10 2 2 10 2 10 2 10 10 2 2 10 10 2 10 2 8 10 10 2 8 8 8 8 10 10 8 8
left_child=1 6 15 17 9 21 14 12 10 -3 11 20 16 18 -1 -2 29 23 -10 -11 -8 -6 25 24 -4 -19 28 -28 -7 -5
right_child=2 4 3 7 5 26 8 -9 13 19 -12 -13 -14 -15 -16 -17 -18 22 -20 -21 -22 -23 -24 -25 -26 -27 27 -29 -30 -31
leaf_value=-0.00067747062263913329 -0.010715577196250811 -0.0023998032164302312 0.0034259673747743728 -0.0092092045453263591 0.01002036667714476 0.009670833026275534 0.0029651637167731394 -0.010067005062080551 -0.0016472545512006146 0.011213844474319754 0.020114254085464016 0.0075800689076371084 -0.010623434276299429 -0.0062385232052654454 -0.0091492872369690666 -0.0051322770657951343 0.0047543223759444631 0.0043097276594457282 0.0020809003432766724 -0.0040575716319917726 -0.0077446549130977208 0.0047708003942631945 0.0073023498793901688 0.0016231689360823899 -0.0053138567571970434 -0.0044512063740925504 -0.0038934106830039263 0.0089411605632637135 0.0017468396115836373 -0.0020593011501381588
leaf_weight=2184.7613068372011 2740.1156516075134 559.85404744744301 1177.119710072875 991.27355274558067 3861.6917494982481 1066.6868920326233 1676.7556181699038 2293.681134596467 7075.4527327120304 6301.8859143704176 329.38465423882008 2960.0894869565964 1109.0714902728796 1626.5942132920027 1822.9623077213764 13650.212459772825 1390.4881302714348 1578.5210101157427 12139.148184671998 270.82129237055779 769.82422548532486 3635.7059755474329 2175.5841367393732 4533.0472030490637 3416.8665959089994 1068.1270749866962 2264.5265476554632 407.82792875170708 5183.7693872302771 9390.6551687717438
leaf_count=8747 11027 2241 4710 3972 15480 4270 6711 9203 28337 25292 1318 11847 4446 6513 7304 54769 5567 6315 48569 1084 3081 14570 8704 18139 13675 4274 9061 1634 20740 37627
internal_value=6.95589e-05 0.00281216 -0.00319254 -0.00157074 0.00589182 0.00429417 0.000439435 -0.00375372 0.00119236 0.00955869 0.00492547 0.00396471 -0.00262264 0.000163045 -0.00454416 -0.00607165 -0.00186051 0.000805079 0.000707927 0.0105794 -0.000422524 0.00748445 0.00372644 -0.0007408 -0.00307187 0.000770568 0.00160815 -0.0019087 0.00311242 -0.00275018
internal_weight=99652.5 54137.7 45514.8 29124.4 23552.8 16420.2 30585 15175.2 26577.2 7132.56 5736.05 5406.67 12881.5 20841.2 4007.72 16390.3 11772.4 13949.3 19214.6 6572.71 2446.58 7497.4 4822.23 9127.03 4593.99 2646.65 8922.81 2672.35 6250.46 10381.9
internal_count=399227 216799 182428 116632 94372 65755 122427 60815 106376 28617 22957 21639 51612 83419 16051 65796 47166 55817 76906 26376 9792 30050 19293 36524 18385 10589 35705 10695 25010 41599
is_linear=0
shrinkage=0.05


Tree=13
num_leaves=31
num_cat=0
split_feature=22 95 89 71 83 52 71 94 23 50 20 58 42 71 54 19 20 29 20 79 38 96 20 0 29 95 44 55 43 53
split_gain=299.497 154.765 108.469 76.2349 56.8682 45.1293 42.8778 41.3458 40.4488 36.3702 32.3458 29.883 29.5457 28.263 27.9615 26.4212 26.1505 25.414 23.1606 22.9311 22.3264 22.1334 21.7903 24.7351 22.0458 21.2959 21.2947 20.3632 23.8717 19.7959
threshold=0.50476000000000021 0.058698500000000021 0.52765710000000021 1.0000000180025095e-35 0.44723237482164752 134.59924453545489 1.0000000180025095e-35 0.34862600000000005 0.30138750000000009 142.26900341209145 13.500000000000002 1905.5000000000002 133.70951511752045 1.0000000180025095e-35 128.36626580341098 13.500000000000002 13.500000000000002 0.42272200000000004 12.500000000000002 52.800000000000004 0.15936550000000002 0.56757200000000008 12.500000000000002 4.5000000000000009 0.46680050000000006 0.02411749999999999 -1.5684168041842428 1571.7769299971944 2137.0065408890528 2348.390763356319
decision_type=10 10 8 2 2 10 2 10 8 8 2 8 10 2 8 2 2 10 2 2 10 10 2 2 10 10 8 8 8 10
left_child=3 6 16 4 -1 10 27 9 12 -4 22 25 -5 -11 29 19 18 -18 -3 -12 -17 -14 24 -24 -6 -8 -10 -2 -29 -9
right_child=1 2 7 8 5 -7 11 14 26 13 15 -13 21 -15 -16 20 17 -19 -20 -21 -22 -23 23 -25 -26 -27 -28 28 -30 -31
leaf_value=-0.0099785437987166339 -0.0017597992445930995 0.00051394608183063552 0.0036249738474250972 -0.00077858460166391002 -0.0078681486660221039 0.015592940979739315 -0.010081482788867564 0.011659317476734724 -7.3757316348866731e-05 0.012938458989639474 0.0048915973686445395 -0.0013334631078350603 -0.0063146553955478069 0.0071426766013847984 0.0029836046444038367 -0.0048037985604909399 -0.0068097364481544236 0.00091635516846759317 0.0081610913810171853 -0.003044566888787569 0.00019495595217683574 0.0023784536805934245 -0.0033695063566263057 0.0079444097339420438 0.0038102292961017547 -0.0027493271907814594 -0.010681942737931136 0.0084769503605415762 0.0010429944620125827 2.2901142893343239e-05
leaf_weight=1641.1154827773571 3585.4157738983631 1747.6021583676338 2798.381158336997 4504.6161262243986 750.29568368196487 426.26786515116692 2286.9961670041084 1764.3837476074696 533.55116634070873 4503.4516149610281 2257.0869115889072 5913.6671440452337 9418.9740313142538 4039.4917698204517 8685.2734689712524 6895.3661287277937 1146.7741275280714 13316.948390185833 2278.6754204332829 1512.097166582942 3300.7054725140333 788.81103982031345 604.99346747994423 2296.0727174729109 853.52473424375057 1758.4144345074892 4173.3304631412029 1482.5664753466845 3918.601974055171 460.35451839864254
leaf_count=6609 14347 6993 11215 18054 3006 1708 9175 7080 2136 18081 9038 23687 37791 16207 34761 27620 4592 53279 9119 6055 13213 3160 2422 9192 3415 7047 16807 5931 15678 1842
internal_value=0.000145453 0.00238814 0.00412404 -0.0032044 -0.00107983 -0.000302121 -0.001345 0.00647507 -0.00544961 0.00858945 -0.000677199 -0.00360295 -0.00415393 0.0102095 0.00427125 -0.00186551 0.00129277 0.000299501 0.00485135 0.00170819 -0.00318698 -0.00564122 0.00300257 0.00558152 -0.00166802 -0.00690906 -0.00948215 0.00115852 0.00309544 0.00926233
internal_weight=99643.8 59687 40741.3 39956.8 20537.5 18896.4 18945.7 22251.3 19419.3 11341.3 18470.1 9959.08 14712.4 8542.94 10910 13965.3 18490 14463.7 4026.28 3769.18 10196.1 10207.8 4504.89 2901.07 1603.82 4045.41 4706.88 8986.58 5401.17 2224.74
internal_count=399260 239034 163169 160226 82278 75669 75865 89186 77948 45503 73961 39909 59005 34288 43683 55926 73983 57871 16112 15093 40833 40951 18035 11614 6421 16222 18943 35956 21609 8922
is_linear=0
shrinkage=0.05


Tree=14
num_leaves=31
num_cat=0
split_feature=22 95 22 89 71 42 71 53 55 54 20 64 58 50 56 84 38 71 89 19 51 65 35 43 86 35 87 87 26 96
split_gain=281.537 103.669 88.1823 64.0151 61.6199 48.7717 35.2437 33.1124 30.4694 29.783 29.641 29.5909 29.3794 29.0694 27.1271 26.2956 27.1985 27.1263 24.5771 22.4021 20.6377 20.6164 19.5221 19.2652 18.8212 18.8143 19.1998 18.7484 17.9607 20.2149
threshold=0.51852050000000005 0.058698500000000021 0.45800800000000003 0.55435310000000004 1.0000000180025095e-35 133.09818701660762 1.0000000180025095e-35 2357.8418066116274 1068.4506656481494 133.22556792832435 13.500000000000002 10.500000000000002 406.00000000000006 144.85027948020678 2.1777651606268282 0.57444327847993015 0.073404450000000024 1.0000000180025095e-35 0.4606350500000001 19.500000000000004 2194.8266471305847 1.0000000180025095e-35 0.14318450000000002 2072.2841198473743 -0.1295105 0.13983750000000003 0.065382499999999968 -0.16627849999999997 0.40785250000000006 0.34157345000000006
decision_type=10 10 10 10 2 10 2 8 8 10 2 2 10 10 8 2 10 2 10 2 8 2 8 10 10 10 8 8 10 10
left_child=2 6 9 10 8 21 23 -8 13 25 -3 15 -7 -4 -10 16 -5 19 -14 20 -18 -6 -16 -2 -24 26 -1 -12 29 -25
right_child=1 3 4 11 5 12 7 -9 14 -11 27 -13 18 -15 22 -17 17 -19 -20 -21 -22 -23 24 28 -26 -27 -28 -29 -30 -31
leaf_value=0.00099627696372417136 0.0058517411299331256 0.0060118923107332035 -0.00064020021273968628 -0.003054357555298249 0.0021042167098616993 -0.021645417611568768 -0.006120096202871364 0.00081082371993149854 -0.0056005439928434987 -0.012132408093378342 -0.0064984210554646111 -0.0037338999958702298 -0.007276524874376614 0.022070516184174722 0.0031942195391932711 0.011131999554349771 0.0018453384776565133 0.0038622064374913101 -0.0030544082120312383 0.00061855235383571384 0.011916521971188046 -0.0047429349127756891 -0.00509052321016053 0.00084972877295960952 0.00029560409374504882 -0.0068568529585701912 -0.010712176106045678 0.001699677214475235 0.0015690398953737774 -0.013098680643852445
leaf_weight=1708.0043670237064 1905.499023988843 4268.2695728391409 258.72730968892574 771.67436166107655 4186.612129881978 256.24283917248249 4429.4368607848883 2813.0896350294352 1986.1393349319696 2089.6636006087065 720.58264185488224 644.24067094922066 6002.2374586760998 297.96079671382904 5016.0498484224081 3220.5187160074711 593.88225369155407 4528.6461133807898 8140.3083727657795 657.56878730654716 3712.4951375126839 1479.5752388387918 1875.0868816077709 534.35720597207546 11612.465335339308 6081.1224537044764 429.98550936579704 15469.888486355543 3543.2202217429876 493.36958102881908
leaf_count=6865 7623 17083 1036 3090 16766 1030 17754 11268 7953 8422 2884 2585 24111 1195 20073 12946 2377 18157 32628 2634 14908 5928 7508 2138 46477 24448 1728 61902 14175 1975
internal_value=-9.96479e-05 0.00264098 -0.00267435 0.00409943 -0.00163663 -0.00361843 -0.00103631 -0.00343063 0.000253567 -0.00680715 0.00231004 0.00668698 -0.0051639 0.0116904 -6.27125e-05 0.00718724 0.0059399 0.00667351 -0.00485019 0.00922537 0.0105351 0.000311058 0.000534411 0.00164238 -0.000456411 -0.00544014 -0.0013974 0.00133102 -0.000121324 -0.00590803
internal_weight=99726.9 48306.7 51420.2 34587.8 41111.4 20065 13719 7242.53 21046.4 10308.8 20458.7 14129 14398.8 556.688 20489.7 13484.8 10264.3 9492.59 14142.5 4963.95 4306.38 5666.19 18503.6 6476.45 13487.6 8219.11 2137.99 16190.5 4570.95 1027.73
internal_count=399667 193499 206168 138566 164705 80463 54933 29022 84242 41463 81869 56697 57769 2231 82011 54112 41166 38076 56739 19919 17285 22694 74058 25911 53985 33041 8593 64786 18288 4113
is_linear=0
shrinkage=0.05


Tree=15
num_leaves=31
num_cat=0
split_feature=22 89 89 25 25 20 49 87 80 25 89 28 94 44 3 44 38 33 59 31 20 95 2 44 44 59 91 43 86 52
split_gain=250.264 99.0296 72.0116 51.0166 48.1574 32.8404 33.5172 31.6543 30.1792 27.7354 27.2329 27.6768 24.0197 23.7347 22.9516 22.8948 21.7795 20.6858 20.0203 19.5239 19.1887 25.1358 19.128 22.7117 18.539 19.6471 18.4864 20.3232 17.94 17.5657
threshold=0.50651250000000003 0.55644570000000015 0.44951580000000008 0.33582200000000001 0.37710450000000006 13.500000000000002 132.9014309569998 0.0099005000000000083 7.1720406999466801 0.43059650000000005 0.41679650000000007 0.5309505000000001 0.39136450000000006 19.158350917021995 2.5000000000000004 32.502847842998769 0.062027050000000007 356.50000000000006 8.2095801504622212 0.12774000000000002 13.500000000000002 -0.035524999999999994 2.5000000000000004 31.206651368825536 25.360883754945785 8.431850273851774 0.20838300000000004 2036.8027780952518 -0.26540549999999991 124.49925825113752
decision_type=10 8 10 10 10 2 10 10 2 10 10 10 10 8 2 10 10 2 2 10 2 10 2 10 10 2 10 10 10 10
left_child=2 4 7 12 14 9 16 15 13 24 -6 26 -3 -5 17 20 -7 -2 -16 -15 21 -1 29 -24 -4 -26 27 -12 -17 -10
right_child=1 3 5 8 10 6 -8 -9 22 -11 11 -13 -14 19 18 28 -18 -19 -20 -21 -22 -23 23 -25 25 -27 -28 -29 -30 -31
leaf_value=-0.0099981256671460433 -0.0038542684689560729 0.010614476659401196 0.0058969537433326228 -0.01341445456431449 -0.0067132774184213186 -0.0060348004352848011 0.012637240726429591 -0.012894935883488438 0.01515920270162256 -0.0092255966545346079 0.0061181632367436406 -0.005447366705405382 -0.00045520591030941485 0.0039181422753964265 0.0021998918013451749 -0.019371714397070548 -0.0016786362526335593 0.0027063003061296312 -0.0080184994482480117 -0.0044459096124464196 -0.0050907782274798247 0.0010448898614129451 0.0017952679646856607 0.0070114562802506587 0.0019413382607185239 -0.010331064001383318 0.012327853722504119 -0.00087689125904899892 -0.007209577658184467 0.0057123151908930209
leaf_weight=608.54500082135201 1261.9487281292677 4382.9810996502638 2838.7639332711697 322.36086501181126 2297.7307270020247 3587.5609685331583 360.68104447424412 1313.197239652276 731.92059518396854 482.18788282573223 1196.2286129593849 2456.28444647789 550.67045663297176 1793.7210588157177 880.05202493071556 331.09370608627796 14249.097034662962 22114.835011810064 1033.764623388648 1128.0176332443953 8901.3430990129709 3078.9161341786385 5792.9614374190569 3260.7987778484821 1913.1751151382923 382.71867480874062 310.37755136191845 7451.5030101388693 3162.5874079465866 1530.5081458091736
leaf_count=2448 5050 17649 11366 1291 9214 14384 1447 5285 2938 1935 4789 9835 2204 7183 3522 1331 57080 88501 4137 4517 35760 12357 23211 13068 7666 1534 1243 29848 12724 6139
internal_value=-2.15607e-05 0.00208084 -0.00300566 0.00498981 0.000626 -0.0012184 -0.00224975 -0.00545026 0.00349664 0.00212102 -0.00175925 -0.000756995 0.00938051 -0.00075312 0.00191943 -0.00483474 -0.0025577 0.00235064 -0.00333265 0.00068482 -0.00383547 -0.00079966 0.00471454 0.00367959 0.00320242 -0.000140366 0.000533729 9.66739e-05 -0.00841417 0.00882175
internal_weight=99706.5 58496.7 41209.9 19493.9 39002.7 23814.2 18197.3 17395.7 14560.3 5616.85 13712.1 11414.4 4933.65 3244.1 25290.6 16082.5 17836.7 23376.8 1913.82 2921.74 12588.8 3687.46 11316.2 9053.76 5134.66 2295.89 8958.11 8647.73 3493.68 2262.43
internal_count=399656 234339 165317 78200 156139 95412 72911 69905 58347 22501 54929 45715 19853 12991 101210 64620 71464 93551 7659 11700 50565 14805 45356 36279 20566 9200 35880 34637 14055 9077
is_linear=0
shrinkage=0.05


Tree=16
num_leaves=31
num_cat=0
split_feature=22 95 29 94 71 44 52 71 44 3 29 28 52 25 45 20 33 38 57 94 84 47 64 62 27 37 27 36 37 80
split_gain=234.322 117.002 76.5429 60.5524 58.4466 37.9214 37.5846 34.6339 32.8225 32.519 26.3923 25.3365 25.1771 28.6915 24.0418 23.3698 25.0611 23.1058 22.0276 21.4712 21.2588 23.8232 21.1597 20.8001 20.5582 20.3036 19.9891 19.7486 18.9832 18.8699
threshold=0.50529650000000015 0.058698500000000021 0.57158650000000011 0.48128800000000005 1.0000000180025095e-35 27.380987387308977 134.59924453545489 1.0000000180025095e-35 24.619540225890091 1.5000000000000002 0.42272200000000004 0.29460000000000003 116.1173645782569 0.33669150000000009 -7.6935021495418567 13.500000000000002 11238.500000000002 0.057319550000000004 10.150040025909682 0.463478 0.56118524123255031 1.8417172039038257 9.5000000000000018 1.0000000180025095e-35 0.63976750000000016 0.26114850000000006 0.57076100000000007 0.65963650000000007 0.12911500000000004 8.5406167015886609
decision_type=10 10 10 8 2 10 10 2 10 2 8 8 8 10 8 2 2 10 8 10 2 8 2 2 8 10 10 10 10 2
left_child=3 7 9 4 6 22 14 28 18 20 -11 -5 -4 -14 19 -16 17 -17 23 25 21 -3 -6 -9 27 -1 -23 -10 -2 -12
right_child=1 2 12 11 5 -7 -8 8 24 10 29 -13 13 -15 15 16 -18 -19 -20 -21 -22 26 -24 -25 -26 -27 -28 -29 -30 -31
leaf_value=-0.0049840701926762172 -0.0087051285862147915 0.0014727673825501459 0.017999728656272779 -0.022645033110766488 -0.0014522826270526666 -0.0068198048910618611 0.014320001653847123 0.0017621621126211696 -0.0051117867589957509 -0.013344932212540997 0.0025865189692797705 -0.0071527919006163388 0.010036147077699519 0.0045302093086993572 0.0021714257740496064 -0.0065723918828986087 -0.01428231924947416 -0.00079080497667900122 0.0050169160041688785 -0.0065067719756603595 0.006805366304693793 0.0033344552154185034 -0.010457840089272544 -0.0079637058857631986 0.0016654901242565325 0.0072846165145666808 0.0096312503456698791 -0.013091377644482999 0.0017143476352669313 -0.0026548731292505828
leaf_weight=392.1141577064991 451.32722933590412 13257.457023859024 523.32617849111557 273.61347764730453 9095.0267830789089 7538.3275369256735 430.55291935801506 1193.3037107735872 4315.3909135013819 370.00981844961643 3744.7681802809238 4444.6218138486147 4029.3539677262306 5791.4172140359879 3684.2318461239338 2147.9800083637238 417.99697287380695 8693.3268802762032 1581.6335258483887 437.07382209599018 3669.9828912615776 4094.8414515405893 693.23520669341087 1004.7160306125879 881.59434498846531 2155.582021176815 1823.5117515027523 944.79014357924461 8372.9867909550667 3154.3853324353695
leaf_count=1571 1806 53057 2109 1108 36486 30301 1727 4781 17302 1482 14990 17919 16237 23222 14747 8610 1674 34810 6334 1758 14703 16389 2783 4026 3533 8629 7305 3798 33503 12627
internal_value=0.000155781 0.00215901 0.0036717 -0.00277942 -0.00207425 -0.00415627 -0.000108106 -0.00110606 -0.00313152 0.00239567 -0.000516607 -0.00809719 0.00738074 0.00679715 -0.00046239 -0.00128109 -0.00241173 -0.00194131 0.000534246 0.00362708 0.00332213 0.00265229 -0.00210011 -0.00269947 -0.00538463 0.00538425 0.00528754 -0.00656714 0.00117218 0.00018971
internal_weight=99608.5 59204.8 40459.1 40403.7 35685.4 17326.6 18358.9 18745.7 9921.43 30115 7269.16 4718.24 10344.1 9820.77 17928.3 14943.5 11259.3 10841.3 3779.65 2984.77 22845.8 19175.8 9788.26 2198.02 6141.78 2547.7 5918.35 5260.18 8824.31 6899.15
internal_count=399327 237204 162121 162123 143096 69570 73526 75083 39774 120553 29099 19027 41568 39459 71799 59841 45094 43420 15141 11958 91454 76751 39269 8807 24633 10200 23694 21100 35309 27617
is_linear=0
shrinkage=0.05


Tree=17
num_leaves=31
num_cat=0
split_feature=29 95 71 71 29 94 65 44 49 70 23 28 39 88 37 94 48 20 33 22 15 36 86 2 93 37 88 54 15 97
split_gain=208.6 109.076 59.06 58.5683 53.5877 43.4492 42.0599 34.4615 28.9829 28.0403 26.9964 25.4482 25.0147 22.6878 22.3928 21.947 21.3531 26.8016 27.0083 25.3411 21.9092 21.2536 20.3366 20.1602 19.339 17.2703 17.1537 24.4034 20.4066 17.053
threshold=0.49662550000000005 0.072413000000000019 1.0000000180025095e-35 1.0000000180025095e-35 0.5849430000000001 0.47064250000000007 1.0000000180025095e-35 24.757465181154945 132.09766945606785 4.5000000000000009 0.28829250000000006 0.31725600000000004 0.034825035975142839 -0.0061114999999999911 0.16873650000000004 0.36816650000000006 -0.54292579254494167 13.500000000000002 2763.5000000000005 0.47749250000000004 40.250000000000007 0.6494970000000001 -0.16562149999999995 4.5000000000000009 0.019317500000000005 0.40550750000000008 -0.078709499999999946 134.42484813470097 94.350000000000009 0.96750884897174982
decision_type=10 10 2 2 10 8 2 10 10 2 10 8 10 10 8 10 10 2 2 10 2 8 10 2 10 10 8 8 2 2
left_child=2 3 5 13 8 16 7 24 15 -5 12 -9 -8 -2 -13 29 19 18 -18 -1 -20 -16 -15 -6 -4 -17 28 -28 -19 -3
right_child=1 4 6 9 23 -7 10 11 -10 -11 -12 14 -14 22 21 25 17 26 20 -21 -22 -23 -24 -25 -26 -27 27 -29 -30 -31
leaf_value=-0.0015306392293117285 0.0062986977997238139 0.0061428494166344827 -0.0024178332779658061 -0.0028360230310277429 0.01027926891338069 -0.0060013780132711358 -0.0010031791576649476 -0.01546197804606058 0.012507284800067865 -0.015408030088340699 -0.013500914694137379 0.003446055012630512 -0.0082701649616258154 -0.0094716697317689478 -0.0038655666925438825 0.0017113914910104546 -0.0027140874922578582 0.0022221721669298646 0.012107021638646192 0.0053928638971666408 0.0024192108686853292 -0.011108144951661198 0.0013665464225450156 0.0051539542542876765 0.0028893540744828225 -0.0044997751661216253 -0.0019770590007955986 -0.0091643416531302022 -0.0075440551334350382 0.0022052142515040329
leaf_weight=2095.8920507133007 2375.7522470504045 5454.2186290323734 3888.0926823019981 9406.2404872924089 3743.3134742975235 3256.3710073083639 1802.8465831130743 506.57930043339729 744.07519024610519 456.26374994218349 1450.2064244896173 896.52428987622261 3458.130618929863 453.70454603433609 7829.4043134301901 10954.805883660913 1424.6129009723663 3402.5968727022409 897.2887709736824 3550.9205202907324 1654.7598496079445 1159.0702906697989 6495.5078280419111 4009.0654655396938 3057.0912265181541 1236.7509223669767 6309.9370161741972 1445.6943256556988 624.37034338712692 5569.9522838443518
leaf_count=8402 9509 21872 15606 37705 15080 13119 7232 2043 2988 1831 5854 3596 13883 1816 31446 43838 5702 13622 3591 14209 6623 4665 25994 16108 12256 4951 25263 5791 2500 22310
internal_value=-1.08825e-05 0.00222726 -0.00234959 -0.000748209 0.00402723 -0.000629931 -0.0041122 -0.00280838 0.00285598 -0.00343265 -0.00747112 -0.00462943 -0.00578652 0.00209162 -0.00405922 0.0025414 0.000189614 -0.000755864 0.00278888 0.00282495 0.00585936 -0.00481081 0.000646341 0.00763882 -8.09505e-05 0.00107814 -0.00195357 -0.00332689 0.000693009 0.00415716
internal_weight=99610 50899.7 48710.4 19187.5 31712.2 24662.4 24047.9 17336.8 23959.8 9862.5 6711.18 10391.6 5260.98 9324.96 9885 23215.7 21406.1 15759.3 3976.66 5646.81 2552.05 8988.47 6949.21 7752.38 6945.18 12191.6 11782.6 7755.63 4026.97 11024.2
internal_count=399405 204002 195403 76855 127147 98822 96581 69612 95959 39536 26969 41750 21115 37319 39707 92971 85703 63092 15916 22611 10214 36111 27810 31188 27862 48789 47176 31054 16122 44182
is_linear=0
shrinkage=0.05


Tree=18
num_leaves=31
num_cat=0
split_feature=89 84 95 71 19 19 71 65 61 28 20 94 26 96 88 20 48 30 37 19 20 39 84 97 6 23 88 65 85 20
split_gain=198.528 92.5812 57.1464 50.6067 50.7893 53.1998 38.3719 33.5755 29.0657 29.0106 28.7721 26.8503 24.7607 24.0681 23.7573 23.5567 23.4384 23.33 22.6131 21.4979 21.1869 21.0116 21.4118 19.998 19.7191 19.6421 19.4995 18.8986 17.7846 17.7777
threshold=0.46315635000000005 0.53572588735669491 0.14317750000000004 1.0000000180025095e-35 13.500000000000002 12.500000000000002 1.0000000180025095e-35 1.0000000180025095e-35 1.0000000180025095e-35 0.30782500000000007 13.500000000000002 0.47231750000000006 0.44761450000000008 0.58025300000000002 0.080352500000000007 13.500000000000002 0.1469706061994788 0.20271550000000002 0.38077550000000004 14.500000000000002 12.500000000000002 0.03445879175474037 0.57444327847993015 0.85780272181292894 1.5000000000000002 0.13419200000000003 -0.004454500000000027 1.5000000000000002 0.54848804136253049 12.500000000000002
decision_type=10 2 10 2 2 2 2 2 2 8 2 8 10 10 10 2 8 10 10 2 2 10 2 2 2 10 10 2 2 2
left_child=6 3 8 4 5 -2 11 9 10 -8 20 -1 16 19 -7 29 -5 21 23 -11 -3 -12 -23 -17 26 -10 -18 -14 -25 -6
right_child=1 2 -4 12 15 14 7 -9 25 13 17 -13 27 -15 -16 18 24 -19 -20 -21 -22 22 -24 28 -26 -27 -28 -29 -30 -31
leaf_value=-0.00066245040777391519 -0.00034883009314722036 0.0036986461449057769 0.009919746777763902 -0.0080592700455416194 -0.00026394144145654923 0.0076974818866940922 -0.014576445812470144 -0.0086878826276079197 0.0046992267084705591 -0.0068112934840401963 0.0074921999345761194 -0.0061050349502440957 0.00066646919872525624 0.0067138642749814161 0.018046344738455174 -0.0042902310141671157 0.0050233372125582688 -0.00076476031933507375 -0.0041170520752042226 -0.0020055887842564068 0.011951084914689202 0.00089189490101976613 0.0066934649780871318 0.0011635531732421074 -0.0041831868069086278 -0.004962054913219759 -0.0022803101377030549 -0.0085964060654547848 0.013887591189438275 0.0061443965588840041
leaf_weight=12973.913263633847 1936.0420369952917 1515.8696019500494 3409.9013087004423 2101.7472987473011 1804.945695117116 2320.7241462022066 567.14285598695278 4613.5041994452477 738.28592064976692 3500.9541771411896 2904.6676034629345 2736.5211984217167 9311.4376781880856 586.33393079042435 734.59892746806145 1732.4397218674421 1469.5587515681982 3638.7363857328892 3404.1843618601561 6941.9807124882936 1615.6010257154703 5683.4275862574577 2200.4600804150105 8142.385783597827 5311.7612589001656 1767.0769956111908 2380.5504449158907 575.2268732637167 274.36209650337696 2689.9218763262033
leaf_count=51963 7748 6075 13765 8443 7223 9301 2289 18568 2958 14081 11646 11039 37299 2349 2964 6937 5890 14571 13625 27899 6476 22760 8832 32584 21297 7078 9545 2305 1098 10764
internal_value=-0.000126456 0.00140688 0.00394373 5.86918e-05 0.00167953 0.00613816 -0.0033762 -0.0050823 0.00292367 -0.0036416 0.00364236 -0.00161375 -0.00170689 -0.00306662 0.0102364 0.00044375 -0.0033086 0.00269583 -0.000596976 -0.00362166 0.00798077 0.00386263 0.00251759 0.000586599 -0.0022112 -0.00210768 0.000513231 0.000119394 0.00159431 0.00357621
internal_weight=99584.3 67663.9 23474 44189.9 23039.6 4991.37 31920.4 16209.9 20064.1 11596.4 17558.8 15710.4 21150.3 11029.3 3055.32 18048.2 11263.6 14427.3 13553.4 10442.9 3131.47 10788.6 7883.89 10149.2 9161.87 2505.36 3850.11 9886.66 8416.75 4494.87
internal_count=399372 271184 94161 177023 92244 20013 128188 65186 80396 46618 70360 63002 84779 44329 12265 72231 45175 57809 54244 41980 12551 43238 31592 40619 36732 10036 15435 39604 33682 17987
is_linear=0
shrinkage=0.05


Tree=19
num_leaves=31
num_cat=0
split_feature=25 89 23 71 22 72 19 22 45 89 56 68 4 90 51 43 39 21 94 55 26 22 55 3 71 19 36 81 40 54
split_gain=178.613 81.8815 55.9107 40.4288 38.966 31.4545 30.4942 29.0529 27.3124 26.7998 23.4785 23.2069 23.0496 22.0595 21.8225 21.6778 21.4477 21.3461 21.2521 20.3582 30.4235 23.2214 19.6949 19.5971 19.5369 28.5315 19.4248 19.3517 18.7543 18.2402
threshold=0.37605950000000005 0.53740615000000014 0.2902010000000001 1.0000000180025095e-35 0.58642150000000015 3.5000000000000004 13.500000000000002 0.46131250000000007 14.624848951558166 0.44591290000000006 2.1777651606268282 1.0000000180025095e-35 1.5000000000000002 0.067001000000000047 2098.010221027012 2203.5804116715913 0.031850802410912614 1616.5000000000002 0.38142350000000008 1568.3732351517449 0.40894850000000005 0.51497450000000011 1773.0386856303301 1.5000000000000002 1.0000000180025095e-35 12.500000000000002 0.45250600000000002 8.8674978858657152 0.053374749746015408 132.98415405878328
decision_type=8 10 8 2 10 2 2 10 10 8 8 2 2 10 10 8 10 2 10 8 10 10 10 2 2 2 10 2 10 8
left_child=1 5 3 10 6 16 24 -7 12 17 -2 15 -9 22 -10 -11 -1 27 -16 20 -12 -21 26 -18 25 -3 -8 -5 -13 -4
right_child=2 4 29 9 -6 7 13 8 14 11 19 28 -14 -15 18 -17 23 -19 -20 21 -22 -23 -24 -25 -26 -27 -28 -29 -30 -31
leaf_value=0.00089193865825099744 -0.0043608102879506352 0.00097378755572381901 -0.0041625533820174405 -0.012747438737382525 0.0083742603107771624 -0.0043642378878275944 -0.0067246264844384816 0.0041574138561717945 0.0053698672751928828 -0.0054989844824211258 -0.010246878040208161 0.0057950592026354128 -0.00022912046430847944 -0.0031380080604749617 0.001584844690713968 -0.00063598521094971347 -0.0038821031590542082 -0.0036046009406097059 -0.0025832259647329235 3.8906795147714921e-05 9.6829634394810275e-05 0.0051834044003815864 0.0056651432800782593 -0.013616880933606041 0.0030022535026094557 0.012086028776548755 0.0019719009071593129 -0.0021076540323025309 -0.0018012964755353422 -0.0089132611625439336
leaf_weight=1656.8281801640987 2467.3875229209661 801.97592289745808 4779.8659303486347 1631.9170190542936 4468.363412052393 2439.1378357261419 727.11146982014179 10054.674414172769 1537.0002196133137 4998.0148744881153 827.73603928089142 1470.2632277905941 4261.8559870570898 2001.0883100926876 5083.4755380004644 4230.3814852237701 2134.8331669121981 3283.2025374174118 7646.7685502022505 4782.0228534787893 4693.3485497683287 4042.5889933556318 3385.2305284440517 678.37245355546474 2593.8283583372831 2072.3281982541084 4977.5000496655703 583.81069038808346 1793.4287697672844 3535.6114281713963
leaf_count=6636 9884 3220 19256 6570 18019 9801 2911 40244 6151 20050 3315 5893 17058 8013 20344 16967 8560 13208 30623 19146 18784 16175 13562 2721 10427 8364 19936 2350 7190 14289
internal_value=-8.62674e-05 0.00176264 -0.00250963 -0.0016286 0.00423435 0.000297518 0.00311284 0.000862826 0.00131024 -0.00327529 0.000134368 -0.00199216 0.00285235 0.00160362 -0.000238114 -0.00327284 -0.003619 -0.00618132 -0.000918883 0.000910015 -0.00146965 0.00239882 0.00264977 -0.00626945 0.00616544 0.00899966 0.000853611 -0.00996608 0.00162804 -0.00619076
internal_weight=99640 56520.4 43119.6 34804.1 21027.4 35492.9 16559.1 31022.9 28583.8 17991 16813.1 12492.1 14316.5 11090.9 14267.2 9228.4 4470.03 5498.93 12730.2 14345.7 5521.08 8824.61 9089.84 2813.21 5468.13 2874.3 5704.61 2215.73 3263.69 8315.48
internal_count=399667 226590 173077 139532 84452 142138 66433 124221 114420 72228 67304 50100 57302 44422 57118 37017 17917 22128 50967 57420 22099 35321 36409 11281 22011 11584 22847 8920 13083 33545
is_linear=0
shrinkage=0.05


Tree=20
num_leaves=31
num_cat=0
split_feature=25 83 20 28 94 71 20 19 0 61 22 97 99 37 15 71 48 19 54 64 64 46 21 49 7 26 47 49 37 20
split_gain=167.735 79.9099 47.2433 46.8657 42.2949 40.8685 36.7341 32.1515 30.7994 28.3101 28.0025 27.5021 23.7756 22.753 22.4973 21.6166 26.3995 24.0748 24.1417 21.0645 20.4575 19.0147 18.5446 18.1465 18.107 17.3231 17.1998 17.0569 16.7539 18.1924
threshold=0.37756150000000005 0.58139528080727099 13.500000000000002 0.53859150000000011 0.4623810000000001 1.0000000180025095e-35 12.500000000000002 13.500000000000002 4.5000000000000009 1.0000000180025095e-35 0.47272850000000005 0.75369357164871331 0.052275000000000009 0.29869350000000006 34.650000000000013 1.0000000180025095e-35 -0.56687864703760704 19.500000000000004 129.75886428434407 9.5000000000000018 9.5000000000000018 1.7294713408223801 3593.5000000000005 126.22545084292496 1.0000000180025095e-35 0.40785250000000006 1.9078785899215382 125.92200827017056 0.46083600000000008 13.500000000000002
decision_type=8 2 2 10 8 2 2 2 2 2 10 2 10 10 2 2 8 2 8 2 2 10 2 10 2 10 10 8 10 2
left_child=1 2 6 10 5 13 26 22 -8 12 -4 21 -10 -2 -9 17 -17 23 -19 -6 28 -7 27 -12 -25 -15 -1 -5 29 -13
right_child=4 -3 3 7 19 11 8 14 9 -11 15 20 -14 25 -16 16 -18 18 -20 -21 -22 -23 -24 24 -26 -27 -28 -29 -30 -31
leaf_value=0.0003404560527070727 0.0020387375094288729 0.0072750218870500684 -0.005062603800045971 -0.006855355155457498 -0.0055071388795509459 -0.0028992986521363035 -0.00064970299973586456 -0.002750639252007647 0.012102250129570951 -0.0001413152402058241 0.00096379487570754643 0.00058051734761693015 0.00202082960669443 -0.006362341350767001 0.0027268427255299991 -0.0084383307518471253 -0.00092647308016787899 -0.0065364595665467692 0.0016930811787165862 -0.016603500912073275 -0.0091219913351475636 -0.010732120593910217 0.008439972060080193 0.010656344000161747 0.0027268498560655439 -0.00067343861241233498 0.01318895725483611 0.0047883022189613763 0.0056250328399712526 -0.0035638066721940249
leaf_weight=4996.3483641296625 7532.3374971151352 5907.9589037895203 3345.904826387763 412.06783698499203 5127.0044746845961 1304.3561706095934 1127.4170977026224 2721.3608768284321 3212.8705550730228 782.83478131890297 6793.3054142892361 3697.8926947712898 719.97798816859722 1602.1696364879608 5969.6619216799736 1311.2060140520334 10226.475965321064 1749.4466237276793 1799.2121918201447 460.54818439483643 1074.5817664265633 1934.069403141737 3055.6012674719095 1112.2647571563721 2036.7197760939598 7892.1212337762117 264.83466126024723 1228.2881803661585 678.0508871525526 9294.5886682122946
leaf_count=20016 30151 23795 13444 1653 20723 5245 4516 10900 12870 3135 27185 14842 2884 6418 23916 5259 40957 7002 7199 1863 4322 7793 12316 4452 8153 31597 1065 4943 2720 37330
internal_value=5.77608e-05 0.00176495 0.00114792 0.000376807 -0.00241358 -0.00176776 0.00404501 0.00281422 0.00677045 0.00854207 -0.000773741 -0.0034293 0.0102665 -1.18522e-05 0.00101053 -0.0001986 -0.00178673 0.00115991 -0.00237095 -0.00644977 -0.00250967 -0.00759589 0.00614316 0.00242128 0.00555252 -0.00163913 0.00101101 0.00183953 -0.00198362 -0.00238472
internal_weight=99371.5 58773.8 52865.8 41761.5 40597.7 35010.2 11104.3 13387 5843.1 4715.68 28374.5 17983.5 3932.85 17026.6 8691.02 25028.6 11537.7 13490.9 3548.66 5587.55 14745.1 3238.43 4695.96 9942.29 3148.98 9494.29 5261.18 1640.36 13670.5 12992.5
internal_count=398664 235660 211865 167379 163004 140418 44486 53728 23405 18889 113651 72252 15754 68166 34816 100207 46216 53991 14201 22586 59214 13038 18912 39790 12605 38015 21081 6596 54892 52172
is_linear=0
shrinkage=0.05


Tree=21
num_leaves=31
num_cat=0
split_feature=84 61 25 54 53 68 64 52 58 44 84 92 72 6 90 84 35 46 35 41 58 27 95 52 48 0 21 64 36 28
split_gain=141.79 55.4088 51.5359 43.9 31.7444 29.9936 28.1493 27.9077 26.4229 26.2279 27.9109 22.2076 21.5676 21.0581 19.8905 19.2909 17.5436 17.2169 16.701 16.1267 15.7775 15.1703 15.0119 14.9925 14.9548 14.7669 14.6983 14.3919 16.6525 14.419
threshold=0.52736640797398804 1.0000000180025095e-35 0.37575550000000008 132.8304705802955 2669.6249592799945 1.0000000180025095e-35 10.500000000000002 116.1173645782569 10916.500000000002 39.184875407399659 0.56118524123255031 -0.0019934999999999948 3.5000000000000004 4.5000000000000009 -0.11180904999999995 0.54392105424203563 0.12559350000000005 1.8081332316873895 0.14156150000000003 0.081705254387213475 1132.0000000000002 0.61270150000000012 -0.002945999999999976 125.12928766027009 -0.47792716983584521 7.5000000000000009 9161.5000000000018 4.5000000000000009 0.67647850000000009 0.51542450000000006
decision_type=2 2 8 8 10 2 2 8 10 10 2 10 2 2 10 2 8 8 10 10 8 10 10 10 8 2 2 2 10 10
left_child=2 3 7 6 5 12 9 26 13 10 11 14 20 16 -2 -5 -9 -3 24 -16 -4 -20 -13 -23 -14 -6 -1 29 -29 -18
right_child=1 17 4 15 25 -7 -8 8 -10 -11 -12 22 18 -15 19 -17 27 -19 21 -21 -22 23 -24 -25 -26 -27 -28 28 -30 -31
leaf_value=0.00090901097881401511 -0.0094658265253438918 -0.00053499871139934695 -0.014715302391137851 0.0038129930159114217 -0.015988613418785293 3.6400185524376471e-05 -0.0059615428699682053 0.0062611137933678536 0.011409132642920842 0.00892977410108922 0.0046399041899649347 -0.012683318337249823 0.0068073969984365455 -0.0034427266149168177 0.0032148935993134122 0.008365811874525066 -0.00019122763156650786 -0.0070714742984274411 -0.0042326510268605663 0.015781323538332108 -0.0055313192834847624 0.0071400887544480519 -0.00059649454070519919 -0.0026016881351664765 -0.0014032614906226669 -0.0033704072037483595 0.016547567791649332 -0.0025490799853524122 0.006015987443994425 0.0032325875380013963
leaf_weight=247.7673497647047 285.22945319116116 2948.3195220977068 550.50171856582165 4788.1593142151833 643.48311768472195 8557.8763471096754 1057.0735830366611 1147.6981035172939 475.68891923129559 1409.8400752991438 6310.5454133301973 255.34786656498909 606.62270177900791 4591.2602376788855 4712.6766337603331 4573.7649990767241 9934.5772175192833 1521.7502732425928 13588.513964369893 260.97349263727665 3036.4200705736876 589.4406426101923 8116.975168928504 1148.1814127415419 5506.6379580497742 369.40521976351738 376.57804128527641 6824.8478066027164 609.42011800408363 4442.9353922009468
leaf_count=995 1143 11820 2228 19207 2609 34361 4236 4597 1916 5660 25319 1024 2433 18401 18882 18453 39807 6100 54563 1048 12238 2362 32497 4603 22105 1496 1527 27340 2443 17786
internal_value=-5.67668e-05 0.00243646 -0.00148553 0.00316979 -0.00278407 -0.00251893 0.00196692 8.29288e-05 -0.000151747 0.00236204 0.00189348 0.000619553 -0.0033924 -0.000355423 0.00316284 0.00604382 0.000263182 -0.00277103 -0.00278957 0.00390461 -0.00697782 -0.00367048 -0.000979822 0.000724889 -0.000578726 -0.0114646 0.0104537 -5.51433e-05 -0.00183982 0.00086831
internal_weight=99488.5 36240.7 63247.9 31770.6 34597.1 33584.2 22408.7 28650.8 28026.4 21351.6 19941.7 13631.2 25026.3 27550.7 5258.88 9361.92 22959.5 4470.07 21439.4 4973.65 3586.92 15326.1 8372.32 1737.62 6113.26 1012.89 624.345 21811.8 7434.27 14377.5
internal_count=399199 145389 253810 127469 138998 134893 89809 114812 112290 85573 79913 54594 100532 110374 21073 37660 91973 17920 86066 19930 14466 61528 33521 6965 24538 4105 2522 87376 29783 57593
is_linear=0
shrinkage=0.05


Tree=22
num_leaves=31
num_cat=0
split_feature=25 29 23 39 27 72 23 29 19 90 38 37 88 41 91 25 88 9 79 51 31 48 30 55 39 94 4 48 88 46
split_gain=150.067 78.2598 42.4948 33.2286 30.7953 26.1442 24.6439 23.5918 22.6365 24.3095 22.0612 22.0277 21.7219 20.2649 20.1093 19.8151 19.5165 19.4841 18.1656 18.9581 18.044 17.8618 18.2072 17.6787 17.5382 17.2549 17.1479 30.8115 23.687 22.2955
threshold=0.37360350000000003 0.53980400000000006 0.2902010000000001 0.040544212415910851 0.46190100000000006 3.5000000000000004 0.21691350000000001 0.47794950000000008 13.500000000000002 -0.0094431999999999832 0.20187300000000002 0.30001000000000005 -0.0014160000000000004 0.069734617037132282 0.111875 0.41885000000000006 0.0057860000000000142 1.5000000000000002 65.950000000000017 2357.6748206756188 0.11632150000000001 -0.63126534077532526 0.26344700000000004 1558.9072807982873 0.03553411066548591 0.29989700000000002 1.5000000000000002 -0.47117840214510698 -0.011885000000000005 1.7262835011782569
decision_type=8 10 8 10 10 2 10 10 2 10 10 10 10 10 10 10 10 2 2 10 10 10 8 10 8 10 2 10 10 10
left_child=1 5 3 6 -3 -1 11 12 -6 14 20 16 18 -12 -10 -8 -2 -17 -7 -20 23 -4 -23 -5 -18 -11 27 28 29 -9
right_child=2 4 21 10 8 7 15 26 9 25 13 -13 -14 -15 -16 17 24 -19 19 -21 -22 22 -24 -25 -26 -27 -28 -29 -30 -31
leaf_value=-0.0030592740207379225 0.0080096028610425057 -0.0018822521524213876 -0.0078945078988766765 -0.0057986594553703415 0.0076004452392900062 0.0013576584024702527 -0.00040646126028786721 0.016899876892772347 0.0097967604179877085 0.0095511553907488382 -0.0028423953505873332 -0.00053485997556615449 -0.0076300388622563891 0.0052567559606800721 -0.0050105866400890348 -0.0022179378362786922 0.0066105931411164776 -0.012885186283826037 -0.00085699436585116471 -0.0090364226255915583 -0.0050185868779149545 -0.0020968879233299385 -0.011680220780917744 0.0015065038280410753 -0.0061240550377315919 0.0018751369424789518 -0.0002409435313330823 0.0013368450180152851 0.0039185463176069687 0.0042600797991277067
leaf_weight=4607.5719347596169 2269.7329169511795 1744.4351988434792 3625.8062284588814 1228.8654999881983 5872.0880599170923 7610.0442960709333 12808.771053060889 854.63634569942951 2145.4601050913334 795.57494570314884 1709.1204883009195 2935.3796254396439 1021.7854837179184 1392.6871094256639 250.44496491551399 1263.2180427014828 496.87580375373363 641.72928307950497 2896.677135899663 928.84801106154919 9645.1274617314339 4216.6393785327673 552.91346077620983 2489.8108306229115 569.44288757443428 8154.9600781947374 5217.2362433969975 8010.42399738729 2878.3262514322996 599.42710697650909
leaf_count=18473 9090 6988 14691 4931 23709 30486 51363 3421 8635 3216 6848 11758 4105 5580 1007 5072 1992 2577 11609 3722 38713 16991 2232 9982 2280 32709 20881 32064 11518 2399
internal_value=6.14351e-05 0.00185793 -0.00203837 -0.00131687 0.00443897 0.000443502 2.60506e-06 0.000982007 0.0050801 0.00377021 -0.0029975 0.00262466 -0.000681939 0.000799267 0.00823455 -0.00111602 0.00539799 -0.00585999 -5.49921e-05 -0.00286136 -0.00387869 -0.00525149 -0.00322996 -0.000916621 -0.000183766 0.00256732 0.00216215 0.0031773 0.00656931 0.0117539
internal_weight=99434.1 53587.9 45846.1 37450.8 18963 34625 20985.1 30017.4 17218.5 11346.4 16465.6 6271.43 12457.4 3101.81 2395.91 14713.7 3336.05 1904.95 11435.6 3825.53 13363.8 8395.36 4769.55 3718.68 1066.32 8950.54 17560 12342.8 4332.39 1454.06
internal_count=399042 214942 184100 150186 76264 138678 84132 120205 69276 45567 66054 25120 49922 12428 9642 59012 13362 7649 45817 15331 53626 33914 19223 14913 4272 35925 70283 49402 17338 5820
is_linear=0
shrinkage=0.05


Tree=23
num_leaves=31
num_cat=0
split_feature=22 61 72 29 29 48 72 20 20 19 8 51 65 47 45 97 48 21 88 70 70 57 84 47 37 48 95 37 20 20
split_gain=142.266 54.8129 47.2498 41.9295 39.1024 29.5966 28.7893 35.5183 43.2575 28.4327 23.5428 23.5443 23.0363 22.1452 21.1422 20.5901 29.7309 20.4032 18.5691 17.922 17.8485 17.6699 17.3621 17.3513 18.8541 18.8748 16.916 17.9194 16.1888 30.2833
threshold=0.51852050000000005 1.0000000180025095e-35 3.5000000000000004 0.47122150000000007 0.5904870000000001 0.27049269790746427 3.5000000000000004 13.500000000000002 12.500000000000002 13.500000000000002 3.5000000000000004 2296.3572377432743 1.0000000180025095e-35 1.875587783151613 25.651857842076645 0.98878865828293072 -0.46567079125349076 8701.5000000000018 -0.0036080000000000274 4.5000000000000009 4.5000000000000009 16.121929406309061 0.53572588735669491 1.7506147532885257 0.27423400000000003 0.52730755645687466 0.11191950000000002 0.43393300000000007 13.500000000000002 12.500000000000002
decision_type=10 2 2 10 8 8 2 2 2 2 2 10 2 10 8 2 10 2 10 2 2 10 2 8 10 8 10 10 2 2
left_child=2 4 12 15 6 17 -2 8 13 23 -11 20 26 18 -7 21 -17 -5 -8 -6 22 28 -12 -9 -25 -26 -1 -28 29 -4
right_child=1 -3 3 5 19 14 7 9 -10 10 11 -13 -14 -15 -16 16 -18 -19 -20 -21 -22 -23 -24 24 25 -27 27 -29 -30 -31
leaf_value=-0.0053315882653012263 -0.0021655024580561517 -0.0025252525781122161 -0.0066988793010701771 0.0033484790957544644 0.0063902078618525426 -0.0017753947561997508 0.0030403304117534989 0.0013487223341076965 0.010583389003482331 0.002607123105470001 -0.001188497009870997 -0.00418202135734812 -0.010051231573084938 0.012293638773416934 0.0017573361030857717 0.0085844918283347095 -0.0016103791783462042 0.017144834517472729 -0.0059263653227755904 -0.005027483609585371 -0.010120437384939862 0.0070645993810099193 0.0037941315921515731 0.013680363980045008 0.0068373791032361776 -0.0061081937109594316 0.0059704900140870772 -0.0067544127766636809 -0.0048807862605866371 0.0016043130064027833
leaf_weight=3966.5214592367411 3867.3405809551477 5915.8854346573353 1710.4699866324663 3402.8763928115368 7256.4655811786652 11380.288149684668 1764.0468233376741 1984.6732541322708 2676.9567268043756 9260.7786822319031 3430.6829645335674 3514.9593456685543 2037.4640925377607 426.22347904741764 6732.3885297477245 824.27708841860294 4997.5021548867226 282.04168355464935 845.9789612442255 353.64982548356056 346.73171600699425 369.86069071292877 3547.520821377635 844.32034555077553 1808.7019057273865 325.09489443898201 768.37315174937248 419.54290927946568 11413.518538653851 3027.9486236125231
leaf_count=15998 15498 23720 6880 13624 29257 45605 7066 7956 10736 37100 13736 14079 8227 1711 26959 3304 20050 1144 3389 1424 1389 1486 14212 3399 7268 1301 3079 1686 45930 12174
internal_value=2.77312e-05 0.00197922 -0.00180354 -0.00119055 0.00261033 0.000369657 0.00189638 0.00240732 0.00596182 0.00159502 0.000757149 -0.000824273 -0.00555891 0.00186578 -0.000462052 -0.00271213 -0.000154692 0.00444799 0.000122459 0.00585371 0.000790488 -0.00361265 0.00134633 0.0049803 0.00738784 0.00484576 -0.00376715 0.0014575 -0.00386137 -0.00140076
internal_weight=99503.1 48170 51333.1 44141.2 42254.1 21797.6 34644 30776.7 5713.21 25063.5 20100.7 10839.9 7191.9 3036.25 18112.7 22343.6 5821.78 3684.92 2610.03 7610.12 7324.94 16521.8 6978.2 4962.79 2978.12 2133.8 5154.44 1187.92 16151.9 4738.42
internal_count=399387 193241 206146 177156 169521 87332 138840 123342 22902 100440 80516 43416 28990 12166 72564 89824 23354 14768 10455 30681 29337 66470 27948 19924 11968 8569 20763 4765 64984 19054
is_linear=0
shrinkage=0.05


Tree=24
num_leaves=31
num_cat=0
split_feature=84 25 25 65 86 52 42 27 58 69 28 96 33 37 22 99 30 94 3 37 91 45 27 23 34 51 52 47 0 87
split_gain=113.125 44.345 38.3684 30.1001 28.3658 28.2349 27.1228 23.0246 22.6165 22.2492 19.7038 19.2524 18.2205 17.0879 17.0772 17.0247 17.0004 16.763 15.654 15.3616 15.129 14.8909 14.1317 16.4023 16.1517 15.3657 15.4148 13.6831 13.6745 13.486
threshold=0.53296627217113335 0.37575550000000008 0.33335100000000006 -1.0000000180025095e-35 -0.11613250000000001 117.44812538777613 145.09249437257921 0.33184500000000006 10916.500000000002 1.0000000180025095e-35 0.33397400000000005 0.39526069100000005 356.50000000000006 0.29869350000000006 0.57939450000000015 -0.013634999999999993 0.26111700000000004 0.36523650000000007 1.5000000000000002 0.46083600000000008 0.10984850000000002 10.482949808767126 0.39795350000000007 0.38031550000000008 0.58718550000000003 2412.5540483461996 126.1305640871462 1.7626673258758925 8.5000000000000018 -0.066680000000000003
decision_type=2 8 10 2 8 8 10 8 10 2 8 10 2 10 10 10 10 10 2 10 10 8 10 10 10 10 10 10 2 8
left_child=1 5 28 11 16 -1 8 17 10 12 -7 -3 14 29 15 -6 -4 -5 19 -12 21 -19 23 -9 25 26 -24 -11 -2 -13
right_child=2 3 4 7 9 6 -8 22 -10 27 18 13 -14 -15 -16 -17 -18 20 -20 -21 -22 -23 24 -25 -26 -27 -28 -29 -30 -31
leaf_value=0.0083052834878063805 0.0088008682328922418 -0.0033522352469540595 -0.0025922135878248711 0.0037722534136824786 -0.015594794324705017 -0.0091119126773592848 0.011871144623653823 0.00051607621820446033 0.0084332906095907455 -0.010581308425113478 0.00079021439996474559 -0.0014458524223365521 0.0036939398689761851 -7.3992865435271833e-05 0.0035068918865469537 -0.00049668543325998352 0.0029971217403099246 -0.0095993019012865412 -0.0022646377260502211 -0.0037548597880975041 -0.012525420009643854 -0.0014380938291706548 -0.0021978979503509627 -0.011728645966011021 0.0024654653150092284 0.0033726928660750793 -0.0052511500194709036 0.0016187399000202225 0.00089449309139186901 0.0078678598338219538
leaf_weight=1034.4395304471254 2997.0021535903215 2763.0323765724897 4610.5126792639494 335.31700938940048 333.00702424347401 629.95495849847794 460.3592766225338 4695.0606489628553 726.94330145418644 469.66131967306137 21110.215102255344 521.623620480299 17014.690823063254 4584.8033513128757 683.551518201828 411.26364831626415 1918.7238419353962 1084.2716257125139 7294.0922619700432 2028.5940437316895 1142.969157487154 1150.9714269042015 7491.3868149220943 280.37506990134716 1174.3385926187038 754.10097897052765 9279.1499775201082 436.81011062860489 671.41621348261833 1483.6434399485588
leaf_count=4182 12149 11120 18475 1346 1335 2535 1852 18899 2939 1883 84557 2093 68250 18411 2741 1648 7684 4387 29225 8133 4602 4639 30066 1137 4713 3026 37285 1751 2717 5948
internal_value=-1.29494e-05 -0.00110767 0.00258104 -0.00230502 0.00190099 0.000214313 -4.77032e-05 -0.00314108 -0.000223983 0.00286223 -0.000429232 0.000143893 0.00323869 0.00161258 -0.00217423 -0.00736918 -0.000947624 -0.00679802 -0.000246568 0.000390295 -0.00785525 -0.00542205 -0.00256483 -0.000196078 -0.00319467 -0.00357515 -0.00388939 -0.00474884 0.00736016 0.00544996
internal_weight=99572.3 70025.6 29546.6 36741 25878.2 33284.6 32250.2 27387.9 31789.8 19349 31062.9 9353.1 18442.5 6590.07 1427.82 744.271 6529.24 3713.53 30432.9 23138.8 3378.21 2235.24 23674.4 4975.44 18699 17524.6 16770.5 906.471 3668.42 2005.27
internal_count=399728 281095 118633 147672 103767 133423 129241 110100 127389 77608 124450 37572 73974 26452 5724 2983 26159 14974 121915 92690 13628 9026 95126 20036 75090 70377 67351 3634 14866 8041
is_linear=0
shrinkage=0.05


Tree=25
num_leaves=31
num_cat=0
split_feature=25 89 20 94 23 53 80 19 23 20 35 39 37 46 88 88 65 51 33 37 39 39 89 40 31 57 19 87 74 53
split_gain=114.21 68.0311 38.9565 35.5668 33.4295 28.729 28.6714 24.5537 26.841 24.0587 23.4707 21.9839 20.9258 20.7728 20.7493 20.705 20.523 20.1167 19.3326 21.802 17.1381 16.6057 16.3716 18.4471 16.0287 15.8296 15.3514 15.1643 14.8042 17.0536
threshold=0.37270000000000009 0.52827860000000004 13.500000000000002 0.37548650000000006 0.29851500000000003 2130.8486375194707 6.1014387733168176 13.500000000000002 0.20072450000000003 12.500000000000002 0.13601550000000004 0.044393924416711618 0.32197300000000001 1.8415141298242335 0.029296499999999951 0.034510999999999993 -1.0000000180025095e-35 2154.629175194922 2639.5000000000005 0.32197300000000001 0.033850088766318641 0.03445879175474037 0.38599610000000006 0.035500876933737067 0.10397100000000002 8.4590822479054619 16.500000000000004 -0.045528499999999965 1.5000000000000002 2244.5445307652517
decision_type=8 10 2 8 8 10 2 2 10 2 8 10 10 8 10 10 2 10 2 10 10 10 8 8 10 8 2 10 2 10
left_child=1 10 4 5 6 -4 11 -3 27 13 -1 -2 25 14 21 22 -5 -11 19 -19 28 -8 -12 -24 -14 -10 -13 -9 29 -7
right_child=2 7 3 16 -6 20 9 8 12 17 15 26 24 -15 -16 -17 -18 18 -20 -21 -22 -23 23 -25 -26 -27 -28 -29 -30 -31
leaf_value=0.0036112990632775413 -0.00024946664059629606 0.0061069952620724545 0.0040832209523409251 -0.0013498309647199504 -0.0049828319038841247 0.00056242106003990665 -0.0081575611485685852 0.010928300667255321 0.0075717011661877972 0.011119727971418877 -0.0055584352780220772 -0.0041858504005878325 0.0041872497513521885 -0.0065625995998395033 0.012002736954709325 -0.0091308690354980748 -0.0048170868172935618 0.0048300011891633278 0.006487514240946163 -0.0060369930080722322 -0.002930965894983515 0.0023095855939172234 -0.0094633899154720202 0.00018089262153774742 -0.0053717468376265655 0.00094647943581292976 -0.019630726694689835 0.003876364803780845 -0.0014864923936344831 0.015796560404153556
leaf_weight=3847.2224417924881 1580.7936516851187 6861.9376635104418 2637.3441171497107 5772.1419444680214 2338.7965441197157 377.31036727130413 472.91511197388172 857.62985619902611 1105.6246262490749 1071.8726414740086 1406.1695006787777 370.4416675567627 556.86582098901272 952.84341090917587 424.50129124522209 677.48635831475258 16473.973166853189 950.46296228468418 2295.4311025440693 878.57477313280106 7082.1819718033075 1749.4456579089165 496.6157790273428 23266.176193371415 1949.8280648440123 4719.9501826763153 284.38765853643417 6586.4288293868303 924.01832723617554 349.43703316152096
leaf_count=15412 6340 27723 10567 23202 9459 1511 1896 3449 4434 4296 5653 1487 2233 3821 1701 2715 66288 3811 9200 3524 28392 7018 1988 93184 7809 18895 1142 26517 3702 1400
internal_value=-5.924e-05 0.00154724 -0.00184841 -0.00275616 0.000434213 -0.000480652 0.00158614 0.00361126 0.00252255 0.00287098 -2.70426e-05 -0.00345934 0.000571773 -0.000271316 0.00200966 -0.000569794 -0.00391846 0.00504411 0.0034421 -0.000394381 -0.00186203 5.56276e-05 -0.000335816 -2.45581e-05 -0.00324 0.00221469 -0.0110878 0.00470239 0.00271398 0.00800234
internal_weight=99318.8 52331.9 46986.9 33616.4 13370.5 11370.3 11031.7 22638.3 15776.3 8796.05 29693.7 2235.62 8332.27 3599.71 2646.86 25846.4 22246.1 5196.34 4124.47 1829.04 8732.95 2222.36 25169 23762.8 2506.69 5825.57 654.829 7444.06 1650.77 726.747
internal_count=398769 210012 188757 135062 53695 45572 44236 91060 63337 35267 118952 8969 33371 14436 10615 103540 89490 20831 16535 7335 35005 8914 100825 95172 10042 23329 2629 29966 6613 2911
is_linear=0
shrinkage=0.05


Tree=26
num_leaves=31
num_cat=0
split_feature=22 55 71 89 66 55 20 20 29 23 72 49 25 50 83 91 27 24 39 25 96 96 93 39 87 50 87 99 65 47
split_gain=100.748 49.1443 40.6338 36.0741 27.8451 27.0313 30.1325 30.7941 26.5666 25.5848 24.7525 27.1122 24.045 23.9374 20.2429 22.7674 19.0262 19.6583 18.9266 23.5208 18.6065 20.5531 18.4706 18.2228 17.7683 17.5958 17.3584 17.1255 15.9124 15.7756
threshold=0.50529650000000015 1328.4990616552325 1.0000000180025095e-35 0.53652855000000022 1.0000000180025095e-35 1109.2581559407888 13.500000000000002 12.500000000000002 0.46680050000000006 0.25277850000000007 3.5000000000000004 119.85556856020979 0.43486350000000001 144.85027948020678 0.58446613681179538 0.12813200000000002 0.33498350000000005 0.18434400000000004 0.038702693614181931 0.33440650000000005 0.33690185 0.27417120000000006 0.018627499999999995 0.035564706961301394 -0.15192949999999994 136.83970251954185 -0.0054794999999999696 0.027214000000000006 -1.0000000180025095e-35 1.4158702519909372
decision_type=8 8 2 8 2 8 2 2 10 10 2 10 10 10 2 8 10 10 10 10 8 10 10 8 8 8 10 10 2 8
left_child=2 20 5 10 9 13 7 8 -7 -4 23 22 14 -1 -5 -16 -8 -18 19 -13 21 -2 26 -3 -11 -24 -12 -21 -20 -26
right_child=1 3 4 12 -6 6 16 -9 -10 24 11 18 -14 -15 15 -17 17 -19 28 27 -22 -23 25 -25 29 -27 -28 -29 -30 -31
leaf_value=-0.0011189278961251238 -0.0011934654082793477 0.001666449458038635 0.00018937665050095621 0.0027292286709607958 -0.0096876520085909905 -0.0081024453081566545 -0.0060177441645796444 0.0057558652613715596 0.0039725658356529461 -0.014223668114644084 0.0053977510624589574 -0.0066248804707172279 -0.006635814107479274 0.018267447948106058 0.0071719314862113389 -0.0071224077646766318 -8.7459960248158946e-05 -0.0050981377683343536 0.0020366915123981519 0.0020560482701033364 -0.0021863254379707832 -0.018264454497793878 0.0029569578927240614 -0.0056740663397533558 0.0029495180272794178 0.014198779432107126 -0.0030933624010554203 0.0094692304551878929 -0.0020182138047681957 -0.0041989718519944491
leaf_weight=282.16875271499157 311.25585423409939 1280.4106813520193 4828.5933336019516 19068.71791934967 1653.7502013146877 957.84012708067894 2212.2170619368553 3119.6230416148901 851.94734884798527 408.49639824032784 1706.4272187203169 714.23537415266037 594.4077250957489 352.23910507559776 4645.8838373124599 288.50178843736649 10626.544062525034 2389.5462048053741 3371.284337669611 8671.2946563661098 3930.1804386228323 401.24067567288876 608.11709658801556 2457.7147823423147 819.03253810107708 824.7537502348423 918.87007415294647 847.49912470579147 8501.0254308581352 11766.311445832253
leaf_count=1132 1251 5127 19386 76581 6679 3854 8909 12502 3409 1657 6831 2861 2384 1419 18788 1165 42618 9589 13500 34726 15757 1616 2435 9860 3284 3302 3678 3394 34053 47445
internal_value=7.15109e-05 0.00138486 -0.00185726 0.00180568 -0.00349772 -0.000319679 -0.000641632 0.00275255 -0.00242761 -0.00291824 0.000638574 0.00118258 0.00322361 0.00976132 0.00347043 0.00632346 -0.00174142 -0.00101055 0.000491994 0.00206687 -0.00354828 -0.0109267 0.00493385 -0.003162 -0.00407231 0.00948126 0.00242535 0.00272532 -0.00086603 -0.00373179
internal_weight=99410.1 59141.8 40268.3 54499.1 19476.2 20792.1 20157.7 4929.41 1809.79 17822.4 29901.6 26163.5 24597.5 634.408 24003.1 4934.39 15228.3 13016.1 22105.3 10233 4642.68 712.497 4058.17 3738.13 12993.8 1432.87 2625.3 9518.79 11872.3 12585.3
internal_count=399192 237309 161883 218685 78451 83432 80881 19765 7263 71772 119767 104780 98918 2551 96534 19953 61116 52207 88534 40981 18624 2867 16246 14987 52386 5737 10509 38120 47553 50729
is_linear=0
shrinkage=0.05


Tree=27
num_leaves=31
num_cat=0
split_feature=71 83 22 25 37 55 26 65 0 19 83 66 50 44 36 47 25 99 49 4 45 57 24 35 49 25 42 55 49 65
split_gain=91.411 62.0164 49.4664 37.6137 36.604 42.7979 30.3632 27.5991 26.2564 25.1946 30.7207 23.3229 35.31 20.5984 23.635 20.5555 28.2959 23.9576 26.4928 19.2009 28.3839 21.2611 19.1804 19.1681 19.2501 18.5726 18.0532 17.6889 16.9905 16.7976
threshold=1.0000000180025095e-35 0.49467904950565189 0.47350900000000001 0.38224650000000004 0.30636650000000004 2199.4571279702391 0.40785250000000006 1.0000000180025095e-35 4.5000000000000009 13.500000000000002 0.57075152237309712 1.0000000180025095e-35 145.93378158381793 26.03699623073069 0.65741150000000015 1.2543737897191984 0.35685250000000007 -0.014646499999999991 126.45995963120251 1.5000000000000002 -7.278829282425832 15.308826348147576 0.16361750000000005 0.13947050000000003 130.187988473567 0.36305800000000005 133.8250593157413 1808.4113650708589 126.54787298949604 -1.0000000180025095e-35
decision_type=2 2 8 8 10 10 10 2 2 2 2 2 10 10 8 8 10 8 8 2 8 10 10 8 10 10 8 10 8 2
left_child=2 7 23 11 5 9 -6 22 27 25 -11 15 -13 -5 -15 16 -3 18 29 20 -10 -21 26 -1 -25 -4 -2 -8 -12 -17
right_child=1 3 4 13 6 -7 8 -9 19 10 28 12 -14 14 -16 17 -18 -19 -20 21 -22 -23 -24 24 -26 -27 -28 -29 -30 -31
leaf_value=0.0024290439874958374 0.0022541100517808198 0.011733276484173128 0.01035132613574101 -0.00027003604792824463 -0.0071159593615061512 -0.0065279568998977966 -0.0014477665028829307 -0.0080613250799576562 0.0087513303147485795 0.0021330346446813988 0.0041241157070297683 -0.0079613968687087863 0.01096653002469025 -0.0030207820863551549 -0.010159866531821594 -7.4215654188889021e-05 -0.0020527842687836817 0.001588132568869448 0.0013173470889137288 0.00027577750681398542 0.0018859012569835513 -0.011621391333533371 -0.00051928200556176473 -0.0040841445852972088 0.006631372051202707 0.0045019516414485927 -0.0061629210355854218 -0.011710392666373743 0.013228859137991746 -0.0089360252517924395
leaf_weight=1840.0915173441172 732.95723347365856 981.4444418400526 2220.2840466350317 4483.2706030160189 1210.521495655179 1016.3288659602404 2781.4995876550674 3804.0703458189964 1823.501483514905 14745.984388753772 1052.5888407677412 1487.6319406330585 285.85720373690128 5058.8170908391476 1500.314451739192 789.07584202289581 591.73155470192432 16005.061241284013 2385.4710164070129 3726.2879279851913 8469.674774646759 407.55966754257679 4255.2821214944124 6028.6140862703323 441.51125451922417 3544.5123465955257 4639.5199130773544 485.39902575314045 1013.5356521904469 1650.1357510685921
leaf_count=7395 2940 3943 8993 17999 4851 4069 11147 15376 7306 59052 4235 5967 1148 20326 6061 3163 2369 64214 9581 14939 33953 1631 17142 24280 1777 14194 18730 1945 4107 6615
internal_value=-2.10883e-05 -0.00156999 0.00146206 -0.0004671 0.00215193 0.00346505 0.00051216 -0.00445931 0.00103776 0.00391758 0.00293646 0.000637314 -0.00486614 -0.00288351 -0.00466673 0.00107496 0.0065676 0.000657176 -0.00242801 0.00195436 0.00310947 -0.000922389 -0.00302921 -0.00206419 -0.00334383 0.00676883 -0.00501255 -0.00300368 0.00863265 -0.00608127
internal_weight=99458.5 48650.6 50807.9 35218.8 42497.7 23593.2 18904.4 13431.8 17693.9 22576.9 16812.1 24176.4 1773.49 11042.4 6559.13 22402.9 1573.18 20829.7 4824.68 14427 10293.2 4133.85 9627.76 8310.22 6470.13 5764.8 5372.48 3266.9 2066.12 2439.21
internal_count=399448 195574 203874 141386 170422 94650 75772 54188 70921 90581 67394 97000 7115 44386 26387 89885 6312 83573 19359 57829 41259 16570 38812 33452 26057 23187 21670 13092 8342 9778
is_linear=0
shrinkage=0.05


Tree=28
num_leaves=31
num_cat=0
split_feature=22 95 71 52 29 71 20 23 47 83 23 47 51 61 58 15 30 93 77 53 86 96 86 39 21 94 45 99 50 4
split_gain=86.5751 49.5291 34.6565 44.8797 28.3268 28.028 27.3095 24.2441 24.5859 21.6102 21.1469 19.4851 18.6984 17.1181 17.0315 19.6141 17.0264 19.4971 17.4939 16.9912 22.4369 19.6039 16.9607 16.0534 16.4697 16.0523 23.0585 18.7983 17.5847 15.0746
threshold=0.50312150000000011 0.065293000000000032 1.0000000180025095e-35 134.59924453545489 0.5849430000000001 1.0000000180025095e-35 13.500000000000002 0.30138750000000009 1.6487686304405444 0.55151361143314936 0.19179950000000004 1.8429714751389581 2434.9222074195 1.0000000180025095e-35 5746.0000000000009 54.250000000000007 0.15505100000000002 0.072771000000000016 1.0000000180025095e-35 2352.2953092911243 -0.11983599999999998 0.31009815000000002 -0.17623 0.040426530753437322 3470.5000000000005 0.47064250000000007 -7.8522607490054961 -0.014971999999999997 142.66926394900503 1.5000000000000002
decision_type=10 10 2 10 8 2 2 8 10 2 10 8 10 2 10 2 10 10 2 8 8 10 10 10 2 10 8 10 10 2
left_child=2 5 3 12 6 16 9 8 -4 10 -3 -8 25 -9 -6 -16 23 18 -18 21 -21 -7 -12 24 -2 26 27 -1 -29 -13
right_child=1 4 7 -5 14 19 11 13 -10 -11 22 29 -14 -15 15 -17 17 -19 -20 20 -22 -23 -24 -25 -26 -27 -28 28 -30 -31
leaf_value=-0.004676797882721081 0.0038271363260912379 -0.0088901390720217844 0.00059689143918738958 0.01596226462488572 0.0031165855635440654 -0.012616757161250059 -0.00012721336066386167 -0.0049970560110989366 -0.0038407340484383854 0.0085303654006929786 -0.0066389448244366586 0.0045021978030768788 0.011901416332074035 -0.012556506609194716 0.0044839993511437016 0.012915997808217403 -0.0035855602751368033 0.0066218216125059669 0.0073256060488415299 -0.0058509886792224826 0.0022908751408286477 -0.0031923889621573508 0.0045055029855742253 0.00041634577570038379 0.013816847471062958 -0.0040987944683339465 -0.0011374434364365403 0.0018255142801117598 0.010977841597848974 -0.0004650789564670758
leaf_weight=497.8047284334898 2151.4105557799339 370.66362717747688 4641.5388801246881 399.17510259151459 5093.5281475633383 595.55044442415237 17592.037565693259 3717.3413656651974 9503.9733584225178 2129.2184731513262 368.36120200157166 4933.4297277778387 276.94901877641678 938.92648795247078 1709.9912808686495 1166.1515328884125 3573.6227989792824 682.02676743268967 399.94821818172932 1164.2523966282606 3018.4973077178001 6443.0689585655928 3588.0945424437523 2950.0158109664917 505.01937033236027 3348.7286250442266 13320.856656223536 1143.8849322199821 967.41453911364079 2207.7798644453287
leaf_count=1997 8612 1485 18634 1608 20557 2406 70496 15072 38278 8557 1475 19788 1111 3810 6944 4729 14305 2731 1601 4678 12103 25865 14372 11809 2022 13544 53377 4582 3874 8853
internal_value=-3.30504e-05 0.00114655 -0.0018786 -0.000426848 0.00220475 -0.000782415 0.00152403 -0.00341834 -0.00238523 0.00441726 0.00237834 0.000767306 -0.000769374 -0.00654505 0.00486351 0.00793572 0.00110559 -0.00112819 -0.0024717 -0.00250846 1.60686e-05 -0.00400657 0.00345379 0.00295923 0.005771 -0.000957473 -0.000294961 0.00399428 0.00605117 0.00296801
internal_weight=99399.3 60642.7 38756.6 19954.8 39159.3 21483.4 31189.6 18801.8 14145.5 6456.34 4327.12 24733.2 19555.6 4656.27 7969.67 2876.14 10262 4655.6 3973.57 11221.4 4182.75 7038.62 3956.46 5606.45 2656.43 19278.7 15930 2609.1 2111.3 7141.21
internal_count=399275 243388 155887 80093 157256 86132 125026 75794 56912 25889 17332 99137 78485 18882 32230 11673 41080 18637 15906 45052 16781 28271 15847 22443 10634 77374 63830 10453 8456 28641
is_linear=0
shrinkage=0.05


Tree=29
num_leaves=31
num_cat=0
split_feature=29 95 64 71 72 26 57 19 88 20 20 61 3 10 0 25 57 25 29 55 52 56 4 48 34 44 48 99 48 10
split_gain=76.545 51.0107 34.4062 30.891 29.2129 26.582 21.0779 19.967 17.8984 17.1751 25.1192 16.8178 16.067 16.0447 15.6173 15.4628 14.9818 20.842 14.9077 14.7162 14.6703 14.2771 17.4285 26.9377 17.572 16.3917 18.015 22.868 16.1896 17.9581
threshold=0.47794950000000008 0.073517000000000013 9.5000000000000018 1.0000000180025095e-35 3.5000000000000004 0.49957550000000006 16.304659670093667 13.500000000000002 -0.02560699999999996 13.500000000000002 12.500000000000002 1.0000000180025095e-35 2.5000000000000004 1.0000000180025095e-35 3.5000000000000004 0.39855450000000009 11.512068607276822 0.35329850000000002 0.47579450000000006 1449.3889572745936 127.27771346546024 2.9781254378181483 1.5000000000000002 -0.50615547326791133 0.53140150000000019 31.442003114351177 0.1469706061994788 0.0096035000000000027 0.73816731208737019 4.5000000000000009
decision_type=8 10 2 2 2 10 10 2 8 2 2 2 2 2 2 10 10 10 10 8 8 8 2 8 10 10 8 10 8 2
left_child=2 3 6 8 -3 7 9 16 -2 10 -1 19 -5 15 -10 18 17 -6 -11 -12 -15 -9 23 24 -23 26 27 -24 29 -25
right_child=1 4 -4 12 5 -7 -8 21 14 13 11 -13 -14 20 -16 -17 -18 -19 -20 -21 -22 22 25 28 -26 -27 -28 -29 -30 -31
leaf_value=-0.0031962206734450702 0.0050612018636051635 -0.0015896095258102325 -0.0072060818858729787 -0.0018394986623053761 0.0057875359106750344 -0.0031189106781493608 0.005402717746959225 -0.0013344719562410048 0.011536344594586939 -4.6773382350607441e-05 0.011039526023922693 -0.001484797265680027 -0.0080880910434754771 -0.00071602941912947936 -0.00014499399157460275 -0.0040276389394824155 0.0065137011479083021 -0.0042963560030697158 -0.0096979726873580377 0.0028284615939850946 -0.0051522257221231797 0.012343170892683915 -0.015676165111173812 0.0021233973391826806 0.00087622303781277524 0.0049444729945825267 0.00032802312796138946 0.0030534420806321177 0.0051940234309443452 -0.0073206029257854915
leaf_weight=3197.8937420547009 2308.1175158023834 4401.7216745913029 2755.8470331281424 11999.309925973415 1217.4314635843039 1811.812077999115 1090.0240053832531 2369.7705517411232 284.64498871564865 11191.357823610306 669.31507802009583 1826.9028630405664 1116.8668529689312 2574.4916696846485 9891.7481011599302 3901.7506675869226 5955.8612500578165 870.36566236615181 404.95759685337543 2840.2440412193537 6773.5189097225666 1329.0504449903965 412.75372065603733 6867.0393650233746 447.29833282530308 1544.0723087191582 3803.2751973420382 260.61258907616138 4669.7297937422991 533.39299704134464
leaf_count=12859 9246 17663 11104 48178 4926 7264 4379 9497 1141 44978 2684 7354 4497 10335 39610 15739 24073 3489 1623 11410 27275 5325 1652 27530 1793 6193 15262 1043 18767 2137
internal_value=-4.74772e-05 0.00102722 -0.00183991 -0.000683676 0.00222727 0.00275112 -0.00140893 0.00310326 0.00109615 -0.00163291 0.000302019 0.00240041 -0.00237733 -0.00229739 0.00019275 -0.00130921 0.00523753 0.0015833 -0.000391871 0.00442133 -0.00393254 0.00232924 0.0027667 0.00374266 0.00947677 0.000519682 -0.00101412 -0.00848865 0.00289163 0.00143375
internal_weight=99321.2 62094.9 37226.3 25600.7 36494.2 32092.5 34470.5 30280.7 12484.5 33380.4 8534.36 5336.46 13116.2 24846.1 10176.4 15498.1 8043.66 2087.8 11596.3 3509.56 9348.01 22237 19867.2 13846.5 1776.35 6020.71 4476.64 673.366 12070.2 7400.43
internal_count=399026 249286 149740 102672 146614 128951 138636 121687 49997 134257 34307 21448 52675 99950 40751 62340 32488 8415 46601 14094 37610 89199 79702 55552 7118 24150 17957 2695 48434 29667
is_linear=0
shrinkage=0.05


Tree=30
num_leaves=31
num_cat=0
split_feature=25 89 43 46 65 65 71 38 71 47 3 97 86 46 39 61 94 87 41 19 19 88 50 88 28 19 46 10 0 45
split_gain=77.6288 41.3719 27.0465 25.3879 22.6314 21.6983 23.0283 21.8874 20.8948 26.0675 20.6515 20.2967 19.8932 19.4138 18.4516 17.727 19.0003 19.3414 25.8119 16.4088 18.8956 16.9969 15.9404 15.7646 15.5908 14.9572 15.3064 16.2203 14.7195 16.5602
threshold=0.37756150000000005 0.52765710000000021 2372.9716213220859 1.8771110366993586 -1.4999999999999998 1.0000000180025095e-35 1.0000000180025095e-35 0.16205250000000002 1.0000000180025095e-35 1.3569971753728856 1.5000000000000002 1.0431864087814808 0.14287849999999999 1.5811023709173957 0.045610755026316958 1.0000000180025095e-35 0.38410850000000007 -0.016270500000000018 0.080954668801683977 13.500000000000002 12.500000000000002 0.0043845000000000143 145.61436980997703 0.043637500000000003 0.50081450000000005 20.500000000000004 1.8304185412930805 1.0000000180025095e-35 7.5000000000000009 17.773249636151434
decision_type=8 10 10 10 2 2 2 10 2 8 2 2 10 8 10 2 10 10 8 2 2 8 10 10 8 2 8 2 2 10
left_child=1 10 5 4 -3 7 19 14 9 -6 13 -11 -8 24 25 16 17 18 -15 20 -7 -22 -12 -18 -1 -2 -27 -28 -5 -30
right_child=2 3 -4 28 8 6 12 -9 -10 11 22 -13 -14 15 -16 -17 23 -19 -20 -21 21 -23 -24 -25 -26 26 27 -29 29 -31
leaf_value=0.010452671417798841 -0.00129619367162746 -0.0049202781420537665 -0.0070858516897940489 0.0069754859827872249 -0.0055473801823448634 -0.0028498086470866279 -0.0062265535618863423 0.0018284951564179902 0.00039715336876761429 0.0056186670543155017 -0.0031390995074048523 -0.0022532247759574063 0.0036702476156917903 0.0025745307845082051 -0.0044755503771581034 -0.0055922393513403307 -9.3119498502967002e-05 -0.0035540144559478809 0.012765005925783796 -0.0025090483309497913 0.011958412565945984 -0.0030508553444250283 0.0025656683974421318 -0.010612775245787954 -0.00014549712234658904 0.0073655229572296577 0.0034056391057914249 -0.0079881045055604418 -0.0018093055111587199 0.0067170302919239066
leaf_weight=891.96949754655361 12916.719068199396 1167.0921271294355 2133.5067954957485 4619.2431683689356 660.80116206407547 701.014632999897 5362.7557598054409 7226.6087368875742 7939.5135946720839 7161.8562942296267 6677.3161819279194 918.98308762907982 554.23870974779129 6943.4590807110071 3875.4264129251242 1146.2203101068735 14153.78617426753 1108.4928815066814 673.79599730670452 4321.2786208838224 689.42461585998535 253.48466104269028 1491.0190759450197 355.33750984072685 563.55977247655392 1083.8682950288057 883.17138315737247 470.42535139620304 1250.2519038170576 1030.9003906995058
leaf_count=3574 51920 4693 8645 18664 2651 2809 21655 28986 31896 28834 26772 3687 2234 27796 15600 4595 56752 4438 2699 17338 2763 1016 5974 1425 2257 4346 3565 1904 5031 4178
internal_value=6.5404e-05 0.00122605 -0.00161941 0.00278086 0.00178335 -0.00131343 -0.00308743 -0.00051582 0.00225503 0.00394005 9.39848e-05 0.00472177 -0.0052949 0.00078687 -0.00139732 0.000450713 0.000751101 0.00259341 0.0034915 -0.000892604 0.00334592 0.00793376 -0.00209591 -0.000357885 0.00637622 -0.000617962 0.00296676 -0.000583654 0.00535466 0.00205642
internal_weight=99225.5 58753.6 40471.9 24748.6 17848.2 38338.4 11882.2 26456.2 16681.2 8741.64 34005 8080.84 5916.99 25836.6 19229.6 24381.1 23234.9 8725.75 7617.26 5965.2 1643.92 942.909 8168.34 14509.1 1455.53 15354.2 2437.47 1353.6 6900.4 2281.15
internal_count=398697 235916 162781 99634 71761 154136 47815 106321 67068 35172 136282 32521 23889 103536 77335 97705 93110 34933 30495 23926 6588 3779 32746 58177 5831 61735 9815 5469 27873 9209
is_linear=0
shrinkage=0.05


Tree=31
num_leaves=31
num_cat=0
split_feature=23 95 71 88 65 37 94 35 2 40 44 18 49 21 53 39 65 96 55 32 94 39 65 19 83 91 88 8 40 24
split_gain=71.6853 40.7312 40.497 22.6002 22.0995 22.7447 21.0082 19.379 18.8573 18.6757 18.8753 18.6315 20.5504 30.6235 18.1288 19.4807 18.0994 17.6144 16.049 17.9471 16.8611 16.4994 15.368 15.1167 17.5044 17.2022 14.8239 14.6321 17.7177 13.7113
threshold=0.2435245 0.058698500000000021 1.0000000180025095e-35 0.090654000000000026 -1.0000000180025095e-35 0.22347650000000005 0.46784150000000008 0.14967150000000004 3.5000000000000004 0.062193285486334064 26.181877527083756 1.5000000000000002 130.08452693040337 2253.5000000000005 2254.7933126112757 0.047000043929925218 -1.0000000180025095e-35 0.54417240000000011 1527.8550540974854 0.18343850000000003 0.34789400000000009 0.037441238035187903 -1.4999999999999998 13.500000000000002 0.57075152237309712 0.065960000000000032 -0.1123 6.5000000000000009 0.076490691993168422 0.14923350000000005
decision_type=8 10 2 8 2 8 8 10 2 8 10 2 10 2 8 10 2 10 8 10 10 10 2 2 2 8 10 2 8 10
left_child=1 3 6 16 -4 8 11 14 29 10 -7 12 -2 -14 15 -3 -1 -11 -18 -20 -21 -22 -16 25 -25 -9 -10 -13 -29 -6
right_child=2 7 4 -5 5 9 -8 23 26 17 -12 27 13 -15 22 -17 18 -19 19 20 21 -23 -24 24 -26 -27 -28 28 -30 -31
leaf_value=0.0015433091733746212 -0.0011669807913156811 0.0016199451162251168 -0.00052853488954551396 0.0061881222528500784 0.01193756430405938 0.0019657071458758384 -0.0034168922210133334 0.0047592018228171775 -0.014363009053445161 -0.0083494203160167767 -0.0050499543201377129 0.0049726392307879192 -0.0034241151193072903 0.011268661546704365 -0.0022783635749879052 -0.01087818279802411 -0.0040921571556994168 -0.00063106426562975243 0.00072730886255134651 0.003998652897919632 -0.0011238957825324323 -0.011057466409082209 0.0046740350416746177 -0.00063932542807611779 0.0038460512520855448 -0.0047421366340303778 -0.0019629603085038771 -0.0045664267054339042 0.00604228012527693 0.00039635966517320969
leaf_weight=4807.5830914676189 10370.554071426392 5836.8058161139488 5733.3153849393129 1117.5337919443846 391.25885424017906 1348.2259587943554 3737.9442900568247 3747.4949398189783 255.77105101943016 5139.4530797749758 3270.7407791912556 3604.9690569639206 600.21636256575584 843.81062629818916 842.82523769140244 319.41287975013256 5561.2297067195177 865.08842666447163 6248.5979463011026 448.81669697165489 732.36367692053318 971.67464381456375 12541.110606446862 11864.353624537587 2652.9779442101717 537.38407614827156 2651.7680780887604 1062.640349149704 611.7752186357975 719.54061813652515
leaf_count=19275 41553 23431 23075 4478 1572 5424 15119 15151 1035 20770 13229 14437 2409 3391 3388 1281 22326 3474 25057 1799 2936 3904 50423 47524 10712 2163 10663 4259 2452 2890
internal_value=1.87132e-05 0.00114797 -0.00157695 -0.000687946 -0.00316129 -0.00419114 -2.65635e-05 0.00210017 -0.000983781 -0.00540225 -0.00300234 0.000716365 -0.000387503 0.00517999 0.0032025 0.000954895 -0.00110041 -0.00724032 -0.00201113 -0.000630401 -0.00455626 -0.00681967 0.00423485 0.000953491 0.00018244 0.00355933 -0.00309926 0.00318274 -0.000677501 0.00453178
internal_weight=99437.2 58230.2 41207.1 19887.8 20375.2 14641.8 20831.9 38342.4 4018.34 10623.5 4618.97 17094 11814.6 1444.03 19540.2 6156.22 18770.3 6004.54 13962.7 8401.45 2152.86 1704.04 13383.9 18802.2 14517.3 4284.88 2907.54 5279.38 1674.42 1110.8
internal_count=399600 233848 165752 79775 82132 59057 83620 154073 16160 42897 18653 68501 47353 5800 78523 24712 75297 24244 56022 33696 8639 6840 53811 75550 58236 17314 11698 21148 6711 4462
is_linear=0
shrinkage=0.05


Tree=32
num_leaves=31
num_cat=0
split_feature=89 64 94 38 20 25 80 58 52 0 71 65 96 19 20 39 80 46 71 43 34 80 55 97 20 89 45 52 96 7
split_gain=66.0225 43.6123 32.428 29.0303 25.7383 24.4628 22.9974 27.5335 22.813 19.4832 18.3524 23.8447 22.9899 20.0932 18.1557 18.3913 16.1477 16.6586 21.7417 22.8697 16.4281 15.608 15.2475 23.0521 15.203 14.8931 14.3267 14.2383 14.0358 14.9015
threshold=0.44951580000000008 10.500000000000002 0.37090350000000005 0.16205250000000002 13.500000000000002 0.33708150000000009 5.9545403518763083 194.00000000000003 117.44812538777613 4.5000000000000009 1.0000000180025095e-35 1.0000000180025095e-35 0.29783030000000005 14.500000000000002 13.500000000000002 0.033850088766318641 5.2390944889447963 1.770756635182676 1.0000000180025095e-35 2324.0335627224513 0.49285950000000006 7.2865340632265418 1732.721168519033 0.84289431739343779 12.500000000000002 0.57729605000000006 30.955500960008102 131.84487778465248 0.51602850000000011 4.5000000000000009
decision_type=10 2 10 10 2 10 2 10 8 2 2 2 8 2 2 10 2 10 2 10 10 2 10 2 2 10 10 10 10 2
left_child=3 2 5 10 9 -2 7 -7 -6 -4 12 13 -1 -12 -8 28 -10 -18 19 20 -19 -13 -20 -24 25 -11 -22 -3 29 -16
right_child=1 27 4 -5 8 6 14 -9 16 24 11 21 -14 -15 15 -17 17 18 22 -21 26 -23 23 -25 -26 -27 -28 -29 -30 -31
leaf_value=0.0063903391004055139 0.005335788142192985 -0.0061142025293825794 -0.0022463497338134799 0.00052140867569723363 0.0082451262793034504 0.0023756564681238742 0.004660397640986612 -0.008692104213447625 -0.0091348912444702401 -0.0003609098160638051 -0.0066288760619600401 -0.012687029730734484 -0.0023662175964981437 -0.001051439202799222 0.0040714084555100571 0.0003303726108983387 0.00020339862869396021 -0.0074433761906158233 -0.0067728879074036427 -0.0074907900787611033 0.0016511892238399895 -0.0052096061827320728 0.0080507752937455466 -0.0045471819342468483 0.0056228567943377326 0.011317111969071744 0.01347474214109267 0.0027702656521105874 0.0089358589008418001 -0.0030881573574155245
leaf_weight=813.61261339485645 5241.7234649956226 2898.2317260354757 1755.6726020723581 7269.9872186481953 694.08367396891117 1100.1306644380093 5194.4034128040075 1131.4588494449854 568.42366850376129 2592.1140748858452 2547.3975818604231 1259.2078106850386 8368.0745466500521 4394.0525814294815 3319.196999207139 13367.407681360841 18305.799837931991 455.4065672904253 3159.9215140789747 851.27857002615929 3571.8834275752306 1605.8315648436546 497.68419536948204 1265.9412423074245 4026.7025869488716 295.0857956558466 266.46439118683338 527.69769185781479 1058.3253342062235 921.74339063465595
leaf_count=3270 21288 11640 7040 29189 2818 4410 20847 4541 2282 10390 10304 5116 33671 17750 13327 53631 73392 1825 12693 3412 14303 6508 2002 5078 16147 1187 1076 2121 4248 3697
internal_value=-1.50405e-05 0.000757763 0.00102894 -0.00216494 5.30181e-05 0.00222162 0.00159422 -0.00324965 -0.000648081 0.00244771 -0.00319319 -0.00469655 -0.00158417 -0.00310486 0.00204841 0.00131946 -0.000864125 -0.000695277 -0.00232775 -5.35786e-05 0.0014349 -0.00852869 -0.0046993 -0.000966769 0.00364121 0.000867583 0.00250488 -0.00474164 0.00380911 0.00251171
internal_weight=99324.9 73066.8 69640.9 26258.2 38306.5 31334.4 26092.7 2231.59 29636.9 8669.58 18988.2 9806.49 9181.69 6941.45 23861.1 18666.7 28942.8 28374.4 10068.6 5145.03 4293.75 2865.04 4923.55 1763.63 6913.9 2887.2 3838.35 3425.93 5299.27 4240.94
internal_count=399203 293395 279634 105808 153645 125989 104701 8951 118881 34764 76619 39678 36941 28054 95750 74903 116063 113781 40389 20616 17204 11624 19773 7080 27724 11577 15379 13761 21272 17024
is_linear=0
shrinkage=0.05


Tree=33
num_leaves=31
num_cat=0
split_feature=71 94 89 61 40 46 65 38 20 20 16 38 43 58 35 96 45 33 46 94 36 43 33 21 92 22 46 37 24 49
split_gain=59.415 48.0466 40.7765 27.83 33.6134 28.6107 26.179 22.5683 21.8086 25.5076 23.8818 21.3236 20.0451 19.8901 17.7854 17.7742 17.0587 16.9991 17.3653 16.2445 17.197 15.6634 15.6554 15.2299 15.1513 16.6761 14.8656 14.4212 14.4172 15.1941
threshold=1.0000000180025095e-35 0.38142350000000008 0.53652855000000022 1.0000000180025095e-35 0.084668697254059483 1.7536668091816461 1.0000000180025095e-35 0.074299550000000006 13.500000000000002 12.500000000000002 0.14500000000000005 0.16095950000000001 2117.0665934883705 2594.0000000000005 0.14066250000000005 0.5015546500000001 -11.070161604011849 2639.5000000000005 1.7498969745189379 0.47370950000000006 0.4277490000000001 2378.7300751020407 11238.500000000002 4535.5000000000009 0.0010125000000000136 0.53146450000000012 1.7436999572956229 0.15781000000000003 0.15978050000000002 119.21398198498964
decision_type=2 8 10 2 10 10 2 10 2 2 2 10 8 10 8 10 8 2 10 8 10 8 2 2 8 10 8 10 10 10
left_child=2 3 8 4 14 12 15 21 9 -1 -11 -7 -5 -6 -2 28 -8 -12 -19 20 -10 -4 -22 -16 -14 -26 -24 -17 29 -3
right_child=1 6 7 5 13 11 16 -9 19 10 17 -13 24 -15 23 27 -18 18 -20 -21 22 -23 26 -25 25 -27 -28 -29 -30 -31
leaf_value=-0.0010079189728424498 0.0038895693604155653 0.0012413020310042841 0.00096590502334791277 -0.0086742741419040363 0.00065060567529790295 -0.011912979675097508 -0.012150325175620424 0.0041911262045469461 -0.0044847323060050832 0.013334447430209243 -0.001113506175784289 0.0028718647035550124 0.0089018195478582345 0.010144937695870274 0.0010546496494824821 0.0096561392978807749 -0.004402862062420655 0.0019021384300010478 0.0093822881480151027 -0.0045166939130949994 0.00058009456582013778 -0.0091158647095214845 0.0023011229926400323 -0.0023541494737984894 -0.01142327342771101 0.0028980366001101101 -0.012194999054707965 -0.00017268513634903127 -0.0010419605101753256 -0.0054073963710765983
leaf_weight=3225.6904793232679 2999.6725569218397 1008.5201601535082 1740.790376290679 483.95522210001945 861.20308375358582 1175.4913748800755 796.16837060451508 12811.764155626297 1997.5646616816521 677.22905410826206 1465.7823112010956 302.74667477607727 620.08980959653854 1531.7843107432127 7878.9320036917925 388.52535282075405 6324.243045181036 1666.305366396904 1452.6278287619352 2202.7481728941202 22236.08295185864 484.20926231145859 278.97595971822739 5594.876439794898 268.09321513772011 746.08104673027992 460.39340922236443 5867.1270486563444 6114.2822846025229 5670.9838801473379
leaf_count=12940 12049 4062 6987 1948 3456 4740 3243 51636 7997 2715 5878 1214 2489 6175 31657 1557 25520 6677 5822 8935 89086 1946 1118 22470 1079 2998 1845 23577 24587 22888
internal_value=3.99334e-06 -0.00124444 0.00120153 0.000451827 0.00122056 -0.00357301 -0.00270005 0.00338435 0.000280496 0.00249135 0.00463432 -0.00888606 0.000159128 0.00674499 0.000414456 -0.00173158 -0.00528497 0.00332296 0.00540483 -0.000410669 -4.68333e-05 -0.00125908 0.000340796 -0.000361519 0.00281181 -0.000962321 -0.00676766 0.000452199 -0.00279888 -0.00440317
internal_weight=99332.9 48632.8 50700.2 22462.9 18866.5 3596.46 26169.9 15036.8 35663.4 8487.64 5261.94 1478.24 2118.22 2392.99 16473.5 19049.4 7120.41 4584.72 3118.93 27175.8 24973 2225 22975.5 13473.8 1634.26 1014.17 739.369 6255.65 12793.8 6679.5
internal_count=399291 195709 203582 90275 75807 14468 105434 60569 143013 34032 21092 5954 8514 9631 66176 76671 28763 18377 12499 108981 100046 8933 92049 54127 6566 4077 2963 25134 51537 26950
is_linear=0
shrinkage=0.05


Tree=34
num_leaves=31
num_cat=0
split_feature=29 72 95 27 97 48 14 64 54 37 44 39 26 44 87 27 44 51 47 52 47 29 79 95 28 47 85 39 91 93
split_gain=55.1522 33.5018 27.4041 22.2319 21.6704 21.0519 20.4859 24.7168 19.9843 19.3512 19.2656 19.0104 18.8988 18.6024 20.9707 20.0464 18.4924 16.714 16.5547 16.5281 16.2022 18.7396 15.7991 15.5586 15.4601 14.0922 14.0798 14.2729 19.9018 15.4384
threshold=0.47794950000000008 3.5000000000000004 0.079755500000000021 0.57076100000000007 0.94991455864430419 0.3104735076448662 1.0000000180025095e-35 4.5000000000000009 123.77623959284794 0.21702200000000002 34.17593746493683 0.036259784665100263 0.5000285000000001 31.206651368825536 -0.0099865000000000075 0.48295250000000006 27.082594114546559 2213.3302058518425 1.851859947956648 131.15392717694371 1.6696583232568065 0.44843100000000008 97.950000000000017 0.14925600000000003 0.44425000000000009 1.7363516250383249 0.48286414382196557 0.041717532669434475 -0.13067649999999995 -1.0000000180025095e-35
decision_type=10 2 10 10 2 10 2 2 10 10 8 10 10 10 10 10 10 10 10 10 8 8 2 10 10 10 2 10 10 10
left_child=4 6 5 12 13 18 7 11 -7 -8 -6 -2 22 14 17 -15 -16 20 -3 23 21 -1 -4 -5 -22 -12 -10 28 -28 -29
right_child=1 2 3 19 10 8 9 -9 26 -11 25 -13 -14 15 16 -17 -18 -19 -20 -21 24 -23 -24 -25 -26 -27 27 29 -30 -31
leaf_value=0.014245926690894873 0.0017537443541593919 0.0029153123029063712 0.0019947682187513335 0.0015740063434774452 -0.00082840226303850298 -0.0074260516919516673 0.0080703188700034425 -0.010128326021083243 -0.011409764303948144 -0.0013921382450022045 0.0018163273270546188 -0.0069973335565155937 -0.0055878009310610759 -0.0061330402574627605 -0.0059267164113008079 -0.00045423472762833164 0.0030355682163184885 -0.0023158243286260935 -0.0036240213724486612 0.0068415930106015257 -0.0005418453560609251 -0.0019966592249273029 -0.0051355425937583028 0.006749557063964959 0.0080699285591209462 0.010657124707825941 -0.0086126408121668697 0.00059525738934629411 0.0015910042774149411 -0.0045224323991500852
leaf_weight=478.38845574855804 1517.511334747076 7659.9943521469831 15363.929405555129 6204.265767365694 13279.464905291796 1099.8505024462938 682.08438305556774 1368.4530697017908 278.66254787147045 2454.8246063739061 1819.5777296572924 1036.4694155603647 949.6102838665247 5434.226749137044 3527.9657024145126 2177.2021364867687 680.94062788784504 5342.1554597318172 1098.9123070389032 3660.3760899305344 4219.127381876111 275.54922704398632 808.81139487028122 1889.8252188265324 584.45083083212376 591.73817405104637 496.91228838264942 2734.6189498752356 8364.7475515902042 3180.5986684858799
leaf_count=1922 6092 30685 61658 24960 53352 4416 2744 5501 1118 9865 7307 4166 3803 21973 14228 8761 2749 21507 4403 14806 17004 1106 3244 7681 2345 2372 1992 10970 33567 12758
internal_value=-2.71489e-05 0.000909193 0.00133427 0.00238225 -0.00151035 0.00011913 -0.0023271 -0.00473118 -0.00095095 0.00068447 -8.10859e-05 -0.0018111 0.0012316 -0.00249696 -0.00147982 -0.00451138 -0.00447299 -0.000320964 0.00209168 0.0040559 0.00159731 0.00836116 0.00163522 0.00278924 0.000520536 0.00402092 -0.00047331 -0.000259494 0.00100978 -0.0021595
internal_weight=99261.2 60850.5 53791.1 28876.8 38410.8 24914.3 7059.34 3922.43 16155.4 3136.91 15690.8 2553.98 17122.4 22720 15108.6 7611.43 4208.91 10899.7 8758.91 11754.5 5557.52 753.938 16172.7 8094.09 4803.58 2411.32 15055.5 14776.9 8861.66 5915.22
internal_count=399055 244429 216061 116152 154626 99909 28368 15759 64821 12609 63031 10258 68705 91595 60861 30734 16977 43884 35088 47447 22377 3028 64902 32641 19349 9679 60405 59287 35559 23728
is_linear=0
shrinkage=0.05


Tree=35
num_leaves=31
num_cat=0
split_feature=71 94 19 83 65 20 20 81 19 86 44 56 28 34 83 3 88 45 40 36 20 81 47 29 45 50 16 34 53 59
split_gain=52.776 38.4033 32.3577 32.7886 27.37 24.6806 40.5065 28.908 21.0581 22.3904 21.4025 19.3645 19.2596 19.4441 18.3811 17.618 17.5761 17.5151 17.4737 25.0233 26.5488 18.0167 18.3205 16.72 16.3774 16.3165 16.3092 16.2399 15.841 14.7267
threshold=1.0000000180025095e-35 0.38025050000000005 13.500000000000002 0.57572180979473819 1.0000000180025095e-35 13.500000000000002 12.500000000000002 7.8787235542187481 12.500000000000002 0.015557500000000004 34.14617433584413 2.0383018477309878 0.30782500000000007 0.45810800000000002 0.50241999722041109 2.5000000000000004 0.021634500000000004 40.497815045549338 0.084668697254059483 0.66222600000000009 13.500000000000002 7.2727454942847851 1.7857409312820132 0.57768200000000014 1.0000000180025095e-35 145.44611877699904 0.28500000000000009 0.51009850000000012 2566.3551300615686 7.1196326923967446
decision_type=2 8 2 2 2 2 2 2 2 10 8 8 8 8 2 2 10 10 8 10 2 2 10 8 10 10 2 8 10 2
left_child=2 11 8 5 12 6 16 24 10 23 -1 -2 -3 -14 -7 18 -4 -16 19 20 27 22 -20 -10 -8 28 -9 -13 -6 -23
right_child=1 4 3 -5 25 14 7 26 9 -11 -12 15 13 -15 17 -17 -18 -19 21 -21 -22 29 -24 -25 -26 -27 -28 -29 -30 -31
leaf_value=0.0028105717495943709 -0.0065770128745585889 -0.01156230043673398 -0.003586980241286169 0.0059554605802361578 -0.0068780192694761922 -0.0022927216008913807 0.0046959315314185441 0.014819169944322919 0.0042718188295327126 0.0086857423518880688 -0.0048042874453401267 -0.00024725019696646594 -0.010878452332141755 -0.00085075857188723642 0.00061786639959953175 -0.004165220549261244 0.0053366807574396127 -0.011835780859872058 0.0021971548814829502 -0.0093874540079529542 -0.00045291042295310673 0.0028233304755739016 -0.011394708559111196 -0.0043272403139452712 -0.0043112020683843087 -0.00058874846346508916 0.0060432845834067312 0.0070952620749390755 0.0048875716191269644 0.0092868892362265466
leaf_weight=3910.3826055079699 921.66938161849976 441.91879659891129 2822.3416479676962 2584.2121130973101 5303.5278410166502 10260.566394716501 989.07524763047695 642.7099978774786 3676.2498702406883 2820.4494797438383 1197.0888673514128 1131.1200710237026 486.61870940029621 18357.799012735486 16220.025419548154 1644.4138989299536 675.96413804590702 277.34059765934944 957.39353735744953 622.5120974034071 10564.525895744562 2076.0775371193886 323.52196335792542 659.32962839305401 1009.8446900695562 1649.6071717739105 3016.8780663311481 2239.2507385462523 295.51235243678093 1538.367794200778
leaf_count=15742 3728 1802 11325 10461 21445 41245 3969 2576 14743 11422 4796 4540 1963 73877 64974 6611 2709 1112 3850 2509 42434 8347 1299 2662 4045 6662 12096 8996 1190 6199
internal_value=0.000112616 -0.00106579 0.00123974 0.000526896 -0.00234638 0.00013474 0.00237388 0.00498539 0.00347533 0.00522398 0.0010199 0.000477811 -0.00136058 -0.00111534 -0.000632117 0.000788984 -0.0018524 0.000401462 0.00120971 0.000339792 0.000780756 0.00379061 -0.00129743 0.00295718 0.000146762 -0.00496379 0.00762072 0.00463762 -0.00624944 0.00559236
internal_weight=99316.3 48553.8 50762.5 38499 26535 35914.7 9156.81 5658.51 12263.5 7156.03 5107.47 22018.9 19286.3 18844.4 26757.9 21097.2 3498.31 16497.4 19452.8 14557.4 13934.9 4895.36 1280.92 4335.58 1998.92 7248.65 3659.59 3370.37 5599.04 3614.45
internal_count=399329 195452 203877 154512 106939 144051 36720 22686 49365 28827 20538 88513 77642 75840 107331 84785 14034 66086 78174 58479 55970 19695 5149 17405 8014 29297 14672 13536 22635 14546
is_linear=0
shrinkage=0.05


Tree=36
num_leaves=31
num_cat=0
split_feature=71 64 23 23 49 35 39 39 32 37 51 46 39 42 24 38 36 87 18 35 24 55 36 55 36 33 21 34 61 97
split_gain=44.5976 34.6126 36.5761 25.811 24.8507 24.8281 22.4061 23.826 22.2432 20.6657 20.4716 19.5225 19.0391 18.8986 18.0632 17.9636 21.6317 17.8754 16.7247 16.5499 16.4987 16.4039 16.0662 15.8398 15.7078 15.6888 15.4709 15.3264 15.3112 15.2804
threshold=1.0000000180025095e-35 9.5000000000000018 0.25905550000000005 0.20246350000000005 126.6549564957612 0.1444735 0.052654133140749987 0.045610755026316958 0.16924800000000004 0.30636650000000004 2318.9621278238978 1.5811023709173957 0.036550133422956092 133.8250593157413 0.10667050000000002 0.33700550000000007 0.50839850000000009 -0.092063499999999979 1.5000000000000002 0.15213550000000001 0.14849950000000003 1753.8912009475746 0.68831550000000019 1786.5594130065099 0.71735250000000017 2986.5000000000005 3692.5000000000005 0.49006750000000004 1.0000000180025095e-35 0.94575603831303057
decision_type=2 2 8 8 8 8 8 10 8 10 8 8 8 8 10 10 10 8 2 10 10 8 8 10 10 2 2 8 2 2
left_child=3 2 6 4 -1 11 7 14 9 10 26 20 -3 19 -2 16 -8 -9 -14 -4 -5 25 29 -11 -15 -20 -7 -12 -6 -13
right_child=1 12 13 5 28 8 15 17 -10 23 27 22 18 24 -16 -17 -18 -19 21 -21 -22 -23 -24 -25 -26 -27 -28 -29 -30 -31
leaf_value=0.00097305619056608443 -0.012250712094584401 0.00024017616797514138 0.004091336264549255 0.0038727758275668546 0.0060455774706453091 0.0026351374090906711 0.0081139733672325378 -0.010604410486879861 -0.0018217519036969592 0.00051890992559884758 0.0097975909002702161 -0.0005573375770313837 -0.015293214678751131 -0.0042822972244718647 0.00031218599100821118 -0.0066214364745953687 0.0017531087489207769 -0.002035964555436344 -0.017943676768090517 -0.0049446069950867047 0.018352330690839067 -0.00085255114190101687 0.0080869653866965704 -0.005060113890169405 0.0025629495347496843 -0.0045166788020317931 0.0091869420315120621 -0.0011575799933083179 -0.0054162197068460564 0.0032998075835681089
leaf_weight=6282.3279207795858 280.07855552434921 921.60913100838661 1606.2167982906103 487.58039939403534 5724.6180565953255 2025.2739462703466 1726.1696664392948 881.5190677344799 12683.814619019628 5151.8839047551155 350.00290584564209 5329.0141122937202 612.37845543026924 9781.8007415235043 20991.729587003589 485.54090793430805 5845.8784463703632 1939.2582986503839 384.4971370100975 728.60513204336166 328.08218836784363 884.60028694570065 943.62598305940628 1678.8132636398077 909.99710968136787 505.87178592383862 1630.1568829119205 2810.9350599199533 299.4877811819315 4940.9297338575125
leaf_count=25206 1129 3715 6452 1955 23136 8119 6929 3565 50880 20666 1408 21391 2486 39585 84364 1944 23482 7787 1553 2929 1315 3568 3788 6749 3677 2041 6570 11316 1199 19815
internal_value=0.000147181 -0.000936718 -0.000574525 0.00118441 0.00317589 0.000544851 0.000331222 -0.000432314 -0.000315064 0.00108559 0.00303133 0.00242582 -0.00586506 -0.00280848 0.000141096 0.00261194 0.00321196 -0.00474169 -0.00821308 0.00126252 0.00984859 -0.00569839 0.0018776 -0.000857666 -0.00369784 -0.0104499 0.00557404 8.25318e-05 0.00546772 0.00129976
internal_weight=99152.3 48485.8 45176.8 50666.5 12306.4 38360.1 32150.2 24092.6 26330.9 13647.1 6816.37 12029.2 3308.96 13026.6 21271.8 8057.59 7572.05 2820.78 2387.35 2334.82 815.663 1774.97 11213.6 6830.7 10691.8 890.369 3655.43 3160.94 6024.11 10269.9
internal_count=398719 195206 181843 203513 49541 153972 129200 96845 105708 54828 27413 48264 13363 52643 85493 32355 30411 11352 9648 9381 3270 7162 44994 27415 43262 3594 14689 12724 24335 41206
is_linear=0
shrinkage=0.05


Tree=37
num_leaves=31
num_cat=0
split_feature=25 42 26 72 96 3 27 69 16 51 45 33 83 67 83 97 48 98 25 85 55 56 36 85 42 28 84 57 91 92
split_gain=45.6236 27.528 24.4551 26.023 19.2154 18.1622 18.1158 17.7982 18.4429 18.298 17.2258 21.1132 20.1712 23.1171 18.7525 18.0704 17.0894 15.2994 14.7641 17.6861 15.3699 14.7568 16.1627 17.3637 15.8274 14.3905 14.0294 16.4041 14.3126 13.7095
threshold=0.37575550000000008 145.09249437257921 0.5000285000000001 3.5000000000000004 0.30163485000000007 2.5000000000000004 0.28642150000000005 1.0000000180025095e-35 1.2750000000000001 2125.0028488317985 14.624848951558166 333.50000000000006 0.47243001879699253 1.0000000180025095e-35 0.56885713826738649 1.0004050977731798 0.28565142547139522 -0.0030474726448860285 0.43486350000000001 0.57886177904885672 1417.3408565364887 2.6244910314575365 0.42450250000000006 0.53053801701988801 138.14910889486717 0.50352150000000007 0.55493444900654254 11.783276618997329 0.12564650000000005 -0.0027474999999999995
decision_type=8 10 10 2 10 2 8 2 2 8 10 2 2 2 2 2 10 2 8 2 8 8 10 2 10 8 2 8 10 8
left_child=1 2 3 4 -1 -6 -2 8 18 17 12 -12 -5 21 15 25 -13 -10 19 26 -20 -14 -23 -24 29 -15 27 28 -8 -25
right_child=6 -3 -4 10 5 -7 7 -9 9 -11 11 16 13 14 -16 -17 -18 -19 20 -21 -22 22 23 24 -26 -27 -28 -29 -30 -31
leaf_value=0.0081983592132117613 -0.0046584981120951531 0.0082376464338653598 -0.0037280491279650819 -0.0036074242980676978 -0.0020186039973597394 -0.012708073488707151 -0.0037191688758453053 -0.0055672300962889363 0.012366868396321486 0.00044623365421087225 -0.0067053577518773307 0.0049450412378249523 -0.00029386943161162707 0.0042762861335121083 0.00581253557320131 -0.0058163949678386485 0.00024105532077892374 -0.00022953585729059068 -0.015581315511114018 0.0056945208925262428 -0.0035268285703032513 -0.0019465853451532276 0.0056978598956970335 -0.0048650337009564391 0.010464279169989252 -0.0017425164685036772 0.0029715871012146173 -0.00036724081874931597 0.0023105097302783865 0.0027820304122216023
leaf_weight=414.53916093707085 3539.4043723940849 1248.3079164326191 2869.6437166035175 1342.2444828301668 5230.3832009583712 420.79897277057171 9066.4484400451183 1956.8314340859652 617.51170291006565 8710.2254339456558 990.50308382511139 2145.7913484424353 2009.6175791919231 1652.0368591696024 1220.8336408138275 1435.9216814190149 18511.783220127225 390.84044013917446 291.75104266405106 946.9162722080946 2244.016634568572 963.88517628610134 10276.471019044518 962.12493361532688 391.14284546673298 2458.2673141807318 1825.7708257138729 12603.152374669909 1097.1149718016386 1466.0359651148319
leaf_count=1664 14314 5102 11517 5412 21014 1695 36492 7898 2482 35048 3976 8687 8065 6619 4937 5752 74238 1569 1180 3802 9055 3858 41343 3865 1581 9885 7322 50686 4415 5889
internal_value=-1.67152e-05 0.00092543 0.000757273 0.00100598 -0.00206928 -0.00283561 -0.00123563 -0.000929765 -0.000688243 0.00118821 0.00141339 0.000388609 0.00233038 0.00268082 0.000228796 -0.00100854 0.000731835 0.00753015 -0.00133799 -0.000975623 -0.00496951 0.00371262 0.00428509 0.00474489 0.00126343 0.000681102 -0.00123466 -0.00157314 -0.00306666 -0.000255538
internal_weight=99300.3 56010.3 54762 51892.4 6065.72 5651.18 43290 39750.6 37793.7 9718.58 45826.7 21648.1 24178.6 22836.3 6767.06 5546.23 20657.6 1008.35 28075.2 25539.4 2535.77 16069.3 14059.7 13095.8 2819.3 4110.3 24592.5 22766.7 10163.6 2428.16
internal_count=399362 225099 219997 208480 24373 22709 174263 159949 152051 39099 184107 86901 97206 91794 27193 22256 82925 4051 112952 102717 10235 64601 56536 52678 11335 16504 98915 91593 40907 9754
is_linear=0
shrinkage=0.05


Tree=38
num_leaves=31
num_cat=0
split_feature=25 70 89 35 89 26 37 26 49 85 45 30 92 58 19 30 32 25 57 37 6 70 44 24 27 44 88 90 92 28
split_gain=45.9195 26.7974 24.0464 22.7884 19.8546 17.6951 16.9748 16.962 16.2306 16.1541 15.9787 15.5651 15.2143 16.2412 15.1003 16.1031 15.6885 13.9461 19.0179 15.2359 16.7382 13.2738 13.542 18.1463 16.1088 12.8488 20.0606 16.008 15.2048 17.118
threshold=0.37756150000000005 4.5000000000000009 0.55821445000000003 0.13521550000000002 0.44591290000000006 0.49865650000000006 0.1921805 0.45299150000000005 127.2852343903801 0.51646464459452579 -12.928077534263538 0.25105050000000007 0.12894750000000002 2363.5000000000005 16.500000000000004 0.14833150000000003 0.15274350000000003 0.4178960000000001 11.349566477417271 0.23852600000000004 3.5000000000000004 4.5000000000000009 19.20508993736134 0.17089550000000001 0.61452050000000014 33.343409380222035 0.0072114999999999827 -0.12722539999999996 0.0064040000000000078 0.45044000000000001
decision_type=8 2 10 8 8 10 8 8 10 2 8 10 10 8 2 10 10 10 8 10 2 2 10 10 10 10 10 10 10 10
left_child=1 2 3 -1 12 -5 -6 11 -3 -7 -4 17 25 -14 -12 -16 -17 21 19 -19 -21 22 24 -24 -8 26 28 -27 29 -2
right_child=4 8 10 5 6 9 7 -9 -10 -11 14 -13 13 -15 15 16 -18 18 -20 20 -22 -23 23 -25 -26 27 -28 -29 -30 -31
leaf_value=0.0037586943005813059 0.0026137142287217512 -0.0058113802643830299 -0.0092264054574484784 0.00043712912451891023 0.0024440033388994243 -4.1993892267248388e-06 0.0012401271486957234 -0.0081368081512812381 0.0040652418420841357 -0.0077113640319756678 0.0044629549436591377 0.0033221151079807945 -0.0015520736819457288 0.012829997495863882 -0.0010918815810772437 -0.00075903059274670551 0.0074649491895607493 0.0020913310333411958 -0.00073593635504625831 -0.015959194188608288 -0.0031104890208112105 -0.0070737654299050535 -0.00028682990497054176 -0.0067063507777349457 0.011736555144875312 -0.01159078922080352 -0.010067087940409511 -0.0037595752205500745 -0.003044738526036787 -0.0075383244630945062
leaf_weight=4883.2757871448994 2834.6601983606815 2174.7533010840416 256.81204789876938 33833.934865862131 4308.9732101708651 1397.5728896856308 2065.0923075377941 789.60392908751965 506.20921875536442 1313.960404664278 8594.9040970206261 2132.2780386507511 518.64515541493893 304.03906413912773 3348.2479738742113 949.58477717638016 1472.7431128621101 262.80647644400597 1709.2310041636229 684.93093319237232 408.10756854712963 736.87912687659264 11108.495123431087 1212.0591008216143 434.96671551465988 867.31296095252037 746.50921721756458 2620.635923743248 6313.7820602357388 476.36637762188911
leaf_count=19584 11473 8737 1029 135674 17298 5607 8282 3174 2036 5270 34867 8560 2095 1224 13487 3826 5945 1058 6880 2762 1646 2967 44577 4874 1744 3514 3033 10631 25504 1924
internal_value=4.2758e-05 0.000936096 0.0011699 0.000554337 -0.00125152 0.000125254 -0.000417257 -0.000990388 -0.00393834 -0.00375356 0.0029124 -0.00071472 -0.00271928 0.00385335 0.00313567 0.00115446 0.00425117 -0.00117847 -0.00425543 -0.00865437 -0.0112336 -0.000569916 -0.000241994 -0.00092329 0.00310581 -0.00311193 -0.00222528 -0.00573445 -0.00160725 0.00113481
internal_weight=99267.4 58732 56051 41428.7 40535.4 36545.5 25853.4 21544.5 2680.96 2711.53 14622.3 20754.8 14682 822.684 14365.5 5770.58 2422.33 18622.6 3065.08 1355.84 1093.04 15557.5 14820.6 12320.6 2500.06 13859.3 10371.3 3487.95 9624.81 3311.03
internal_count=399282 236062 225289 166135 163220 146551 103822 86524 10773 10877 59154 83350 59398 3319 58125 23258 9771 74790 12346 5466 4408 62444 59477 49451 10026 56079 41934 14145 38901 13397
is_linear=0
shrinkage=0.05


Tree=39
num_leaves=31
num_cat=0
split_feature=23 88 95 20 20 61 71 47 41 68 32 71 42 90 41 33 45 40 36 38 27 51 40 16 29 29 64 25 47 96
split_gain=39.6104 26.2258 22.7959 19.7654 29.4068 26.4327 19.3961 19.0776 18.19 17.877 16.6673 22.2174 25.3671 16.3585 14.6807 16.9451 15.6815 22.0603 14.6339 16.9941 16.9914 16.7263 16.7162 16.3588 14.6674 14.5804 14.5633 14.4683 14.4527 14.297
threshold=0.24294650000000004 0.080352500000000007 -0.0073874999999999904 13.500000000000002 12.500000000000002 1.0000000180025095e-35 1.0000000180025095e-35 1.0640743314810861 0.077390747154600439 1.0000000180025095e-35 0.14641550000000003 1.0000000180025095e-35 142.4703740511234 0.023736800000000034 0.080396755250289734 578.50000000000011 6.6334014857195349 0.085676344817780845 0.43099050000000005 0.14161150000000003 0.47979600000000006 2297.0894508738907 0.044493823323894142 1.6850000000000003 0.46002750000000009 0.48236900000000005 7.5000000000000009 0.35289100000000001 1.8210791985367181 0.50223100000000009
decision_type=8 8 10 2 2 2 2 8 10 2 8 2 10 10 10 2 8 10 10 10 10 8 8 2 10 10 2 10 8 10
left_child=1 2 -1 4 8 26 18 27 13 10 11 12 -5 -2 15 28 -17 -18 24 20 21 23 29 -20 -4 -16 -6 -8 -9 -21
right_child=3 -3 6 9 5 -7 7 14 -10 -11 -12 -13 -14 -15 25 16 17 -19 19 22 -22 -23 -24 -25 -26 -27 -28 -29 -30 -31
leaf_value=-0.0038738045162739383 -0.0069529634883378766 0.0051203274962701066 0.007418447169216952 0.00057948617635543366 0.0038118164201508087 -0.001121309094145917 0.011172567317019827 -0.0081407253428416714 0.0029885606628368179 6.0366270487113506e-05 -0.0036501759619233052 -0.0034703659265732517 0.014810796698261894 0.0018883680409162958 0.012215635421482107 -0.0029752910058047917 -0.00038619388453243217 0.0053084268507783347 -0.00094797738297075745 0.00400078825006188 0.0020751347893679453 -0.0054165037983641652 0.0037290201798800778 0.010679200616481033 -0.0043748458694473809 0.0014899177003345058 0.01172795516792974 -0.0021728077576431163 0.00010282497377017597 -0.0063010114041980956
leaf_weight=2780.6253901273012 2187.6437368541956 3287.7050244808197 304.90425831079483 3817.8482115864754 3250.1999192237854 2762.6589789837599 611.41272082924843 1387.6699386835098 987.55298343300819 8644.5691693276167 14207.270357042551 3992.4554404616356 331.20306865870953 681.82295808196068 377.34166486561298 4602.9803336411715 12970.002654090524 1947.1522208750248 1802.8208832591772 563.77426610887051 6681.4268199801445 1908.8289255946875 12741.700166791677 353.21121184527874 1626.5770863741636 1762.2996596992016 703.48404528200626 297.44531863927841 857.73808835446835 807.76207913458347
leaf_count=11180 8818 13273 1221 15332 13063 11139 2468 5582 3972 34768 57252 16126 1340 2739 1517 18489 52091 7843 7221 2258 26898 7650 51235 1415 6517 7091 2831 1192 3452 3236
internal_value=-5.73305e-05 0.000790658 0.000528029 -0.00123381 0.000632456 0.00262936 0.000765917 -0.000241307 -0.00284262 -0.00187049 -0.00261704 -0.000811913 0.0017484 -0.00485288 -0.000512853 -0.0009018 -0.00042746 0.000360189 0.00169856 0.00202443 0.000525512 -0.00202045 0.00316458 0.00099735 -0.00248453 0.0034295 0.00524638 0.00682886 -0.00500522 -0.00206812
internal_weight=99240.1 57673.4 54385.7 41566.7 10573.4 6716.34 51605 24814 3857.02 30993.3 22348.8 8141.51 4149.05 2869.47 23905.2 21765.5 19520.1 14917.2 26791 24859.5 10746.3 4064.86 14113.2 2156.03 1931.48 2139.64 3953.68 908.858 2245.41 1371.54
internal_count=399209 231829 218556 167380 42562 27033 207376 99725 15529 124818 90050 32798 16672 11557 96065 87457 78423 59934 107651 99913 43184 16286 56729 8636 7738 8608 15894 3660 9034 5494
is_linear=0
shrinkage=0.05


Tree=40
num_leaves=31
num_cat=0
split_feature=23 39 20 20 61 21 96 72 26 52 0 92 0 52 53 38 48 81 48 29 30 93 5 29 64 85 48 93 58 64
split_gain=38.3798 30.5249 24.0144 30.9062 31.3576 20.45 22.3918 20.0418 19.2117 22.7715 17.9289 17.0429 16.7204 15.2319 14.9943 14.9338 22.9243 15.1536 15.6154 14.1102 13.8933 13.8013 13.4397 13.2513 13.1995 15.0418 18.6202 13.5376 13.1009 13.0849
threshold=0.23199050000000002 0.041717532669434475 13.500000000000002 12.500000000000002 1.0000000180025095e-35 153.50000000000003 0.29783030000000005 3.5000000000000004 0.40785250000000006 126.29282990751889 3.5000000000000004 -0.040443099999999996 4.5000000000000009 133.55807239804213 2616.3101778127771 0.16808300000000004 0.33646485037753943 8.3955903632803359 0.54189478046455952 0.60019900000000004 0.19819450000000002 0.038416499999999999 1.0000000180025095e-35 0.41382700000000006 2.5000000000000004 0.52018005918264032 -0.66421757351704447 0.018252500000000008 1905.5000000000002 9.5000000000000018
decision_type=8 10 2 2 2 2 10 2 10 8 2 8 2 10 10 10 8 2 10 10 10 8 2 10 2 2 8 10 10 2
left_child=1 10 3 13 12 -4 23 24 9 -3 -1 -6 21 14 29 -9 -17 -18 -19 22 -21 -5 -12 -7 -8 26 -26 -28 -13 -2
right_child=2 8 5 4 11 6 7 15 -10 -11 19 28 -14 -15 -16 16 17 18 -20 20 -22 -23 -24 -25 25 -27 27 -29 -30 -31
leaf_value=0.0087625173704702491 -0.0014652541750374186 -0.0016464432609656458 -0.0078011341651720552 -0.0036137009636600294 0.0092931793970361994 -0.0070298465557070674 -0.0016527585685578742 -0.0019596838940713068 -0.00018256245865152468 -0.013449261654650707 -0.00024178503578129256 -0.0046410611168746464 0.0067432274782643119 0.0067295004358297328 -0.013951399517389216 0.005481664984869716 0.0013892955689224166 0.00066986618629575104 -0.0050362104404377264 0.0054760720208113876 -0.0021385665049793992 0.0096157341528413862 0.0020656353566197135 0.0050406692004537441 -0.017924596378344589 -0.0023449190057840204 -0.0019913747195760886 -0.013237028042289207 0.0025414411832159504 -0.012062662738013067
leaf_weight=914.06925070285797 3961.5477227121592 1191.1592130810022 1238.7707076817751 790.6588721871376 346.21677865087986 248.93752872943878 2197.1217164099216 19503.394275948405 11516.808113902807 614.75889433920383 9575.1674595326185 1935.6071629375219 4013.5527484416962 431.14346626400948 283.19245697557926 1799.6711164563894 4635.6380530744791 2090.8354065567255 2794.3087911456823 3815.726014405489 704.68421566486359 251.55048151314259 18489.08513379097 1917.7753926068544 495.26450102031231 1110.997063010931 709.22579526901245 424.09337340295315 934.64296813309193 304.85673195123672
leaf_count=3684 15932 4786 5008 3179 1392 1008 8882 78489 46245 2479 38458 7817 16122 1730 1147 7238 18593 8386 11207 15524 2854 1010 74268 7717 2020 4507 2871 1723 3754 1230
internal_value=4.72206e-05 0.0010875 -0.000881999 0.000957232 0.00282953 -0.00150444 -0.00129678 -0.0015961 -0.000936384 -0.00571622 0.00189245 -0.00102854 0.00528122 -0.00215181 -0.00300636 -0.00112155 0.000322879 -0.000656992 -0.00259764 0.0016971 0.00428693 -0.000359569 0.00127857 0.00362794 -0.00455081 -0.00686056 -0.00990796 -0.00627852 -0.00230151 -0.00224893
internal_weight=99240.5 46821.5 52419 13253 8272.23 39166 37927.3 35760.6 13322.7 1805.92 33498.7 3216.47 5055.76 4980.74 4549.6 30823.8 11320.5 9520.78 4885.14 32584.7 4520.41 1042.21 28064.3 2166.71 4936.7 2739.58 1628.58 1133.32 2870.25 4266.4
internal_count=399260 188298 210962 53313 33274 157649 152641 143916 53510 7265 134788 12963 20311 20039 18309 123913 45424 38186 19593 131104 18378 4189 112726 8725 20003 11121 6614 4594 11571 17162
is_linear=0
shrinkage=0.05


Tree=41
num_leaves=31
num_cat=0
split_feature=64 26 20 20 94 61 44 0 61 40 53 52 23 21 55 27 79 0 23 27 96 54 23 49 71 55 96 0 26 53
split_gain=35.5362 31.7691 44.7822 28.18 27.0541 23.6097 23.5181 25.029 22.2451 19.6236 19.3038 16.8161 16.3614 16.241 16.1134 16.0338 16.3218 16.0188 20.0927 15.9788 18.0353 21.9729 14.8254 14.8148 14.4105 17.8338 15.4313 15.3928 15.142 15.0669
threshold=9.5000000000000018 0.40842250000000008 13.500000000000002 12.500000000000002 0.37602950000000007 1.0000000180025095e-35 24.619540225890091 5.5000000000000009 1.0000000180025095e-35 0.045484377107686567 2134.8330583879051 132.0677087772448 0.18561450000000004 5312.5000000000009 1500.6071195345214 0.59906550000000014 89.850000000000009 8.5000000000000018 0.31195250000000002 0.35025750000000005 0.31383594500000006 134.78249730439532 0.18248250000000002 121.05936250668849 1.0000000180025095e-35 1856.9040783612918 0.56215625000000002 5.5000000000000009 0.43418850000000003 2357.8418066116274
decision_type=2 10 2 2 10 2 8 2 2 8 8 10 10 2 8 10 2 2 10 10 10 8 8 8 2 8 10 2 10 8
left_child=1 14 3 10 8 6 -5 -8 9 -4 -3 -2 -10 -13 -1 16 17 18 23 -6 21 -21 -16 -12 29 26 27 -26 -27 -22
right_child=11 2 4 5 19 -7 7 -9 12 -11 15 13 -14 -15 22 -17 -18 -19 -20 20 24 -23 -24 -25 25 28 -28 -29 -30 -31
leaf_value=-0.0068256723632265336 -0.0045101898371982972 -0.0068984161079747907 -0.0020710418083051559 0.0098391110347958513 -0.0037997942734257599 0.00034215665929890235 -0.00072765812698274057 0.0064237739600545227 0.00045502992794340557 0.00194679255609073 -0.0055548525998885693 0.0076518954527999596 -0.0085048410238166838 -0.0066073021556800953 0.0034417666793044562 0.0058053614852226426 -0.0068160406213895047 -0.0051194451725312708 -0.0088306914398081707 0.010317295923111057 0.0017516535482372331 -0.0003973051708846919 -0.0025628926118627954 0.0043981717665914476 -0.0075528195737327832 -0.0064502382505105997 0.0023303616888170529 -0.0027461246372809649 0.00099655145315571763 -0.0013409577452745171
leaf_weight=1838.3917017430067 6180.0932432860136 813.99900297820568 3529.1776099056005 2374.426681920886 4786.4778175503016 2794.4985996335745 1911.6470950841904 3379.4887690842152 1011.0830276459455 21553.779779598117 410.17800876498222 582.72813871502876 1015.1258969306946 292.06610514223576 1208.3789648264647 1479.2515520900488 755.01957283914089 872.94223833084106 362.09479862451553 789.44401651620865 7008.5421595573425 1190.0952898561954 6596.9657936841249 3477.2104019969702 2567.7969419807196 782.01929034292698 945.17598167061806 4765.2509865164757 4932.4348984062672 8963.9388934075832
leaf_count=7425 24908 3273 14153 9542 19348 11219 7683 13587 4058 86822 1645 2345 4084 1179 4849 5957 3033 3505 1471 3184 28116 4777 26599 13964 10352 3152 3793 19220 19805 35970
internal_value=-0.000174767 8.73322e-05 0.00040496 0.00256103 -0.000224555 0.00427841 0.00571107 0.00384352 0.000973353 0.00138088 0.000359902 -0.00359225 -0.00405357 0.00287033 -0.00262656 0.00117129 -2.90615e-06 0.00101264 0.00228137 -0.00110869 -0.000704397 0.00390608 -0.00163007 0.00333642 -0.00101017 -0.00218105 -0.00366269 -0.00443727 -3.20244e-05 1.62917e-05
internal_weight=99169.7 92114.8 82471.1 18630.8 63840.3 10460.1 7665.56 5291.14 27109.2 25083 8170.7 7054.89 2026.21 874.794 9643.74 7356.7 5877.45 5122.43 4249.48 36731.2 31944.7 1979.54 7805.34 3887.39 29965.2 13992.7 8278.22 7333.05 5714.45 15972.5
internal_count=399018 370586 331713 74879 256834 42031 30812 21270 109117 100975 32848 28432 8142 3524 38873 29575 23618 20585 17080 147717 128369 7961 31448 15609 120408 56322 33365 29572 22957 64086
is_linear=0
shrinkage=0.05


Tree=42
num_leaves=31
num_cat=0
split_feature=64 84 38 21 41 20 97 20 36 33 1 49 46 45 41 79 1 95 53 55 89 92 94 35 33 87 89 89 94 35
split_gain=30.488 27.7808 19.8616 19.8246 19.4504 17.3312 20.3103 19.646 19.1085 16.8794 16.3729 16.4961 14.3947 14.1808 14.2378 13.3753 13.3516 13.0806 15.376 14.1435 13.0403 13.0093 12.8372 17.21 16.2961 16.1411 13.5746 14.7004 12.7541 12.5587
threshold=9.5000000000000018 0.53128689348962743 0.048782650000000004 1742.5000000000002 0.080954668801683977 13.500000000000002 1.0598564372631241 12.500000000000002 0.4946985000000001 379.50000000000006 3.5000000000000004 121.3514762984429 1.7741544966581215 31.876373521978419 0.061679995860290882 25.950000000000006 2.5000000000000004 0.13879000000000002 2217.5665480776584 1831.7599752364601 0.41943625000000001 -0.010203999999999989 0.36359950000000008 0.18778100000000003 1498.5000000000002 -0.095630499999999993 0.52060210000000007 0.54253945000000015 0.41196900000000009 0.14685150000000005
decision_type=2 2 10 2 8 2 2 2 10 2 2 8 10 10 8 2 2 10 8 10 8 10 10 10 2 8 8 8 10 10
left_child=1 2 3 -1 9 7 12 10 -9 -3 11 -4 22 14 -2 -10 -14 18 -13 -20 -12 -6 25 24 -24 -7 -27 -28 -25 -11
right_child=13 4 5 -5 21 6 -8 8 15 29 20 17 16 -15 -16 -17 -18 -19 19 -21 -22 -23 23 28 -26 26 27 -29 -30 -31
leaf_value=-0.0043303553242147186 0.002836768722847674 -0.0029872363615669507 -0.014886472710916775 0.00020856228566517221 0.0085400614044776821 -0.0076299515086493269 0.0054243442267016516 0.007358914648631032 0.0057520761104078843 0.0028850479162922122 -0.0051804714418301747 -0.0071792175400777897 0.00023730020447473889 -0.013316379453538399 -0.0035929465001296595 0.00022769605492805987 -0.0030910510689923293 -0.011171423786126768 -0.00025573859583931922 0.01197149941690219 0.0038528523205641364 0.0026981247507969677 0.0028913089470142344 -0.013890098581100505 -0.00071551143349353366 0.0090141042550335396 -0.0065831577177134131 0.0043019312265064648 -0.00089206331704324345 0.0004903243124768249
leaf_weight=5536.8105779737234 1007.1503450125456 2350.4911442697048 271.69934286177158 4246.5804472118616 1441.0475588440895 301.27201120555401 1423.2271612435579 2100.6140747964382 1503.9843655824661 9161.6031676977873 483.60384322702885 601.67830923199654 4561.5444966703653 315.86961759626865 5669.3536696285009 3968.5909708440304 8858.6809257864952 328.15037073194981 1134.6771060377359 288.6501881480217 2101.533580288291 2821.5434863120317 3785.9104855358601 389.68061465024948 17886.072466433048 991.37146537005901 402.37499658763409 1245.1242638528347 360.3450066447258 13595.794356197119
leaf_count=22367 4055 9447 1089 17106 5835 1211 5756 8425 6046 36864 1963 2421 18342 1269 22861 15943 35627 1315 4555 1160 8435 11432 15221 1562 71876 3973 1613 5024 1451 54683
internal_value=5.88595e-05 0.000300536 -0.000293349 -0.00236199 0.00156949 8.89606e-05 -0.000420977 0.00169189 0.00331606 0.00103832 -0.00067081 -0.00344609 -0.000636831 -0.00312174 -0.00262023 0.00175364 -0.00196041 -0.00206776 -0.000544873 0.00229016 0.00214953 0.00468846 6.40283e-05 -0.00034378 -8.43878e-05 0.00316466 0.0044212 0.00161975 -0.00773918 0.00145523
internal_weight=99135 92142.7 62772.2 9783.39 29370.5 52988.8 40205.6 12783.2 7573.19 25107.9 5209.99 2624.86 38782.4 6992.37 6676.5 5472.58 13420.2 2353.16 2025.01 1423.33 2585.14 4262.59 25362.2 22422 21672 2940.14 2638.87 1647.5 750.026 22757.4
internal_count=398927 370742 252481 39473 118261 213008 161656 51352 30414 100994 20938 10540 155900 28185 26916 21989 53969 9451 8136 5715 10398 17267 101931 90110 87097 11821 10610 6637 3013 91547
is_linear=0
shrinkage=0.05


Tree=43
num_leaves=31
num_cat=0
split_feature=71 45 37 94 55 23 55 86 45 30 39 43 45 19 89 43 30 99 94 37 37 65 30 89 52 91 93 43 85 44
split_gain=32.4578 28.4611 25.9439 28.1632 24.6271 19.5077 19.4095 19.1829 19.3521 18.348 18.0417 17.2677 22.4027 16.0877 15.8652 14.8787 14.3509 14.2108 14.1011 14.0343 13.6032 15.7948 13.3539 13.2589 13.183 22.3841 13.1569 13.0274 17.9899 12.8348
threshold=1.0000000180025095e-35 -8.7075194900437953 0.30721550000000003 0.46446650000000006 2188.7866949641207 0.25757050000000009 1640.077016229008 -0.16562149999999995 16.801500761027494 0.15203650000000005 0.030423645559855345 2178.9166085190859 21.510213016837138 13.500000000000002 0.43078245000000009 1980.7541193972386 0.18379050000000002 -0.0078834999999999999 0.38581850000000006 0.26231150000000009 0.28283100000000005 1.0000000180025095e-35 0.13363100000000003 0.5357360000000001 130.35874942557925 -0.045880799999999992 0.074343850000000003 2051.2136574147185 0.52003319480767562 27.553363398624906
decision_type=2 8 10 10 10 8 8 10 10 8 8 10 10 2 10 10 10 10 10 10 10 2 8 8 10 10 10 8 2 10
left_child=2 -2 3 4 13 6 11 9 10 14 -9 15 -13 -1 -4 17 -6 -3 -19 -17 21 -8 -7 -15 -10 -26 -11 28 -12 -24
right_child=1 5 7 -5 16 22 20 8 24 26 27 12 -14 23 -16 19 -18 18 -20 -21 -22 -23 29 -25 25 -27 -28 -29 -30 -31
leaf_value=0.0050097912325985918 -0.0040119261413168652 -0.01016158913958351 0.010440328224917538 -0.0033241676310375324 -0.0095719352180139543 -4.7774953353788031e-05 0.0011874488261788727 0.0062254476955378073 -0.0056345587848588624 -0.0089499474342749005 0.014030703559194366 -0.0026446557022703002 -0.016356619844967526 0.00098473895320585797 -0.0059374314714024387 0.0047551156190682731 0.0010960129698204804 0.0016826330096424329 -0.0067105991537993268 -0.0002323999622097629 0.0027217104928980895 -0.0040366361632072096 -0.0017265774573388623 0.003840134409768766 -0.011630947618520853 0.0045799101184318576 0.0029416268812211244 5.9369191994659856e-05 -0.00084473188564097011 -0.0060409470062413213
leaf_weight=6272.2336749434471 6267.3470189273357 530.14859099686146 318.77650840580463 2274.1207764595747 632.33025707304478 4693.9463609606028 5656.0194991827011 1426.7109876275063 2138.3802735954523 1483.00161229074 394.20389936864376 4364.365540638566 310.43341346085072 10868.753073945642 259.90499360859394 2167.8771034032106 615.47694118320942 1493.1957332789898 740.54469944536686 4000.3297488540411 9063.3243236839771 1933.0861345827579 4263.5171164572239 6494.5930022448301 265.44610476493835 929.06589244306087 270.52844372391701 15564.577929362655 406.66788537800312 2897.5953959077597
leaf_count=25306 25352 2129 1280 9201 2534 18953 22715 5769 8578 5956 1580 17594 1250 43553 1041 8757 2466 5981 2976 16072 36449 7768 17218 26160 1065 3728 1086 62513 1630 11742
internal_value=5.48124e-05 -0.00087111 0.000939882 0.00199166 0.00247861 -0.000402861 0.000270824 -0.000278132 0.000197779 -0.00457136 0.000853161 -0.00112962 -0.00358818 0.00284044 0.00310863 0.000159695 -0.00434312 -0.00288261 -0.00111745 0.00152537 0.00141513 -0.000146784 -0.00212118 0.00205437 -0.00329297 0.000910857 -0.00710908 0.000381299 0.00655997 -0.00347829
internal_weight=98996.5 48381.7 50614.8 27157.5 24883.4 42114.4 30259.3 23457.3 21125.1 2332.21 17792.2 13606.9 4674.8 23635.6 578.682 8932.1 1247.81 2763.89 2233.74 6168.21 16652.4 7589.11 11855.1 17363.3 3332.89 1194.51 1753.53 16365.4 800.872 7161.11
internal_count=398402 194956 203446 109220 100019 169604 121691 94226 84863 9363 71492 54759 18844 95019 2321 35915 5000 11086 8957 24829 66932 30483 47913 69713 13371 4793 7042 65723 3210 28960
is_linear=0
shrinkage=0.05


Tree=44
num_leaves=31
num_cat=0
split_feature=64 83 28 33 44 88 53 41 71 27 37 90 37 29 45 29 71 92 99 41 54 67 21 53 37 94 94 94 28 29
split_gain=28.7276 24.4988 23.6234 21.0997 19.8126 20.227 34.0263 19.5983 18.0718 17.2643 16.0377 28.7651 19.4275 19.492 15.6422 14.9186 14.8981 14.8951 20.3348 14.6324 15.5348 14.4532 15.9569 18.5414 16.4382 14.4436 14.0274 12.8786 14.4691 13.5859
threshold=9.5000000000000018 0.53927347989416785 0.30782500000000007 379.50000000000006 26.181877527083756 -1.0000000180025095e-35 2551.1609298916751 0.085765352868740111 1.0000000180025095e-35 0.40093450000000003 0.22638250000000001 -0.0030594999999999923 0.21564650000000005 0.48651400000000006 31.876373521978419 0.54685800000000018 1.0000000180025095e-35 -0.043041799999999991 0.035221000000000016 0.060177356091065538 122.42335613794333 1.0000000180025095e-35 734.50000000000011 2550.3823551886812 0.27210950000000006 0.47370950000000006 0.31189900000000009 0.5428575000000001 0.3811115000000001 0.47794950000000008
decision_type=2 2 8 2 10 10 8 8 2 8 8 8 10 10 10 10 2 10 10 10 8 2 2 8 10 10 10 10 8 8
left_child=1 2 -1 26 5 27 8 -8 17 15 11 12 13 -6 25 -5 19 -7 -19 -12 -21 22 -18 24 -24 -2 -3 28 -4 -30
right_child=14 3 4 9 10 6 7 -9 -10 -11 16 -13 -14 -15 -16 -17 21 18 -20 20 -22 -23 23 -25 -26 -27 -28 -29 29 -31
leaf_value=-0.0070254327768468662 -0.0019006420735464703 0.000739653149344403 0.0064009324562621407 0.00019429670767034607 -0.00066806743789282026 0.0092207903290461701 -0.010597823694255611 -0.0022114652254722473 -0.00077138075363073237 0.0024677845448280527 0.0054217721654730511 0.0043828417722869845 0.010094345022229639 -0.008682833962169189 -0.013623139241532661 -0.008608773568754018 -0.0098743202098133202 0.00071864229621061498 0.013268416161359126 0.0088218575716966906 -0.0013930574238100032 2.0661900576126809e-05 -0.0096374619135480028 0.0052941785197809415 -0.0029063887553421857 -0.011077810612971582 -0.0067268730894907737 -0.0072315965051574435 0.00024440772814929095 0.0031234863942037603
leaf_weight=1260.0894901007414 6282.7771706134081 1310.4787743836641 1675.6079701334238 2329.7415441572666 2852.4331978410482 993.80945856869221 769.71524667739868 6650.7402565926313 4089.8847775906324 21334.338592097163 958.71392884850502 3328.9533141851425 305.94719861447811 1024.4008408337831 324.38091297447681 596.45728266239166 1032.6138604581356 2739.8185024112463 356.10252711176872 376.92025557160378 9840.3077256381512 2891.8895475417376 1073.1306369006634 576.19916675984859 5704.3041110187769 450.96490624547005 1196.5747182220221 377.35718666017056 9137.5308844149113 7421.5526900887489
leaf_count=5128 25303 5272 6756 9342 11458 4047 3093 26713 16460 86012 3842 13356 1227 4105 1304 2394 4189 11014 1428 1513 39523 11673 4328 2331 23062 1850 4811 1534 36711 29743
internal_value=1.2964e-05 0.00024843 -0.000272859 0.00152244 -0.000139203 0.000682896 -0.000644853 -0.00309446 0.00157847 0.00197387 -0.00107771 0.000921271 -0.00183757 -0.00280275 -0.0030591 -0.00162327 -0.00174656 0.00392456 0.00220023 -0.000452044 -0.00100797 -0.00302781 -0.00407781 -0.00325154 -0.00398481 -0.00253076 -0.00283656 0.00179552 0.0019862 0.00153588
internal_weight=99263.7 92205.6 65438 26767.6 64177.9 34212.1 15600.1 7420.46 8179.62 24260.5 29965.8 7511.73 4182.78 3876.83 7058.12 2926.2 22454.1 4089.73 3095.92 11175.9 10217.2 11278.1 8386.25 7353.63 6777.43 6733.74 2507.05 18612 18234.7 16559.1
internal_count=399522 371065 263234 107831 258106 137499 62755 29806 32949 97748 120607 30146 16790 15563 28457 11736 90461 16489 12442 44878 41036 45583 33910 29721 27390 27153 10083 74744 73210 66454
is_linear=0
shrinkage=0.05


Tree=45
num_leaves=31
num_cat=0
split_feature=71 65 94 84 90 31 38 84 98 48 52 32 51 52 36 51 28 26 35 27 27 46 38 14 42 19 4 51 35 75
split_gain=27.7603 29.2541 20.2619 19.915 19.1859 17.9339 16.8753 17.3731 17.1495 16.5343 16.2244 15.9289 18.0322 14.6978 14.2673 18.6229 14.0722 14.8634 13.6811 13.4484 13.3912 13.3493 17.5885 17.5471 15.5677 13.2613 13.102 16.0706 12.823 11.964
threshold=1.0000000180025095e-35 1.0000000180025095e-35 0.38142350000000008 0.45379621815783661 -0.12419199999999998 0.09643835000000002 0.43457150000000005 0.57444327847993015 0.050948778030128157 -0.54292579254494167 131.04175310810388 0.11610000000000001 2408.1451073165399 136.18405604229363 0.45600050000000009 2208.0227217325096 0.30782500000000007 0.42886950000000007 0.14525150000000001 0.20112350000000004 0.59605700000000017 1.7913404212515831 0.11168300000000002 1.0000000180025095e-35 132.40831222722031 12.500000000000002 1.5000000000000002 2307.6517722110789 0.18418700000000002 1.0000000180025095e-35
decision_type=2 2 10 2 8 8 10 2 2 8 10 8 8 10 10 10 8 10 8 8 10 10 10 2 8 2 2 10 10 2
left_child=3 6 4 -1 -3 10 7 16 -9 18 25 -6 29 19 15 -4 17 -2 26 -11 -20 22 24 -23 -18 -5 27 -7 -24 -13
right_child=1 2 14 5 11 9 -8 8 -10 13 -12 12 -14 -15 -16 -17 21 -19 20 -21 -22 23 28 -25 -26 -27 -28 -29 -30 -31
leaf_value=-0.0076629212995282213 0.00092890682032803224 -0.0089508582072584768 -0.0035769577987594678 -0.006522348686328578 -0.0045483461438174172 0.0064572610243202044 0.010804693672960559 0.012446650960148915 0.0018368764718850702 -0.0069636228241996643 0.0090993063685187153 -0.0027491821456368261 0.0081208152664944896 0.0079920162249662325 -0.0054324488634379378 0.012079260533338403 0.006350891470943934 -0.015265758247473921 9.5542006184695321e-05 0.00030708520941992353 0.0085075116032583362 -0.0036663313857241754 0.0018754723573767573 0.00034799821331305046 -0.0019082493309506424 0.0031768244642094317 1.3829282794408419e-05 0.020269800405031888 -0.0079994527019655402 0.0033420798476893154
leaf_weight=660.71191367506981 249.86921462416649 614.2440672814846 584.49661143124104 376.95378822088242 1275.9822387993336 1236.6529720276594 345.84191384911537 470.41175547242165 1861.9978257119656 636.94204872846603 1103.1800413429737 1722.6317466050386 881.46846662461758 602.41339075565338 6233.9757115244865 269.29714018106461 604.85125453770161 313.97218410670757 3166.7547237724066 37611.605565935373 546.2595496326685 5606.663712054491 12346.478894084692 5279.2607688456774 7957.8003974109888 4011.8986164927483 574.85554596781731 249.37492544949055 328.0148744136095 1497.5200776159763
leaf_count=2715 1022 2481 2355 1512 5140 4965 1388 1901 7540 2560 4476 6928 3545 2470 25281 1085 2429 1283 12711 151073 2197 22571 49596 21262 32112 16151 2307 1003 1318 6024
internal_value=7.97989e-05 -0.000776348 -0.00279573 0.000896605 -0.000653504 0.00101095 -2.89093e-05 -0.000138953 0.00402071 0.000678703 0.00370448 0.000309097 0.0018276 0.000307311 -0.00460326 0.00144388 -0.000436909 -0.00819789 0.00317285 0.00018422 0.00135264 -0.000298175 0.000431616 -0.001721 -0.00131811 0.00233084 0.00642988 0.00889518 0.00161381 8.51143e-05
internal_weight=99222.4 48444.8 13079.6 50777.6 5991.85 50116.9 35365.2 35019.3 2332.41 44624.9 5492.03 5377.6 4101.62 38851 7087.77 853.794 32686.9 563.841 5773.9 38248.5 3713.01 32123.1 21237.1 10885.9 8562.65 4388.85 2060.88 1486.03 12674.5 3220.15
internal_count=399401 195261 52839 204140 24118 201425 142422 141034 9441 179286 22139 21637 16497 156103 28721 3440 131593 2305 23183 153633 14908 129288 85455 43833 34541 17663 8275 5968 50914 12952
is_linear=0
shrinkage=0.05


Tree=46
num_leaves=31
num_cat=0
split_feature=64 20 20 80 86 94 89 1 0 61 42 89 24 34 96 85 72 96 47 79 32 87 39 37 48 91 28 87 24 43
split_gain=28.4241 27.8202 24.1683 37.2557 22.0539 21.2541 20.3736 21.1002 20.2676 17.5067 17.0548 15.8585 15.4411 19.0488 19.2054 14.56 14.1516 14.1291 16.7984 13.6847 13.096 12.6052 12.541 12.4488 19.6822 12.9472 12.5204 15.7829 18.352 14.9793
threshold=9.5000000000000018 13.500000000000002 12.500000000000002 6.1014387733168176 -0.1295105 0.36674150000000005 0.56774000000000002 3.5000000000000004 4.5000000000000009 1.0000000180025095e-35 137.78475757957753 0.5229566000000001 0.18719850000000002 0.51108550000000019 0.39432000000000006 0.52217539944638947 3.5000000000000004 0.49922850000000007 1.8268639528057562 33.650000000000013 0.17245400000000002 -0.01274249999999996 0.041958501268513783 0.2249535 0.43621908521303254 0.031696500000000002 0.51067600000000013 1.0000000180025095e-35 0.13846300000000003 2217.5254807499027
decision_type=2 2 2 2 10 10 10 2 2 2 8 10 8 10 10 2 2 10 8 2 10 8 10 10 8 10 10 10 10 10
left_child=1 2 6 -4 -3 10 7 22 15 11 -6 17 13 21 -15 -5 -2 18 19 -10 -17 -9 -1 24 25 -7 -25 -28 29 -29
right_child=16 4 3 8 5 23 -8 12 9 -11 -12 -13 -14 14 -16 20 -18 -19 -20 -21 -22 -23 -24 26 -26 -27 27 28 -30 -31
leaf_value=-0.0018869587098150752 -0.0090392089921062894 -0.002339022126655408 -0.0017804686035619223 -0.0031845421370904252 -0.00011995559886786025 0.0065083690134728148 0.0050251351618901506 -0.00040118158846928135 0.0050813258346397334 0.0017944454936021023 0.0027906370195616001 0.010887843218836337 0.012175077196627714 -0.0053817523595801504 0.0058660340728437996 0.00020792880458568171 -0.002258802335479398 0.0090037942810717551 0.0077102402492631762 -0.0042337550910672098 0.014648626062084917 -0.010385600797053141 -0.0079653614638508091 -0.00043697286196102078 -0.0004348260851587554 -0.00075049991653605653 -0.0094315773802531033 -0.0027281510538836231 -0.001146408343906208 -0.014742369279080536
leaf_weight=2464.0428341925144 871.9564915895462 11200.258142918348 3053.7151510417461 1286.7079311907291 9661.7186660021544 2024.9989700317383 1493.3087500482798 800.11571830511093 679.76355177164078 2261.0458658486605 10493.664472967386 1804.3593315333128 290.77157951891422 484.58407634496689 1637.0084171146154 394.84092746675014 6159.5455322563648 1598.9000199586153 1128.160733550787 910.40721398591995 250.9608950316906 513.48963865637779 1291.5910505056381 17932.322218120098 8617.9757532328367 877.17412839829922 790.46672604978085 576.69834524393082 7074.4403810203075 470.21197983622551
leaf_count=9897 3549 45091 12301 5175 38838 8138 6037 3219 2734 9086 42438 7280 1169 1954 6576 1587 24811 6420 4528 3660 1009 2063 5194 72261 34576 3525 3166 2314 28443 1890
internal_value=-4.9459e-05 0.000184703 0.00171963 0.00306619 -0.000307386 8.17888e-05 -0.000287359 -0.00135301 0.00450134 0.00556435 0.00139604 0.00695159 0.00131153 0.000359318 0.00328378 -0.000114555 -0.00311126 0.0052851 0.0030728 -0.00024489 0.00595743 -0.00435308 -0.00399297 -0.000608863 0.000765561 0.00431935 -0.00119876 -0.00272942 -0.00206629 -0.00821268
internal_weight=99095.2 92063.7 22343.8 13368.9 69719.9 58519.7 8974.91 7481.6 10315.1 8382.64 20155.4 6121.59 3725.97 3435.2 2121.59 1932.51 7031.5 4317.23 2718.33 1590.17 645.802 1313.61 3755.63 38364.3 11520.1 2902.17 26844.1 8911.82 8121.35 1046.91
internal_count=398929 370569 89889 53780 280680 235589 36109 30072 41479 33708 81276 24622 14981 13812 8530 7771 28360 17342 10922 6394 2596 5282 15091 154313 46239 11663 108074 35813 32647 4204
is_linear=0
shrinkage=0.05


Tree=47
num_leaves=31
num_cat=0
split_feature=72 28 97 14 35 56 48 86 37 28 51 79 21 51 89 79 21 46 87 39 4 95 44 44 24 39 33 86 28 32
split_gain=24.6263 17.3502 18.2431 16.8393 16.3089 18.7442 16.9521 15.1852 18.158 15.1069 15.8331 20.6377 14.9925 14.9305 14.1923 14.4552 14.343 14.0468 14.0215 13.8347 13.4723 17.2943 15.2676 13.4262 19.2291 16.9925 16.5115 15.2575 15.8452 14.5965
threshold=3.5000000000000004 0.43912000000000007 0.9955411293373595 1.0000000180025095e-35 0.16953400000000002 2.7479557623080875 0.31897529322080292 -0.11983599999999998 0.22034000000000004 0.42880150000000006 2170.6756343105362 38.650000000000013 734.50000000000011 2294.9234757025074 0.59256525000000015 84.050000000000011 4535.5000000000009 1.8721558641565375 -0.0054794999999999696 0.035564706961301394 1.5000000000000002 0.10895950000000003 24.757465181154945 14.637670464403341 0.11539000000000001 0.039244689090576899 2763.5000000000005 -0.061953499999999932 0.46167200000000003 0.11351900000000002
decision_type=2 8 2 2 10 8 8 10 10 10 10 2 2 8 10 2 2 8 8 8 2 10 10 10 10 10 2 10 10 10
left_child=3 2 -2 19 6 -6 14 13 -9 10 -4 -12 -10 -5 16 -16 -3 -7 23 -1 -18 -22 -23 24 -8 29 -26 -28 -29 -25
right_child=1 4 9 7 5 17 18 8 12 -11 11 -13 -14 -15 15 -17 20 -19 -20 -21 21 22 -24 25 26 -27 27 28 -30 -31
leaf_value=-0.0001508788073098531 -0.0017508033970909242 0.0031737173472596095 0.0097418470388454595 -0.0011937719414796698 -0.008056356325386831 -0.0026457735039658935 0.014309700929148197 0.0075156818032415173 -0.0085531848092962569 -0.0038496107284925482 0.0088152015428107893 -0.0014771425411037281 0.00097013125108448388 -0.013137766727215092 0.0082327593193716186 -0.001106886706409336 0.0013859514269638426 0.0027487524033608882 -0.00024487002545086218 -0.005184129993644193 0.00013409451212394714 -0.018972741994717421 -0.0027583972087712686 -0.0041565878693838832 0.007420851255832259 -0.00072302379625012589 0.0057434861782100074 -0.010759694092371172 0.0004362062553550609 0.003275806407289849
leaf_weight=1925.8611027151346 14985.354611232877 7600.9813979715109 789.42125344276428 832.45042300224304 970.33731056749821 3016.3656471818686 389.26170688867569 928.80271729826927 466.97762383520603 840.65328919887543 681.86471451818943 1637.9014255851507 3084.9838004559278 373.13787004351616 1769.9709130078554 537.11448055505753 3586.5051180571318 1997.2400882095098 25970.912846341729 4685.1750220954418 881.90049967169762 285.03080382943153 293.69717964529991 724.34866409003735 1362.2476043254137 8572.780268445611 1046.7008187025785 377.07126323878765 1717.9270827621222 6684.7555601000786
leaf_count=7759 60504 30503 3167 3379 3903 12110 1567 3745 1895 3376 2740 6585 12459 1511 7178 2172 14396 8045 104549 18939 3543 1141 1178 2909 5468 34416 4203 1512 6901 26902
internal_value=8.66548e-05 0.000383653 -0.000954122 -0.00200637 0.000757435 -0.00173302 0.000998816 -1.06497e-05 0.00133131 0.00206521 0.00367166 0.00157301 -0.0003024 -0.00496819 0.00246388 0.006063 0.00180311 -0.000495595 0.000530679 -0.00372034 -0.000263208 -0.00429453 -0.0109308 0.0014952 0.00378419 0.000792451 0.00284482 0.00084339 -0.00162045 0.00254456
internal_weight=99017.7 86720.3 18935.2 12297.4 67785.1 5983.94 61801.2 5686.35 4480.76 3949.84 3109.19 2319.77 3551.96 1205.59 14955.2 2307.09 12648.1 5013.61 46846 6611.04 5047.13 1460.63 578.728 20875.1 4893.21 15981.9 4503.95 3141.7 2095 7409.1
internal_count=398655 348968 76372 49687 272596 24058 248538 22989 18099 15868 12492 9325 14354 4890 60111 9350 50761 20155 188427 26698 20258 5862 2319 83878 19651 64227 18084 12616 8413 29811
is_linear=0
shrinkage=0.05


Tree=48
num_leaves=31
num_cat=0
split_feature=72 26 95 34 39 27 20 20 95 0 25 16 26 89 17 29 91 43 37 72 41 48 84 14 36 30 53 43 91 30
split_gain=31.5359 20.4076 25.9498 20.3649 19.0354 16.7148 15.7819 22.1952 19.1379 19.0086 17.1557 17.0932 15.2824 15.0649 15.0183 14.6907 15.5674 14.6142 14.9064 17.8636 18.6765 15.7519 17.4833 14.3459 14.1303 20.7637 16.3639 14.4564 14.0792 14.0648
threshold=3.5000000000000004 0.49957550000000006 0.123094 0.47854450000000009 0.044877404522006538 0.38496800000000003 13.500000000000002 12.500000000000002 0.050017000000000013 4.5000000000000009 0.33708150000000009 0.045000000000000005 0.40670000000000001 0.47842455000000006 1.5000000000000002 0.6117395000000001 0.059342499999999999 2372.9716213220859 0.30898950000000008 5.5000000000000009 0.083705411514155809 0.63379264481246378 0.48705439860529437 1.0000000180025095e-35 0.51327200000000006 0.18225500000000003 2515.490754642412 2349.7635599697419 0.09195250000000002 0.25268950000000007
decision_type=2 8 10 8 10 8 2 2 10 2 10 2 10 10 2 10 8 10 10 2 8 10 2 2 10 8 8 10 10 8
left_child=4 2 3 14 23 -3 7 15 11 13 -8 12 -9 -10 -2 16 -5 18 19 20 -12 22 -21 -1 26 27 -20 -26 -19 -4
right_child=1 5 29 6 -6 -7 10 8 9 -11 17 -13 -14 -15 -16 -17 -18 28 24 21 -22 -23 -24 -25 25 -27 -28 -29 -30 -31
leaf_value=-0.0031141392495261429 0.0033303554460650149 -0.013736310171346553 0.0029638421021766408 -0.0026422346640006169 -0.0067569765135024745 -0.0022273697629874938 -0.009674059691479284 -0.00023185734329715649 0.0078256710659130434 0.0076321950755590803 0.0032686665813309412 0.00031913871710215804 0.015943217823593144 -0.0063299840164604982 -0.004613173224163796 0.0097316549637793057 0.0030065522124977239 -0.0059387549081522314 -0.00032899553432691811 0.010448684880987125 -0.0011667416298250706 -0.0038618983405699202 4.7852655128908162e-05 0.00062623657389400172 -0.0012325469065694499 -0.0052196317641129281 0.0052414887207512476 0.0068078067493027652 0.0050817175169520232 -0.0011412724229782339
leaf_weight=5639.9730711579323 711.09437032043934 347.40351554751396 13955.178321927786 4416.6130735427141 1983.1744549721479 2750.3488278090954 453.07644660770893 248.30666479468346 290.31001967191696 3179.7817459404469 10325.160446867347 4732.142366528511 343.54763945937157 492.74518796801567 3448.8183748573065 320.8211478292942 1674.2532887905836 1723.4564376324415 9995.7308561503887 417.43346555531025 3075.2236482352018 2612.134004086256 7385.3619616627693 4687.5409659743309 5503.8101148754358 3554.9133181124926 1508.5320780873299 612.16203553974628 339.98929588496685 2447.5545077472925
leaf_count=22758 2858 1398 56340 17762 8066 11045 1819 1001 1165 12779 41490 19030 1379 1981 13893 1293 6730 6969 40143 1693 12356 10512 29747 18930 22151 14314 6060 2459 1368 9836
internal_value=8.49157e-05 0.000420639 0.00056818 0.000133806 -0.00228241 -0.00355811 0.000357031 0.00173091 0.00329177 0.00591839 -9.72328e-05 0.00132925 0.00926602 -0.00104941 -0.00325058 -0.000531467 -0.00108712 -2.98272e-06 0.000186124 0.0010441 0.00225068 -0.000509012 0.000616937 -0.00141746 -0.00077887 -0.00218658 0.000405369 -0.00041797 -0.00410719 0.00235097
internal_weight=99176.6 86865.9 83768.2 67365.4 12310.7 3097.75 63205.5 15698.5 9286.83 3962.84 47507 5324 591.854 783.055 4159.91 6411.69 6090.87 47053.9 44990.5 23815.3 13400.4 10414.9 7802.8 10327.5 21175.1 9670.89 11504.3 6115.97 2063.45 16402.7
internal_count=399325 349571 337128 270952 49754 12443 254201 63120 37335 15925 191081 21410 2380 3146 16751 25785 24492 189262 180925 95798 53846 41952 31440 41688 85127 38924 46203 24610 8337 66176
is_linear=0
shrinkage=0.05


Tree=49
num_leaves=31
num_cat=0
split_feature=20 80 20 91 23 79 50 45 25 26 46 72 52 3 97 57 30 89 47 24 90 23 26 37 96 55 79 53 15 92
split_gain=26.5602 29.8562 37.7062 26.2796 20.4654 21.0207 23.3044 20.4571 20.1332 19.1686 16.6674 15.4954 14.6364 14.6143 14.5474 18.6663 14.2415 13.8659 17.4091 13.653 13.552 13.3501 13.2221 13.2982 16.1022 13.0079 12.5607 17.2523 18.2618 16.133
threshold=13.500000000000002 6.1014387733168176 12.500000000000002 0.058440500000000013 0.29157950000000005 91.65000000000002 142.76808482910872 14.823718097509634 0.38075050000000005 0.40732450000000003 1.8425935745076594 3.5000000000000004 131.15392717694371 1.5000000000000002 0.92689886853686321 5.7422693201512063 0.41277900000000006 0.5229566000000001 1.7805273437044125 0.17418850000000005 0.074445500000000067 0.22095450000000003 0.45107350000000007 0.30800950000000005 0.54893550000000013 1751.03235717232 49.850000000000001 2411.7611201455138 30.650000000000002 0.02746249999999999
decision_type=2 2 2 10 10 2 10 8 10 10 10 2 10 2 2 8 10 10 10 10 10 10 10 10 10 10 2 8 2 10
left_child=1 -1 4 8 5 6 -3 -7 11 -4 19 12 13 -2 15 -5 26 -11 20 -8 -19 -9 23 -10 -25 -6 29 -28 -29 -16
right_child=3 2 9 14 25 7 10 21 22 17 -12 -13 -14 -15 16 -17 -18 18 -20 -21 -22 -23 -24 24 -26 -27 27 28 -30 -31
leaf_value=-0.0024826443533975105 -0.0016060655629965338 -0.0013893265866793709 -0.0016258106724681004 0.0053837056665137434 -0.00046195800125192619 0.0021508134415789623 0.0079011689510935998 -0.020867562830515645 0.00050087622134355506 0.0035293468168797605 -0.001776325064120446 0.0010086352318370991 0.0073345744482996959 -0.0094396779190241108 -0.0026233897814997419 -0.0043973730057462164 -0.0097176321394352658 0.012254475930474984 0.0023297754551840646 -0.0021521249596701607 0.0022400481659784846 -0.0054588320567817428 -0.0061344265856778197 -0.0030736620600154904 0.0031682475397725655 -0.01438602843603696 -0.004284738224900865 0.010133055041764297 -0.0013612159559345568 0.0029828590178588021
leaf_weight=4218.9173688143492 2680.6840593367815 3707.5289169251919 1298.1991785913706 512.99630983173847 289.00236029922962 407.25431518256664 2156.6708072125912 250.52585865557194 8054.6742629408836 6682.5972405970097 834.79124164581299 32996.23964010179 343.63834695518017 757.57332058250904 1970.1765490025282 7576.0456349551678 440.45782439410686 1654.9262417703867 1064.5629516839981 395.64744003117085 430.22827756404877 326.93338711559772 1333.6483304053545 8070.0191139131784 1176.4500127732754 391.9882089048624 3697.5367899984121 463.36962795257568 1272.9768686592579 3638.681863874197
leaf_count=17010 10780 14900 5229 2070 1170 1638 8672 1006 32459 26852 3362 132855 1383 3055 7920 30528 1771 6686 4284 1589 1727 1314 5418 32573 4723 1600 14862 1867 5117 14617
internal_value=-0.000109583 0.00133369 0.00214399 -0.000573752 -0.000309995 0.000395875 0.00134852 -0.00641226 -1.73467e-05 0.00407396 0.00434063 0.000661028 -0.00236643 -0.00335447 -0.00214823 -0.00377119 -0.0010027 0.00482741 0.00756157 0.00634044 0.0102088 -0.0123852 -0.00135584 -0.000984157 -0.00227692 -0.00856906 -0.000646611 -0.00235779 0.00174666 0.00101243
internal_weight=99094.9 24109.8 19890.9 74985.2 8760.34 8079.35 7094.64 984.714 55412.9 11130.5 3387.11 36778.1 3781.9 3438.26 19572.2 8089.04 11483.2 9832.31 3149.72 2552.32 2085.15 577.459 18634.8 17301.1 9246.47 680.991 11042.7 5433.88 1736.35 5608.86
internal_count=399037 97039 80029 301998 35251 32481 28523 3958 223246 44778 13623 148073 15218 13835 78752 32598 46154 39549 12697 10261 8413 2320 75173 69755 37296 2770 44383 21846 6984 22537
is_linear=0
shrinkage=0.05


Tree=50
num_leaves=31
num_cat=0
split_feature=26 20 23 2 38 52 58 20 97 61 44 51 23 36 33 23 58 80 46 88 48 31 32 52 48 74 34 47 33 33
split_gain=24.137 25.0454 25.0316 19.1601 20.7136 17.4909 16.9686 15.9543 16.3984 15.8339 14.5914 14.4572 14.3968 14.2251 15.0921 14.208 16.2545 14.8927 14.5858 13.8173 13.4864 13.3955 12.969 12.8726 12.7281 12.4294 11.9789 18.8788 16.2393 15.8401
threshold=0.40285050000000006 13.500000000000002 0.16753000000000004 3.5000000000000004 0.072773450000000017 121.12542775807599 514.50000000000011 12.500000000000002 1.0471690982835935 1.0000000180025095e-35 26.731902733436872 2081.7531032926609 0.12972250000000005 0.56319000000000019 12535.500000000002 0.29589100000000007 2800.5000000000005 6.3500123540472702 1.834709700729461 0.080352500000000007 0.51987693178194927 0.12519600000000003 0.18674600000000002 136.7478671395352 0.44869060779560621 3.5000000000000004 0.49285950000000006 1.848170682946767 3360.5000000000005 8223.5000000000018
decision_type=10 2 8 2 10 10 8 2 2 2 8 8 10 10 2 10 8 2 10 10 10 8 10 10 8 2 8 10 2 2
left_child=2 7 -1 4 -3 -4 -6 8 15 10 25 -12 -8 14 21 17 -17 -2 -19 -14 -7 -13 -20 26 -10 -9 27 29 -28 -5
right_child=1 3 5 23 6 20 12 9 24 -11 11 13 19 -15 -16 16 -18 18 22 -21 -22 -23 -24 -25 -26 -27 28 -29 -30 -31
leaf_value=0.0047745809171333749 -0.0063451133235596473 -0.0028914826491563909 -0.00076856422912094727 -0.0054835246859437992 0.011938513935980798 -0.0082417391370756526 0.012401587916481393 0.0050929876078753657 -0.00075104845353928548 9.4761185917392263e-05 0.01340739164935288 0.0087359700549263786 0.00094657742786759074 0.0048279700749921843 -0.011573435063544669 -0.014841076069706811 -0.00014024752637976107 0.0034896627640574746 -0.0050398850104142676 0.0088457180681739429 -0.001857842044193599 -0.00099776509853677733 0.0037570900063868063 0.0053477134381832974 -0.013542592514372859 0.012586725251712703 0.00063138923022981958 0.0039995886451491434 -0.0014005464615540592 0.0057778544458584932
leaf_weight=959.43809114396572 546.84332165122032 3032.6107618957758 2674.616278231144 3782.4025113880634 374.14567460119724 2437.5408866256475 279.52809776365757 2605.933827906847 418.94717358052731 3402.5853277146816 275.85477074980736 416.69220341742039 19645.262422084808 2188.0595245361328 269.96050727367401 283.20207804441452 524.74763594567776 5191.1787062436342 1110.3148490041494 559.88847884535789 1260.4577024281025 2051.1051641851664 660.2601131349802 833.27014833688736 354.98387579619884 704.74119646847248 16089.792149111629 754.88455557823181 25257.785991817713 332.22153052687645
leaf_count=3853 2197 12228 10823 15225 1503 9865 1135 10490 1690 13670 1113 1675 79098 8820 1084 1160 2130 20865 4466 2295 5081 8242 2654 3385 1423 2833 64752 3043 101679 1337
internal_value=3.92918e-05 0.000259558 -0.00271953 -0.000189533 0.000963347 -0.00385353 0.00152491 0.00177565 0.000197536 0.00297849 0.00412972 0.00247055 0.00132897 0.00183214 -0.000571023 0.00084821 -0.00541162 0.00152809 0.00215474 0.00116973 -0.00607668 0.000674418 -0.00175675 -0.000775028 -0.00671614 0.00672127 -0.000886551 -0.00322967 -0.000609888 -0.00456246
internal_weight=99279.3 91947.2 7332.05 70941.8 23891.4 6372.61 20858.8 21005.4 9090.48 11914.9 8512.35 5201.67 20484.7 4925.82 2737.76 8316.55 807.95 7508.6 6961.75 20205.2 3698 2467.8 1770.57 47050.4 773.931 3310.68 46217.1 4869.51 41347.6 4114.62
internal_count=399814 370192 29622 285680 96259 25769 84031 84512 36585 47927 34257 20934 82528 19821 11001 33472 3290 30182 27985 81393 14946 9917 7120 189421 3113 13323 186036 19605 166431 16562
is_linear=0
shrinkage=0.05


Tree=51
num_leaves=31
num_cat=0
split_feature=20 61 20 0 19 65 29 18 94 39 72 71 92 36 29 16 72 44 46 35 54 19 41 85 92 79 44 21 40 3
split_gain=24.7446 20.3228 29.8465 33.816 17.7676 31.6697 19.6008 25.1102 16.3338 18.8182 16.2586 14.9864 17.237 16.4107 16.185 18.7655 14.4316 15.8072 14.0396 13.8869 15.0008 13.7351 17.0099 16.897 15.6208 13.4316 13.3008 14.0009 12.7568 12.6918
threshold=13.500000000000002 1.0000000180025095e-35 12.500000000000002 4.5000000000000009 13.500000000000002 1.0000000180025095e-35 0.41702350000000005 1.5000000000000002 0.48128800000000005 0.036550133422956092 3.5000000000000004 1.0000000180025095e-35 0.052608500000000023 0.53365550000000017 0.51900150000000012 0.25500000000000006 3.5000000000000004 41.679803416657002 1.8512553905865656 0.13635550000000005 129.6127619467035 15.500000000000002 0.070535292698269206 0.52078031642408995 -0.010792499999999995 49.850000000000001 23.158601585993306 530.50000000000011 0.070949404826855897 1.0000000180025095e-35
decision_type=2 2 2 2 2 2 10 2 10 10 2 2 10 10 10 2 2 10 10 8 10 2 10 2 10 2 10 2 10 2
left_child=1 2 21 19 6 -6 7 25 9 -7 -3 14 -13 -14 15 -5 18 26 -8 20 -4 -1 -23 24 -24 -2 -18 -28 -11 -9
right_child=4 10 3 11 5 8 16 29 -10 28 -12 12 13 -15 -16 -17 17 -19 -20 -21 -22 22 23 -25 -26 -27 27 -29 -30 -31
leaf_value=0.0030668926357539758 0.0069842968322595582 -0.010672275069575517 0.012839330431046792 0.01451314976433345 -0.0001276930281256183 -0.00031352131647169351 -0.0044720627937157569 -0.013956175902049851 -0.0094056536747846656 -0.0054598409431180729 -0.00031640199317492095 0.0053963795875385488 0.0037024559591993934 -0.01107245636263884 0.012661517669706966 0.0036748209926010383 0.0035876768009854261 0.010639946661027903 0.0076616606008216822 -0.0046191699206511441 -0.0025247548317976799 -0.0033825739348516946 0.0074418648884624593 0.0071395357936501203 -0.0044524823598977477 -0.0036014666057294061 -0.010166519699354315 0.0008674834062913601 -0.001292597363175664 -0.003791707316554887
leaf_weight=2868.1856786161661 612.67016227543354 394.63972237706184 279.82657262682915 485.44582760334015 39698.05140607059 6112.2484083026648 1610.9997012913227 538.86413986980915 877.50163608789444 5212.9579082727432 5995.5578637719154 2430.5729103088379 390.17270793020725 346.11826384067535 1263.9997367560863 2125.9209814965725 5586.3317766785622 493.88947574794292 270.18415535986423 1255.9044643491507 345.65840804576874 3468.4979848116636 362.49478276073933 970.49006475508213 1057.9420309662819 568.83207933604717 286.32728244364262 9663.0740697234869 2844.2391692996025 721.55055578052998
leaf_count=11550 2472 1601 1124 1949 159628 24577 6521 2191 3605 21001 24136 9789 1569 1394 5115 8532 22609 1982 1083 5053 1393 13962 1458 3903 4258 2295 1153 38985 11447 2940
internal_value=4.75728e-05 0.00144334 0.00231768 0.0043493 -0.000399395 -0.000868292 0.000861656 -0.00333192 -0.00282082 -0.00240668 -0.000971626 0.00593843 0.00337086 -0.00329829 0.00802251 0.00573731 0.00143494 0.00192135 -0.00269806 -0.00159893 0.00444264 0.000237836 -0.00114985 0.00208974 -0.00138625 0.00190035 0.00163752 0.000540054 -0.0039922 -0.00821296
internal_weight=99139.1 24041.4 17651.2 8923.62 75097.7 54745 20352.7 2441.92 15046.9 14169.4 6390.2 7042.23 3166.86 736.291 3875.37 2611.37 17910.8 16029.6 1881.18 1881.39 625.485 8727.61 5859.42 2390.93 1420.44 1181.5 15535.7 9949.4 8057.2 1260.41
internal_count=399275 96786 71049 35918 302489 220258 82231 9898 60630 57025 25737 28348 12752 2963 15596 10481 72333 64729 7604 7570 2517 35131 23581 9619 5716 4767 62747 40138 32448 5131
is_linear=0
shrinkage=0.05


Tree=52
num_leaves=31
num_cat=0
split_feature=72 34 86 41 98 36 86 79 95 49 92 92 92 90 92 30 85 51 86 54 55 29 32 34 39 86 88 30 79 87
split_gain=24.784 18.8788 17.3083 16.1837 15.4591 14.5241 16.8337 15.2953 14.327 14.1722 13.1476 13.0906 15.9659 12.9921 19.3205 17.2305 16.04 13.3512 12.7927 12.7889 11.8251 11.666 12.7168 11.8581 11.4345 11.1251 15.7421 12.0962 10.9952 10.9124
threshold=3.5000000000000004 0.47854450000000009 -0.11805500000000001 0.077596286098170417 0.028611299020149143 0.70107100000000011 -0.026283000000000025 54.050000000000004 0.14040400000000003 132.9014309569998 -0.060366050000000004 -0.0004354999999999914 0.0095595000000000003 -0.12722539999999996 -0.012217000000000004 0.094987450000000015 0.50605830905814275 2282.5448287984391 -1.0000000180025095e-35 132.8304705802955 2041.9842815660511 0.45463650000000005 0.18983000000000003 0.51911350000000012 0.03128803732290375 -0.019170499999999976 0.0097859999999999909 0.062781550000000005 4.049999999999998 -0.0088815000000000126
decision_type=2 8 8 10 2 10 8 2 10 10 8 8 8 8 10 10 2 10 8 8 10 10 10 10 10 10 8 10 2 10
left_child=2 8 3 21 9 6 7 -4 10 13 -2 24 -13 14 -3 -16 20 28 -7 -6 -15 23 -23 -1 -8 26 -21 -27 -17 -18
right_child=1 4 5 -5 19 18 11 -9 -10 -11 -12 12 -14 16 15 17 29 -19 -20 25 -22 22 -24 -25 -26 27 -28 -29 -30 -31
leaf_value=-0.0083558245168502271 0.0070626583828902224 -0.012045283559977752 0.0034570728086722835 0.0027843088490643246 0.00092660884700270613 -0.0029021191392194666 0.0037514548090717709 -0.0035216906719561397 0.0049617908774652669 0.0087804080979189698 -0.0043274601051582718 -0.014103199479079322 -0.0041269263337674568 -0.0014853465879651189 0.0090049895941224957 -0.0092102182388338425 0.0011425174965495194 -0.00719276906521653 0.011372231578672447 0.0032405389152018525 -0.009414884873129659 -0.0081256482473676724 -0.021283231006641399 0.0028417190408934843 -0.003028646904885835 0.014729626956511109 -0.0092171451335914673 0.004772125203782525 0.0020994018957581403 -0.00027012231951903615
leaf_weight=627.30243887007236 260.39440228044987 495.79945969581604 2215.7492219954729 417.93591465055943 11593.358069911599 249.86031816899776 850.3070132881403 1203.5084327161312 529.92283034324646 451.49833047389984 4286.7434461116791 479.09535905718803 2328.7363593876362 6944.5324940681458 337.83628982305527 249.22778490185738 27802.827862232924 1037.263182580471 397.29527290165424 1322.0497520267963 495.00215186178684 648.12399302423 261.08059979975224 369.44672410190105 2237.275380179286 347.0255179554224 303.29092538356781 2275.0376867353916 1246.969583645463 26880.148564234376
leaf_count=2555 1048 1998 8951 1706 46650 1010 3426 4866 2140 1833 17266 1936 9410 27923 1364 1006 111783 4190 1601 5365 1985 2616 1051 1505 9042 1411 1232 9301 5023 108139
internal_value=-9.50479e-05 0.000202349 -0.00219607 -0.0060725 0.00038614 -0.0012866 -0.00179174 0.000997585 -0.00275312 4.91138e-05 -0.00366113 -0.00340847 -0.00587317 -1.24128e-05 -0.00303267 -0.00144002 0.00015175 -0.00286279 0.00590075 0.00178818 -0.00202488 -0.00801901 -0.0120943 -0.00421844 -0.00115535 0.00413215 0.00087377 0.00614094 0.00016687 0.000448193
internal_weight=99144.6 86858.9 12285.7 2323.89 81781.9 9961.83 9314.67 3419.26 5077.06 65941.1 4547.14 5895.41 2807.83 65489.6 3367.1 2871.3 62122.5 2533.46 647.156 15840.8 7439.53 1905.95 909.205 996.749 3087.58 4247.4 1625.34 2622.06 1496.2 54683
internal_count=399332 349657 49675 9433 329203 40242 37631 13817 20454 265244 18314 23814 11346 263411 13581 11583 249830 10219 2611 63959 29908 7727 3667 4060 12468 17309 6597 10712 6029 219922
is_linear=0
shrinkage=0.05


Tree=53
num_leaves=31
num_cat=0
split_feature=21 56 88 58 40 27 2 64 52 24 84 6 35 87 37 87 87 23 38 86 37 41 27 24 46 31 93 89 20 55
split_gain=17.3053 21.7505 25.3877 21.1654 21.7154 20.1793 18.5114 17.9578 17.3868 22.7479 17.2872 14.7589 12.7807 16.7055 13.6215 12.6712 12.1553 14.5184 15.347 12.0465 16.6089 16.4449 13.9911 25.6334 12.389 12.6676 12.2762 23.604 12.4292 13.8177
threshold=1667.5000000000002 2.9651920806497167 0.0013315000000000134 3927.0000000000005 0.045527112311083619 0.57924600000000004 4.5000000000000009 9.5000000000000018 123.69722018480779 0.16361750000000005 0.48958077498793656 9.5000000000000018 0.14919350000000001 0.093883500000000022 0.23221750000000005 0.011892500000000002 0.027619500000000023 0.3077005000000001 0.16016500000000003 0.026973500000000043 0.37979700000000011 0.076405720759185045 0.5219315000000001 0.17139950000000001 1.9980657015509309 0.26678550000000006 0.012608999999999997 0.51510505000000018 13.500000000000002 1387.829764569628
decision_type=2 8 8 10 10 10 2 2 8 10 2 2 8 10 10 10 8 8 10 10 10 10 10 10 10 10 10 10 2 10
left_child=1 -1 6 5 15 12 10 19 -7 -10 -3 16 13 14 -2 -5 -4 18 -18 22 21 -21 24 -24 25 26 -6 28 29 -28
right_child=3 2 11 4 7 8 -8 -9 9 -11 -12 -13 -14 -15 -16 -17 17 -19 -20 20 -22 -23 23 -25 -26 -27 27 -29 -30 -31
leaf_value=-0.0032944119389831101 0.0049557113933064219 -0.0040298693641386127 -0.0038662723914788658 -0.0022651250594628554 0.0017676602044270819 -0.0027191650106417257 -0.00037810217397410873 -0.0045641046277645507 0.0054128530549787017 -0.0011542693974484805 0.0044326660104384175 0.0088525699813103761 -0.00037855338769291228 -0.0081401512261476353 0.0011884550049382663 -0.0091579544682680886 0.0024794239974910105 -0.006389027827381189 -0.0034046566502623564 0.0012606996483741726 -0.0058263891708042323 -0.0047933283225491735 0.0050570409473581672 -0.011066232921506018 0.0067230972992137848 0.0057089953136729753 0.012844241094829796 -0.0089853414561949421 -0.0016571211660296806 0.00097079517664073643
leaf_weight=6949.8973373174667 3201.7893672883511 673.99357570707798 5267.3792750537395 4203.4062322378159 4450.385251134634 1027.0466661155224 6662.2748765051365 1821.5566937625408 6834.9424278587103 1629.4248481988907 5240.002599671483 305.04387950897217 13265.443145796657 398.23879812657833 9527.6610983014107 785.45787480473518 3294.3158932477236 892.0849052220583 1657.5090891718864 5521.2483103573322 1455.5942287296057 1397.0628008842468 3607.5558512806892 255.23525062203407 755.42706453800201 943.30215176939964 309.49643069505692 924.37314246594906 4790.8932586610317 1059.5995809584856
leaf_count=28097 12857 2726 21204 16861 17919 4122 26861 7343 27581 6564 21089 1231 53390 1603 38360 3154 13242 3622 6651 22331 5860 5635 14593 1023 3032 3789 1240 3718 19250 4256
internal_value=0.000146962 -0.000833511 -0.00011959 0.000592089 -0.000336813 0.00142756 0.00142952 0.000218037 0.00340354 0.00414879 0.00346305 -0.00182585 0.000715945 0.00182137 0.00213916 -0.0033665 -0.00212671 -0.000554833 0.000506972 0.000561699 -0.000991232 3.30136e-05 0.00132247 0.00396587 0.000548467 0.000169568 -0.000287995 -0.00158003 -0.000456015 0.00372857
internal_weight=99107.6 30942.5 23992.6 68165.1 32280.6 35884.5 12576.3 27291.7 9491.41 8464.37 5914 11416.3 26393.1 13127.7 12729.5 4988.86 11111.3 5843.91 4951.82 25470.2 8373.91 6918.31 17096.3 3862.79 13233.5 12478 11534.7 7084.36 6159.99 1369.1
internal_count=399204 124723 96626 274481 130004 144477 50676 109989 38267 34145 23815 45950 106210 52820 51217 20015 44719 23515 19893 102646 33826 27966 68820 15616 53204 50172 46383 28464 24746 5496
is_linear=0
shrinkage=0.05


Tree=54
num_leaves=31
num_cat=0
split_feature=64 84 79 20 34 79 39 25 33 29 29 57 53 33 38 21 30 53 53 37 43 40 23 89 88 58 58 58 16 27
split_gain=23.7718 23.035 15.3584 13.767 17.4036 13.3885 12.9127 13.4486 12.6249 14.2371 16.7317 13.258 12.896 18.0083 12.4324 20.7376 16.0303 12.8752 13.6297 12.8737 12.6123 12.4132 13.328 12.2443 15.5396 12.149 12.3669 12.0206 11.6187 11.1885
threshold=9.5000000000000018 0.57024128044031797 49.850000000000001 13.500000000000002 0.45002150000000007 54.050000000000004 0.043540109520018293 0.3589035000000001 5785.5000000000009 0.43861600000000006 0.44021150000000003 15.569415170199465 2016.002319237238 713.50000000000011 0.28056350000000002 4794.5000000000009 0.18780950000000005 2333.7638421847892 2406.2368282539974 0.25022000000000005 2249.2367400670742 0.044571490529101095 0.20602550000000003 0.47412650000000006 0.0078120000000000142 3675.0000000000005 1942.5000000000002 1222.0000000000002 0.9850000000000001 0.28642150000000005
decision_type=2 2 2 2 8 2 10 10 2 10 10 10 8 2 8 2 8 10 10 10 10 8 8 8 10 8 10 10 2 8
left_child=1 3 -3 4 -1 -4 14 23 9 11 -11 -5 13 -12 17 16 -16 29 20 -20 -19 -10 -23 -8 -25 26 27 -2 -27 -6
right_child=25 2 5 8 6 -7 7 -9 21 10 12 -13 -14 -15 15 -17 -18 18 19 -21 -22 22 -24 24 -26 28 -28 -29 -30 -31
leaf_value=-0.005914788771028673 8.5394410590428969e-05 0.0050978811480881158 -0.0052745885148545966 -0.0022706658616698161 -0.0070468622861135036 0.0021445384601982641 -0.0042985018009985901 -0.0022064937861897608 -0.0039555620399213667 0.01198720993133565 -0.0063651787264017989 0.006102579963413738 0.00028280380746887359 0.0075725834723709877 0.016954170839293275 0.00085822625619601158 0.0033180681277997386 0.0041912316655257093 -0.0060524257954171819 0.0029652042284282216 0.013511586236417496 0.0016265962197787678 -0.0014404168355102646 0.012188007496853259 -0.00093318246180829751 -0.0072971074138893635 0.002344899079391523 -0.0078774522477389804 -0.0013863677706928374 0.00079800942149345843
leaf_weight=851.83216208219528 1040.258487328887 3734.2492747008801 774.25176382064819 7390.9266237318516 472.85256125032902 2697.9337039589882 340.43106415867805 3996.5928665995598 3705.5027330964804 311.90025818347931 276.50997702777386 495.49964360892773 28136.539085760713 1238.547440841794 520.14673866331577 984.56634706258774 373.08867631852627 1139.0339361727238 454.85122364759445 2668.7277166396379 533.43846529722214 4408.3846715986729 17871.623382940888 528.73942676186562 385.9810042232275 2087.0034169852734 1664.9931752532721 860.2721301317215 1386.8833562582731 7737.815895229578
leaf_count=3433 4212 15131 3145 29924 1913 10936 1366 16094 14916 1256 1112 2000 113102 4985 2092 3954 1501 4570 1836 10740 2144 17757 71947 2129 1552 8417 6709 3484 5593 31131
internal_value=-4.96819e-05 0.00016465 0.00287655 -6.60593e-05 0.00104454 0.000479774 0.00134174 -0.000788752 -0.000431315 0.000151334 0.000648896 -0.00173752 0.000525629 0.00500377 0.00209347 0.00588668 0.0113584 0.00154173 0.00359715 0.00163695 0.00722662 -0.00127972 -0.000833112 0.00370731 0.00670109 -0.00284801 -0.000793772 -0.00354134 -0.00494811 0.000338201
internal_weight=99069.4 92030 7206.43 84823.5 20988.1 3472.19 20136.3 5251.74 63835.4 37849.9 29963.5 7886.43 29651.6 1515.06 14884.5 1877.8 893.235 13006.7 4796.05 3123.58 1672.47 25985.5 22280 1255.15 914.72 7039.41 3565.52 1900.53 3473.89 8210.67
internal_count=399081 370666 29212 341454 84455 14081 81022 21141 256999 152379 120455 31924 119199 6097 59881 7547 3593 52334 19290 12576 6714 104620 89704 5047 3681 28415 14405 7696 14010 33044
is_linear=0
shrinkage=0.05


Tree=55
num_leaves=31
num_cat=0
split_feature=94 14 72 42 39 97 78 26 96 39 21 41 21 26 9 45 49 44 26 21 51 19 21 98 23 86 15 41 41 93
split_gain=17.7514 17.9055 24.7565 16.0632 17.6926 14.4528 13.1293 12.7848 12.6725 12.6057 15.2045 12.166 16.365 18.5889 12.8521 12.1282 13.315 12.2757 16.9672 11.7554 11.5414 11.3024 11.2935 18.763 13.6573 12.9792 11.669 11.0916 12.7465 15.6121
threshold=0.48921500000000007 1.0000000180025095e-35 3.5000000000000004 133.32091085446186 0.041547247684109244 0.65817918541799847 1.1035984550737814 0.40285050000000006 0.27417120000000006 0.040839259866547982 291.50000000000006 0.076342257106047556 1150.5000000000002 0.43722850000000008 -2.4999999999999996 -6.9242516412055153 125.60452700865149 33.600199161465021 0.41859900000000011 1301.5000000000002 2171.9668930897319 17.500000000000004 9904.5000000000018 -0.012674808620945442 0.17981600000000003 -0.24877949999999996 78.350000000000009 0.05641622889863699 0.071077197653980129 -0.011059999999999999
decision_type=8 2 2 10 10 2 2 10 10 10 2 10 2 10 2 8 8 10 10 2 10 2 2 2 10 8 2 8 8 10
left_child=1 2 27 5 8 -3 -7 -6 -5 10 -10 14 13 -13 -9 -4 -17 22 -19 -16 -21 -20 24 -24 26 -26 -18 -1 -29 -30
right_child=-2 3 15 4 7 6 -8 11 9 -11 -12 12 -14 -15 19 16 17 18 21 20 -22 -23 23 -25 25 -27 -28 28 29 -31
leaf_value=0.003738529953946323 -0.0036191520704087691 -0.0067596057482896283 0.0022303248433603725 0.010558413217912944 -0.0061344814230680153 0.0031029459890668958 -0.0014464429298624911 0.0043504783461800079 -0.010674407960927883 0.0087671090022869505 0.00084770634493603085 0.008742561999469968 -0.0048696425653612374 -0.0070599882092790868 -0.0059860101632901964 -0.0016772248152437325 0.0051210334328846531 -0.010348105052298873 0.001227914928602816 0.0047960245075117109 -0.0010373451398948709 -0.004639046275972664 0.015517067124440878 0.0018784466590874987 0.0086095015833108114 -0.00041178652982817285 -0.0030465026248013695 -0.0071850141554503921 0.0027389380679886232 -0.0045221700122928575
leaf_weight=466.70700745284557 3487.5274227112532 429.49485786259174 4489.0275672525167 334.16454336047173 1250.9670568108559 11271.104014784098 1839.2884149700403 1568.7872159183025 280.83395498991013 483.42628200352192 18571.6652200073 516.43530917167664 2936.1784690767527 278.81494732201099 890.92930623888969 15056.598776802421 2302.1262008547783 553.66453348100185 2163.2589591890574 1070.3893106430769 3931.2213447093964 1309.9022066891193 317.07197470963001 1116.9406047463417 399.23249773681164 15491.41494654119 532.2362596988678 2208.0589648634195 1054.0730253010988 2433.8178305029869
leaf_count=1874 14255 1732 18036 1345 5065 45332 7399 6315 1133 1941 74804 2084 11828 1131 3595 60542 9385 2237 8708 4310 15808 5267 1273 4523 1610 62272 2156 8932 4253 9830
internal_value=-0.000120513 7.5538e-06 -0.000647121 0.000723022 0.000113837 0.00216673 0.00246409 -0.00136105 0.0010471 0.000877355 0.000670501 -0.000822547 -0.00314946 0.00318331 0.000343804 -0.000228673 -0.000510459 0.000216289 -0.00230066 -0.000728467 0.000218127 -0.000991774 0.000719949 0.00498063 0.00039117 -0.000179866 0.00358202 -0.00361133 -0.00421905 -0.00232624
internal_weight=99035.4 95547.8 49894.1 45653.7 32113.8 13539.9 13110.4 12443.7 19670.1 19335.9 18852.5 11192.8 3731.43 795.25 7461.33 43731.5 39242.4 24185.8 4026.83 5892.54 5001.61 3473.16 20159 1434.01 18725 15890.6 2834.36 6162.66 5695.95 3487.89
internal_count=398975 384720 200898 183822 129359 54463 52731 50136 79223 77878 75937 45071 15043 3215 30028 176009 157973 97431 16212 23713 20118 13975 81219 5796 75423 63882 11541 24889 23015 14083
is_linear=0
shrinkage=0.05


Tree=56
num_leaves=31
num_cat=0
split_feature=20 61 20 0 52 50 79 94 92 52 94 65 74 37 86 21 88 54 90 36 88 43 24 92 33 88 52 24 87 23
split_gain=17.0503 19.8794 29.8709 16.6406 16.1834 15.6109 23.1711 17.4354 15.018 14.1118 29.3362 18.7758 16.5403 17.5723 16.3191 16.0649 14.0687 15.7095 13.3066 13.3001 12.648 19.1059 13.319 17.827 12.6773 15.1908 12.5603 14.8903 14.4639 12.5134
threshold=13.500000000000002 1.0000000180025095e-35 12.500000000000002 4.5000000000000009 117.44812538777613 143.20436258397697 91.65000000000002 0.45082050000000007 0.017485999999999998 131.79855817941279 0.36523650000000007 -1.0000000180025095e-35 1.5000000000000002 0.48105200000000004 0.014428999999999999 1866.5000000000002 0.0062335000000000038 134.42484813470097 0.0013124999999999944 0.67384700000000008 0.0017154999999999811 2354.2359745031567 0.16427250000000002 -0.013205 2091.5000000000005 -0.00927899999999998 127.32596503434489 0.15217750000000005 -0.14159949999999999 0.25628450000000008
decision_type=2 2 2 2 8 8 2 10 8 8 8 2 2 10 10 2 10 8 10 10 10 8 10 10 2 10 8 10 8 10
left_child=1 2 5 -4 -2 -1 7 -7 -9 11 14 19 13 -13 18 -14 -16 -18 -11 -6 22 -22 23 -12 -24 -26 27 -5 -28 -23
right_child=4 -3 3 26 9 6 -8 8 -10 10 20 12 15 -15 16 -17 17 -19 -20 -21 21 29 24 -25 25 -27 28 -29 -30 -31
leaf_value=-0.0027239364827869278 0.0051461640635128486 -0.0011938513544315042 -8.9359992943969136e-05 0.012111003148365778 0.00095082327365430392 0.004068287729405093 -0.0070060442929066741 -0.010686291096874245 0.004474981334113429 0.0026541070934385479 -0.0073085242426615561 -0.00065892334288370792 -0.0049230097667919267 0.0083488031967390245 0.0098456906829793977 -0.0016524481640733759 0.0094026560886204327 0.00011433294749191399 -0.0037834667587781402 -0.0067671602562398474 0.0020830420585170716 -0.0061036228162954414 0.0074566867218136632 0.00029709500763213075 0.0036625338810545973 -0.0035583838425459835 -0.0063871758984543588 0.0039423119445842845 0.0044784675916931943 -0.0011426946052210773
leaf_weight=3311.5942094922066 1310.3458910137415 6416.8070811033249 1880.5121875107288 1188.2751215547323 13501.948840916157 4103.2788130939007 671.26960457861423 396.38919460773468 265.67427492141724 3265.1537760347128 946.79794311523438 15865.302880674601 5075.6848501712084 550.5582183599472 1274.7547466903925 14422.591033369303 666.62305735051632 1392.0049627572298 1053.828196361661 572.32532423734665 1861.0509075671434 2758.511645630002 1025.0170419663191 3952.4939370304346 2018.7393043339252 1126.8198984563351 320.18504185974598 1070.2143838852644 4456.6990251988173 2360.537518247962
leaf_count=13327 5332 25855 7570 4788 54305 16502 2701 1619 1077 13193 3817 63917 20499 2214 5150 58042 2719 5674 4281 2310 7485 11056 4124 15902 8127 4530 1291 4309 17951 9528
internal_value=3.10881e-05 0.00118835 0.00205391 0.00408889 -0.000340586 -2.23757e-05 0.0016252 0.00285317 -0.00462628 -0.000438835 0.000565839 -0.000915225 -0.00152172 -0.000351922 0.00311122 -0.00250591 0.00573421 0.00315298 0.00107823 0.000632392 -0.000648939 -0.00224736 0.000582315 -0.0011846 0.00265583 0.00107274 0.00520425 0.00827461 0.00373834 -0.00382269
internal_weight=99082 24080.9 17664.1 8915.89 75001.1 8748.21 5436.61 4765.34 662.063 73690.7 23702.3 49988.4 35914.1 16415.9 7652.36 19498.3 3333.38 2058.63 4318.98 14074.3 16050 6980.1 9069.87 4899.29 4170.58 3145.56 7035.37 2258.49 4776.88 5119.05
internal_count=399195 96990 71135 35909 302205 35226 21899 19198 2696 296873 95586 201287 144672 66131 31017 78541 13543 8393 17474 56615 64569 28069 36500 19719 16781 12657 28339 9097 19242 20584
is_linear=0
shrinkage=0.05


Tree=57
num_leaves=31
num_cat=0
split_feature=71 47 65 49 58 94 0 19 65 35 53 21 22 95 2 61 58 34 20 21 22 46 25 19 65 38 98 25 55 55
split_gain=21.9511 17.5627 16.3667 20.0364 17.5451 16.2407 15.1081 25.4333 22.664 20.5319 20.0591 16.875 14.61 15.7466 14.5538 17.1402 21.2661 19.5982 18.0362 16.8825 22.1417 15.2874 15.1999 14.4359 14.3325 14.0379 13.7561 13.2073 13.1445 15.2693
threshold=1.0000000180025095e-35 0.58571548841795662 -1.0000000180025095e-35 122.38842694801603 7063.5000000000009 0.47370950000000006 4.5000000000000009 13.500000000000002 -1.4999999999999998 0.13690850000000002 2415.8767583198423 2052.5000000000005 0.45642150000000009 0.004249500000000018 4.5000000000000009 1.0000000180025095e-35 669.50000000000011 0.50936250000000005 14.500000000000002 1459.5000000000002 0.59612250000000011 1.7884837242043432 0.40780650000000002 14.500000000000002 1.5000000000000002 0.014219900000000002 -0.054126387818775649 0.40404150000000005 1861.2467106035572 1968.9884441178758
decision_type=2 8 2 8 10 10 2 2 2 8 10 2 10 10 2 2 8 10 2 2 10 10 10 2 2 8 2 10 10 10
left_child=1 -1 3 4 -2 6 10 8 -8 26 -3 -11 -13 -14 15 16 -4 -18 -19 -16 21 28 -23 -15 25 -10 -9 -7 -21 -30
right_child=2 5 14 -5 -6 27 7 9 24 11 -12 12 13 23 19 -17 17 18 -20 20 -22 22 -24 -25 -26 -27 -28 -29 29 -31
leaf_value=-0.009492376240037799 0.0029346713875500717 0.00069022970110998538 0.011741786357516744 -7.8271297988750168e-05 0.014068299839073256 -0.0046392328018945812 -0.0057914849014530558 -0.0013064964678162897 0.014703928056768026 -0.0015379952535910929 -0.0046891035437620389 0.012732252566888064 -0.00942922377945918 -0.0030966575699234115 -0.0043866286994423799 -0.004238124013502537 -0.0029763439456892042 0.0053964928099028558 0.00019358212255265084 -0.0010048764837814767 0.007004048080189844 -0.0041674292697557727 0.0056332511952608107 0.0018062158179316162 0.011107350660818147 0.0034397918019649812 0.0057369190168783781 0.0028431413602945355 0.010054540374226758 -0.0016966700980239617
leaf_weight=397.60706692934036 2042.750775411725 6887.3170715719461 410.89337362349033 11462.572750419378 420.35584209859371 2191.1258527338505 567.27239878475666 888.02153448760509 277.77795238792896 8244.2117794752121 2304.7857963889837 261.97811612486839 341.20919305086136 1673.7039616554976 5733.1514232456684 2043.4488945752382 3281.7442641556263 2249.2016386836767 6343.3896322548389 6410.6862476468086 772.05801250040531 5728.0890480279922 416.37109132111073 13910.110794231296 732.91344240307808 7964.9886718094349 3097.9192507714033 797.92575418949127 615.61112433671951 490.78495442867279
leaf_count=1595 8209 27680 1658 46190 1699 8928 2293 3561 1131 33116 9259 1054 1369 6711 23245 8283 13246 9071 25597 25835 3126 23072 1691 55858 2955 32151 12454 3244 2482 1973
internal_value=0.00011663 0.000845458 -0.000644091 0.000802297 0.00488395 0.00092931 0.00115602 0.00159636 0.00382838 0.000845734 -0.00066219 0.000302162 0.00123974 0.00104281 -0.00122806 -9.51455e-06 0.000696721 0.000304965 0.00156019 -0.00209341 -0.00118011 -0.00164741 -0.00349523 0.001278 0.00444213 0.00383675 0.00416838 -0.002639 -0.000134372 0.00487333
internal_weight=98960 50538.9 48421.1 13925.7 2463.11 50141.3 47152.2 37960.1 9542.95 28417.2 9192.1 24431.2 16187 15925 34495.4 14328.7 12285.2 11874.3 8592.59 20166.8 14433.6 13661.5 6144.46 15583.8 8975.68 8242.77 3985.94 2989.05 7517.08 1106.4
internal_count=398736 203359 195377 56098 9908 201764 189592 152653 38530 114123 36939 98108 64992 63938 139279 57855 49572 47914 34668 81424 58179 55053 24763 62569 36237 33282 16015 12172 30290 4455
is_linear=0
shrinkage=0.05


Tree=58
num_leaves=31
num_cat=0
split_feature=86 38 31 47 46 83 89 39 83 37 63 38 78 89 28 90 28 90 0 52 46 24 31 65 34 34 71 58 48 88
split_gain=16.8916 14.0933 16.8241 18.291 16.308 15.1149 14.5227 14.0929 19.3 13.7872 12.6604 15.2044 12.5524 20.2359 18.2554 16.2414 13.4922 13.2275 10.9283 11.5454 10.8425 10.6204 10.4496 11.0661 18.4545 13.9817 15.1588 13.3027 13.2878 11.5022
threshold=-0.1295105 0.046812050000000008 0.21440350000000002 1.8357476492355589 2.0628595957977569 0.50000032542986073 0.40048115000000006 0.044296424751377413 0.46607551239166883 0.24144500000000002 3.5000000000000004 0.17561650000000004 0.47311890412105367 0.40408820000000006 0.42880150000000006 -0.052338099999999992 0.41265950000000007 -0.078266199999999994 8.5000000000000018 127.31200921594082 1.9147999368279884 0.17247750000000003 0.062608900000000009 -1.0000000180025095e-35 0.58192800000000011 0.52252050000000005 1.0000000180025095e-35 2244.5000000000005 0.51106253281406577 -0.033245499999999976
decision_type=8 10 10 10 10 2 10 10 2 8 2 10 2 10 8 10 10 10 2 8 8 10 10 2 10 8 2 8 10 10
left_child=10 2 9 5 7 6 -4 8 -3 20 22 -12 14 -14 -10 -16 -15 -18 19 -11 -2 -9 -1 24 27 29 -27 28 -24 -25
right_child=1 4 3 -5 -6 -7 -8 21 12 18 11 -13 13 16 15 -17 17 -19 -20 -21 -22 -23 23 25 -26 26 -28 -29 -30 -31
leaf_value=0.0061163423382235849 0.0073525361360151842 -0.0024081752258199949 0.0045347563591255149 0.014867201505593668 0.010689010760893016 0.0081429348544993767 -0.010370239474611577 -0.0006810444319924763 0.0047410518281466307 -0.0010114629295796312 -0.00049265383425618433 0.0094129580336336539 0.0085426667814816649 -0.0042232734287634298 -0.0047347521973508727 5.2361432152463339e-05 0.0067198522625126732 0.0013831271570743128 0.0011417409391503014 -0.0057816761662032277 -0.0018689067318336792 -0.0088528649402306713 -0.0063091422608153175 -0.0032545948139590924 -0.011962898563194845 0.0022918174535641249 -0.0036325418963263408 0.003429234332511813 0.0044643819716330491 -0.0081918623639863231
leaf_weight=374.53705158829689 579.94172678887844 4313.5945008695126 275.99251759052277 275.94355955719948 380.97343409061432 399.41396215558052 375.38241063058376 14902.201991215348 1805.0855713039637 1913.3966226875782 1357.0939936488867 531.63834370672703 1011.9059956520796 1024.912406951189 2015.5141251385212 14143.812116295099 1195.0566434860229 32486.344562336802 1154.5420992970467 3782.086866736412 686.59941412508488 398.61441189050674 896.81382392346859 3843.427346393466 284.9017691463232 1934.6907321363688 2419.0678628981113 2197.2654992491007 409.75440293550491 1709.6372200399637
leaf_count=1509 2355 17588 1124 1112 1533 1605 1518 59972 7273 7710 5479 2136 4077 4122 8093 56923 4792 130821 4661 15276 2776 1608 3621 15498 1146 7769 9779 8828 1649 6893
internal_value=-1.50373e-05 0.000271067 -0.00154648 0.00365474 0.000504201 0.000597885 -0.0040818 0.000449813 0.000805909 -0.00240012 -0.00150445 0.00233046 0.00106457 0.00160667 -1.35625e-05 -0.000547283 0.00140204 0.00157442 -0.00328577 -0.00418371 0.00237806 -0.000899578 -0.00202052 -0.00224734 5.109e-05 -0.00312552 -0.0010007 0.00105923 -0.0029222 -0.00478664
internal_weight=99080.1 83121.3 9443.3 1326.73 73678 1050.79 651.375 73297 57996.2 8116.57 15958.8 1888.73 53682.6 35718.2 17964.4 16159.3 34706.3 33681.4 6850.03 5695.48 1266.54 15300.8 14070.1 13695.6 3788.74 9906.82 4353.76 3503.83 1306.57 5553.06
internal_count=399246 334939 38137 5359 296802 4247 2642 295269 233689 32778 64307 7615 216101 143812 72289 65016 139735 135613 27647 22986 5131 61580 56692 55183 15244 39939 17548 14098 5270 22391
is_linear=0
shrinkage=0.05


Tree=59
num_leaves=31
num_cat=0
split_feature=5 64 65 45 97 44 52 2 27 44 51 92 94 99 20 53 97 24 80 43 29 58 33 24 92 26 26 37 10 52
split_gain=20.3846 25.7031 16.583 20.3731 18.4365 16.0866 15.8423 15.1879 15.6062 15.107 15.7489 14.2507 13.0908 12.6127 12.6014 12.4061 12.2475 11.8457 11.7669 12.2465 11.5843 11.1248 11.1056 14.7661 16.1529 13.9199 13.4397 11.9457 11.8966 12.8603
threshold=1.5000000000000002 9.5000000000000018 -1.0000000180025095e-35 -20.309114705303369 0.7827245834032831 19.20508993736134 132.0386340855795 3.5000000000000004 0.59906550000000014 34.970462898027371 2316.2866875739123 0.12894750000000002 0.48921500000000007 0.07444640000000001 18.500000000000004 2205.0513663030179 1.0609292852830154 0.21188800000000002 6.6573687850245706 1963.8433499481562 0.42433050000000005 641.50000000000011 10413.500000000002 0.16959150000000003 -0.0073614999999999922 0.42485850000000008 0.42708400000000007 0.20220050000000003 1.5000000000000002 126.44209892620312
decision_type=2 2 2 8 2 10 10 2 10 10 10 10 10 10 2 8 2 8 2 10 10 8 2 8 10 10 10 10 2 10
left_child=1 2 3 -1 -5 12 21 13 -9 10 -10 15 17 16 22 -6 -2 -4 -16 -20 -14 -3 23 25 -25 -7 -27 -26 -28 -30
right_child=7 6 5 4 11 14 -8 8 9 -11 -12 -13 20 -15 18 -17 -18 -19 19 -21 -22 -23 -24 24 27 26 28 -29 29 -31
leaf_value=-0.0074946636417069952 0.002601685199498896 0.0044673239364688153 0.00091573590101841091 -0.0029372648096414582 0.0041872727466585177 -0.0019249828257074291 0.0033908069741904593 -0.0003886881551893079 0.0031510101032511777 0.0087873116664978091 -0.0046294026133527682 0.011418800546541923 -0.0013670776496190315 -0.0075692803907713201 -0.010151631254143959 0.00092619531974026366 0.012185010349753035 0.0095758032606946646 -0.0096521323602093353 -0.0019467728508037905 -0.013708638620734846 -0.0059226244098873025 -0.0041220597440158801 0.0013082417189815556 0.0020319023127646483 0.010134346928552765 0.0020331135639121644 -0.0075066332567565565 -0.0066163715712053376 0.0004002818690344342
leaf_weight=661.21884970366955 10095.591942340136 269.82422788441181 11595.872404456139 2175.79470898211 3849.9627757668495 4773.1316945254803 612.75999616086483 16705.329613998532 3076.7374250590801 866.28850756585598 814.64671751856804 378.62033985555172 660.20309440791607 285.25444319844246 521.20670668780804 11967.921264901757 335.75789219141006 398.99176156520844 543.62944833934307 7732.2701678276062 258.55916592478752 3687.5702495276928 2108.7547059804201 1236.1482478678226 395.18914261460304 404.45320425927639 7588.6773484945297 1825.7913958281279 903.58416773378849 2286.0605965107679
leaf_count=2660 40694 1095 46631 8773 15485 19245 2471 67288 12404 3492 3285 1522 2696 1150 2107 48199 1361 1603 2180 31184 1049 14894 8506 4985 1586 1627 30617 7363 3637 9226
internal_value=6.54449e-05 -0.00043235 -0.00016641 0.00106301 0.00137491 -0.000707792 -0.00404737 0.00109916 0.000331201 0.00285442 0.00151452 0.00195565 0.00076964 0.00263548 -0.00133712 0.00172206 0.00292152 0.00121154 -0.00293045 -0.00246396 -0.00495046 -0.00520474 -0.000684777 -0.00030947 -0.00326698 0.000332972 0.00129759 -0.0058079 0.000956908 -0.00160191
internal_weight=99015.8 66836.2 62266 19033.5 18372.3 43232.5 4570.15 32179.6 21463 4757.67 3891.38 16196.5 12913.6 10716.6 30318.9 15817.9 10431.3 11994.9 8797.11 8275.9 918.762 3957.39 21521.8 19413 3457.13 15955.9 11182.8 2220.98 10778.3 3189.64
internal_count=399015 269341 250881 76639 73979 174242 18460 129674 86469 19181 15689 65206 51979 43205 122263 63684 42055 48234 35471 33364 3745 15989 86792 78286 13934 64352 45107 8949 43480 12863
is_linear=0
shrinkage=0.05


Tree=60
num_leaves=31
num_cat=0
split_feature=64 84 42 21 58 86 87 20 20 38 33 35 32 29 25 8 45 50 35 52 35 98 35 24 71 25 96 96 45 97
split_gain=16.3793 21.1912 14.082 12.521 15.4984 11.9858 11.9004 11.2576 19.2281 16.5709 12.6111 13.9905 12.4759 12.4398 12.1467 11.0555 13.406 11.4877 10.8689 10.8229 10.1935 13.7324 10.8806 10.1441 10.0023 9.98096 12.7709 9.97882 15.64 9.96882
threshold=10.500000000000002 0.57024128044031797 137.21099347753747 4794.5000000000009 1741.0000000000002 -0.055803499999999999 -0.043272999999999971 13.500000000000002 12.500000000000002 0.28558500000000003 5785.5000000000009 0.18778100000000003 0.12442850000000001 0.52780650000000018 0.43486350000000001 8.5000000000000018 17.278125887537978 140.83887908414766 0.14090850000000002 117.44812538777613 0.14388550000000003 0.0091279644036383351 0.14437150000000001 0.094959750000000023 1.0000000180025095e-35 0.47165350000000006 0.27417120000000006 0.44304850000000007 17.278125887537978 0.8565253533870586
decision_type=2 2 10 2 10 10 10 2 2 10 2 8 10 8 8 2 8 10 10 8 10 2 10 10 2 10 10 10 10 2
left_child=1 7 -2 4 -4 -6 -5 8 15 14 11 19 -13 24 23 -1 17 -17 -12 -9 21 -20 -22 -10 -11 26 -21 -25 -29 -28
right_child=2 -3 3 6 5 -7 -8 10 9 13 18 12 -14 -15 -16 16 -18 -19 20 25 22 -23 -24 27 -26 -27 29 28 -30 -31
leaf_value=-7.6887315646400454e-05 -0.0051708862186764454 0.0026648136369452906 -0.0034638519939041534 0.0033493157784946709 0.015697035847894489 0.0026811930078133582 -0.010383405128425088 0.0064980829463404822 -0.0066573204571805256 0.0062965021774045813 0.0013291354273771677 0.0040071519704469516 -0.0055231133895067338 0.00052568865975288499 -0.0026790571443633185 -0.0093994194671089878 -0.0093320609986643176 0.002914657642871547 -0.0068955819344015323 0.0055054468107932058 0.0047370253930046173 0.0014658419814613929 -0.0015258912789952968 0.0039855161398632899 0.017455162429390211 -0.0089731928061303461 -0.0014739072777868805 0.0022407635390608843 -0.0045774043429431263 0.00058832320155880933
leaf_weight=6737.6275025010109 2804.2710499763489 7374.3016325980425 488.91133552789688 249.84818114340305 288.91657549142838 445.92527049779892 400.58685326576233 694.07950176298618 311.52051293849945 514.62060670554638 3450.9365757256746 416.12260852754116 1800.078979074955 436.2763995975256 1523.354643881321 251.38779740035534 784.71321941912174 677.85368002951145 1841.1425962746143 1136.375826716423 708.7821140140295 664.13760986924171 20057.080703943968 4880.0453103631735 340.84712910652161 281.69239935278893 7473.5920938402414 4015.5258797258139 1053.4665016382933 27004.733803138137
leaf_count=27125 11321 29911 1986 1008 1167 1797 1619 2825 1253 2068 13894 1680 7248 1756 6172 1013 3159 2733 7419 4588 2857 2673 80795 19655 1368 1146 30188 16138 4228 108621
internal_value=-5.00627e-05 9.31459e-05 -0.00293463 0.000421081 0.0033932 0.00794065 -0.00513749 -0.000124975 0.000866782 0.00206755 -0.000450865 0.000124756 -0.00372371 0.00742233 0.00147477 -0.000991204 -0.00456413 -0.000481277 -0.00128654 0.000358802 -0.00167482 -0.00468199 -0.00130995 0.00209348 0.0108928 0.000238319 0.000313675 0.00237389 0.000817551 0.000141012
internal_weight=99108.8 94430.3 4678.46 1874.19 1223.75 734.842 650.435 87056 21527.2 13075.7 65528.8 38806.7 2216.2 1291.74 11783.9 8451.58 1713.95 929.241 26722.1 36590.5 23271.1 2505.28 20765.9 10260.6 855.468 35896.4 35614.7 9949.04 5068.99 34478.3
internal_count=399411 380513 18898 7577 4950 2964 2627 350602 86668 52638 263934 156296 8928 5192 47446 34030 6905 3746 107638 147368 93744 10092 83652 41274 3436 144543 143397 40021 20366 138809
is_linear=0
shrinkage=0.05


Tree=61
num_leaves=31
num_cat=0
split_feature=64 20 26 20 84 21 87 15 88 97 34 50 8 40 65 21 46 86 12 21 70 57 92 91 92 44 35 50 37 40
split_gain=16.275 14.309 15.4213 18.2423 15.9043 17.3355 16.5264 14.4352 13.1097 13.977 15.1611 16.4113 15.0242 14.0397 13.3176 11.7927 11.7239 11.5797 12.2097 11.9263 11.6057 11.4821 11.3154 11.1993 15.7916 13.5196 19.4005 11.2014 10.7014 11.052
threshold=9.5000000000000018 13.500000000000002 0.40732450000000003 12.500000000000002 0.48499168585693048 445.50000000000006 -0.0145585 79.15000000000002 0.062020499999999985 1.0461177942235993 0.51796850000000016 141.0386699273694 7.5000000000000009 0.051638520853669788 -1.0000000180025095e-35 571.50000000000011 1.8024356169666051 -0.1295105 1.0000000180025095e-35 1971.5000000000002 1.5000000000000002 12.102954951049922 0.0189655 0.031696500000000002 0.077276000000000011 29.188677660088072 0.14818850000000003 139.74005724974145 0.23221750000000005 0.061971162703913986
decision_type=2 2 10 2 2 2 10 2 10 2 10 8 2 8 2 2 10 8 2 2 2 8 10 10 10 10 10 8 10 8
left_child=1 2 -1 8 -5 6 -6 15 9 10 11 -4 -12 -11 21 -7 -14 18 19 -3 28 -13 -22 25 27 26 -21 -25 -20 -30
right_child=-2 17 3 4 5 7 -8 -9 -10 13 12 14 16 -15 -16 -17 -18 -19 20 23 22 -23 -24 24 -26 -27 -28 -29 29 -31
leaf_value=-0.0019106264468607319 -0.0024500656670506035 -0.0036500587743276214 -0.0091853788275562953 -0.0024902261097955692 0.0045869808013298792 0.013582113058584089 -0.0059014101692332335 0.0086198864765163856 0.0078426325210176704 0.0023306254010939057 0.0042921487567318551 0.011666334297533255 0.0017077760739129398 -0.012197530819631534 -0.0027901569885940875 0.0030409872407959628 -0.010671610830255288 -3.4529018804753233e-05 -0.0008180943793613673 0.015561261795827825 -0.0071920713251358197 0.00017294873866043796 0.0026508133152246842 -0.011283013749815173 0.0033782354831944326 -0.0012051408358821941 0.0018981029310764569 -0.0020635510061878348 -0.0049220175620263134 -0.015979643749075491
leaf_weight=3473.2038861513138 7028.1662773787975 2633.6028598695993 661.74646587669849 1136.7862416356802 674.42122414708138 268.99876224994659 822.92401154339314 1793.6268642991781 483.77427744865417 251.02354504168034 2645.3545833677053 335.00407987833023 439.67799386382103 466.8575331568718 2023.9400093108416 5909.0156691819429 325.37640675902367 59073.911762014031 360.73030318319798 411.48032656311989 478.81443697214127 587.90286023914814 716.25049087405205 387.98984690010548 1210.8081991672516 868.54357662796974 685.88780461251736 1956.6267222762108 428.98172192275524 499.08803750574589
leaf_count=14033 28393 10658 2663 4585 2711 1082 3307 7217 1958 1011 10651 1350 1770 1873 8151 23798 1309 238047 1451 1653 1931 2364 2887 1557 4869 3502 2757 7872 1732 2013
internal_value=-0.000132697 4.45568e-05 0.00114672 0.00171147 0.00308073 0.00375147 -0.00117823 0.00467775 -5.66716e-05 -0.000560088 0.000123659 -0.00213257 0.00251026 -0.0071552 -0.000523082 0.00352117 -0.00362692 -0.000308115 -0.00182579 -0.000888313 -0.00488777 0.00442524 -0.00131979 0.000433219 -0.00124097 0.00345201 0.00711564 -0.00363064 -0.00816062 -0.0109754
internal_weight=99040.5 92012.4 22299.6 18826.4 10605.8 9468.99 1497.35 7971.64 8220.66 7736.88 7019 3608.59 3410.41 717.881 2946.85 6178.01 765.054 69712.7 10638.8 8154.94 2483.86 922.907 1195.06 5521.34 3555.42 1965.91 1097.37 2344.62 1288.8 928.07
internal_count=399155 370762 89833 75800 42700 38115 6018 32097 33100 31142 28258 14528 13730 2884 11865 24880 3079 280929 42882 32868 10014 3714 4818 22210 14298 7912 4410 9429 5196 3745
is_linear=0
shrinkage=0.05


Tree=62
num_leaves=31
num_cat=0
split_feature=69 56 20 7 52 84 98 52 34 45 8 7 44 90 21 90 40 0 25 90 20 70 83 30 29 35 20 8 97 84
split_gain=15.0969 14.315 16.2973 16.8935 13.7213 14.0568 12.8137 12.7722 12.4869 15.0499 12.3128 14.5615 12.2936 15.3206 14.8429 13.0191 11.866 14.9025 11.7399 16.5922 12.8117 11.1422 13.0655 18.3654 19.0541 11.6852 10.9636 20.6238 20.5255 14.2681
threshold=1.0000000180025095e-35 2.1777651606268282 13.500000000000002 1.0000000180025095e-35 132.0677087772448 0.56602453335871339 -0.019289949061289554 115.91284094438969 0.47287900000000005 8.424150507407882 1.0000000180025095e-35 1.5000000000000002 30.500614548037934 0.062435999999999998 102.50000000000001 -0.032896050000000003 0.081802462321530003 6.5000000000000009 0.34615600000000007 0.014062049999999967 14.500000000000002 1.0000000180025095e-35 0.54846325766081883 0.12922200000000003 0.49369750000000007 0.14685150000000005 12.500000000000002 8.5000000000000018 1.0461177942235993 0.55814776654712872
decision_type=2 8 2 2 10 2 2 8 8 10 2 2 10 10 2 10 10 2 10 10 2 2 2 8 8 8 2 2 2 2
left_child=1 6 12 7 5 -2 10 -4 9 -9 -1 -12 14 16 15 -3 21 -18 19 20 -5 25 23 -23 -25 -14 28 29 -16 -28
right_child=4 2 3 18 -6 -7 -8 8 -10 -11 11 -13 13 -15 26 -17 17 -19 -20 -21 -22 22 -24 24 -26 -27 27 -29 -30 -31
leaf_value=-0.0070788999154632066 -0.0028007964569127567 0.0011285445100628628 0.01138901448511785 -0.0062252119590059151 0.0043639144321178935 -0.013060232421128996 -0.0040537714265576653 0.0017921269161356079 0.0012211712449271162 -0.011161957356871069 0.0057807669467687403 -0.0011805179470279212 -9.606300012073226e-05 0.007127772937698576 0.0022552859160710494 -0.0098007196430643147 -0.01061229370194138 0.00050388197954333335 -0.0010152320876699824 0.0038164525918999853 0.00033055661501923072 0.0054848731614896597 0.0058812813879395472 -0.00040591020022350812 -0.01332280782577022 -0.009946395240755454 0.0022163352876821223 0.0098399776286822692 -0.0076689879182915881 0.010940750209949751
leaf_weight=505.49339239299297 3750.471937045455 715.74167183041573 288.68932455778122 842.60619612038136 592.32336850464344 357.98673503100872 3577.6706803888083 435.73834879696369 21223.424021705985 446.71598647534847 1138.1514874100685 2165.546022683382 795.62572646141052 632.36079332232475 4987.7036606669426 428.22197391092777 634.69805240631104 564.74418231844902 33877.022994667292 3320.4674990177155 5912.1705079823732 776.69659569859505 1174.9892322570086 1013.683439552784 387.80617977678776 474.55589267611504 5689.0429807007313 1307.5372307449579 571.82025307416916 501.97022360563278
leaf_count=2043 15162 2888 1179 3390 2388 1440 14457 1756 85536 1799 4608 8776 3208 2544 20073 1729 2561 2288 136401 13443 23795 3128 4744 4095 1558 1914 22868 5261 2300 2053
internal_value=6.44255e-05 0.00020227 0.000381758 -1.54682e-07 -0.00269803 -0.00372428 -0.00190943 0.00111729 0.000978058 -0.00481708 0.000109918 0.00122791 0.00160779 -0.000201345 0.00242965 -0.0030121 -0.00100815 -0.00541747 -0.00056964 0.000928141 -0.000495218 0.00014499 0.00165581 -0.000640022 -0.00404921 -0.00382522 0.00290832 0.00415485 0.0012226 0.00294022
internal_weight=99091.7 94390.9 87004 66346.8 4700.78 4108.46 7386.86 22394.6 22105.9 882.454 3809.19 3303.7 20657.2 6455.16 14202 1143.96 5822.8 1199.44 43952.3 10075.2 6754.78 4623.36 3353.18 2178.19 1401.49 1270.18 13058.1 7498.55 5559.52 6191.01
internal_count=399385 380395 350511 267299 18990 16602 29884 90270 89091 3555 15427 13384 83212 26040 57172 4617 23496 4849 177029 40628 27185 18647 13525 8781 5653 5122 52555 30182 22373 24921
is_linear=0
shrinkage=0.05


Tree=63
num_leaves=31
num_cat=0
split_feature=5 65 92 46 89 52 44 16 53 58 44 94 24 43 86 91 81 97 99 7 92 30 79 30 6 39 2 86 9 94
split_gain=13.115 20.2621 15.9814 13.809 12.6466 12.995 12.7074 12.4933 16.0804 11.6915 11.5837 13.1984 11.6235 11.2717 13.8288 14.7167 11.6022 11.098 10.9676 16.497 12.3281 10.5991 10.7641 13.3516 12.5266 11.0632 12.5896 10.8697 10.3734 10.2215
threshold=1.5000000000000002 -1.0000000180025095e-35 0.12894750000000002 1.5322934446497178 0.46315635000000005 118.09730032563967 34.970462898027371 0.69500000000000006 2502.685395602487 1199.0000000000002 26.181877527083756 0.48921500000000007 0.21188800000000002 2031.099817952299 -0.1295105 -0.011504499999999985 9.2563170570760231 0.77908472337256607 0.016213500000000009 6.5000000000000009 0.036725499999999987 0.38585600000000003 0.40000000000000291 0.22271800000000003 1.5000000000000002 0.032029269592915431 7.5000000000000009 -0.26540549999999991 -7.4999999999999991 0.39059800000000006
decision_type=2 2 10 8 10 8 10 2 10 10 10 10 10 10 10 8 2 2 10 2 10 10 2 8 2 8 2 8 2 10
left_child=1 2 3 -1 28 -6 -7 8 21 -10 11 12 -9 -12 15 -15 -16 29 19 20 -8 22 23 24 -3 26 -24 -27 -2 -5
right_child=4 7 -4 17 5 6 18 10 9 -11 13 -13 -14 14 16 -17 -18 -19 -20 -21 -22 -23 25 -25 -26 27 -28 -29 -30 -31
leaf_value=-0.0077610281384918843 -0.0085778897456341204 -0.0092570126308945937 0.01022569277451265 -0.0069071270171333467 0.0084574277675892387 0.00079250953727765579 0.0019138132464257215 0.00075556722739916792 0.010054325078800885 0.00028460636187278767 0.0020506924150575532 -0.0065267301530912841 0.011334196837883167 0.0022314167572717279 -0.00055984372993631828 -0.0072700443697439193 -0.0064592045510474651 0.0013684641882286441 -0.0012067285390944477 0.018084939264003543 0.011554276424038184 -0.010744908687298438 0.0040001671726925397 0.012218248609629272 0.0035849225187457273 0.0046466699680292592 -0.0054435961241428811 -0.0035296558979315664 -0.00034673340262893513 0.00024852278571518588
leaf_weight=459.94666500389576 388.1674603074789 275.10608047246933 441.27736884355545 797.88583189249039 634.04712246358395 18665.749222010374 1224.8169672191143 13732.824812948704 342.46465431153774 2339.3444035500288 2082.3171378225088 605.25301350653172 254.75378572940826 510.70681872963905 9192.4696852266788 1932.1577273756266 906.84717336297035 16045.39630626142 621.89551091194153 252.75109814107418 447.52177013456821 381.93576014041901 1135.6910683065653 252.15050503611565 558.90544210374355 411.93846759200096 500.28664553165436 12408.429997578263 9931.6822195500135 1303.8467736691236
leaf_count=1844 1572 1111 1775 3211 2570 75124 4936 55302 1383 9425 8380 2469 1023 2062 37099 7804 3661 64611 2498 1019 1798 1543 4578 1019 2256 1667 2012 50041 40128 5269
internal_value=-5.17513e-05 -0.000450793 0.000927936 0.000702061 0.000777707 0.00145889 0.00124581 -0.00100003 -0.00201236 0.00156491 -0.00035488 0.000641575 0.000956194 -0.00134894 -0.00191454 -0.00528266 -0.00109543 0.000920717 0.00455179 0.00640868 0.00454697 -0.00261541 -0.00240886 0.0023749 -0.000710593 -0.00276967 0.00109671 -0.00326352 -0.000664342 -0.00248784
internal_weight=99038.6 66871.9 19048.4 18607.1 32166.6 21846.8 21212.7 47823.6 18606.3 2681.81 29217.3 14592.8 13987.6 14624.5 12542.2 2442.86 10099.3 18147.1 2546.99 1925.09 1672.34 15924.4 15542.5 1086.16 834.012 14456.3 1635.98 12820.4 10319.8 2101.73
internal_count=399190 269545 76710 74935 129645 87945 85375 192835 75035 10808 117800 58794 56325 59006 50626 9866 40760 73091 10251 7753 6734 64227 62684 4386 3367 58298 6590 51708 41700 8480
is_linear=0
shrinkage=0.05


Tree=64
num_leaves=31
num_cat=0
split_feature=71 47 43 24 88 37 23 32 88 70 41 43 35 39 46 63 24 23 47 37 25 22 89 57 40 50 35 51 46 74
split_gain=14.8682 15.1846 17.2644 14.7022 17.0147 15.8253 24.8277 18.2728 19.9251 15.3343 15.5831 15.1493 15.0879 13.6009 13.1083 19.7931 17.7543 17.2598 14.5985 13.594 12.7962 12.3046 12.0794 12.0712 11.4727 11.3552 14.946 12.0178 11.2194 10.9019
threshold=1.0000000180025095e-35 1.0640743314810861 2217.5254807499027 0.18376250000000002 0.041524499999999999 0.30721550000000003 0.31754550000000009 0.25342700000000001 0.025542000000000013 1.5000000000000002 0.079059242209313471 2349.7635599697419 0.15947950000000002 0.045318378098756294 1.7884837242043432 1.5000000000000002 0.1321765 0.30233150000000003 1.2085053402093993 0.11148100000000001 0.33888550000000006 0.4478410000000001 0.40925095000000006 16.185586851337572 0.13199937133120221 137.9299974070353 0.1437515 2477.3267169214528 1.8968347713140508 1.5000000000000002
decision_type=2 8 10 8 10 10 10 10 10 2 8 10 10 10 10 2 10 8 10 10 10 10 10 10 10 8 8 10 10 2
left_child=3 2 -2 5 -5 11 7 8 9 12 29 24 21 -10 17 18 28 19 -16 -3 -13 -7 -8 -18 -1 26 -21 -27 -17 -11
right_child=1 14 -4 4 -6 6 22 -9 13 10 -12 20 -14 -15 15 16 23 -19 -20 25 -22 -23 -24 -25 -26 27 -28 -29 -30 -31
leaf_value=0.0022291354148092019 -0.0021561131541969446 0.0059901461004259349 0.0083985153981408992 -0.0008937720347429129 -0.011254494642335007 -0.008192402382693446 0.0012364271176429475 0.0090780629330390345 0.003863838989916284 -0.0061647820413212239 0.00064862937045681362 0.0041080414539544606 -0.0037237925387309592 -0.0042042931804139577 0.0087567530289687136 -0.00084889098241565852 0.0017501317341257522 -0.0039650778299450597 -0.0030865050217080436 0.0022311007205208459 -0.0041419666855329043 0.0020136801134024306 0.013878840813426913 0.012921858319281649 0.012475924899348134 0.00022212052563102695 -0.010008086404327578 0.0096110964630518134 -0.011862977005341349 -0.0019333376905276976
leaf_weight=21053.934354677796 629.61602747440338 1022.4258282482624 983.34154945611954 4774.8821981400251 422.38416263461113 301.22685523331165 319.35272887349129 502.38520947098732 3454.7352101504803 3074.6323153674603 2446.409811809659 639.9017124325037 1770.8413869142532 606.57733938097954 256.66920268535614 615.37036456167698 3560.5732656270266 2506.1655101329088 11775.857335999608 417.02632617950439 1694.7959924638271 5850.6153963059187 460.31976859271526 249.94271123409271 267.3030598461628 25068.641446515918 599.48217268288136 335.53368788957596 362.02345125377178 3031.3209474682808
leaf_count=84804 2524 4117 3972 19204 1697 1226 1301 2017 13951 12356 9823 2570 7111 2439 1032 2482 14398 10289 47601 1681 6854 23490 1858 1009 1094 100976 2418 1345 1464 12176
internal_value=0.000162679 -0.000464175 0.00429063 0.00076119 -0.00175579 0.00104918 7.78171e-05 -0.00024876 -0.000481231 -0.00125462 -0.00272153 0.00194468 0.000330308 0.00265146 -0.000629038 -0.00174554 0.000972036 -1.60162e-06 -0.00282681 0.000361664 -0.0018729 0.00150145 0.00878176 0.00251482 0.00236339 0.00014167 -0.0050141 0.000349861 -0.0050073 -0.00407066
internal_weight=99054.3 48382.7 1612.96 50671.6 5197.27 45474.4 21818.4 21038.7 20536.4 16475 8552.36 23655.9 7922.68 4061.31 46769.7 16820.4 4787.91 29949.3 12032.5 27443.1 2334.7 6151.84 779.672 3810.52 21321.2 26420.7 1016.51 25404.2 977.394 6105.95
internal_count=399279 195308 6496 203971 20901 183070 87748 84589 82572 66182 34355 95322 31827 16390 188812 67986 19353 120826 48633 110537 9424 24716 3159 15407 85898 106420 4099 102321 3946 24532
is_linear=0
shrinkage=0.05


Tree=65
num_leaves=31
num_cat=0
split_feature=61 19 20 20 65 1 72 95 59 52 19 17 65 62 34 89 92 2 89 87 57 9 98 74 2 5 22 1 16 57
split_gain=12.7038 18.2098 22.2166 24.5068 18.1617 17.3255 16.5279 17.7908 16.2083 15.8914 14.4708 14.3284 14.871 16.206 13.98 14.0948 13.568 14.0912 13.1683 13.0245 12.9008 13.8746 14.3375 12.8616 12.7917 14.5659 12.5842 15.9062 12.5213 12.2875
threshold=1.0000000180025095e-35 13.500000000000002 13.500000000000002 12.500000000000002 1.0000000180025095e-35 3.5000000000000004 3.5000000000000004 0.05084700000000001 8.431850273851774 129.80276198323904 14.500000000000002 1.5000000000000002 -1.0000000180025095e-35 1.0000000180025095e-35 0.51108550000000019 0.54090445000000009 0.029289000000000013 2.5000000000000004 0.56774000000000002 -0.0062104999999999791 14.332847223330406 3.5000000000000004 0.0048801758444302909 6.5000000000000009 4.5000000000000009 1.5000000000000002 0.50529650000000015 2.5000000000000004 0.79500000000000015 8.8036469779051405
decision_type=2 2 2 2 2 2 2 8 2 10 2 2 2 2 10 8 8 2 8 10 8 2 2 2 2 2 10 2 2 8
left_child=1 -1 3 5 16 18 -2 11 24 -10 -5 12 -8 -14 15 -7 17 -4 19 -3 21 26 -23 -12 -6 -26 -18 -28 -11 -19
right_child=6 2 4 10 8 14 7 -9 9 28 23 -13 13 -15 -16 -17 20 29 -20 -21 -22 22 -24 -25 25 -27 27 -29 -30 -31
leaf_value=0.0016257697440320057 -0.0078071968346977039 -0.0014422833205150545 0.0013017323283990806 -0.0023406075517305681 0.0010198822248051612 0.0012132894367187 -0.0038586382806515065 -0.0046369386920907018 -0.0029195921754410475 -0.01584470950541671 0.0036582679139134165 -0.00076934684851760748 0.0017402073959521442 0.014989939347351126 0.0046812659074820604 -0.010107443896566157 -0.0016310001914517738 0.0019618313484299405 0.0033990334379774266 -0.0076302811666660768 0.003202953277396261 -0.00039640728468755471 -0.011515997875136894 0.01229345182848255 -0.0041655435974419118 0.00074948559148747471 0.0064601991113019328 0.0004636509264934666 -0.0049884471402485836 -0.0019384392494103883
leaf_weight=17507.023532107472 972.50960130989552 2162.3187758475542 6051.4548640102148 942.61550585925579 4238.4353148341179 1049.9388774484396 335.75059306621552 2521.0015483349562 2985.9469196796417 489.06930375099182 6466.2656354010105 6270.2184039950371 468.35232917964458 450.74267491698265 2099.2600303441286 361.67696173489094 3322.3205891996622 2288.8710256814957 742.47596713900566 1398.0106047391891 4915.1054342836142 704.94223733246326 483.25148785114288 454.74128594994545 4404.398467451334 2284.9362863451242 1586.3910469561815 3604.7176419645548 597.40089501440525 16694.226937755942
leaf_count=70872 3952 8700 24355 3789 17112 4227 1346 10146 12027 1964 26068 25315 1878 1808 8452 1456 13412 9210 3000 5622 19760 2843 1941 1832 17784 9221 6364 14465 2399 67177
internal_value=-1.74952e-05 0.000183321 -0.00017593 0.00148272 -0.000651914 -0.000500482 -0.00161704 -0.00101063 -0.00213322 -0.00482179 0.00345146 0.000208777 0.00506371 0.00832954 0.00210269 -0.00173795 -9.11366e-05 -0.000797768 -0.00262449 -0.00388665 0.00111885 6.07792e-05 -0.00497723 0.00424256 -0.00112778 -0.00248806 0.000768934 0.00230508 -0.00997528 -0.00146738
internal_weight=98854.4 87835.8 70328.8 15677.3 54651.5 7813.68 11018.6 10046.1 15000.2 4072.42 7863.62 7525.06 1254.85 919.095 3510.88 1411.62 39651.3 25034.6 4302.81 3560.33 14616.7 9701.62 1188.19 6921.01 10927.8 6689.33 8513.43 5191.11 1086.47 18983.1
internal_count=398497 354052 283180 63146 220034 31457 44445 40493 60507 16390 31689 30347 5032 3686 14135 5683 159527 100742 17322 14322 58785 39025 4784 27900 44117 27005 34241 20829 4363 76387
is_linear=0
shrinkage=0.05


Tree=66
num_leaves=31
num_cat=0
split_feature=72 63 41 64 27 79 0 46 97 37 45 26 50 20 2 97 59 23 20 29 46 79 15 52 85 40 27 1 95 26
split_gain=11.8099 14.5264 18.6139 15.8221 12.8631 13.3196 11.3525 17.0539 14.0511 14.6702 15.8322 11.8522 13.8444 13.0273 16.2711 16.1252 14.8802 14.8139 12.9491 13.8012 13.9237 15.2541 13.4381 12.9199 15.4458 14.9373 12.7065 12.376 13.4976 13.2735
threshold=3.5000000000000004 1.0000000180025095e-35 0.058061332376184008 3.5000000000000004 0.56280350000000012 20.950000000000006 9.5000000000000018 1.6422753682213627 1.0193741526200859 0.29602250000000002 13.612617254836129 0.40842250000000008 141.40721280824707 13.500000000000002 2.5000000000000004 1.0609292852830154 8.4760503908764893 0.16217050000000002 12.500000000000002 0.46680050000000006 1.8425935745076594 92.65000000000002 79.15000000000002 130.25528069753909 0.50206189471915141 0.051166270056960714 0.56852400000000014 2.5000000000000004 0.083576000000000025 0.42636050000000009
decision_type=2 2 8 2 10 2 2 8 2 10 8 10 10 2 2 2 2 10 2 8 10 2 2 10 2 10 10 2 10 10
left_child=1 2 -1 -4 5 -5 11 -8 9 10 -9 12 -2 18 15 -15 -16 26 19 27 21 -21 23 25 -25 -20 -18 -13 29 -29
right_child=6 -3 3 4 -6 -7 7 8 -10 -11 -12 13 -14 14 16 -17 17 -19 22 20 -22 -23 -24 24 -26 -27 -28 28 -30 -31
leaf_value=0.0057551268062484492 4.3164505782253667e-05 0.00048442754239909846 -0.0014104845879038144 -0.012210560901704644 -0.012586222727665223 -0.0025157499965861659 0.013685538825354299 0.014302251361275949 -0.0053885342291344306 -0.00075095013251174237 0.0030202601400897283 -0.008378634638153663 -0.0040243419550925995 0.0011903682970910252 0.00011111756055110724 0.0097222388368106601 -0.0026096190849891469 -0.0025326278566653419 0.0004001806125249511 0.0038555919450765628 -0.0032681939104280489 -0.0056559660230026104 0.0064622756180865177 -0.010605160055160601 0.00062244649219783481 0.0058192951122321502 0.0079943532135846821 0.0049561676877952687 0.0062401230110874645 -0.0079068728116140612
leaf_weight=551.99445356428623 5260.3298913389444 5669.3828087896109 3285.4452440142632 442.56607453525066 661.67890323698521 1669.8962320238352 333.73528528213501 468.44091561436653 531.96377141773701 1122.2808375805616 909.63108037412167 757.94886811077595 3463.0140964686871 12560.484897956252 33120.66598443687 569.69827890396118 488.51014526188374 10681.503594830632 2525.3224580585957 3753.5926485955715 1211.0913331061602 465.78251339495182 2035.1904212683439 379.73543848097324 1426.7090220302343 2554.6172853410244 647.60871981084347 280.84856607019901 480.4674925506115 646.07032223045826
leaf_count=2218 21216 22963 13287 1801 2672 6781 1344 1889 2139 4524 3667 3057 14023 50622 133307 2317 1987 43005 10163 15091 4882 1872 8193 1529 5744 10296 2664 1131 1931 2619
internal_value=7.80198e-05 -0.00137245 -0.00296304 -0.00376539 -0.00653925 -0.0045948 0.000283671 0.00312609 0.00192276 0.00349354 0.0069307 0.000168464 -0.00157432 0.000372479 1.99645e-05 0.00156767 -0.000432496 -0.00195486 0.00161102 9.32642e-05 0.00143905 0.00279471 0.00290167 0.00184153 -0.00178312 0.00313144 0.00345185 -0.00327295 -0.000483561 -0.00399818
internal_weight=98956.2 12281 6611.58 6059.59 2774.14 2112.46 86675.2 3366.05 3032.32 2500.35 1378.07 83309.2 8723.34 74585.8 58068.5 13130.2 44938.3 11817.6 16517.4 7595.8 5430.47 4219.38 8921.57 6886.38 1806.44 5079.94 1136.12 2165.34 1407.39 926.919
internal_count=398934 49722 26759 24541 11254 8582 349212 13563 12219 10080 5556 335649 35239 300410 233902 52939 180963 47656 66508 30583 21845 16963 35925 27732 7273 20459 4651 8738 5681 3750
is_linear=0
shrinkage=0.05


Tree=67
num_leaves=31
num_cat=0
split_feature=22 55 87 65 55 39 31 89 39 92 21 89 65 31 89 4 47 96 92 91 91 28 55 65 1 83 85 36 44 87
split_gain=13.1043 16.3276 16.9089 15.8603 15.7942 14.1002 13.7675 15.7616 13.5612 15.269 14.7956 13.0889 13.2153 14.1794 13.2459 12.7506 15.923 14.0424 12.6536 11.681 11.4743 11.302 11.1212 10.7479 10.642 12.802 12.4543 10.5322 10.6496 10.306
threshold=0.50529650000000015 1639.9640046757663 -0.029645500000000016 -1.0000000180025095e-35 1941.1178980318184 0.027280636296430943 0.14897800000000003 0.5357360000000001 0.036550133422956092 -0.019841499999999995 487.50000000000006 0.53161885000000009 1.0000000180025095e-35 0.11883200000000001 0.5229566000000001 1.5000000000000002 1.7847995305110353 0.52674700000000019 -0.0016374999999999998 0.12110550000000002 0.074299000000000018 0.48167300000000007 1882.3574825599603 -1.4999999999999998 3.5000000000000004 0.52830205717552892 0.52878297460494583 0.66222600000000009 30.143613835408985 -0.043272999999999971
decision_type=10 8 10 2 10 10 10 10 10 8 2 10 2 10 10 2 8 10 10 8 10 8 10 2 2 2 2 10 10 10
left_child=19 3 8 -2 22 -5 7 -6 9 -3 -10 12 14 -14 -12 17 -17 20 -8 -1 -11 -19 23 -4 26 -26 -24 -21 -29 -13
right_child=1 2 4 5 6 -7 18 -9 10 15 11 29 13 -15 -16 16 -18 21 -20 27 -22 -23 24 -25 25 -27 -28 28 -30 -31
leaf_value=-0.00035552457204879388 0.0015803546249984271 -0.0046739674858007297 -0.0048032645402091047 0.0063741544275136165 -0.015122454539371716 -0.001646392618679057 0.0098965733212937283 -0.0033829799265859268 -0.0068797508445402307 0.007735981071191899 0.0029349934163773006 0.010027822813030574 0.0078169533041997554 -0.0035790162008607104 -0.0076395537483665843 -0.0045584761900131715 0.0069127797056051836 0.0071660122642087298 -0.0014975577285695598 -0.0042364957803633354 -0.00024854618327841912 0.019347094824092761 0.0043121603055828132 0.00071443804606906107 0.006986167057003459 -0.0032023301758746254 0.015675460410653701 0.0055384057355304592 -0.0057515929921119601 -2.416637044900104e-05
leaf_weight=35596.597040787339 6321.1245825588703 383.39186692237854 931.6124322116375 558.02385775744915 367.14065518975258 15747.35981990397 267.5309444963932 1220.5487233698368 494.96407821774483 1451.7590015232563 5923.9978516995907 794.69839848577976 306.69595538079739 1983.0001695603132 302.2700085490942 583.45930205285549 607.57833230495453 414.4857435375452 1986.8770402222872 3655.9660706073046 649.16729512810707 374.98305694758892 1156.972793713212 14076.083766832948 476.49586839973927 832.02391014993191 299.50314831733704 609.24461244046688 305.72784850001335 373.20345157384872
leaf_count=143706 25469 1541 3755 2252 1472 63443 1074 4910 1996 5831 23765 3199 1233 7970 1214 2342 2440 1661 7980 14786 2609 1510 4691 56748 1947 3370 1212 2470 1240 1504
internal_value=3.47559e-05 0.000509707 0.00116729 -0.000544108 0.000278239 -0.00136816 -0.00262456 -0.0061753 0.0024785 0.0047733 0.00146821 0.00190155 0.00121667 -0.00202522 0.0024102 0.00566999 0.00130213 0.00745915 -0.000107681 -0.000661469 0.00527934 0.0131214 0.000906888 0.000368953 0.00381481 0.000532645 0.00673982 -0.00303806 0.00174458 0.00684277
internal_weight=99052.5 58885 36258.4 22626.5 21614.8 16305.4 3842.1 1587.69 14643.7 4464.82 10178.8 9683.87 8515.96 2289.7 6226.27 4081.43 1191.04 2890.4 2254.41 40167.5 2100.93 789.469 17772.7 15007.7 2765 1308.52 1456.48 4570.94 914.972 1167.9
internal_count=399340 237138 145974 91164 87159 65695 15436 6382 58815 17934 40881 38885 34182 9203 24979 16393 4782 11611 9054 162202 8440 3171 71723 60503 11220 5317 5903 18496 3710 4703
is_linear=0
shrinkage=0.05


Tree=68
num_leaves=31
num_cat=0
split_feature=72 86 43 48 84 40 20 91 32 26 48 31 91 49 32 87 48 27 91 58 46 58 45 31 26 81 23 30 80 31
split_gain=14.9463 17.5102 16.206 13.9192 19.9452 11.5873 11.4826 15.5414 17.3046 14.3956 13.2069 13.2214 13.4288 12.2964 13.111 12.8496 12.6346 17.2052 12.2749 12.3504 12.0686 11.9577 12.2788 11.8392 11.4105 12.0042 11.2439 11.778 11.2408 16.4344
threshold=3.5000000000000004 -0.11805500000000001 2315.2098048219696 0.23807794440659219 0.45379621815783661 0.051250101215882964 13.500000000000002 0.065960000000000032 0.10977050000000001 0.5000285000000001 0.46596345712381787 0.25819900000000001 0.14914750000000002 130.75822733618935 0.18343850000000003 -0.056289500000000013 0.46596345712381787 0.80384600000000017 0.081039000000000014 3927.0000000000005 1.8721558641565375 1019.0000000000001 12.694445922741613 0.21640550000000003 0.46660350000000006 7.8318157284290413 0.30138750000000009 0.059114700000000006 7.6273009037537198 0.15157000000000004
decision_type=2 8 8 8 2 10 2 10 10 10 8 10 10 10 10 10 10 8 10 10 10 10 8 10 10 2 10 10 2 10
left_child=1 2 5 4 -2 -1 21 13 -9 10 11 12 -10 16 -15 -16 26 28 24 20 -20 22 -5 -22 25 -12 27 -8 -18 -30
right_child=3 -3 -4 6 -6 -7 7 8 9 -11 18 -13 -14 14 15 -17 17 -19 19 -21 23 -23 -24 -25 -26 -27 -28 -29 29 -31
leaf_value=0.0021373902356802608 -0.0067880521381186113 -0.00073292794558775097 -0.013754593886518006 -0.0068741532657126073 0.002036084948988407 -0.0061777914764960364 0.0041302933110983512 -0.011033240984250355 -0.0031666744970012916 -0.01092472924432282 0.0003286553840546967 0.0024487233330239542 -0.010740919355890404 0.0040157837728402607 0.0038417053444529353 -0.011003245317479062 -0.0032239933940989315 -0.010904763138496679 0.0039869419351186569 -0.0018341187877750212 -0.01044473715623429 0.0019555251165873388 5.6586012756053907e-05 0.0034013774792576233 0.0025321940479208008 -0.010750606609020871 -0.004003237992856761 0.00041611064648979846 -0.0020000919011312415 0.0016350987449740102
leaf_weight=622.58621937036514 661.87015336751938 9970.6859825998545 468.66557624936104 722.92577292025089 13806.600058794022 1245.4390844553709 2417.2626977860928 495.10299378633499 2599.6219587475061 389.15028057992458 375.53359717130661 743.90505316853523 751.27685517072678 3178.8455652296543 263.89767009019852 305.1856776624918 4182.2276741415262 439.1077194660902 3143.7796203494072 2410.3785360008478 305.71406851708889 11769.693796917796 4988.1055648326874 294.83247716724873 455.2268011122942 687.5162006020546 1251.0925454050303 17719.900816723704 6373.1767612695694 6051.8472644388676
leaf_count=2521 2738 40329 1912 2919 55530 5077 9753 1990 10456 1565 1511 2997 3026 12894 1071 1234 16850 1766 12657 9694 1236 47414 20112 1192 1832 2767 5099 71403 25641 24336
internal_value=-1.8402e-05 -0.0016483 -0.00553443 0.000212908 0.00162801 -0.00340984 -7.04042e-05 -0.000426151 -0.00196241 -0.00158422 -0.00126633 -0.00355548 -0.00489174 3.49822e-05 0.00276479 -0.00417182 -0.000231863 -0.00124695 -4.16499e-05 0.00095284 0.00274703 0.00104513 -0.000831217 -0.00370275 -0.00405291 -0.00687015 0.000577358 0.000863789 -0.000985177 -0.000229611
internal_weight=99091.2 12307.4 2336.69 86783.8 14468.5 1868.03 72315.3 54834.6 12652 12156.9 11767.8 4094.8 3350.9 42182.5 3747.93 569.083 38434.6 17046.4 7672.98 6154.7 3744.33 17480.7 5711.03 600.547 1518.28 1063.05 21388.3 20137.2 16607.3 12425
internal_count=399522 49839 9510 349683 58268 7598 291415 220970 50923 48933 47368 16479 13482 170047 15199 2305 154848 68593 30889 24779 15085 70445 23031 2428 6110 4278 86255 81156 66827 49977
is_linear=0
shrinkage=0.05


Tree=69
num_leaves=31
num_cat=0
split_feature=72 26 95 48 34 26 52 7 10 21 96 95 20 88 24 96 38 93 43 64 26 99 93 91 30 31 99 10 37 94
split_gain=13.0097 16.1543 14.8773 15.3818 17.0109 14.2813 13.0543 13.4815 13.0756 12.8632 16.407 14.6245 14.2535 13.9172 17.6584 12.9967 14.5998 12.9979 11.9484 13.2638 11.8555 11.7265 11.0303 13.2132 10.5483 11.5853 10.4069 10.1606 10.1589 16.3346
threshold=3.5000000000000004 0.5000285000000001 0.123094 0.31897529322080292 0.47854450000000009 0.40002900000000008 127.20131845496103 1.0000000180025095e-35 1.0000000180025095e-35 4227.5000000000009 0.56928150000000011 0.029767500000000006 12.500000000000002 -0.043494499999999957 0.16259100000000001 0.48225850000000003 0.032491450000000012 0.0093919999999999993 1972.0327089770174 9.5000000000000018 0.45911450000000004 -0.033245499999999983 -0.00071200000000000419 0.063253500000000018 0.14833150000000003 0.10474600000000002 0.039194500000000007 -7.4999999999999991 0.20114250000000003 0.35551450000000007
decision_type=2 10 8 10 8 10 8 2 2 2 10 10 2 10 10 10 10 8 8 2 10 8 8 10 8 10 10 2 10 10
left_child=18 2 3 6 24 -6 7 -2 9 10 12 -11 -8 14 -13 27 -17 -18 -1 -20 -9 -10 26 -24 25 -5 -3 -14 29 -29
right_child=1 22 -4 4 5 -7 8 20 21 11 -12 13 15 -15 -16 16 17 -19 19 -21 -22 -23 23 -25 -26 -27 -28 28 -30 -31
leaf_value=0.0062862191793836772 0.0051676811547053357 -0.011958004525807607 0.0016058945505266755 -0.00055778930853637109 -0.0038995624450201098 -0.00013265455240999389 -0.0036185554521181934 0.0017264631925737761 0.0044868597965012835 -0.012117211292078876 -0.0099358425631392282 -0.00098263204718021914 0.010619008105648101 -0.0033542373709993033 0.01348886242849682 -0.0015590726705530188 0.016570403977643876 0.0040560766170744849 -0.0014242033755174997 -0.0078998416955395594 -0.0065495163266184458 -0.0023449923002693712 0.0011950788200146617 -0.0084188827883926298 -0.0014802861056404308 -0.011072060236414053 -6.1801463969047074e-05 0.0089098326449717612 0.0029466757749365053 -0.005193881125504742
leaf_weight=454.48896959424019 3034.6055431067944 591.35938793420792 16792.977805435658 376.56570617854595 2694.9314288496971 36064.955840200186 822.75024299323559 5004.9263763278723 692.53847366571426 294.75370739400387 261.10480862855911 556.59987340867519 340.45510338246822 1543.0410944074392 328.08903485536575 288.19502834975719 496.60100942850113 365.50161381065845 10974.621369570494 843.08601315319538 463.78202222287655 5969.0163048952818 1302.1597861945629 481.58959418535233 1327.9625796675682 859.44987814128399 264.94194926321507 251.02215459942818 4408.7627826333046 957.01090835034847
leaf_count=1839 12242 2376 67862 1517 10908 145115 3315 20139 2794 1181 1048 2248 1376 6217 1325 1160 1998 1467 44409 3454 1872 24056 5234 1936 5363 3466 1067 1008 17761 3860
internal_value=-6.15641e-05 0.000153855 0.000274805 -5.7017e-05 -0.000657 -0.000395502 0.000893591 0.00250062 0.0001151 0.00118023 0.00216926 -0.00179264 0.00257983 -0.000494555 0.00447494 0.00330142 0.00814682 0.0113721 -0.00158471 -0.00189247 0.00101393 -0.00162909 -0.00368995 -0.00143303 -0.0045932 -0.00789896 -0.00832049 0.00235373 0.00183475 -0.00221412
internal_weight=99107.8 86835.7 84195.6 67402.6 41323.9 38759.9 26078.8 8503.31 17575.4 10913.9 8191.4 2722.48 7930.3 2427.73 884.689 7107.55 1150.3 862.103 12272.2 11817.7 5468.71 6661.55 2640.05 1783.75 2563.98 1236.02 856.301 5957.25 5616.8 1208.03
internal_count=399613 349911 339298 271436 166369 156023 105067 34253 70814 43964 32993 10971 31945 9790 3573 28630 4625 3465 49702 47863 22011 26850 10613 7170 10346 4983 3443 24005 22629 4868
is_linear=0
shrinkage=0.05


Tree=70
num_leaves=31
num_cat=0
split_feature=23 34 16 63 28 51 88 86 88 82 16 31 57 15 41 81 57 41 35 22 88 84 43 7 91 25 95 16 29 48
split_gain=11.5136 11.8059 11.119 10.8524 13.0477 22.1071 14.285 13.7406 11.7593 14.3298 12.3681 16.9807 16.1847 14.4698 11.2296 15.3073 16.0429 11.2171 11.2034 10.998 11.2336 10.7734 10.7563 10.9671 10.6897 10.3769 15.0267 13.6672 17.8035 17.3832
threshold=0.12359750000000001 0.45002150000000007 1.4450000000000001 1.0000000180025095e-35 0.39372550000000006 2334.2814034630114 -0.0098214999999999813 -0.2911459999999999 -0.00927899999999998 1.0000000180025095e-35 1.7250000000000003 0.26916700000000005 12.238932815096721 79.850000000000009 0.071508217900045565 8.5836361435871282 9.2412023618473036 0.063783842543042993 0.17097850000000001 0.43529750000000006 0.010289999999999995 0.53296627217113335 2473.335754531226 2.5000000000000004 0.10260050000000001 0.38830950000000003 0.078574500000000033 1.0450000000000002 0.56048900000000013 0.49853139079582831
decision_type=8 8 2 2 8 10 10 8 10 2 2 10 8 2 10 2 10 10 8 10 8 2 10 2 10 10 10 2 10 10
left_child=-1 2 -2 14 5 6 -5 24 10 22 11 12 -9 -12 18 -16 -17 -7 19 20 -3 -18 23 25 -6 26 -10 29 -29 -27
right_child=1 3 -4 4 7 17 -8 8 9 -11 13 -13 -14 -15 15 16 21 -19 -20 -21 -22 -23 -24 -25 -26 27 -28 28 -30 -31
leaf_value=0.004749380545940627 -0.0016790989927938219 0.006250485321481581 -0.010162677407885946 0.0010924949658667846 0.00078348982985479855 0.0010156762885046673 -0.008580592035695233 0.00059468893848475379 -0.0043775241059539043 -0.0056176638879169927 -0.00084429388475630541 0.011457084397527897 0.0039669402661300767 0.0097315947022790731 0.0019070976216501202 0.0033751094862664813 -0.0031223183067586903 -0.010905480137224395 -0.0044048187282516018 -0.00095524055410933003 -0.0021529020265220748 0.001562896013097875 -0.0076293609742574958 0.0022143809022121827 -0.01315285988943066 0.0017160367970870964 0.00020305866800992981 0.0079095400196979755 -0.004695384017651359 -0.012697179486449307
leaf_weight=1300.3609493821859 1796.8431956768036 1076.3883431255817 484.01004712283611 3430.1961256563663 249.37456278502941 257.14025536179543 419.30098612606525 6865.1498242616653 2495.5042295157909 988.63395510613918 4919.9476470649242 521.08476455509663 7385.0226283073425 336.1305625140667 10000.037584558129 1695.0784805864096 5302.8504504561424 816.09717045724392 2201.229165121913 27290.416461020708 620.9011864066124 1588.6240595281124 386.07836104929447 7282.5834495276213 294.07809093594551 823.05560663342476 6270.7161687016487 1312.4817504733801 348.20505014061928 269.65530866384506
leaf_count=5241 7258 4411 1955 13907 1004 1040 1711 27636 10031 3994 19799 2095 29717 1351 40319 6850 21380 3328 8876 109927 2533 6411 1559 29347 1186 3314 25362 5291 1398 1086
internal_value=9.36489e-05 3.12197e-05 -0.00351587 0.000116343 0.00067287 -0.00175621 1.93653e-05 0.000966686 0.00107415 0.000221987 0.00193214 0.0026729 0.00234388 -0.000150762 -0.000394318 0.000578333 -0.000969586 -0.00806624 -0.000973954 -0.000711997 0.00318176 -0.00204158 0.000525631 0.00069705 -0.00685927 -0.00026328 -0.00110441 0.002409 0.00525431 -0.0019237
internal_weight=99027.2 97726.8 2280.85 95446 45670.4 4922.73 3849.5 40747.7 40204.2 20176.9 20027.3 14771.3 14250.2 5256.08 49775.5 18586.6 8586.55 1073.24 31188.9 28987.7 1697.29 6891.47 19188.3 18802.2 543.453 11519.6 8766.22 2753.4 1660.69 1092.71
internal_count=399317 394076 9213 384863 184156 19986 15618 164170 161980 81382 80598 59448 57353 21150 200707 74960 34641 4368 125747 116871 6944 27791 77388 75829 2190 46482 35393 11089 6689 4400
is_linear=0
shrinkage=0.05


Tree=71
num_leaves=31
num_cat=0
split_feature=23 81 20 25 20 1 89 99 97 98 81 79 99 20 87 42 46 25 46 98 43 57 87 38 4 38 1 32 87 84
split_gain=11.2552 13.6662 12.1769 13.361 16.3573 15.3885 16.8345 14.3656 13.6429 14.6072 16.208 11.896 11.7019 11.0314 11.9529 11.0024 10.3992 10.5741 10.3413 10.1471 10.0579 9.92683 9.58068 10.0593 9.37286 10.769 9.16691 9.14285 9.29939 9.05428
threshold=0.13960000000000003 4.8940944640863338 13.500000000000002 0.43486350000000001 12.500000000000002 3.5000000000000004 0.57616645000000011 0.014875499999999988 1.027462698029481 -0.035588250718938501 9.2985801597778224 0.40000000000000291 -0.031845999999999985 14.500000000000002 0.047460500000000024 133.73402718791218 1.6936729678244646 0.37686250000000004 1.770756635182676 -0.08850107574063705 2106.8917477625523 11.269332815850884 -0.15636449999999996 0.11366850000000002 1.5000000000000002 0.13942700000000002 4.5000000000000009 0.080094350000000022 0.079607499999999984 0.47977951237097322
decision_type=8 2 2 8 2 2 10 10 2 2 2 2 10 2 8 8 8 10 8 2 10 8 8 10 2 10 2 8 10 2
left_child=-1 13 3 4 5 6 7 16 9 -7 -11 -6 -13 14 18 -15 -3 24 -2 -4 -10 -19 23 -14 25 -18 -17 -24 -29 -21
right_child=1 2 19 -5 11 8 -8 -9 20 10 -12 12 22 15 -16 26 17 21 -20 29 -22 -23 27 -25 -26 -27 -28 28 -30 -31
leaf_value=0.0028933244403338701 -0.004319103225978933 0.0058817561713040648 0.0068852261997757735 -0.0033226362763416882 0.010751800710835532 -0.0043233795987721773 0.0053310955694284047 -0.0074509372499785677 -0.010509096943095729 0.0056101664443604857 -0.0071368938811455663 -0.0066581112875107153 -0.010876575404051724 -0.010111675072438408 0.0020619980054506415 -0.0022792587495779658 -0.003922734768110215 -0.013022448832131321 -0.015471649952384182 -0.002513711193263643 0.00082903950441315572 -0.0017838552142007465 0.011823338848085131 0.0027654916517643657 -0.0063763342268859692 0.0082121138882858755 0.0057265595807762561 0.0029955131603132327 -0.0031749289649512409 -0.00022926884864168432
leaf_weight=3204.4752014130354 405.8547270745039 420.35253185033798 473.84231434762478 1640.5353834480047 417.23252393305302 550.36987181007862 600.20492209494114 1478.4037019610405 337.82228828966618 2764.4692701548338 265.48335906863213 348.3009897172451 257.58278524875641 273.90111285448074 253.03988993167877 985.49852867424488 290.11073523759842 365.88450166583061 440.23950938880444 4635.6058646589518 443.86303077638149 419.45983922481537 267.53385104238987 266.48491251468658 335.44033351540565 463.41351614892483 548.11113885045052 9777.163499712944 643.27367448806763 65440.570436313748
leaf_count=13062 1639 1691 1939 6662 1681 2241 2430 5951 1356 11134 1069 1403 1042 1104 1019 3978 1164 1478 1782 18914 1787 1689 1077 1072 1346 1860 2214 39385 2585 263511
internal_value=-1.69005e-05 -0.000114528 -8.72587e-06 0.00100796 0.0013524 -0.000292901 -0.0023861 -0.00362457 0.00180636 0.00311294 0.00447347 0.00255156 0.00224656 -0.0034846 -0.0074109 -0.00106941 -0.00113768 -0.0027348 -0.0102349 -0.000330954 -0.00414183 -0.00711771 0.00252887 -0.00401778 0.000462097 0.00354995 0.000600578 0.00285333 0.00261192 -0.000380724
internal_weight=99014.5 95810 92903.4 22353.4 20712.9 8735.28 4373.27 3773.07 4362.01 3580.32 3029.95 11977.6 11560.3 2906.64 1099.13 1807.51 2294.66 1874.31 846.094 70550 781.685 785.344 11212 524.068 1088.96 753.524 1533.61 10688 10420.4 70076.2
internal_count=399265 386203 374467 90103 83441 35196 17609 15179 17587 14444 12203 48245 46564 11736 4440 7296 9228 7537 3421 284364 3143 3167 45161 2114 4370 3024 6192 43047 41970 282425
is_linear=0
shrinkage=0.05


Tree=72
num_leaves=31
num_cat=0
split_feature=34 20 20 27 49 36 35 37 79 95 33 94 47 15 91 46 92 93 36 32 25 94 85 28 55 93 37 52 50 3
split_gain=10.4431 11.4266 16.8507 16.0759 15.8772 12.4023 14.7194 12.1989 12.4459 14.6657 13.1113 11.6878 11.6483 11.1245 11.0412 15.4436 13.2102 14.565 19.1423 14.1426 12.3982 12.2103 12.3057 11.4134 13.8633 16.4401 17.1608 11.5084 16.7739 11.4568
threshold=0.45002150000000007 13.500000000000002 12.500000000000002 0.59906550000000014 127.12240028526416 0.60524350000000016 0.15415500000000001 0.073563100000000006 0.40000000000000291 0.054263499999999999 12075.500000000002 0.3691155000000001 1.8527461581378863 75.750000000000014 0.058440500000000013 1.9977292927289625 0.020687500000000001 -0.0089474999999999954 0.51246750000000019 0.10058350000000001 0.41428750000000009 0.29129300000000008 0.52217539944638947 0.40750800000000004 1872.8698606450878 0.048740500000000013 0.37836250000000005 121.85844198207438 139.04913784632106 1.0000000180025095e-35
decision_type=8 2 2 8 10 10 10 8 2 10 2 10 10 2 8 10 8 10 10 10 8 10 2 10 10 8 10 8 8 2
left_child=-1 2 3 5 12 -2 -7 -4 -9 10 11 13 -5 -10 21 16 17 18 -16 -20 23 22 -3 24 25 -18 -27 -25 29 -29
right_child=1 14 7 4 -6 6 -8 8 9 -11 -12 -13 -14 -15 15 -17 20 -19 19 -21 -22 -23 -24 27 -26 26 -28 28 -30 -31
leaf_value=-0.0034272392124211036 -0.00068140656066595058 0.0067249857942507556 0.0095953760402892867 -0.00051106922608079835 0.013259325442462461 -0.0085814660905481881 0.0013708212483968464 0.0095390559669747115 -0.0052193244867793807 0.0031155341422384585 -0.008891059812638975 0.0018509597982309474 0.011017993538061349 0.0031063806980047692 0.0082423475122715712 0.0066824971066047406 -0.010670633093379969 -0.0055965928076165744 -0.013437107589633882 -0.00043269320468233055 0.0044044886919873492 -0.00019037582830301678 4.9738839174187872e-05 -0.006859330121510198 0.0066289981523126838 -0.0054941343215308969 0.0047730920090515109 0.015330368878422516 -0.000543268412063712 0.0015287873944344176
leaf_weight=2379.5471585690975 5701.8325586020947 1304.4429769217968 500.50462359189987 1428.6771465092897 320.08292964100838 1191.4065511077642 534.25384998321533 479.48880523443222 1397.3812031149864 6322.3313317596912 403.47013740241528 4032.045980706811 248.60571549832821 553.49343889951706 492.70122975111008 564.51741519570351 865.39320403337479 3540.4343016892672 260.78920854628086 920.38171379268169 1035.0346616953611 51101.583707153797 1454.5971752107143 640.42825108766556 273.90553018450737 1324.8184773474932 576.59165915846825 276.17136245965958 8626.047515630722 322.0726502686739
leaf_count=9614 22950 5316 2020 5763 1294 4820 2162 1934 5619 25515 1624 16266 1007 2228 1984 2269 3505 14272 1049 3709 4203 206050 5899 2573 1109 5356 2330 1108 34684 1294
internal_value=-0.000161917 -8.12137e-05 0.000888338 -0.000738231 0.00323346 -0.00180919 -0.00551015 0.00200797 0.00171297 0.00141043 -0.000279795 0.00031479 0.00125293 -0.0028534 -0.000385857 -0.00139778 -0.00163928 -0.00378387 6.072e-05 -0.00339262 -0.000834981 -1.51836e-05 0.00321861 -0.00125828 -0.00393115 -0.00499669 -0.00237197 -0.000431244 2.19929e-05 0.0080474
internal_weight=99073 96693.5 23113.6 9424.86 1997.37 7427.49 1725.66 13688.7 13188.2 12708.7 6386.39 5982.92 1677.28 1950.87 73579.9 19719.3 19154.8 5214.31 1673.87 1181.17 13940.5 53860.6 2759.04 12905.4 3040.71 2766.8 1901.41 9864.72 9224.29 598.244
internal_count=399526 389912 93202 37996 8064 29932 6982 55206 53186 51252 25737 24113 6770 7847 296710 79445 77176 21014 6742 4758 56162 217265 11215 51959 12300 11191 7686 39659 37086 2402
is_linear=0
shrinkage=0.05


Tree=73
num_leaves=31
num_cat=0
split_feature=94 48 88 24 80 65 48 29 51 59 26 98 94 45 28 46 64 84 93 74 74 54 28 87 26 23 88 35 53 59
split_gain=10.5161 11.5755 13.9619 28.6341 16.1657 12.6285 14.185 18.707 18.1294 13.1122 12.6423 13.3152 11.2516 10.6748 12.3838 11.761 10.4692 10.3763 10.3493 12.368 10.0149 9.90042 12.7832 11.7339 11.0446 12.4259 12.0751 12.0658 9.8937 23.436
threshold=0.49459800000000004 0.75717479939447119 0.0017154999999999811 0.18275800000000003 6.3500123540472702 -1.0000000180025095e-35 0.66581531985614617 0.55958850000000016 2242.0042180798778 5.2729469588214384 0.40611650000000005 -0.094672302168551117 0.45165350000000004 -16.734709507005739 0.46481650000000002 1.5654736200992427 6.5000000000000009 0.46447026951060694 0.0021805000000000023 1.5000000000000002 1.5000000000000002 128.36626580341098 0.44194450000000002 0.0099005000000000083 0.48919950000000006 0.23744650000000003 -0.0074504999999999702 0.15372950000000005 2518.7991900001198 7.1090591271117303
decision_type=8 8 10 10 2 2 10 10 10 2 10 2 10 10 10 10 2 2 8 2 2 10 10 10 10 10 8 10 10 2
left_child=1 5 21 -4 12 13 9 8 -8 -7 18 -12 -5 14 -1 -15 -2 -13 -11 -20 -10 23 -23 24 25 -3 27 -27 -19 -30
right_child=16 2 3 4 -6 6 7 -9 20 10 11 17 -14 15 -16 -17 -18 28 19 -21 -22 22 -24 -25 -26 26 -28 -29 29 -31
leaf_value=0.0036891092099105324 -0.001291916651667942 0.0060742845659876154 0.0010653083157190512 -0.017416048384971499 -0.0023966504934054755 0.0085836099518034684 0.0031484868432640188 -0.01512912926065698 -0.0016368906061285705 -0.00035032922680431201 0.0090799324601012719 -0.0057017529943562961 -0.0047854122017196282 0.0067927700830910142 -0.0064939951398398713 0.00085270755975761512 -0.0081835064229534901 -0.00058071136660916059 -0.00066403482909109003 -0.0082870932310019976 -0.0090140357808786258 0.0047750164688546677 -0.0017096926184595783 0.0071229502079602066 -0.0006744822100988294 0.0055561214072591559 -0.0035283564463747283 -0.0021504254175931307 0.0095385492929308952 0.00043695811435376673
leaf_weight=422.07676111161709 2396.7113381028175 2457.4970445781946 7653.6231804192066 372.45284397900105 1517.2276000231504 388.70116356015205 916.36025941371918 323.64497525990009 903.48882934451103 1796.7870302200317 366.90225844085217 880.19014158844948 346.34411001205444 864.10815225541592 967.86719726026058 18006.194415137172 707.68199004232883 36469.621089875698 853.56872144341469 1410.9709825366735 938.92683888971806 1016.3452863097191 2918.188721626997 1426.1463537663221 2349.2647694051266 1670.3506373912096 901.82394152879715 721.5191595107317 786.94454443454742 6296.4484998732805
leaf_count=1706 9808 9896 30882 1494 6086 1574 3690 1303 3637 7259 1479 3630 1397 3485 3884 72525 2918 146974 3454 5729 3790 4091 11764 5742 9456 6715 3632 2902 3180 25360
internal_value=-2.47712e-05 6.80396e-05 0.00103613 -0.000390133 -0.00535448 -0.000243465 -0.000653772 -0.00393868 -0.00257598 -0.000447421 -0.000521006 -0.000278513 -0.0114793 0.000816165 -0.00339748 0.00112817 -0.00288417 -0.000357815 -0.00318867 -0.0054293 -0.00542478 0.00208349 -2.67426e-05 0.00295415 0.00221232 0.00339065 0.00137601 0.00323213 -0.000248532 0.00146014
internal_weight=99048 95943.6 23350.8 9889.65 2236.02 72592.8 52332.6 3082.42 2758.78 49250.1 48861.4 44800.1 718.797 20260.2 1389.94 18870.3 3104.39 44433.2 4061.33 2264.54 1842.42 13461.1 3934.53 9526.6 8100.46 5751.19 3293.69 2391.87 43553 7083.39
internal_count=399442 386716 94057 39859 8977 292659 211059 12420 11117 198639 197065 180623 2891 81600 5590 76010 12726 179144 16442 9183 7427 54198 15855 38343 32601 23145 13249 9617 175514 28540
is_linear=0
shrinkage=0.05


Tree=74
num_leaves=31
num_cat=0
split_feature=20 44 86 90 90 30 88 32 32 45 92 91 16 50 48 92 20 57 33 92 79 85 84 28 95 22 64 35 90 44
split_gain=11.1961 14.1052 14.1197 13.7723 19.8162 14.1036 11.2438 11.1436 18.0111 25.994 19.0698 18.8342 13.1251 13.9471 12.2749 13.2698 11.9884 18.1795 15.7298 13.7211 13.2816 11.9772 11.0157 13.9432 11.8658 15.433 20.4931 12.1786 10.8649 10.743
threshold=13.500000000000002 28.220249511335421 0.015557500000000004 -0.036199550000000046 0.001780199999999982 0.073427450000000019 -0.025030499999999952 0.16924800000000004 0.17195600000000003 13.612617254836129 0.014428999999999999 0.065960000000000032 1.0650000000000002 145.90568889590506 0.58538520626371915 -0.0023669999999999937 14.500000000000002 13.910462123907896 2194.5000000000005 0.045617999999999999 68.950000000000017 0.55762527658576866 0.57444327847993015 0.53765250000000009 0.12107949999999999 0.53816450000000005 3.5000000000000004 0.15638850000000001 -0.066805850000000042 27.065332931340944
decision_type=2 10 10 8 10 10 10 10 10 8 10 10 2 10 10 10 2 8 2 10 2 2 2 8 10 10 2 10 10 10
left_child=1 22 3 5 -5 -3 -7 12 9 -9 11 14 13 -2 -10 -16 17 -12 29 -19 -21 -14 23 -1 27 26 -26 -25 -13 -18
right_child=7 2 -4 4 -6 6 -8 8 10 -11 16 28 21 -15 15 -17 18 19 -20 20 -22 -23 -24 24 25 -27 -28 -29 -30 -31
leaf_value=0.0027850632767455244 -0.00087411380634144049 -0.0085172083263921599 0.0020998460877785989 -0.00809783585316271 0.0013482514177852224 0.0022123474719788292 -0.0063345802042515612 -0.012875661825245695 -0.00084225431754649807 -0.00064261790703941542 -0.0059847259038808172 0.00066789125529797199 0.0012674065082852745 0.0019855336160838049 -0.012661736818219849 -0.0012671038413717998 0.0053288809667686957 0.0073225234542757638 -0.00029676977344808 -0.0087607196291967608 0.0056696212699619657 0.0095043100371311907 0.0098592329868045347 -0.001264436698046178 0.0059904135671165204 0.0093971153049796259 -0.011689743179802758 -0.01164069213178728 -0.010612724857731475 0.00085342271172003041
leaf_weight=9806.2855789810419 22393.592234149575 420.63470159471035 3435.2188059836626 1585.7052675634623 847.56994794309139 2921.0889936089516 433.1647512614727 742.06829191744328 6416.7392907291651 1030.2521802484989 1794.8151632249355 269.28180421888828 14041.7383582443 5256.2525845915079 481.86839951574802 536.88373398780823 2441.630092933774 590.52777886390686 13885.002647608519 396.28935353457928 253.7188286781311 446.01242654025555 423.17467226088047 2633.6574963927269 362.50780902802944 569.33360351622105 283.00367887318134 307.31727874279022 998.94076234102249 2969.7914746403694
leaf_count=39480 90279 1700 13867 6406 3416 11795 1748 2991 25821 4144 7242 1087 56684 21328 1940 2164 9828 2380 55942 1600 1023 1798 1733 10609 1464 2315 1142 1238 4026 11975
internal_value=7.20051e-05 0.00101096 -0.000468394 -0.00189059 -0.00481548 2.51505e-06 0.00109306 -0.000229132 -0.000919959 -0.00580808 -0.000639036 -0.00262287 0.000308829 -0.000329972 -0.00165655 -0.00672744 0.00013498 -0.00278068 0.00059482 0.00186574 -0.00312754 0.00152736 0.0020023 0.00175728 -0.000668807 0.00347016 -0.00182096 -0.00238448 -0.00823102 0.00287885
internal_weight=98974.1 24028.7 9643.38 6208.16 2433.28 3774.89 3354.25 74945.4 32807.8 1772.32 31035.5 8703.71 42137.6 27649.8 7435.49 1018.75 22331.8 3035.35 19296.4 1240.54 650.008 14487.8 14385.3 13962.1 4155.82 1214.85 645.511 2940.97 1268.22 5411.42
internal_count=399165 96913 38932 25065 9822 15243 13543 302252 132163 7135 125028 35038 170089 111607 29925 4104 89990 12245 77745 5003 2623 58482 57981 56248 16768 4921 2606 11847 5113 21803
is_linear=0
shrinkage=0.05


Tree=75
num_leaves=31
num_cat=0
split_feature=14 89 89 45 95 51 70 85 33 30 15 53 43 50 7 79 72 29 43 83 29 93 54 43 36 24 32 79 93 25
split_gain=11.5747 14.0363 17.6393 15.7136 15.9544 18.0946 13.6197 13.2118 13.8409 15.2914 12.8425 11.6474 16.7758 12.8945 15.8043 13.3441 11.6246 14.4471 11.5711 10.64 16.7367 10.5917 14.7427 10.5268 10.5077 11.745 11.9036 10.0792 12.7234 10.0694
threshold=1.0000000180025095e-35 0.41943625000000001 0.42224130000000004 -13.249827168206119 -0.039977499999999992 2233.4182399485749 1.5000000000000002 0.52805314397234471 1349.5000000000002 0.15735500000000002 12.350000000000003 2302.5178661082577 2169.4275605021389 141.51682329324976 1.5000000000000002 45.750000000000007 3.5000000000000004 0.42722850000000007 2028.7254809705325 0.52868878078357884 0.49887350000000003 0.091693500000000039 132.47854178732763 2315.2098048219696 0.55872650000000001 0.11997450000000001 0.10470650000000001 76.250000000000014 0.042975500000000007 0.33335100000000006
decision_type=2 8 8 8 10 10 2 2 2 10 2 10 10 10 2 2 2 10 8 2 8 10 8 10 10 10 10 2 8 10
left_child=6 3 -3 -2 -5 -6 11 8 -7 -10 -11 12 -1 27 15 -15 17 -8 -19 20 -14 23 -23 -4 25 26 -18 28 -13 -25
right_child=1 2 21 4 5 7 16 -9 9 10 -12 13 19 14 -16 -17 24 18 -20 -21 -22 22 -24 29 -26 -27 -28 -29 -30 -31
leaf_value=0.00020842854511553654 -0.0073694443813967815 0.011246228230670695 0.0010085425365213066 -0.0085910024608593354 0.0031853223077295042 -0.0086326658324864698 0.0028469081783383705 -0.0077471828772429502 0.0085710944423459095 0.0084244990506455435 -0.0040581238395691411 -0.0015658820551237831 -0.0033069141543396133 0.0007228621270448575 0.00019791718250734456 0.0066949177860358743 -0.016596326392236831 0.0045553384096918515 -0.0065356672062631335 -0.00011060397596188512 -0.014034416501258633 0.010019708908597007 -0.0033639919063814284 0.0048442722549802706 0.00029681345858226167 -0.001533409492827381 -0.0018661820238813787 -0.0063676760128259374 0.0072094114129843878 -0.0019763429787739394
leaf_weight=10914.179186433554 974.04224303364754 397.4603323340416 32931.774664849043 554.44551286101341 2700.9397635310888 402.26126512885094 619.97696778178215 835.16610744595528 528.81558234989643 249.5320005863905 993.36632609367371 1883.6155955791473 1237.221650287509 1413.330449655652 3691.1670495271683 2771.2571299225092 256.23170314729214 251.60522778332233 2585.4564100652933 1034.6889590322971 510.50705242156982 665.17020852863789 290.0383825302124 592.8963560461998 10021.126283198595 12939.308322966099 288.81149604916573 717.17648015916348 518.33548456430435 5305.1386424303055
leaf_count=44016 4008 1605 132639 2275 10918 1636 2549 3382 2140 1008 4025 7590 4995 5700 14886 11178 1031 1016 10453 4180 2052 2673 1165 2432 40470 52074 1162 2886 2085 21362
internal_value=-3.39947e-05 0.000529987 0.000895125 -0.00149539 -0.000571776 0.000220544 -0.000551762 -0.00244231 -0.000378224 0.00153385 -0.0015048 0.000296621 -0.000676178 0.00150797 0.00258462 0.00468441 -0.00132851 -0.00403164 -0.00553951 -0.00413442 -0.00650241 0.000788916 0.00596315 0.000660128 -0.000929402 -0.00184023 -0.00896526 -0.00121012 0.000349845 -0.00128367
internal_weight=99075 47421 40182.5 7238.57 6264.53 5710.08 51654 3009.14 2173.98 1771.71 1242.9 24691.5 13696.6 10994.9 7875.75 4184.59 26962.5 3457.04 2837.06 2782.42 1747.73 39785 955.209 38829.8 23505.5 13484.4 545.043 3119.13 2401.95 5898.03
internal_count=399591 191268 161876 29392 25384 23109 208323 12191 8809 7173 5033 99568 55243 44325 31764 16878 108755 14018 11469 11227 7047 160271 3838 156433 94737 54267 2193 12561 9675 23794
is_linear=0
shrinkage=0.05


Tree=76
num_leaves=31
num_cat=0
split_feature=23 41 30 97 34 88 7 48 84 36 23 89 91 37 58 26 15 80 51 80 89 23 89 36 30 91 98 99 91 33
split_gain=11.6224 12.361 12.2388 11.2708 11.055 17.8585 10.5498 12.863 10.2375 10.7575 10.393 10.1669 15.5211 13.2228 17.689 13.0132 12.4875 15.0136 12.1355 11.8261 14.7079 13.2656 11.2959 13.7412 12.7496 13.5239 12.0695 11.0165 10.8887 10.2058
threshold=0.23199050000000002 0.080954668801683977 0.40370350000000005 0.9036359128968845 0.45810800000000002 -0.056166500000000029 1.0000000180025095e-35 0.22087750618225108 0.45379621815783661 0.60430450000000013 0.31754550000000009 0.50984940000000012 0.059342499999999999 0.22177850000000002 5053.0000000000009 0.45887900000000009 40.750000000000007 8.4754332517324737 2214.863193933666 8.014831632406624 0.57892870000000018 0.16217050000000002 0.53231155000000008 0.46656000000000003 0.22749800000000003 0.12564650000000005 0.015213918506950976 -0.0081425000000000091 0.21860500000000002 9001.5000000000018
decision_type=8 10 10 2 8 10 2 10 2 10 10 10 10 10 10 10 2 2 10 2 10 10 10 10 10 10 2 10 10 2
left_child=1 11 4 -4 5 -2 7 -3 9 10 -6 13 16 14 15 -1 17 19 -15 21 -21 -13 -14 -24 -25 26 -26 -27 -20 -23
right_child=2 6 3 -5 8 -7 -8 -9 -10 -11 -12 12 22 18 -16 -17 -18 -19 28 20 -22 29 23 24 25 27 -28 -29 -30 -31
leaf_value=0.0083009606431510528 -0.014150034773113399 0.014037231967467062 -0.0012234243134817586 -0.013092848971412892 -0.0058192988641958023 -0.0015294373991147131 0.0013725497065844468 0.003273619950224297 -0.00022697517953163698 -0.010837862741020736 0.0066387585504757846 0.0039664928872147516 -0.0068772319762417447 0.002047727340598729 -0.0016938823998876038 0.0014097709770402624 0.0010638743446688829 -0.0045584353436758278 -0.0013976381714486293 0.0066415381034490755 -0.0021167240676719995 -0.002336468671865051 -0.0094882305765564574 -0.0043429494150058869 -0.0013406043764878236 -0.010140232622667446 0.011496461813768281 0.0029016520732186024 0.0076608746538268536 -0.011646745412578312
leaf_weight=1841.800692230463 364.71245874464512 424.80249583721161 440.46821966767311 359.88221770524979 420.3553561270237 1124.45630428195 2314.8466017395258 791.63877579569817 48985.351322367787 457.99354372918606 264.16098138689995 689.97952149808407 1345.2345871031284 6388.0713801831007 1091.1653317660093 1094.8752613514662 14195.41981741786 2558.2764047831297 6754.1064394265413 1182.2936581373215 795.20342768728733 1626.7585354298353 427.26871076226234 953.20859882235527 269.61154960095882 257.71709184348583 548.24464112520218 401.66134136915207 338.97468210756779 351.68347841501236
leaf_count=7391 1483 1718 1789 1455 1738 4547 9350 3219 197482 1915 1088 2790 5398 25653 4378 4391 57392 10373 27159 4757 3222 6541 1720 3856 1082 1039 2220 1621 1363 1417
internal_value=-4.81916e-05 0.000525882 -0.000559026 -0.00665629 -0.000463213 -0.00469412 0.00336563 0.00711627 -0.000336613 -0.0049946 -0.000985258 0.000292551 -0.000342412 0.00122069 0.00373073 0.00574523 0.000203625 -0.00149057 0.000468543 0.000204914 0.00312668 -0.00196392 -0.00311648 -0.00132834 0.000139158 0.00304106 0.00729956 -0.00227109 -0.000954561 -0.00404169
internal_weight=99060.2 46642.8 52417.4 800.35 51617 1489.17 3531.29 1216.44 50127.9 1142.51 684.516 43111.6 25602.6 17509 4027.84 2936.68 21399.6 7204.2 13481.2 4645.92 1977.5 2668.42 4202.95 2857.71 2430.44 1477.23 817.856 659.378 7093.08 1978.44
internal_count=399547 188050 211497 3244 208253 6030 14287 4937 202223 4741 2826 173763 103428 70335 16160 11782 86492 29100 54175 18727 7979 10748 16936 11538 9818 5962 3302 2660 28522 7958
is_linear=0
shrinkage=0.05


Tree=77
num_leaves=31
num_cat=0
split_feature=64 84 79 90 52 84 45 99 48 30 16 21 96 31 57 79 31 89 33 22 49 53 51 32 39 21 90 57 23 96
split_gain=10.843 13.2789 15.0324 12.5049 11.609 13.9294 14.463 11.4117 11.4034 10.4476 10.1472 12.6755 12.5057 12.3791 16.6203 13.2463 11.1719 12.4311 11.1295 10.6822 10.1954 10.8521 9.85097 9.69343 9.30639 9.24381 10.5829 18.7799 14.6879 18.8786
threshold=10.500000000000002 0.57444327847993015 49.850000000000001 0.015916100000000048 132.0677087772448 0.54453992395313955 15.121300749035429 -0.0048520000000000082 -0.58574924347740442 0.10268400000000001 0.78500000000000014 86.500000000000014 0.27417120000000006 0.24623900000000001 15.208581039479768 47.250000000000007 0.22394050000000001 0.53927120000000006 379.50000000000006 0.53226750000000012 121.24682103333451 2738.9893002444128 2365.3939890344022 0.12512450000000003 0.044484211869444075 6719.5000000000009 -0.037805350000000008 11.279588508007025 0.2163245 0.56757200000000008
decision_type=2 2 2 10 10 2 10 8 8 10 2 2 10 8 8 2 10 10 2 10 8 10 10 10 10 2 10 10 10 10
left_child=1 10 3 9 5 8 -7 24 -2 23 11 12 -1 16 19 -16 -13 -18 -12 -15 -20 25 -10 -3 -4 -22 27 -27 -28 -30
right_child=4 2 7 -5 -6 6 -8 -9 22 -11 18 13 -14 14 15 -17 17 -19 20 -21 21 -23 -24 -25 -26 26 28 -29 29 -31
leaf_value=0.0013538062797146975 -0.010259643610732137 0.0026988126579760912 -0.0060402512491568054 0.011607769651617979 0.0040356691530222168 -0.0042894357834642972 -0.018399126621568479 0.0036948789881466335 -0.0017822326096330638 0.0051434724736464316 -0.0024756805855991083 -0.00052514300119620063 -0.0087256700782202077 -0.0016907791462049335 0.0026939747984087757 0.015583939244964165 -0.0049126247960139284 0.0053246463608748393 0.0028368255451555816 0.0053652309776216645 0.00084538900889874263 -0.0053003004292627295 0.0083457230084235234 -0.0093313336757329165 0.0014448297917437816 0.0095675780524300726 0.00050194234238249607 -0.00080952097519422766 -0.0080371738712536837 0.0028089944259527154
leaf_weight=457.43047839403152 354.76866373419762 418.94970054924488 979.59494331479073 534.02994902431965 597.51689922809601 533.07303221523762 272.53448110818863 1055.7419724315405 2682.0498918294907 1896.9145927727222 3125.189490288496 35230.81907017529 915.40575265884399 1795.6143875569105 441.06370359659195 361.54068331420422 2577.3647459000349 326.6295020878315 4580.6422021687031 753.1426205188036 30173.614341035485 823.62484428286552 253.69109033048153 265.4250024408102 709.9848700016737 529.12723697721958 1837.1569349169731 2272.6848691999912 1716.4511769413948 517.04551559686661
leaf_count=1851 1453 1687 3985 2194 2411 2146 1096 4325 10850 7707 12611 142004 3699 7260 1781 1456 10379 1317 18439 3024 121558 3373 1027 1079 2868 2129 7433 9142 6912 2072
internal_value=-8.40684e-05 3.27979e-05 0.00233558 0.00470695 -0.00242699 -0.00337726 -0.00922976 -0.000362701 -0.00192078 0.00323998 -0.000120056 -0.000672281 -0.00538167 -0.000515181 0.0023939 0.0086207 -0.000771397 -0.00374686 0.000399286 0.00040705 0.000611474 0.000341622 -0.000881668 -0.0020341 -0.00290492 0.000468452 -0.00118532 0.00117727 -0.00281037 -0.005525
internal_weight=98988.8 94295.2 5860.64 3115.32 4693.63 4096.12 805.608 2745.32 3290.51 2581.29 88434.5 42859 1372.84 41486.2 3351.36 802.604 38134.8 2903.99 45575.5 2548.76 42450.3 37869.7 2935.74 684.375 1689.58 37046.1 6872.47 2801.81 4070.65 2233.5
internal_count=399268 380285 23845 12667 18983 16572 3242 11178 13330 10473 356440 172771 5550 167221 13521 3237 153700 11696 183669 10284 171058 152619 11877 2766 6853 149246 27688 11271 16417 8984
is_linear=0
shrinkage=0.05


Tree=78
num_leaves=31
num_cat=0
split_feature=5 65 93 72 48 47 37 87 54 47 42 34 40 85 48 98 32 41 93 57 93 22 6 35 61 91 44 0 1 56
split_gain=14.7849 23.6524 15.5457 15.0357 13.5366 16.2293 14.2052 14.1617 13.7854 12.9496 18.0881 13.2769 12.6509 12.4045 13.0024 19.1735 14.2491 18.5652 17.4265 17.7062 16.7328 14.4066 12.6014 12.2067 11.9608 11.7237 12.2893 11.5015 11.3925 11.3812
threshold=1.5000000000000002 -1.0000000180025095e-35 0.095307300000000025 3.5000000000000004 0.64510450371738826 1.7110529576837867 0.31757450000000004 0.093883500000000022 128.24106723507063 1.740433108233143 133.92959636663917 0.52127050000000008 0.066760611184537119 0.59114563365332484 -0.50354630243272791 -0.029659771268429721 0.18871800000000002 0.063075388759143092 -0.020870699999999996 8.8453719486591496 0.061991999999999998 0.47350900000000001 2.5000000000000004 0.14066250000000005 1.0000000180025095e-35 -0.053813149999999983 27.710472033485704 6.5000000000000009 1.0000000180025095e-35 2.8959068019267264
decision_type=2 2 10 2 10 10 8 8 8 8 8 10 10 2 8 2 10 10 8 8 10 10 2 10 2 10 8 2 2 10
left_child=1 2 9 24 6 8 -2 -8 23 -1 11 -11 -9 14 15 29 18 22 19 -16 21 -19 -18 -6 -3 26 -21 -10 -20 -5
right_child=4 3 -4 13 5 -7 7 12 27 10 -12 -13 -14 -15 16 -17 17 20 28 25 -22 -23 -24 -25 -26 -27 -28 -29 -30 -31
leaf_value=0.0025980652336469942 0.0023525987561265923 -0.002665202307080288 0.0089945073125848509 0.0053206400349436753 0.013375829741108673 -0.0054441331373716925 0.00049078590984670794 -0.0013895906863827035 0.001376504164345654 -0.00089525623370212317 0.00051892455440467661 -0.011072883518010059 -0.014801405993921934 0.0054546183094231508 0.0040185998503444063 0.0040809205201796069 -0.0020385368473884134 0.00081019670967424949 0.01039014271416918 0.0034497827934162765 -0.0014532726465783738 -0.0077555736677227486 0.0038951752338194402 0.0019064215831154944 -0.010834254801960801 -0.0055201014080707737 -0.0036899485124841933 -0.0062032721954449364 0.00016550616765500904 -0.0065070884808756044
leaf_weight=6603.0522720068693 15227.733135014772 5550.1288032382727 591.91257198154926 259.66740241646767 286.28525488078594 1696.3525768965483 11125.868239030242 453.18015174567699 1082.7138788551092 673.45255118608475 10499.757497146726 604.65234205126762 279.74877001345158 802.92994123697281 866.88871511816978 2867.2827799320221 2381.9799005389214 578.97035402059555 266.35783432424068 950.43489535152912 3097.985473498702 3151.8603900671005 1419.5068997889757 1090.2222875505686 479.32198449969292 3392.825960740447 1609.6290686428547 916.03933870792389 19232.26865144074 833.57460197806358
leaf_count=26608 61451 22514 2382 1043 1154 6851 44860 1828 4353 2710 42323 2432 1132 3233 3495 11535 9601 2344 1074 3856 12469 12683 5730 4393 1955 13694 6480 3685 77545 3406
internal_value=1.82815e-05 -0.00040621 0.00108682 -0.000999655 0.000898773 -0.00146989 0.00134265 4.49083e-05 0.000537684 0.000827423 -0.000166618 -0.00575872 -0.00663902 -0.000661874 -0.000783227 0.00193615 -0.00107516 -0.00261925 -0.000450731 -0.00262426 -0.0041764 -0.00642768 0.000181567 0.00437109 -0.00333148 -0.00359675 -0.00103618 -0.00211094 0.000310432 -0.003675
internal_weight=98872.6 66714.4 18972.8 47741.6 32158.1 5071.61 27086.5 11858.8 3375.26 18380.9 11777.9 1278.1 732.929 41712.2 40909.2 3960.52 36948.7 10630.3 26318.4 6819.78 6828.82 3730.83 3801.49 1376.51 6029.45 5952.89 2560.06 1998.75 19498.6 1093.24
internal_count=398819 269112 76455 192657 129707 20436 109271 47820 13585 74073 47465 5142 2960 168188 164955 15984 148971 42827 106144 27525 27496 15027 15331 5547 24469 24030 10336 8038 78619 4449
is_linear=0
shrinkage=0.05


Tree=79
num_leaves=31
num_cat=0
split_feature=83 19 86 93 90 88 71 54 26 49 59 3 86 34 86 43 91 48 51 92 37 22 89 70 53 15 52 86 28 89
split_gain=10.2098 16.5067 13.7209 17.3568 12.3471 11.1398 10.8308 14.0768 10.397 13.304 12.0252 11.8128 12.8395 11.0603 11.0426 13.2118 12.1371 13.2755 10.9004 19.6313 17.5712 10.2739 9.93118 14.4318 11.0745 13.5747 10.9736 13.8393 12.2769 9.86504
threshold=0.46607551239166883 15.500000000000002 0.039577000000000036 0.030949500000000008 0.0045799999999999738 -0.068913999999999989 1.0000000180025095e-35 130.56099869801122 0.40842250000000008 124.45349697577096 8.2758830445716871 2.5000000000000004 -0.12340449999999999 0.43482100000000007 0.026973500000000043 2263.7306742316205 0.0014684999999999978 0.53373436448658296 2188.1428612655977 0.02746249999999999 0.30136050000000009 0.47143000000000007 0.50238000000000016 1.0000000180025095e-35 2328.0536817527259 63.600000000000009 118.8666274829849 0.1063475 0.53930600000000017 0.44877495000000006
decision_type=2 2 10 10 8 10 2 8 10 10 2 2 10 8 10 10 10 10 10 10 10 8 10 2 8 2 10 10 10 10
left_child=1 6 3 4 -3 -5 7 -1 9 22 13 14 -13 -10 -12 18 -17 -18 19 20 -16 -11 23 -2 25 29 28 -28 -24 -25
right_child=8 2 -4 5 -6 -7 -8 -9 10 21 11 12 -14 -15 15 16 17 -19 -20 -21 -22 -23 26 24 -26 -27 27 -29 -30 -31
leaf_value=0.011162189417530574 0.0065272485271079652 -0.0015713913084244046 -0.0080858064078405019 -0.0014870238908135588 0.0080982744648444762 -0.014406129189071474 -0.001798607461278536 0.00060942939334357774 -0.0052271991655051123 0.0010058017219179206 0.00041418315851541004 -0.012484852849165251 -0.0023327653854766542 0.00080149308886939526 -0.0025921583641476294 -0.0088414862659992512 0.0074554060683146078 -0.0062283302281253188 0.00036816737806001729 0.0048787612031664825 -0.014686296799973055 -0.0055818381162568561 -0.001627161161676604 -0.0062517017537882837 0.0019738730549706774 -0.011492865119841968 -0.0032640347083111713 0.0070757637153156076 -0.015312657245244632 0.0064070018257432193
leaf_weight=482.55651639401913 1014.0025047957897 2548.657587453723 1251.6250141859055 285.87106664478779 369.046526029706 399.51319539546967 1447.1409373283386 885.2064037322998 762.48572862148285 767.06562660634518 19245.965874031186 361.58033265173435 1973.4462736546993 50817.459106579423 767.87201976776123 1084.1854223310947 298.03502206504345 407.51489152014256 5338.0983675271273 432.48041674494743 489.0673106610775 2541.119779497385 348.36667160689831 289.60264480113983 1752.7358541339636 407.98505157232285 1202.0767801851034 431.53736989200115 303.99419644474983 306.50796855986118
leaf_count=1942 4094 10452 5104 1184 1508 1633 5940 3582 3076 3125 77460 1458 7957 204623 3095 4352 1197 1635 21661 1738 1963 10294 1400 1172 7087 1649 4833 1736 1221 1234
internal_value=-8.10227e-05 -0.00183199 -0.00359564 -0.0020178 -0.000324838 -0.0091165 0.00121163 0.00438651 6.61817e-05 -0.00151118 0.000246538 -0.00054218 -0.00395136 0.000711377 -0.000257209 -0.00172151 -0.00554422 -0.000424701 -0.000741464 -0.00422913 -0.00737669 -0.00405594 -0.000116853 0.0014585 -0.000422718 -0.00458439 -0.00271051 -0.00050623 -0.00813938 0.000255466
internal_weight=99012.8 7669.62 4854.71 3603.09 2917.7 685.384 2814.9 1367.76 91343.2 9364.99 81978.2 30398.2 2335.03 51579.9 28063.2 8817.25 1789.74 705.55 7027.52 1689.42 1256.94 3308.19 6056.81 3770.83 2756.83 1004.1 2285.98 1633.61 652.361 596.111
internal_count=399405 31345 19881 14777 11960 2817 11464 5524 368060 37845 330215 122516 9415 207699 113101 35641 7184 2832 28457 6796 5058 13419 24426 15236 11142 4055 9190 6569 2621 2406
is_linear=0
shrinkage=0.05


Tree=80
num_leaves=31
num_cat=0
split_feature=0 58 92 87 24 58 2 64 46 27 37 52 50 46 95 14 72 97 52 57 89 39 64 45 34 58 32 67 44 97
split_gain=9.61449 13.7773 9.2075 10.3621 16.1425 11.327 13.5002 10.9707 10.1433 9.82857 14.2071 11.6518 12.0234 9.4445 9.41247 9.24939 14.2927 13.4296 12.9836 15.0107 11.7349 13.6997 12.8396 11.3625 11.7208 11.2198 10.9708 12.5103 15.0319 10.6301
threshold=9.5000000000000018 1355.5000000000002 0.12894750000000002 -0.15192949999999994 0.11304450000000001 2427.0000000000005 5.5000000000000009 3.5000000000000004 1.7284138864399619 0.22474750000000002 0.38328800000000007 125.91607629033186 139.91824839492378 1.8761999029106167 0.058285500000000025 1.0000000180025095e-35 3.5000000000000004 1.0761384303107862 118.17308635723457 6.8539622810191778 0.40224105000000004 0.035770151718391992 4.5000000000000009 -7.0312186480752628 0.52041850000000012 574.00000000000011 0.22496950000000002 1.0000000180025095e-35 23.9968693615299 1.0011586259088479
decision_type=2 8 10 8 10 10 2 2 8 8 10 10 10 10 10 2 2 2 8 8 10 8 2 8 8 10 8 2 10 2
left_child=2 -2 3 4 -1 7 -7 -6 -4 10 11 12 -5 -8 -10 16 20 23 -17 25 -11 22 -22 26 -25 -20 27 -18 -29 -23
right_child=1 -3 8 9 5 6 13 -9 14 15 -12 -13 -14 -15 -16 18 17 -19 19 -21 21 29 -24 24 -26 -27 -28 28 -30 -31
leaf_value=0.0070707623346005864 0.0086806707676889989 0.0010011950554976454 0.008060796050167008 -0.0078996243838587703 -0.003013071628579007 0.0076910649799929141 -0.005519155118292568 -0.01103366111996085 0.0048325612879863708 0.0042154787962650634 0.0053227144378568568 -0.011000319368364715 0.0068144063683268172 0.0051733136002060616 -0.0031063578726695223 0.0054850230024227776 0.0049766553310548363 -0.0087408490440755576 -0.010445877637954926 0.00061621174082379182 0.0034635629351427869 -0.003862670042067964 -0.0057445957358302213 -0.0012365843655719638 0.00057796914936531667 -0.0017830355801463742 -0.0064933624086083944 -0.011412120195718384 0.0020403804512369238 -0.010666212675777449
leaf_weight=364.62583075463772 708.95861537754536 3130.9971973448992 690.25066860020161 288.44574549794197 949.44925035536289 351.33235278725624 975.49569530785084 779.88969522714615 714.80429564416409 533.58273562788963 310.4773171544075 651.58172404766083 249.78486347198486 252.78206366300583 760.35209426283836 1270.3698589503765 2709.7401816248894 441.03152613341808 450.21438521146774 38141.778653249145 1084.1047737896442 2987.7872570753098 568.88131587207317 18232.410442963243 17367.561399176717 2024.0370361506939 309.17322142422199 268.08208614587784 811.58157029747963 709.04044510424137
leaf_count=1470 2859 12630 2786 1171 3851 1413 3929 3168 2888 2194 1259 2646 1013 1019 3061 5143 10922 1777 1835 153810 4367 12103 2297 73505 70002 8157 1245 1076 3273 2859
internal_value=-1.17416e-05 0.0024379 -0.000110745 -0.000185874 -0.00278479 -0.00388885 -0.0008182 -0.0066728 0.00310482 -7.87928e-05 -0.00407811 -0.00655514 -0.00107132 -0.00329462 0.000747175 -1.00831e-05 -0.000499312 -0.000161682 0.000527452 0.000371079 -0.00279862 -0.00350476 0.000279053 -6.4194e-05 -0.000351435 -0.00339503 0.00242554 0.0031684 -0.00137397 -0.00519282
internal_weight=99088.6 3839.96 95248.6 93083.2 3673.57 3308.95 1579.61 1729.34 2165.41 89409.7 1500.29 1189.81 538.231 1228.28 1475.16 87909.4 46023 40139.6 41886.4 40616 5883.4 5349.81 1652.99 39698.5 35600 2474.25 4098.58 3789.4 1079.66 3696.83
internal_count=399728 15489 384239 375504 14850 13380 6361 7019 8735 360654 6089 4830 2184 4948 5949 354565 185620 161800 168945 163802 23820 21626 6664 160023 143507 9992 16516 15271 4349 14962
is_linear=0
shrinkage=0.05


Tree=81
num_leaves=31
num_cat=0
split_feature=69 54 14 41 44 43 28 28 88 53 59 92 19 31 45 38 84 94 88 31 95 88 88 87 5 42 15 26 94 43
split_gain=8.88573 13.2439 9.97073 14.6012 16.3357 16.045 14.0732 12.0149 11.9924 15.0499 13.1711 14.7431 12.6128 13.6131 12.4052 11.9153 11.7868 16.9801 11.9801 11.8959 11.4483 9.95796 9.73846 11.663 10.2119 9.7188 10.9809 9.53368 13.1039 10.6043
threshold=1.0000000180025095e-35 135.37471715518376 1.0000000180025095e-35 0.071508217900045565 22.238014547435231 2352.6229171215432 0.68801250000000014 0.30782500000000007 0.00093749999999998012 2257.7686544119638 7.0900764885537493 0.060129000000000009 17.500000000000004 0.098450400000000007 22.369106894513262 0.13865750000000002 0.52081589284266205 0.38922650000000009 0.0067234999999999942 0.14040950000000005 0.12107949999999999 -0.05866550000000003 -0.1123 -0.056289500000000013 1.5000000000000002 136.1985424452823 93.750000000000014 0.40002900000000008 0.29651550000000004 2315.2098048219696
decision_type=2 10 2 8 10 10 10 8 10 10 2 10 2 8 10 10 2 10 10 10 10 10 8 10 2 10 2 10 8 10
left_child=2 22 3 4 5 -1 8 -4 12 14 -11 -12 -5 -14 15 -10 17 -17 -18 -20 -19 -7 -2 -24 -25 -6 -27 28 -9 -29
right_child=1 -3 7 6 25 21 -8 27 9 10 11 -13 13 -15 -16 16 18 20 19 -21 -22 -23 23 24 -26 26 -28 29 -30 -31
leaf_value=0.0020805298132558457 -0.011778270716749421 0.0062001249230866952 -0.0056040140297823173 -6.9172567024933715e-05 -0.0034779224945133435 0.0015209334091663058 0.011782109502323288 0.0065849167346195324 -0.0045013547694956824 0.0064583677252661635 -0.0013582941407219904 0.010299234823005481 -0.0083567282446839735 0.0032532400382343655 -0.009489597873707456 0.013153484993693619 0.0060197597380186804 -0.0021329287245913666 -0.00084150405613679787 -0.010927061669866652 0.0071624589550436839 -0.011097276187258885 0.0024381953611955229 -0.0060194415905195512 6.8656086030860619e-05 -0.0017814972319584921 0.0028745755687078199 0.0012741272897717161 -0.0030585493786717067 -0.00089900612392121567
leaf_weight=4682.9356813579798 284.98083785176277 421.01199820637703 755.89288718998432 9239.3145471811295 7384.2869684994221 250.54194535315037 257.45876787602901 391.81174537539482 2459.9158756434917 943.59598705172539 2845.031618565321 289.6910962164402 253.58976972103119 6326.9617036879063 579.01090922951698 310.3320636600256 269.46327508985996 1144.531028971076 633.73056155443192 535.69873374700546 454.5821101218462 396.54307363927364 958.8409202247858 1943.6437244862318 1063.516779884696 8346.5032025873661 1483.2112890183926 34376.509261399508 2872.212798371911 6701.5093625932932
leaf_count=18852 1157 1704 3096 37300 29754 1007 1040 1578 9934 3821 11491 1167 1019 25454 2325 1259 1086 4607 2574 2161 1821 1600 3886 7859 4298 33728 5986 138509 11647 27082
internal_value=-3.67259e-05 -0.00216274 6.89526e-05 -0.000424111 -0.00135953 0.00105777 0.000370596 0.000605604 0.000254385 -0.00105807 0.00131284 -0.000251655 0.00112276 0.00279383 -0.0025716 -0.00186684 7.62928e-05 0.00264582 -0.00332825 -0.00551503 0.000537574 -0.00626289 -0.0030036 -0.00234505 -0.00387322 -0.00210819 -0.00107673 0.000712698 -0.00188438 0.000919468
internal_weight=98856.9 4671.99 94184.9 49086.9 22544 5330.02 26542.9 45097.9 26285.4 10465.6 4078.32 3134.72 15819.9 6580.55 6387.26 5808.25 3348.34 1909.45 1438.89 1169.43 1599.11 647.085 4250.98 3966 3007.16 17214 9829.71 44342 3264.02 41078
internal_count=398802 18904 379898 197986 90927 21459 107059 181912 106019 42246 16479 12658 63773 26473 25767 23442 13508 7687 5821 4735 6428 2607 17200 16043 12157 69468 39714 178816 13225 165591
is_linear=0
shrinkage=0.05


Tree=82
num_leaves=31
num_cat=0
split_feature=20 74 28 34 15 91 98 58 48 86 48 54 57 93 30 22 7 30 1 48 20 48 16 83 46 52 87 90 29 89
split_gain=11.0973 13.6814 15.0865 12.9143 12.8905 11.1717 15.4674 12.9705 10.8831 13.9605 14.1263 10.815 10.8919 20.8878 10.5079 19.6553 13.0575 13.3622 13.366 11.8108 12.8015 14.6428 11.5218 10.2503 11.9115 11.6282 14.0558 10.4107 10.1968 12.1236
threshold=13.500000000000002 1.0000000180025095e-35 0.35879750000000005 0.45002150000000007 52.150000000000013 -0.034837349999999982 -0.044273291899817928 1262.5000000000002 0.52730755645687466 0.022268500000000028 0.86952299943943689 112.41896162161851 14.396762157162895 0.011762499999999997 0.20091750000000003 0.49450750000000004 10.500000000000002 0.22926250000000004 5.5000000000000009 -0.44782859353978016 16.500000000000004 0.33646485037753943 2.8150000000000004 0.4811082902450195 1.7319522494565875 124.69034297522566 0.026686500000000033 0.039596450000000068 0.57158650000000011 0.53821030000000014
decision_type=2 2 10 10 2 10 2 8 10 8 10 10 10 10 8 10 2 10 2 8 2 8 2 2 8 8 10 10 10 8
left_child=3 2 4 -1 -2 7 -7 -4 14 10 -10 -11 28 -14 15 22 17 -16 -19 -20 -21 -22 -3 24 -8 -25 -27 -28 29 -13
right_child=1 8 5 -5 -6 6 23 -9 9 11 -12 12 13 -15 16 -17 -18 18 19 20 21 -23 -24 25 -26 26 27 -29 -30 -31
leaf_value=-0.0045982207509110045 0.015949460935820042 -0.0012681898787339414 0.0092939534451759662 0.0012384375819338371 0.0027601392856230864 -0.0064944842712434201 -0.0030006689297739707 0.0016473160717580067 -0.0014742207905709048 0.0060145894510153543 0.0037060330803287546 -0.0040932188269337073 -0.0061998012316700707 0.0082730488878280835 -0.0042538338356392083 0.0012640705083740559 0.0081526427110286681 0.00030652847439056544 0.0035538250558756809 -0.013199407296882385 -0.012635247951982204 0.0014350968856639938 -0.01171702508917557 0.0032339856033314083 0.0080262373640801864 -1.6634872783746778e-05 -0.0090492814229384162 -0.0010013234440687914 -0.0010765982373648435 -0.010450909161935994
leaf_weight=978.6352507174015 284.50745782256126 8627.8279812335968 621.14321595430374 23065.118581324816 513.93008816242218 887.34772928059101 342.2271882891655 4638.4391387701035 8392.666817009449 256.43201026320457 1550.6618535369635 1722.3202151954174 540.08770810067654 445.95119573175907 3527.723868727684 18737.515278413892 339.21526598930359 7262.7506797164679 342.29647831618786 481.419358253479 259.58671708405018 583.24807165563107 262.38840486109257 2047.5517588853836 814.07308040559292 7502.5585324466228 822.98043523728848 781.74676756560802 994.86901161074638 1349.2111844569445
leaf_count=3957 1158 34943 2511 93049 2090 3602 1383 18730 33801 1047 6236 6930 2173 1793 14222 75564 1370 29303 1381 1941 1043 2356 1064 8239 3293 30203 3315 3163 4023 5416
internal_value=6.4645e-05 -0.000235275 0.00091322 0.000999059 0.00759905 0.000620054 -0.000156874 0.00256629 -0.000632593 -0.00177019 -0.000663449 -0.00383793 -0.00434888 0.00036311 -0.000203041 0.000345621 -0.00138697 -0.00165308 -0.00062198 -0.00464607 -0.00677635 -0.0029958 -0.0015894 0.000304821 0.00476489 -0.000161359 -0.000927429 -0.00515918 -0.00548955 -0.00691077
internal_weight=98976.4 74932.7 19256.5 24043.8 798.438 18458.1 13198.5 5259.58 55676.2 15252.2 9943.33 5308.87 5052.44 986.039 40424 27627.7 12796.2 12457 8929.3 1666.55 1324.25 842.835 8890.22 12311.1 1156.3 11154.8 9107.29 1604.73 4066.4 3071.53
internal_count=399299 302293 77687 97006 3248 74439 53198 21241 224606 61419 40037 21382 20335 3966 163187 111571 51616 50246 36024 6721 5340 3399 36007 49596 4676 44920 36681 6478 16369 12346
is_linear=0
shrinkage=0.05


Tree=83
num_leaves=31
num_cat=0
split_feature=35 33 95 87 87 90 46 54 16 16 13 16 0 58 36 36 6 33 46 5 52 40 8 95 15 95 90 88 27 90
split_gain=10.7371 12.1374 14.6656 11.0886 10.6928 10.3778 10.2188 14.3037 10.8048 10.1475 10.9032 14.6004 9.94366 17.0967 13 10.2379 10.8728 10.1852 11.3429 11.394 10.8362 10.6708 9.92045 16.5051 10.9572 10.0193 9.94752 9.85349 9.67211 9.66282
threshold=0.14090850000000002 402.50000000000006 0.061566500000000003 0.093883500000000022 -0.15636449999999996 0.10403205000000006 1.7656060100945103 126.47192329894948 0.025000000000000005 0.65500000000000014 1.0000000180025095e-35 1.8650000000000004 9.5000000000000018 1355.5000000000002 0.52778400000000014 0.50839850000000009 1.5000000000000002 3987.5000000000005 2.0601088169748039 1.5000000000000002 118.09730032563967 0.1505248893816919 8.5000000000000018 0.12154350000000004 97.050000000000011 0.05084700000000001 -0.058282500000000036 0.035487999999999999 0.60088500000000011 -0.17124755
decision_type=10 2 10 10 8 10 8 8 2 2 2 2 2 8 10 8 2 2 10 2 8 10 2 8 2 10 8 10 8 8
left_child=1 2 -1 4 -3 -5 7 -6 -9 27 -11 -12 17 -14 15 16 -15 20 19 29 -2 -22 23 28 -24 -26 -25 -10 -21 -19
right_child=12 3 -4 5 6 -7 -8 8 9 10 11 -13 13 14 -16 -17 -18 18 -20 22 21 -23 24 26 25 -27 -28 -29 -30 -31
leaf_value=0.00049273828143536291 0.0058157813414675451 -0.003651448401264855 -0.0060213189487002949 -0.0083568573001661737 -0.0045547235681989628 0.0010496870734440582 0.0029697208051434076 0.010257594874228346 -0.0030952204120075267 0.0037194798425819291 0.0041579370841455564 -0.012176424662893565 0.010514935492183167 0.0047748658755607954 0.004490321438155742 -0.010465584620755948 -0.0055423636006298009 0.0056625785310490812 0.0076964036362350899 -0.002665227678164666 -2.1241981822338971e-05 0.0083853462423600263 0.0045860763912323231 0.010171347544238034 0.0032179855781033044 -0.0094789313139967205 0.0014781584166103311 0.0060041900391019547 0.0021130228054901715 -0.0017404666520336844
leaf_weight=2628.7336546778679 837.53453546762466 881.49584713578224 1276.1278825700283 536.11162061989307 1152.7081675380468 628.9303722679615 10425.220181629062 322.50337629020214 1881.4161645621061 3144.3749455213547 268.20049484074116 261.43475358188152 533.60639578104019 519.52940882742405 1192.5098321437836 310.89192385971546 483.22413408756256 438.61547583341599 365.10940618813038 5995.275508120656 30128.197847545147 372.27038753032684 2087.8504333198071 365.72829578816891 309.92162600159645 294.20106121897697 2696.8198540657759 343.51562593877316 1277.9763171672821 26902.00800435245
leaf_count=10615 3394 3560 5140 2162 4636 2546 42068 1301 7583 12673 1083 1055 2151 2090 4821 1254 1945 1775 1471 24168 121538 1508 8416 1469 1253 1185 10901 1387 5159 108540
internal_value=-2.72591e-05 0.000899159 -0.00164603 0.00140053 0.00169611 -0.00331316 0.00196285 0.000537281 0.00148652 0.000990447 0.00260159 -0.00398114 -0.000320281 0.0024763 0.00072974 -0.0026922 -0.000202612 -0.000438559 -0.000959818 -0.00104 0.000239069 8.40785e-05 0.000176853 -0.00052786 0.00287453 -0.00301894 0.00254602 -0.00166975 -0.0018239 -0.00161968
internal_weight=98862 23750.8 3904.86 19845.9 18680.9 1165.04 17799.4 7374.15 6221.45 5898.94 3674.01 529.635 75111.3 3039.76 2506.16 1313.65 1002.75 72071.5 40733.5 40368.4 31338 30500.5 13027.8 10335.8 2691.97 604.123 3062.55 2224.93 7273.25 27340.6
internal_count=398847 95809 15755 80054 75346 4708 71786 29718 25082 23781 14811 2138 303038 12261 10110 5289 4035 290777 164337 162866 126440 123046 52551 41697 10854 2438 12370 8970 29327 110315
is_linear=0
shrinkage=0.05


Tree=84
num_leaves=31
num_cat=0
split_feature=34 55 64 46 49 56 33 27 41 50 35 15 31 79 22 25 27 27 91 8 35 45 29 25 37 29 33 25 79 94
split_gain=9.18424 9.83745 8.19975 9.74621 8.42556 8.93778 9.99557 13.0833 9.76648 13.0069 8.09089 10.8358 10.549 10.0176 9.5791 12.3862 8.45736 8.9662 10.835 7.81795 10.7733 11.8883 11.5817 8.25756 7.8515 7.81112 10.3722 8.17113 9.98163 10.7414
threshold=0.47854450000000009 1301.6617240531675 10.500000000000002 2.0601088169748039 132.37259777091901 2.1777651606268282 1615.5000000000002 0.34680300000000003 0.079223396981154035 143.33190379559241 0.15372950000000005 75.15000000000002 0.14955300000000002 38.350000000000001 0.45378400000000002 0.41611450000000005 0.41206800000000005 0.53804800000000008 0.045315500000000002 1.5000000000000002 0.13601550000000004 21.112066738455912 0.45920550000000004 0.39027350000000005 0.29252000000000006 0.42873750000000005 153.50000000000003 0.33393850000000008 25.950000000000006 0.42022850000000006
decision_type=8 8 2 10 10 8 2 10 10 10 10 2 8 2 8 8 10 10 10 2 10 8 8 10 10 10 2 10 2 10
left_child=1 -1 3 4 5 6 7 -2 9 -9 14 12 -12 -14 -8 16 -16 18 -18 23 24 -22 -23 -4 -21 26 -3 -27 -29 -30
right_child=2 25 19 -5 -6 -7 10 8 -10 -11 11 -13 13 -15 15 -17 17 -19 -20 20 21 22 -24 -25 -26 27 -28 28 29 -31
leaf_value=-0.0080357679369267177 0.010231197719488303 -0.012773612012673522 0.0035299211460893911 0.0051640909015274201 0.0037007496499562478 0.00010831428989605786 0.0039184539530869736 0.0021137609767885204 0.0078173642908800911 -0.008115708840514619 0.0047413661150649813 -0.014430913892827602 0.00019242531761525775 -0.013126691695458111 0.0035006482449698633 -0.0096289740374449241 -0.011414991038664011 0.0017419325961363669 0.00074420796484604994 0.0093059079589388281 -0.0021886507370669672 -0.00014811815684882517 -0.012446330532109699 -0.0063070015972846206 -0.0028702781083854 0.0065176908555362959 -0.001775488149070371 0.003416112191605251 -0.004212828495722052 0.0037278817261905614
leaf_weight=612.28573702275753 318.55501307547092 308.06896394491196 939.30707749724388 926.12542246282101 1530.3485076874495 80600.496151357889 568.91655215620995 660.68311357498169 261.19164600968361 571.3592786937952 250.90984447300434 323.49654133617878 246.96843376755714 318.67290440201759 617.45004573464394 569.20350393652916 483.11624243855476 480.25577379763126 289.67927946150303 254.16770526766777 1789.0278720110655 263.55869390070438 691.96731841564178 265.48403830826283 258.20705538988113 379.39938454329967 669.97372530400753 900.49066519737244 2141.3263926804066 522.70863291621208
leaf_count=2483 1298 1258 3791 3734 6290 324890 2321 2669 1055 2318 1016 1314 1000 1289 2496 2313 1949 1934 1167 1027 7249 1073 2788 1079 1045 1538 2731 3627 8614 2109
internal_value=-0.000133001 -0.00211024 -1.57294e-05 8.92125e-05 3.52789e-05 -2.99445e-05 -0.0018966 0.00119719 -0.00078529 -0.0026573 -0.00324734 -0.00681757 -0.00366326 -0.00740902 -0.00187639 -0.00323817 -0.00125255 -0.00360389 -0.00690588 -0.00210498 -0.00337515 -0.00461595 -0.00909083 0.00132821 0.00323234 -0.00135831 -0.00533395 -0.000361406 -0.00110979 -0.00264667
internal_weight=99013.4 5534.25 93479.1 89017.4 88091.3 86561 5960.46 1811.79 1493.23 1232.04 4148.67 1140.05 816.551 565.641 3008.62 2439.7 1870.5 1253.05 772.796 4461.72 3256.93 2744.55 955.526 1204.79 512.375 4921.97 978.043 3943.93 3564.53 2664.04
internal_count=399465 22360 377105 359053 355319 349029 24139 7340 6042 4987 16799 4619 3305 2289 12180 9859 7546 5050 3116 18052 13182 11110 3861 4870 2072 19877 3989 15888 14350 10723
is_linear=0
shrinkage=0.05


Tree=85
num_leaves=31
num_cat=0
split_feature=5 81 24 87 47 35 94 91 50 41 25 98 21 87 24 32 35 81 29 81 9 47 21 52 96 41 91 27 88 23
split_gain=8.88129 13.0922 11.3418 10.6016 14.7352 17.7797 15.586 13.733 14.1061 14.7864 13.8307 14.5364 12.9648 10.8228 12.5837 10.8101 10.4147 11.7148 10.4831 10.2103 12.6455 17.6792 11.6453 21.2379 19.4549 10.1057 9.96698 10.7818 11.0288 9.49514
threshold=1.5000000000000002 8.6286451127094228 0.22320750000000003 -0.0067669999999999944 1.5205390109768502 0.17097850000000001 0.41751450000000007 0.065960000000000032 146.81251297574281 0.081032057473962374 0.33067550000000007 0.00030749867744134246 153.50000000000003 -0.082158500000000009 0.18160450000000003 0.21775050000000004 0.14090850000000002 9.1486245285813155 0.41382700000000006 9.1751794055415292 2.5000000000000004 1.7273946713339876 4270.5000000000009 125.04959896955138 0.55893770000000009 0.069397007295918536 -0.087827849999999999 0.62981500000000012 -0.048943000000000035 0.2435245
decision_type=2 2 8 10 10 10 10 10 10 10 10 2 2 10 8 10 10 2 10 2 2 8 2 10 8 10 8 10 10 10
left_child=1 3 19 4 5 6 -1 10 9 29 11 -5 -12 14 -6 -8 17 18 -3 22 26 -22 -2 24 -24 -19 -21 28 -28 -9
right_child=2 16 -4 7 13 -7 15 8 -10 -11 12 -13 -14 -15 -16 -17 -18 25 -20 20 21 -23 23 -25 -26 -27 27 -29 -30 -31
leaf_value=0.0065635212282119607 0.0011163490135485132 0.010517925274233656 -0.0080152580190073486 -0.0022238524950579544 -0.00094867305661358202 -0.0042538784397989342 -0.0018483540142160378 -0.0077696974146043195 -0.014129411705622458 0.0083220954333719909 -0.0073101197195453481 0.0085479296802740742 -0.00027969883981401839 0.001176683352356883 -0.011922818306095675 0.0094130136256312079 -0.0016502512593610367 0.0013167867900812458 0.0016688006142401254 -0.0036588558982777923 -0.012269861757149786 0.0028705406751289003 0.0075690610990318281 -0.0022492896710554836 -0.00293920658098939 -0.0057586255430812578 0.0087995479602520875 0.013820167437291191 0.0022139670596152436 -0.00046031661310535154
leaf_weight=2922.6053119748831 17717.631230950356 372.25394885241985 364.70547641813755 485.54812069237232 5933.8668244630098 664.54448910057545 1171.9443207234144 943.56884135305882 305.5505515486002 254.29916907846928 683.52439640462399 855.0060098618269 12062.455653220415 11013.708280324936 263.41520673036575 249.97818110883236 23046.579986006021 1029.6921281814575 2742.7905465513468 369.80870988965034 296.95923341810703 510.89011977612972 1180.4034072160721 7509.8618270605803 692.24645352363586 974.10915738344193 868.60903003811836 300.38408800959587 2339.2249651104212 834.43117645382881
leaf_count=11752 71445 1509 1476 1955 23968 2679 4740 3795 1235 1026 2764 3499 48643 44411 1069 1008 93000 4153 11059 1492 1199 2059 4770 30317 2784 3933 3504 1222 9434 3368
internal_value=-4.90034e-05 -0.00037758 0.000633691 0.000219974 0.000931804 0.00331562 0.00448056 -0.00074302 -0.00428335 -0.00274109 -0.000152833 0.00465882 -0.000662152 0.000236499 -0.00143358 0.000183339 -0.00119724 0.000841576 0.00275656 0.000735417 0.00288791 -0.00277693 0.000362302 -0.00106129 0.00368958 -0.0021343 0.00407208 0.0048951 0.004019 -0.0043611
internal_weight=98960.6 66809.9 32150.7 38644.4 22220.1 5009.07 4344.53 16424.4 2337.85 2032.3 14086.5 1340.55 12746 17211 6197.28 1421.92 28165.4 5118.85 3115.04 31786 4685.88 807.849 27100.1 9382.51 1872.65 2003.8 3878.03 3508.22 3207.83 1778
internal_count=399268 269566 129702 155912 89627 20179 17500 66285 9424 8189 56861 5454 51407 69448 25037 5748 113654 20654 12568 128226 18910 3258 109316 37871 7554 8086 15652 14160 12938 7163
is_linear=0
shrinkage=0.05


Tree=86
num_leaves=31
num_cat=0
split_feature=48 16 50 20 72 61 58 43 16 52 31 27 85 25 90 55 32 90 9 79 90 0 45 63 92 92 55 37 85 87
split_gain=8.28503 8.43256 7.90432 7.17604 6.86156 10.7763 12.7406 11.1189 8.95462 12.8264 14.8815 15.3904 10.5885 9.61121 10.4565 9.59491 13.0379 11.3009 9.36713 11.6609 14.4396 11.5465 10.4585 8.92725 8.86538 13.1519 12.1392 12.8153 10.8744 10.4464
threshold=1.0706944213892509 0.37500000000000006 131.34641690681653 16.500000000000004 3.5000000000000004 1.0000000180025095e-35 2121.5000000000005 1972.0327089770174 0.015000000000000001 132.0559305171046 0.17059250000000001 0.34222350000000007 0.51646464459452579 0.47165350000000006 -0.0051914999999999869 1514.0081230623814 0.15219700000000003 -0.025650149999999951 -7.4999999999999991 99.450000000000017 0.010595400000000062 7.5000000000000009 12.976042103987885 1.5000000000000002 -1.0000000180025095e-35 0.0046884999999999991 1902.3877594111948 0.34058350000000009 0.51560567871373919 -0.06952299999999996
decision_type=10 2 8 2 2 2 10 8 2 10 8 8 2 8 10 8 10 10 2 2 8 2 8 2 10 10 8 10 2 10
left_child=2 -2 -1 -3 5 7 -7 -4 9 10 15 -12 -13 18 -15 -6 17 -17 21 -20 22 -10 -21 24 26 -26 27 28 -9 -27
right_child=1 3 4 -5 8 6 -8 23 13 -11 11 12 -14 14 -16 16 -18 -19 19 20 -22 -23 -24 -25 25 29 -28 -29 -30 -31
leaf_value=-0.0063377194238002192 -0.0021495024485467091 0.013494398533513745 0.0073115521325030483 0.0026761952787300231 -0.0016097052684936953 -0.0095218174088931486 0.0031635489241928503 -0.011088827857981629 -0.0087604422268933689 0.013456853303363207 0.007031976866172733 -0.013762330553061529 -0.0018626081228248763 -0.00073757120566670113 -0.011744760663047044 -0.0027193472924385456 0.014621411266638235 0.0078198958471092667 0.00017132333703352031 0.0075102274045162195 0.011138093650488654 0.0030244123490591446 -0.0026383429626459474 0.001493554973674624 -0.013405032284238665 0.001547353626722806 0.0039046779876990984 0.0012923707020669601 -0.00075972699297087182 -0.0040454819521399833
leaf_weight=471.40155334770679 289.98402540385723 301.31401464343071 419.33747053146362 314.19653955101967 469.71911229193211 706.34051299095154 267.81085349619389 534.97618202865124 606.35409443080425 251.17084170877934 284.5179006010294 291.09509554505348 503.07845757901669 566.41120888292789 339.9779864102602 411.73003128170967 364.94848704338074 638.68113480508327 78681.726944759488 391.45181208848953 529.75446458160877 307.35867135226727 681.39164426922798 2877.3757394254208 287.32082964479923 1147.2498555034399 1316.7479589432478 1240.9904665350914 481.53471466898918 3013.4657615125179
leaf_count=1893 1172 1228 1698 1275 1895 2888 1083 2162 2449 1014 1153 1174 2028 2303 1385 1657 1471 2571 317193 1577 2135 1242 2743 11661 1162 4669 5324 5041 1946 12203
internal_value=9.76566e-05 0.00483213 5.34606e-05 0.00810315 8.49716e-05 -0.00101893 -0.00603768 -0.000582049 0.000244127 0.00282858 0.00188564 -0.00278168 -0.00634121 0.000142596 -0.00494937 0.00455699 0.00660048 0.00370214 0.000200038 0.000257608 0.00446652 -0.00480638 0.00109976 -0.000892159 -0.00174864 -0.00323602 0.000106211 -0.0021168 -0.00625086 -0.00250334
internal_weight=98989.4 905.495 98083.9 615.511 97612.5 12293.2 974.151 11319 85319.4 3214.94 2963.77 1078.69 794.174 82104.4 906.389 1885.08 1415.36 1050.41 81198 80284.3 1602.6 913.713 1072.84 10899.7 8022.29 4448.04 3574.25 2257.5 1016.51 4160.72
internal_count=399395 3675 395720 2503 393827 49837 3971 45866 343990 12963 11949 4355 3202 331027 3688 7594 5699 4228 327339 323648 6455 3691 4320 44168 32507 18034 14473 9149 4108 16872
is_linear=0
shrinkage=0.05


Tree=87
num_leaves=31
num_cat=0
split_feature=84 32 65 85 40 32 28 56 28 20 15 32 31 43 18 85 79 89 35 84 97 94 27 28 49 48 53 87 92 43
split_gain=9.34469 11.4319 12.9189 14.3525 12.532 11.4859 10.877 10.1365 12.6346 12.5869 11.3838 11.2391 12.4367 10.2678 11.3896 10.1455 9.88202 9.88079 9.66539 15.5329 10.5409 10.3244 10.1 11.7877 10.612 9.58394 9.15868 9.04233 11.2427 10.2901
threshold=0.50701334730680248 0.16924800000000004 1.0000000180025095e-35 0.51790881988724391 0.042065838133175805 0.17711300000000002 0.43640250000000008 2.246334458104895 0.48167300000000007 15.500000000000002 76.15000000000002 0.21871700000000002 0.18406400000000003 2279.7377528587663 1.5000000000000002 0.49487989305321106 65.450000000000017 0.45753120000000008 0.14811150000000003 0.47882945926653048 0.93132664869739579 0.39271850000000008 0.34222350000000007 0.38737950000000004 131.44168025169611 0.50309270500217129 2184.2218987025476 0.056868000000000037 -0.060366050000000004 2135.6172844732887
decision_type=2 10 2 2 8 10 10 8 10 2 2 10 10 8 2 2 2 10 8 2 2 10 10 8 10 10 8 8 8 8
left_child=1 18 4 5 6 -4 -3 8 11 10 15 12 -6 -11 -15 -9 -8 -16 27 20 -20 -21 23 -23 -24 -17 -7 29 -29 -1
right_child=-2 2 3 -5 7 26 16 9 -10 13 -12 -13 -14 14 17 25 -18 -19 19 21 -22 22 24 -25 -26 -27 -28 28 -30 -31
leaf_value=-0.0043643048038249661 0.00029679281576335068 0.011872054701855489 -0.015148613014740041 -0.0011069959754039715 0.0022709697862106715 -0.013399174675771869 -0.0028753329686368374 -0.0092273515267019823 -0.013743382630616731 -0.0042961806271179298 0.0058666719238109188 0.0043605896374080159 -0.011423380513883103 -0.0038989708586964138 0.0075801946225472223 -0.00079806519922153362 0.0088587756770377463 -0.0011069539433751811 -0.0002086163688809456 -0.0033125997448849327 -0.0088401266279391141 -0.00027776947124355864 0.0017661724486788819 0.012712585889719713 0.01130580506973794 0.0059492035964415109 -0.0037537494956058795 0.0022819479274413714 -0.0074472131281476247 0.00076554964096185794
leaf_weight=1202.7443057745695 66343.944396793842 320.93601736426353 331.54499705135822 2359.5963803529739 260.77317200601101 280.53080193698406 527.92232351005077 271.641481757164 325.09063301980495 2958.0421646684408 1021.4612356424332 371.93017949163914 431.81891122460365 970.82739748060703 643.02427792549133 2379.9114963263273 259.40745371580124 651.82308845221996 1107.6608276367188 680.58426816761494 509.98896719515324 260.05845294892788 4860.6810614466667 519.02130372822285 300.7631761431694 665.09254592657089 1729.8197718858719 412.98109619319439 1012.2541164904833 5031.7106363475323
leaf_count=4854 267395 1295 1343 9562 1060 1142 2121 1097 1311 11943 4122 1510 1753 3921 2603 9598 1043 2613 4537 2736 2097 1064 19591 2102 1222 2674 7023 1665 4089 20366
internal_value=-4.40293e-05 -0.000736245 -0.00164691 -0.00386731 -0.000778793 -0.00663195 0.00426446 -0.00129259 -0.00526716 -0.000710065 0.00127904 -0.00257483 -0.00630828 -0.00236123 0.000172795 -0.00014725 0.00105341 0.00323214 0.000224265 0.00141216 -0.00296743 0.00248503 0.00315369 0.00842781 0.00234284 0.000690329 -0.00515936 -0.00105361 -0.0046318 -0.000229501
internal_weight=99003.6 32659.6 16761.2 4701.49 12059.7 2341.9 1108.27 10951.4 1389.61 9561.82 4338.11 1064.52 692.592 5223.72 2265.67 3316.65 787.33 1294.85 15898.4 8238.76 1617.65 6621.11 5940.52 779.08 5161.44 3045 2010.35 7659.69 1425.24 6234.45
internal_count=399452 132057 67734 19070 48664 9508 4459 44205 5634 38571 17491 4323 2813 21080 9137 13369 3164 5216 64323 33349 6634 26715 23979 3166 20813 12272 8165 30974 5754 25220
is_linear=0
shrinkage=0.05


Tree=88
num_leaves=31
num_cat=0
split_feature=94 22 93 93 31 86 41 0 19 21 28 44 22 46 31 15 15 22 81 92 41 83 25 55 55 83 49 4 52 21
split_gain=7.74473 8.56642 8.31338 15.0012 14.5114 10.0491 11.6282 12.5973 10.286 12.2069 12.0777 16.231 15.9039 13.9491 12.5508 12.4383 11.9762 11.3466 10.9738 10.6283 14.2308 10.7654 11.7121 12.2964 13.598 11.4151 10.3487 9.97847 10.1274 9.84293
threshold=0.49459800000000004 0.44237050000000006 0.068846000000000018 0.070101500000000039 0.27634000000000009 -0.13929649999999999 0.077785135868772573 6.5000000000000009 13.500000000000002 238.50000000000003 0.57758750000000014 28.976698630926304 0.57939450000000015 2.0601088169748039 0.18739550000000002 86.750000000000014 55.550000000000004 0.41997200000000007 6.9102520348033734 -0.025763200000000003 0.060608477868746367 0.44403651803493172 0.32588450000000008 1723.5544089456155 1671.3601325558375 0.48276967812893573 126.6611685496714 1.5000000000000002 128.89360703188183 6545.5000000000009
decision_type=10 10 8 8 10 10 10 2 2 2 10 10 10 10 10 2 2 10 2 10 8 2 10 8 10 2 8 2 10 2
left_child=2 -2 4 -4 5 6 -1 -8 9 18 13 12 14 17 15 27 29 -10 -7 20 -19 -22 -23 24 25 -24 -21 -12 -29 -13
right_child=1 -3 3 -5 -6 8 7 -9 10 -11 11 16 -14 -15 -16 -17 -18 19 -20 26 21 22 23 -25 -26 -27 -28 28 -30 -31
leaf_value=-0.0020981134668776372 -0.0014609947181541535 -0.0092403389444244682 0.011154777119505323 0.0010676074795248724 -0.0062877622984195041 0.0018065651763360495 0.0065471046673424146 -0.0020487097083139384 0.0090851676744619567 0.0014515324830716252 -0.0029402459871179748 0.00042789291953518414 0.00040818465567652525 0.01077698564530373 0.0051190757924278419 -0.012939526139898423 0.0036701440997272527 0.0042447534918648644 -0.0097316803907379207 -0.00035884039099436636 -0.012485722813463867 -0.0096175655001206062 0.0043555400072977299 0.00069276001591116795 -0.011569571324300268 -0.0038848124744829508 0.001315382918999785 -0.0055338832399290556 -0.017211496915118685 -0.0065903503472455926
leaf_weight=9582.8452269881964 2679.2193035781384 398.86271750926971 375.58129441738129 8463.2311201095581 927.37946976721287 359.52313394844532 870.11807756125927 819.38496769964695 338.77013127505779 18187.900122135878 2140.1460887789726 1603.2282332032919 1764.8317599743605 298.03738415241241 260.59802806377411 553.98067261278629 1796.1779816746712 909.18192256987095 464.47251583635807 20704.991441443563 243.89627356827259 459.52500422298908 512.63068188726902 3306.462672740221 455.36048033833504 2156.0680267363787 16639.363746732473 605.45008054375648 268.861990198493 715.00487586855888
leaf_count=38646 11027 1615 1511 34104 3739 1454 3520 3317 1382 73685 8603 6452 7237 1203 1047 2227 7239 3650 1873 83319 1000 1843 2073 13311 1836 8661 66917 2431 1081 2896
internal_value=-3.11577e-05 -0.00249571 4.82955e-05 0.00150836 -0.000100292 -3.28592e-05 -0.0014238 0.00239073 0.000177074 0.00118101 -0.000165546 -0.00176721 -0.00351818 0.000172616 -0.00532421 -0.00609905 0.000616133 0.000101157 -0.00473605 3.21143e-05 -0.0016154 -0.00236714 -0.00199138 -0.00143233 -0.00367653 -0.00229157 0.000387289 -0.00480331 -0.00927892 -0.00175573
internal_weight=98861.1 3078.08 95783 8838.81 86944.2 86016.8 11272.3 1689.5 74744.5 19011.9 55732.6 9708.28 5593.87 46024.3 3829.04 3568.44 4114.41 45726.3 823.996 45387.5 8043.13 7133.94 6890.05 6430.52 3124.06 2668.7 37344.4 3014.46 874.312 2318.23
internal_count=398899 12642 386257 35615 350642 346903 45483 6837 301420 77012 224408 39213 22626 185195 15389 14342 16587 183992 3327 182610 32374 28724 27724 25881 12570 10734 150236 12115 3512 9348
is_linear=0
shrinkage=0.05


Tree=89
num_leaves=31
num_cat=0
split_feature=26 27 27 89 25 20 58 40 8 72 35 55 21 32 16 32 95 46 34 87 28 54 87 94 44 39 39 53 91 92
split_gain=7.9584 14.9202 11.0482 11.2543 8.79522 17.402 16.1455 12.1594 11.6086 10.9331 10.8669 11.2073 11.3152 11.0871 23.7277 10.3579 12.0501 12.8795 10.3954 9.96689 17.9585 12.4989 11.8403 9.67214 11.954 9.93604 9.64256 10.6286 17.3294 13.6326
threshold=0.5000285000000001 0.60386700000000015 0.38496800000000003 0.50045040000000018 0.35756550000000004 19.500000000000004 1420.5000000000002 0.089803177442702789 4.5000000000000009 3.5000000000000004 0.17696050000000005 1670.5935135726988 2338.5000000000005 0.21670250000000002 1.155 0.12487600000000001 0.10593200000000001 1.7967174015441931 0.51933350000000011 -0.067518999999999954 0.45044000000000001 130.27509151698379 -0.037064499999999993 0.41257350000000004 26.582887429837573 0.038643347692284537 0.044771750473851187 2612.3106945996283 0.016340000000000018 0.016670500000000015
decision_type=8 10 8 10 10 2 8 10 2 2 8 10 2 8 2 10 10 8 10 8 10 8 10 10 8 10 10 10 10 10
left_child=4 2 -2 -4 5 7 -7 8 10 -8 11 13 -13 15 -15 18 -17 -18 -1 20 -10 -22 23 24 -21 -26 27 -6 -29 -30
right_child=1 -3 3 -5 26 6 9 -9 19 -11 -12 12 -14 14 -16 16 17 -19 -20 22 21 -23 -24 -25 25 -27 -28 28 29 -31
leaf_value=0.0093137768034490653 -0.012447552969183186 0.0077090802455283755 -0.00032098136050698366 -0.0078158951359714058 0.00018604162135377514 0.0079987754338705554 -0.0093502516329595966 0.0045745687839283868 -0.00083808991018751637 -0.001651170121410658 0.0075481702158231179 0.010173192923539451 0.0022857211151993914 0.011649373281597234 -0.0056500393832437977 -0.0074330050713418269 0.0092574179642936957 -0.0014442179597464481 -0.0013095609131954337 -0.0021396211314842076 0.0034567207779360254 0.017962479684436282 -0.00034003161886219009 0.0025311184531931156 -0.0062093398173681423 -0.019731591412428529 -0.0013791156483173603 -0.0085194514798063985 -0.0061925989905055106 0.0080319973839172096
leaf_weight=454.08775720000267 313.66037115454674 306.81902104616165 1665.8983445167542 706.76915788650513 46924.832361802459 395.63951739668846 495.72404223680496 2530.9088958501816 1157.2700657099485 5335.90176191926 766.99606116116047 478.78157791495323 6784.1114662289619 528.6803805232048 305.95264348387718 770.5558150857687 293.92670421302319 3747.9660230576992 452.80456732213497 519.43032476305962 353.40266577899456 254.00751836597919 5553.6045097708702 289.61150403320789 302.97038376331329 258.35798910260201 15575.339527055621 892.3545508980751 281.634805098176 389.89422744512558
leaf_count=1841 1269 1239 6700 2835 189226 1605 1999 10300 4656 21523 3093 1927 27341 2128 1230 3093 1185 15148 1835 2086 1421 1023 22398 1165 1220 1037 62916 3653 1158 1574
internal_value=-3.81907e-05 -0.00257281 -0.00377139 -0.002577 4.10167e-05 0.000717389 -0.00165313 0.0012899 0.000930875 -0.00232053 0.00179237 0.00146763 0.00281895 -3.18615e-05 0.00531609 -0.000820213 -0.00174509 -0.000645068 0.00405319 -0.000515547 0.00282875 0.00971544 -0.00137074 -0.00551511 -0.0076747 -0.0126695 -0.000297215 5.05217e-05 -0.00399114 0.00206297
internal_weight=99087.9 2993.15 2686.33 2372.67 96094.7 32030.7 6227.27 25803.4 23272.5 5831.63 14583.9 13816.9 7262.89 6553.97 834.633 5719.34 4812.45 4041.89 906.892 8688.65 1764.68 607.41 6923.97 1370.37 1080.76 561.328 64064.1 48488.7 1563.88 671.529
internal_count=399824 12043 10804 9535 387781 129254 25127 104127 93827 23522 58821 55728 29268 26460 3358 23102 19426 16333 3676 35006 7100 2444 27906 5508 4343 2257 258527 195611 6385 2732
is_linear=0
shrinkage=0.05


Tree=90
num_leaves=31
num_cat=0
split_feature=65 37 19 29 53 29 4 98 34 34 20 41 44 90 24 72 93 9 25 85 47 21 39 39 85 38 42 21 21 19
split_gain=11.426 17.6099 14.9164 16.5315 14.0372 16.7998 22.3025 25.3367 13.9838 13.8184 16.8771 12.6887 12.3676 27.3192 11.8814 11.8349 14.2576 10.934 21.4653 10.6992 16.5284 11.8713 10.4526 12.7319 11.5158 10.5847 10.2558 14.7647 10.2734 10.1869
threshold=-1.0000000180025095e-35 0.14011400000000002 13.500000000000002 0.41702350000000005 2502.685395602487 0.51023900000000011 1.5000000000000002 0.03278807967892803 0.52127050000000008 0.50841950000000014 20.500000000000004 0.0623063548587715 24.13154765806015 0.045150150000000062 0.17284100000000002 5.5000000000000009 0.043679500000000017 -1.4999999999999998 0.36893300000000001 0.51341314202795962 1.8435153006301881 530.50000000000011 0.05292601671143396 0.044484211869444075 0.53451302778393661 0.11733650000000001 139.38277119046242 1616.5000000000002 12032.500000000002 16.500000000000004
decision_type=2 10 2 10 8 8 2 2 10 8 2 8 10 10 10 2 8 2 10 2 10 2 10 10 2 10 10 2 2 2
left_child=1 -1 3 15 8 11 -7 -8 19 10 12 -6 13 17 29 16 -2 18 -4 20 21 -3 23 -10 -24 -25 28 -28 -5 -14
right_child=2 4 9 26 5 6 7 -9 22 -11 -12 -13 14 -15 -16 -17 -18 -19 -20 -21 -22 -23 24 25 -26 -27 27 -29 -30 -31
leaf_value=0.0052328875704348247 0.0042409199422282504 -0.010621915780037725 -0.0079559898371597982 0.00089183780389110855 -0.0080923750710195138 0.00063855503524865671 -0.010285428345909266 0.002426381980887949 5.962961865537005e-05 -0.00031354102801683752 -0.0059936491183114407 0.0016358366076112828 -0.0046119206850616422 -0.009892694458427536 -0.0071644747804289191 -0.0072562823147152835 -0.0065293864727509962 0.0029204618170642922 0.0044955114767463705 0.0046740570343907009 0.0060736120540640925 0.00039178380950761278 0.0005188042957868735 -0.0010253271793056909 0.011705705614187824 -0.0099216323604210382 0.011067837293815053 0.0023865797589254652 -0.0088633219280798148 -0.00020655250951250671
leaf_weight=2058.9778064936399 780.53709347546101 249.56290699541569 747.78365775942802 10514.06407520175 355.95774726569653 1627.8131870031357 1576.506402939558 516.19874392449856 5972.0688599348068 38836.136058717966 2339.6231902986765 3986.9981180727482 2052.9043000042439 574.2499253153801 1261.151934504509 968.99490332603455 492.66042898595333 3736.8764473497868 628.27985911071301 3611.1924637407064 1335.8787929564714 4254.1415408104658 646.72667245566845 695.3416745364666 347.90025839209557 638.65833158791065 554.69230324029922 3777.2148527652025 267.03957979381084 3609.0485046803951
leaf_count=8283 3157 1008 3010 42464 1430 6570 6341 2098 24072 156585 9437 16063 8315 2314 5098 3976 1993 15053 2535 14560 5391 17154 2608 2806 1403 2566 2244 15382 1076 14560
internal_value=-6.35469e-05 0.000794361 -0.000399749 0.00087447 0.000438459 -0.00129044 -0.00375157 -0.00715323 0.00122408 -0.000810989 -0.00210216 0.000821733 -0.00137598 0.000351626 -0.00279364 -0.00312288 5.49723e-05 0.00151926 -0.00227949 0.00253822 0.0012117 -0.000240697 -0.00027339 -0.000929768 0.00450932 -0.0053266 0.0014692 0.00352113 0.00064222 -0.00180916
internal_weight=99015.2 27873.9 71141.3 17355.2 25814.9 8063.47 3720.52 2092.71 17751.5 53786.1 14949.9 4342.96 12610.3 5687.19 6923.1 2242.19 1273.2 5112.94 1376.06 9450.78 5839.58 4503.7 8300.7 7306.07 994.627 1334 15113 4331.91 10781.1 5661.95
internal_count=399552 112353 287199 70292 104070 32502 15009 8439 71568 216907 60322 17493 50885 22912 27973 9126 5150 20598 5545 38113 23553 18162 33455 29444 4011 5372 61166 17626 43540 22875
is_linear=0
shrinkage=0.05


Tree=91
num_leaves=31
num_cat=0
split_feature=35 81 96 84 96 10 6 31 96 58 44 21 84 92 64 57 63 46 49 40 88 83 2 30 53 30 99 47 50 88
split_gain=7.38781 12.4625 12.7579 11.8326 10.9958 10.5961 10.2798 11.9759 10.5865 14.4886 11.0539 10.4549 11.0096 9.6375 9.44513 11.6178 9.01615 13.0366 19.521 11.8864 11.6362 11.0395 12.2241 10.7792 10.7553 11.9777 10.7106 11.203 12.9135 10.6874
threshold=0.14090850000000002 7.9246150494219991 0.49193250000000005 0.45379621815783661 0.53268765000000007 5.5000000000000009 1.5000000000000002 0.27435200000000004 0.42128450000000001 1909.5000000000002 23.532490216562952 7708.5000000000009 0.50267699202209781 0.045617999999999999 4.5000000000000009 12.210180779663121 1.0000000180025095e-35 1.8081332316873895 122.65261031295547 0.035500876933737067 0.005326000000000026 0.56758543737845923 1.5000000000000002 0.41801100000000008 2520.6687626178059 0.093933800000000012 0.016213500000000009 1.8463937169971567 142.87240159572488 -0.0074504999999999702
decision_type=10 2 8 2 10 2 2 10 8 10 8 2 2 10 2 10 2 8 10 8 10 2 2 10 8 8 10 10 10 10
left_child=1 2 5 -2 14 -1 -3 8 9 -8 -10 12 -12 -6 -4 -16 17 18 24 -18 29 22 -21 -24 25 -5 27 -22 -29 -19
right_child=3 6 4 16 13 -7 7 -9 10 -11 11 -13 -14 -15 15 -17 19 20 -20 21 26 -23 23 -25 -26 -27 -28 28 -30 -31
leaf_value=-0.00085292473942952447 -0.0059326420914346195 0.0034759473241146423 0.0023460736300533903 -0.010471771073676368 -0.0035978270872054686 -0.0073284035870218147 -0.00088284279649084832 0.010318028673937274 0.0026584253558904936 0.0074818444526025324 -0.0077093276590544657 -0.010996852097245539 9.7412397584041056e-05 0.005761863557090771 0.016486923980399717 0.0023257683793413905 -0.008042073582020498 -0.0015349499626605156 0.00095026879688449263 0.0029922034991138671 -0.0012174979701886613 0.0028567612609170351 -9.4326538597655005e-05 -0.0079084912785319494 0.0024057013657754942 -0.0027361569720464989 -0.0067187268411034772 -0.0011750682899619499 -0.016049694640259505 0.0019720918336416618
leaf_weight=8433.8250118046999 909.2713930606842 5433.4927733391523 1185.5025063455105 624.84955656528473 987.57876098155975 673.33483129739761 1166.7045260369778 284.36216911673546 1061.0733186602592 917.95859026908875 613.6789892911911 374.2800762206316 1636.1434135437012 369.94501574337482 313.97698846459389 268.77212658524513 406.53155881166458 10393.691447377205 15615.988177761436 3305.5461012870073 4117.9062977135181 4196.3475428819656 26899.705750480294 438.694132193923 722.73773688077927 2424.9760309755802 1755.5144323408604 294.59107111394405 282.46594342589378 2736.5036520957947
leaf_count=34049 3800 21934 4770 2513 3976 2722 4720 1146 4279 3706 2475 1512 6587 1486 1264 1082 1633 41940 62950 13320 16687 17021 108430 1776 2910 9753 7072 1188 1137 11046
internal_value=-5.18242e-05 0.000717262 -0.0003933 -0.000294724 0.00235813 -0.0013392 0.00189918 0.00048068 -2.11592e-05 0.00281859 -0.00163085 -0.00336876 -0.00205671 -0.00102369 0.00494558 0.010105 -0.000224861 -0.000748893 0.000170176 0.000354563 -0.00165857 0.000454818 0.000125073 -0.000222565 -0.00305288 -0.00435008 -0.00339598 -0.00214191 -0.00860547 -0.000803092
internal_weight=98845.9 23720.6 12232.9 75125.3 3125.78 9107.16 11487.7 6054.2 5769.84 2084.66 3685.18 2624.1 2249.82 1357.52 1768.25 582.749 74216 38969.2 19388.6 35246.8 19580.7 34840.3 30643.9 27338.4 3772.56 3049.83 6450.48 4694.96 577.057 13130.2
internal_count=398884 95708 49349 303176 12578 36771 46359 24425 23279 8426 14853 10574 9062 5462 7116 2346 299376 157196 78126 142180 79070 140547 123526 110206 15176 12266 26084 19012 2325 52986
is_linear=0
shrinkage=0.05


Tree=92
num_leaves=31
num_cat=0
split_feature=71 55 45 55 51 81 89 48 81 40 34 86 37 55 7 29 88 29 23 90 99 88 40 56 86 24 37 46 34 92
split_gain=10.2562 15.0217 11.2342 12.8675 11.7133 22.4301 17.5623 13.3744 12.0275 11.4211 12.7206 12.3961 11.0212 14.6123 13.517 12.3943 15.8882 13.9906 19.1736 14.1224 12.3301 11.3728 15.6716 15.1184 16.8727 13.7865 12.5473 11.2679 11.1099 16.3455
threshold=1.0000000180025095e-35 1109.2581559407888 -8.7075194900437953 1696.9762686990862 2250.7494292391798 8.6969280688231958 0.58227605000000004 0.86952299943943689 8.9208566753475314 0.096271089780355132 0.52041850000000012 -0.084414999999999976 0.30800950000000005 2188.7866949641207 4.5000000000000009 0.68638050000000017 0.025542000000000013 0.52098950000000011 0.20850050000000001 -0.016417900000000093 -0.03059849999999999 0.005326000000000026 0.04900415379808138 2.7119815911976306 -0.032596500000000021 0.14361750000000004 0.29148950000000007 1.834709700729461 0.51708150000000008 -0.040443099999999996
decision_type=2 8 8 8 10 2 10 10 2 10 8 8 8 10 2 8 10 10 10 10 8 10 8 10 10 10 10 10 10 10
left_child=12 -2 -3 -4 6 7 -5 9 -7 10 -6 -12 13 14 20 16 17 27 -19 -20 -1 22 25 -23 -25 -22 -27 28 29 -14
right_child=1 2 3 4 5 8 -8 -9 -10 -11 11 -13 15 -15 -16 -17 -18 18 19 -21 21 23 -24 24 -26 26 -28 -29 -30 -31
leaf_value=0.005236654692541364 -0.0056889486586285398 -0.0024344603719471639 -0.0010947366413685382 0.00043976985804463774 0.0015055896554605664 -0.0065313987186778923 -0.0051681458392419362 0.013963320970341683 0.00066312893115417831 -0.0054668428052342928 0.00096717139870238801 0.0095166554430366826 -0.0063287703186775679 -0.0041391727782873261 -0.00087352257502143016 -0.010343175853737013 0.0024652232981679833 -0.00017037955761506831 -0.00090196510034062059 -0.010738881134624775 0.0044237565911780033 -0.0038294431103595597 0.0032780541641805557 -0.0038091730746271524 0.0033545271927512242 -0.0056445959617023528 0.0062786024704387395 -0.003162128203997026 -0.0010267241052415764 0.0027793885306397989
leaf_weight=2475.8635957986116 1400.6188666373491 6193.7917251437902 19144.196629211307 12040.305406048894 2006.8952482491732 739.56895984709263 1569.0645962357521 330.83488912880421 2575.2672536224127 310.44387410581112 595.11091485619545 1485.7406632006168 532.08809724450111 1262.1188060045242 5409.9742589443922 298.38905003666878 4350.039030238986 1810.5646171271801 539.23633569478989 1131.1396223455667 730.91293096542358 1997.6623777747154 9595.7021530866623 1111.5943210721016 3072.4317133277655 1392.9321654587984 253.24178467690945 2684.3880171477795 6497.8070217370987 5439.3104544878006
leaf_count=10022 5679 25191 77338 48569 8104 2986 6341 1342 10403 1248 2399 5994 2140 5064 21773 1202 17570 7316 2168 4546 2954 8041 38658 4480 12465 5631 1015 10845 26094 21856
internal_value=-8.45293e-05 -0.000604849 -0.000452134 -0.000150658 0.000684147 0.00219551 -0.000210103 0.00440253 -0.00095685 0.00365331 0.00435759 0.00708787 0.000413248 0.00109461 0.00134978 -0.000385873 -0.000252164 -0.000887491 -0.00374115 -0.00758756 0.00193294 0.00147975 0.00237836 -0.000261718 0.00144676 -0.00125198 -0.00378354 -0.00022994 0.000403333 0.00195857
internal_weight=98977.2 48391.8 46991.2 40797.4 21653.2 8043.86 13609.4 4729.03 3314.84 4398.19 4087.75 2080.85 50585.4 27302.4 26040.3 23283 22984.6 18634.5 3480.94 1670.38 20630.3 18154.5 11972.8 6181.69 4184.03 2377.09 1646.17 15153.6 12469.2 5971.4
internal_count=399434 195594 189915 164724 87386 32476 54910 19087 13389 17745 16497 8393 203840 110103 105039 93737 92535 74965 14030 6714 83266 73244 48258 24986 16945 9600 6646 60935 50090 23996
is_linear=0
shrinkage=0.05


Tree=93
num_leaves=31
num_cat=0
split_feature=30 29 96 96 71 97 80 22 40 92 40 93 28 31 99 42 42 30 28 28 38 38 97 93 30 88 16 40 31 91
split_gain=9.99935 10.9987 10.1085 13.8438 10.963 14.6845 15.5848 15.202 12.1748 13.5532 10.0703 10.022 9.7916 9.69949 13.0669 9.39156 11.4122 13.0836 11.1632 11.4374 9.79256 11.9304 10.8168 11.3854 9.57655 10.2184 11.9317 9.60209 9.54835 9.35196
threshold=0.40370350000000005 0.44417800000000002 0.39526069100000005 0.39720350000000004 1.0000000180025095e-35 0.89485084204370191 8.12637034911962 0.48979850000000008 0.04900415379808138 0.013970999999999999 0.062193285486334064 0.026337500000000003 0.47068900000000008 0.28989850000000006 0.030251500000000004 134.92254277140185 134.2274550436392 0.11558700000000001 0.39152850000000006 0.51138250000000018 0.10146750000000002 0.13408450000000002 0.68983319387634812 0.0090404999999999947 0.12254550000000002 0.026240000000000017 0.96500000000000008 0.048894734469915872 0.15071000000000004 0.0014684999999999978
decision_type=10 10 10 10 2 2 2 10 8 8 10 10 10 10 10 8 10 8 8 10 10 10 2 8 10 10 2 10 10 8
left_child=2 -2 4 29 5 6 15 -8 -7 -10 -9 -11 -3 -5 -15 16 17 -1 -17 20 22 -22 23 -20 25 26 -21 28 -26 -4
right_child=1 12 3 13 -6 8 7 10 9 11 -12 -13 -14 14 -16 18 -18 -19 19 24 21 -23 -24 -25 27 -27 -28 -29 -30 -31
leaf_value=-0.0062449438749095192 -0.0092387426283764978 0.0056620456507143228 0.0022969396190766983 0.00019825188100139527 -0.0019159353301356928 -0.0098635599208402626 0.01740493050289357 0.010055796397032999 -0.0045834383545831523 0.0075904785574459266 -0.0026319163513248683 -0.0035799498581962062 -0.0049671517539263965 0.0018955914316341892 0.014512444059289724 -0.0047367912862523722 0.012027577404717792 0.0061613362410375136 -0.0064953584588525477 0.010713017193324318 -0.0077349410381004806 0.0030248881905265905 0.0061888050297912497 0.0054177734684486851 -0.0079889788454019575 -0.003775138668886987 -0.002629234030710817 -0.0097794250323315086 0.0031752787649411817 0.013709417885800004
leaf_weight=334.23433454334736 599.95500515401363 365.8788113296032 432.44560597836971 71572.496392309666 11910.736410111189 517.26996450126171 258.58285915851593 273.50475251674652 1290.3840336352587 537.85843223333359 341.70730516314507 309.41779468953609 501.6313768774271 905.86868643760681 256.84591522812843 1129.546962916851 349.42081820964813 546.27113124728203 410.51053074002266 404.15422984957695 445.94470882415771 583.53009924292564 1816.5361883789301 373.59829904139042 305.05053561925888 545.15039685368538 275.91464944183826 555.36148999631405 479.19288931787014 303.09483550488949
leaf_count=1342 2436 1476 1754 288623 48330 2122 1058 1101 5197 2164 1380 1245 2019 3644 1036 4573 1402 2193 1655 1632 1794 2341 7309 1505 1232 2205 1116 2234 1923 1229
internal_value=-1.11769e-05 -0.00409372 5.07051e-05 0.000341704 -0.000840124 0.000221045 0.00114631 0.00746765 -0.00305673 -0.00137136 0.00307928 0.00351696 -0.000470773 0.000272184 0.00478266 0.000492648 0.00451689 0.00143475 -0.000188338 0.000647295 0.00245036 -0.00166559 0.00407982 -0.000822454 -0.00190428 0.00128668 0.0053402 -0.00481068 -0.00121324 0.0071205
internal_weight=98932.1 1467.47 97464.6 73470.8 23993.9 12083.1 9428.21 873.795 2654.93 2137.66 615.212 847.276 867.51 72735.2 1162.71 8554.42 1229.93 880.505 7324.49 6194.94 3630.12 1029.47 2600.65 784.109 2564.82 1225.22 680.069 1339.6 784.243 735.54
internal_count=399270 5931 393339 296286 97053 48723 37995 3539 10728 8606 2481 3409 3495 293303 4680 34456 4937 3535 29519 24946 14604 4135 10469 3160 10342 4953 2748 5389 3155 2983
is_linear=0
shrinkage=0.05


Tree=94
num_leaves=31
num_cat=0
split_feature=65 19 53 48 91 58 90 88 97 56 86 10 29 21 49 48 28 85 29 28 27 35 94 21 70 15 55 7 37 87
split_gain=8.28613 17.3763 17.1087 12.7639 12.1217 15.6575 11.027 12.3234 13.853 12.161 10.6704 10.2485 11.0292 9.61777 9.59204 9.53855 9.48268 8.8847 8.60885 12.4675 8.33414 8.16072 12.1546 11.0633 12.8672 10.4048 10.2934 10.1267 9.69196 8.47789
threshold=1.0000000180025095e-35 13.500000000000002 2050.4125453703359 0.75717479939447119 -0.017124999999999991 2172.5000000000005 0.070635799999999985 0.016544499999999993 0.91786029844212236 2.4139669048205641 0.035687000000000003 1.0000000180025095e-35 0.46347850000000007 3024.5000000000005 127.07579687664376 0.66446738154668217 0.51301500000000011 0.52591181563305678 0.43861600000000006 0.4688885000000001 0.47646700000000003 0.15800350000000005 0.42514000000000007 5248.5000000000009 3.5000000000000004 56.150000000000013 1317.9321976341519 4.5000000000000009 0.44235400000000008 -0.0017600000000000113
decision_type=2 2 8 10 8 10 10 8 2 10 10 2 10 2 8 10 10 2 10 10 10 10 10 2 2 2 8 2 10 8
left_child=-1 6 -3 15 10 -6 7 11 9 -9 -5 12 20 -8 17 21 -17 -14 -13 -20 -2 22 23 28 27 -26 -23 -25 -4 -30
right_child=1 2 3 4 5 -7 13 8 -10 -11 -12 18 14 -15 -16 16 -18 -19 19 -21 -22 26 -24 24 25 -27 -28 -29 29 -31
leaf_value=0.00030490805365400442 0.0049662568503362784 -0.0069954900961913345 0.00080257764029288052 0.016281207355742365 0.0081297502298310637 -0.0051687453848117343 0.014214260977156369 -0.0048132923497003523 -0.0079919866738524786 0.0081679221532172819 0.0023567589271269551 -0.0064347727883032977 0.0022702380054897054 0.0026896401329271642 0.0071249747105550003 -0.0028686728380037489 -0.014472376873444302 -0.0064766497976792561 0.0090208398457216135 -0.0020328921182702136 0.01468169698950595 -0.010551293524782655 -0.0031091963157011803 0.0011851985010319268 -0.01244283892447565 -0.00035496009611683203 -0.0022905825912838905 -0.0084116391409974726 0.013045586427640872 0.001258973692470567
leaf_weight=71426.038710668683 805.54099105298519 1287.2424044758081 6348.761908352375 263.33543106913567 346.75241188704967 573.13472875952721 284.70422776043415 347.80736304819584 738.55832444131374 354.65228702127934 285.03608748316765 504.54887847602367 755.31969700753689 485.24279801547527 496.85285058617592 537.59573723375797 256.83896739780903 458.13865917921066 354.53580044209957 841.19380110502243 304.605587631464 416.0596008002758 3524.9540307670832 1781.0593531578779 462.88875278830528 286.46653142571449 3390.6230136752129 314.73408715426922 308.46263067424297 297.39366811513901
leaf_count=288094 3274 5205 25569 1062 1409 2306 1148 1414 2995 1439 1151 2054 3044 1989 2015 2173 1034 1846 1430 3398 1230 1679 14369 7162 1863 1153 13704 1265 1242 1195
internal_value=2.12903e-05 -0.000717532 -0.00143561 -0.00106317 0.00340386 -0.000122345 0.00148742 0.000754671 -0.00325719 0.00176322 0.0092153 0.00203785 0.00388133 0.00707872 0.00134673 -0.00143074 -0.0067534 -0.00105808 -0.00102496 0.00129219 0.00773928 -0.00118012 -0.00059574 0.000310592 -0.00231095 -0.00788737 -0.00321873 -0.0002891 0.00138485 0.00737434
internal_weight=98839.1 27413 20681.3 19394.1 1468.26 919.887 6731.7 5961.75 1441.02 702.46 548.372 4520.74 2820.46 769.947 1710.31 17925.8 794.435 1213.46 1700.28 1195.73 1110.15 17131.4 13324.7 9799.77 2845.15 749.355 3806.68 2095.79 6954.62 605.856
internal_count=398911 110817 83541 78336 5928 3715 27276 24139 5848 2853 2213 18291 11409 3137 6905 72408 3207 4890 6882 4828 4504 69201 53818 39449 11443 3016 15383 8427 28006 2437
is_linear=0
shrinkage=0.05


Tree=95
num_leaves=31
num_cat=0
split_feature=37 48 44 22 21 32 30 98 81 21 88 41 8 41 15 32 48 98 96 58 96 15 30 90 31 54 65 45 32 28
split_gain=8.71976 12.6696 10.973 10.2221 10.1288 13.6812 12.3586 10.7852 12.0923 9.59557 12.6643 17.5619 18.7175 18.6282 13.9009 12.8578 11.4231 11.4137 12.0179 11.3888 11.4715 12.8894 11.2628 10.4343 10.2791 13.6575 9.73711 9.68671 16.9756 21.045
threshold=0.22034000000000004 0.45597101708817284 45.214451181300653 0.6238895000000001 4684.5000000000009 0.15078150000000004 0.20091750000000003 0.016443940072217281 8.0865640978138469 1353.5000000000002 0.0067234999999999942 0.080129457541379193 14.500000000000002 0.085939792977059518 8.9500000000000011 0.17069950000000003 0.51655841793245327 0.010196391590156397 0.46799190000000007 741.50000000000011 0.31927685000000011 68.850000000000009 0.12560700000000002 0.037904600000000017 0.29367550000000003 132.16277217257189 -1.0000000180025095e-35 19.498621760620768 0.17908900000000003 0.50716000000000017
decision_type=8 8 10 10 2 10 8 2 2 2 8 8 2 8 2 10 8 2 8 10 10 2 10 10 10 10 2 10 10 10
left_child=1 2 4 -3 6 -6 -1 8 -8 10 11 12 -2 22 -15 17 -17 -12 -19 23 21 -21 -13 26 27 -26 -11 -22 -29 -30
right_child=9 3 -4 -5 5 -7 7 -9 -10 19 15 13 -14 14 -16 16 -18 18 -20 20 24 -23 -24 -25 25 -27 -28 28 29 -31
leaf_value=0.0058307099741410221 -0.0013035404328908765 1.6629755953165056e-05 -0.007376830285227412 0.0078093400619304492 -0.0090494783657406961 0.0019108965647953375 0.0035641060362175559 0.0080090844757113294 -0.0072359218673317951 -0.00034956443615255972 -0.0001422193861201622 0.0029381546986963266 -0.011689502314931099 -0.0059912680015723743 0.0017054733180907463 0.00057762700288318386 -0.0086943069803537085 -0.001862380941663383 -0.011794170897007961 -0.010175907966355886 0.00029988534147950061 0.0028846595033787201 0.017648737453896127 -0.0039706916196877882 0.010336278261665159 -0.0016854648201441152 0.0069921130716088051 -0.00011927360328413716 -0.0025968458041604999 -0.014088480109945598
leaf_weight=3554.3049670755863 5320.8126972168684 17625.899925172329 252.12057210505009 421.12060885131359 331.25003069639206 1708.642867282033 469.10409271717072 325.0842073559761 556.77462981641293 642.28527894616127 3742.124760016799 255.79567614197731 462.74170029163361 651.80799539387226 5163.7386512309313 436.09588503837585 1368.3439743518829 825.68710553646088 477.02088189125061 549.43252842128277 42781.125765800476 279.6689900457859 265.28682166337967 394.11878482997417 544.30904741585255 407.45326064527035 1504.1214880943298 5390.3664627224207 1700.1843908727169 513.02756226062775
leaf_count=14316 21555 71052 1023 1704 1343 6892 1894 1307 2243 2580 15106 1031 1881 2640 20851 1766 5529 3335 1917 2229 172749 1128 1071 1583 2195 1645 6050 21723 6843 2060
internal_value=0.000108759 0.000910539 0.0026827 0.000202694 0.00305796 9.56216e-05 0.00428717 0.000213201 -0.00231066 -0.00016605 -0.00113476 -0.000162984 -0.00215326 0.00165411 0.000834017 -0.00285162 -0.00646264 -0.0015498 -0.00556131 0.000169997 1.04899e-05 -0.0057885 0.0106187 0.00343234 0.000105255 0.00522571 0.00480377 7.51193e-06 -0.00163574 -0.00531202
internal_weight=98919.9 25244.3 7197.28 18047 6945.16 2039.89 4905.27 1350.96 1025.88 73675.5 18969.5 12120.2 5783.55 6336.63 5815.55 6849.27 1804.44 5044.83 1302.71 54706.1 52165.6 829.102 521.082 2540.53 51336.5 951.762 2146.41 50384.7 7603.58 2213.21
internal_count=399241 101774 29018 72756 27995 8235 19760 5444 4137 297467 76682 49029 23436 25593 23491 27653 7295 20358 5252 220785 210572 3357 2102 10213 207215 3840 8630 203375 30626 8903
is_linear=0
shrinkage=0.05


Tree=96
num_leaves=31
num_cat=0
split_feature=78 31 43 83 49 41 44 2 86 39 89 56 27 55 15 88 86 90 90 79 90 44 37 96 62 97 38 43 86 79
split_gain=8.53667 10.7015 12.7611 10.7074 8.72372 8.34874 8.24525 9.15977 13.0177 11.9815 10.0583 11.4338 9.86148 17.3675 12.808 12.1323 14.8409 11.4972 13.3252 10.3468 10.2519 12.156 11.3657 13.7029 11.5378 10.033 9.96651 9.78034 9.31896 9.19174
threshold=0.014876479074673899 0.16844000000000001 2041.2695523293407 0.52063860313285393 128.2979280838365 0.066632998035150562 15.850330266593826 4.5000000000000009 -0.14597199999999999 0.044771750473851187 0.35301350000000004 2.9951871657754014 0.42583450000000006 1180.225245009751 30.650000000000002 -0.055404499999999988 -1.0000000180025095e-35 -0.065913850000000038 -0.07919899999999995 68.950000000000017 -0.037805350000000008 19.158350917021995 0.4105720000000001 0.51309250000000006 1.0000000180025095e-35 1.0039320146383817 0.21034150000000004 2234.5888388845729 -0.1074075 36.650000000000013
decision_type=2 8 8 2 8 10 8 2 8 8 10 10 8 8 2 8 10 10 10 2 8 8 8 10 2 2 10 10 10 2
left_child=1 2 -1 4 5 -3 -2 8 10 -9 -8 -12 13 -10 -15 16 25 18 27 -19 28 26 29 24 -24 -14 -22 -16 -17 -23
right_child=6 3 -4 -5 -6 -7 7 9 12 -11 11 -13 15 14 17 20 -18 19 -20 -21 21 22 23 -25 -26 -27 -28 -29 -30 -31
leaf_value=0.013814149057204184 0.0014038376206805593 0.0045019865481298839 0.0028995790741921691 -0.0073173021652876095 0.0092069171664111351 -0.0064571323591150233 0.0055052589533814309 -0.00022118899086330339 -0.0098902483781692016 -0.0019324963310759355 -0.0080917466103461316 -0.0014722313772569057 0.0010279849355025684 0.008226921388562675 0.0075913171385109659 -0.0051271154777049674 -0.0083886180370944859 -0.00038672451584095054 0.012049115615172482 0.009061739329934225 0.0065713511014761708 0.0021652612799250566 -0.014333858776926897 -0.00073645016294921579 -0.0026568726547354488 -0.005464397278843236 -0.003202147117356459 -0.0037242328356054521 0.0049165335022529726 -0.0002428539664627505
leaf_weight=301.97666105628014 7691.1745582818985 326.18858298659325 1965.457664385438 458.77844063937664 276.89543405175209 350.23785099387169 318.5275436937809 31022.899636268616 267.62629629671574 15251.077295929193 983.90253786742687 1915.4425101131201 2070.3511672466993 941.67462038993835 352.34438787400723 253.27913118898869 829.00554053485394 3310.4808004498482 517.51610550284386 307.47872543334961 1219.171105325222 5215.0424933582544 402.7324103564024 1983.0425411015749 445.54477615654469 823.78920902311802 324.52665038406849 394.66334354877472 1967.3834528923035 16394.428125828505
leaf_count=1215 30937 1321 7929 1846 1123 1421 1304 125120 1087 61586 3983 7713 8332 3812 1418 1020 3345 13407 2089 1251 4938 21072 1625 7971 1796 3310 1302 1616 7929 66282
internal_value=-7.3241e-05 0.00228656 0.00440745 -0.00112605 0.00189847 -0.00118379 -0.000164676 -0.000302673 0.000239178 -0.000785501 -0.00280943 -0.00373868 0.000497871 0.00233966 0.00291762 0.000145843 -0.0025329 0.0018789 0.00596279 0.000439034 0.000500216 0.00022088 -5.1714e-05 -0.0030247 -0.00830311 -0.000832462 0.00450931 0.0016428 0.00375315 0.000339032
internal_weight=98882.6 3679.53 2267.43 1412.1 953.322 676.426 95203.1 87511.9 41238 46274 3217.87 2899.35 38020.1 6091.78 5824.16 31928.3 3723.15 4882.48 1264.52 3617.96 28205.2 25984.5 24440.8 2831.32 848.277 2894.14 1543.7 747.008 2220.66 21609.5
internal_count=399100 14855 9144 5711 3865 2742 384245 353308 166602 186706 13000 11696 153602 24680 23593 128922 14987 19781 5123 14658 113935 104986 98746 11392 3421 11642 6240 3034 8949 87354
is_linear=0
shrinkage=0.05


Tree=97
num_leaves=31
num_cat=0
split_feature=93 32 32 51 47 46 88 26 91 28 19 91 45 31 91 85 92 88 81 92 98 45 55 81 41 2 91 93 15 9
split_gain=8.83196 8.25041 15.8098 16.2971 12.7542 12.1379 11.6985 12.4956 11.4236 10.7154 14.6732 9.70995 9.13387 10.229 10.4181 10.799 9.7467 8.9118 8.39894 11.7095 12.3487 11.1978 13.2005 12.308 10.4143 22.7636 19.3686 13.0054 10.456 10.9368
threshold=0.10727250000000001 0.23290900000000003 0.22181800000000004 2190.3387033031208 1.7019900963016945 1.8721558641565375 -0.023914999999999988 0.43750350000000005 0.0055460000000000171 0.30782500000000007 15.500000000000002 0.042159500000000009 -9.5147600404406401 0.29367550000000003 0.068388950000000018 0.50849600093014546 0.089717000000000005 -0.044118000000000011 8.6632828935549622 0.098077500000000012 0.085512035637704278 24.993211622439492 1922.5238326920769 6.5715827525167967 0.079489404922701762 2.5000000000000004 0.011013499999999997 0.0077140000000000134 62.45000000000001 -2.4999999999999996
decision_type=10 10 10 10 10 10 10 10 10 8 2 10 8 10 10 2 10 10 2 10 2 10 10 2 10 2 10 10 2 2
left_child=1 2 9 6 -5 8 7 -4 -6 10 -1 -8 -3 14 -14 -16 -17 -10 21 20 -20 24 23 -23 -11 -26 27 -27 29 -29
right_child=-2 12 3 4 5 -7 11 -9 17 18 -12 -13 13 -15 15 16 -18 -19 19 -21 -22 22 -24 -25 25 26 -28 28 -30 -31
leaf_value=0.0016729287198079209 0.0032674721234665321 -0.0083202390566329693 0.0048706795112198106 0.0065807167127484804 0.0032271914339693057 0.0049504400121061073 0.0070900300609840336 0.016947443316741282 -0.012908133007176394 -0.00034593878340695243 -0.010353597280057735 -0.0052887744533538176 -0.00013798304885209243 0.0043675793028752829 0.001711930082338431 -0.010802422825907701 -0.0016552281882645922 -0.0022428530523612507 -0.00070975260829044678 -0.0073983704052838399 0.0086456425790452703 -0.001867873339654047 -0.00074953821842008313 0.005122734154282254 0.0067594865425291964 -0.00016782087395663127 0.003489649762341852 -0.010531157278432152 -0.013412076358500197 0.0026987510828231521
leaf_weight=436.35103671252728 1886.2082654684782 524.44526192545891 447.04225590825081 579.82028618454933 308.80613625049591 432.72724255919456 366.62539607286453 422.39707054197788 420.2056890130043 38286.76578477025 587.64107549190521 264.1192130446434 2252.0145182907581 648.40373234450817 408.83466775715351 821.05790287256241 454.67900419235229 368.82595555484295 34208.708414003253 637.94901147484779 346.44260549545288 763.45979045331478 2447.4392368495464 3466.2300288975239 1703.1458571255207 1971.7948827296495 2386.5724613666534 263.37583301961422 391.86148861050606 357.24275995790958
leaf_count=1786 7611 2121 1800 2338 1246 1747 1479 1698 1698 154477 2422 1065 9087 2611 1649 3313 1833 1485 138047 2572 1426 3083 9828 14030 6880 7969 9636 1066 1586 1442
internal_value=-0.000112038 -0.000178101 -6.9228e-05 0.00316907 0.000329742 -0.00206564 0.00713467 0.0108639 -0.00485085 -0.000202053 -0.00526215 0.00190486 -0.00213164 -0.0014072 -0.00236703 -0.00532853 -0.00758055 -0.0080132 -0.000142057 -0.00073854 -0.000613483 0.000261408 0.0021715 0.0038595 -2.0176e-05 0.00174096 0.000139931 -0.0025416 -0.00711766 -0.00299367
internal_weight=98861.2 96975 91865.5 3610.57 2110.39 1530.57 1500.18 869.439 1097.84 88255 1023.99 630.745 5109.44 4584.99 3936.59 1684.57 1275.74 789.032 87231 35193.1 34555.2 52037.9 6677.13 4229.69 45360.8 7073.99 5370.85 2984.27 1012.48 620.619
internal_count=399031 391420 370806 14556 8514 6176 6042 3498 4429 356250 4208 2544 20614 18493 15882 6795 5146 3183 352042 142045 139473 209997 26941 17113 183056 28579 21699 12063 4094 2508
is_linear=0
shrinkage=0.05


Tree=98
num_leaves=31
num_cat=0
split_feature=40 94 98 46 86 1 1 44 86 86 15 4 88 52 88 53 86 53 91 24 29 55 85 31 31 15 91 97 89 99
split_gain=8.87481 8.42113 7.50198 14.5176 15.1642 7.4385 8.03021 7.05235 6.54511 8.06713 12.9909 6.71533 7.80386 6.27897 10.6736 13.077 13.2518 11.0521 10.6484 10.465 14.4371 11.6537 11.9685 10.2945 12.5371 12.254 10.186 11.3589 10.2311 11.4434
threshold=0.18929230318209003 0.49459800000000004 -0.08850107574063705 1.8415141298242335 0.029632999999999996 2.5000000000000004 1.5000000000000002 27.89719591398805 -0.0052534999999999657 0.075550499999999979 50.100000000000009 1.0000000180025095e-35 -0.057863500000000005 131.15392717694371 -1.0000000180025095e-35 2257.7686544119638 -0.045180500000000005 2603.5880335375855 0.068388950000000018 0.18275800000000003 0.52098950000000011 1732.721168519033 0.52180939813467331 0.14897800000000003 0.18849350000000001 65.850000000000009 0.18493200000000001 0.76660851866949498 0.39300265000000006 -0.0021924999999999996
decision_type=10 10 2 10 10 2 2 10 10 10 2 2 10 8 10 10 10 10 10 10 10 10 2 10 10 2 10 2 10 10
left_child=1 2 3 4 7 6 -3 -1 11 10 -10 -7 -13 -4 18 19 -17 -18 -15 21 -21 22 -16 25 -25 -24 27 -20 -28 -30
right_child=-2 5 13 -5 -6 8 -8 -9 9 -11 -12 12 -14 14 15 16 17 -19 26 20 -22 -23 23 24 -26 -27 28 -29 29 -31
leaf_value=0.00086467460282900726 0.0086526263543751508 -0.0014128790459529048 -0.00025504049432359838 0.013423311097217181 0.010338974715336183 0.0056268559109779355 -0.010527293629232637 -0.0097379692556391964 -0.015187675592291495 0.0029114393497765268 -0.00017008269107602155 -0.0085466602544447805 0.0019599387049829735 0.0021540044670071241 0.0020291118135496657 -0.0038475022579111881 0.0033994438460512679 -0.0056242325908048736 -0.009396544773024703 -0.0015012694093011938 -0.0095552665445274576 -0.0065019606914645638 -0.0021448073692363753 0.0048331804801592789 -0.0061809712260002987 -0.011957746448499037 -0.0034133175897883301 -0.00081427229123810752 0.00098798085406547986 0.015560206395219604
leaf_weight=384.22282692790031 287.71239529550076 467.62777023017406 62028.170007660985 295.46455138921738 279.17323771119118 525.68416719138622 498.13258045911789 253.31385388970375 276.65976078808308 257.69486036896706 289.83290293812752 258.97106036543846 507.47646188735962 13091.303241536021 3669.2516522705555 928.3961246907711 4207.2900584042072 360.05694288015366 433.15538786351681 1612.1208271533251 843.49898906052113 718.57071809470654 1099.7239674031734 775.6312021613121 375.23646332323551 441.11808049678802 278.09047614037991 2985.4824236631393 271.00348180532455 260.79092667996883
leaf_count=1546 1165 1929 250122 1197 1123 2163 2050 1023 1136 1058 1189 1070 2084 52801 14800 3747 17103 1462 1758 6480 3385 2897 4444 3116 1510 1782 1129 12028 1090 1050
internal_value=3.2834e-05 6.82608e-06 8.9888e-05 0.00398211 0.000827106 -0.00256131 -0.00617374 -0.00343342 -0.000891531 -0.00434592 -0.0076405 0.00132831 -0.00165444 3.94809e-05 0.00060409 -0.000370725 0.00157012 0.00267735 0.0014498 -0.00148984 -0.00429533 -0.000512031 0.000173769 -0.00235352 0.00121974 -0.00501308 -0.000730307 -0.00192592 0.00427846 0.00828947
internal_weight=98960.9 98673.1 95591.1 1212.17 916.71 3082.08 965.76 637.537 2116.32 824.188 566.493 1292.13 766.448 94378.9 32350.7 15030.9 5495.74 4567.35 17319.8 9535.15 2455.62 7079.53 6360.96 2691.71 1150.87 1540.84 4228.52 3418.64 809.885 531.794
internal_count=399437 398272 385593 4889 3692 12679 3979 2569 8700 3383 2325 5317 3154 380704 130582 60726 22312 18565 69856 38414 9865 28549 25652 10852 4626 6226 17055 13786 3269 2140
is_linear=0
shrinkage=0.05


Tree=99
num_leaves=31
num_cat=0
split_feature=23 92 28 27 86 8 88 26 0 58 87 35 81 6 88 86 36 83 84 31 91 91 88 37 91 52 88 89 48 20
split_gain=7.80692 8.41639 9.35794 11.8556 10.9269 8.94446 11.1457 12.1011 8.06911 16.0485 11.6239 12.386 12.5395 9.71609 7.80768 11.295 7.41912 7.08887 8.54445 8.42968 7.35783 11.6361 12.4175 12.2181 10.9148 11.7015 22.2348 17.3409 17.3253 13.4815
threshold=0.12359750000000001 0.13552000000000003 0.30782500000000007 0.28062500000000007 -0.11805500000000001 11.500000000000002 -0.034585500000000012 0.44853250000000006 9.5000000000000018 1942.5000000000002 0.012539999999999997 0.15213550000000001 7.6307039213370436 1.0000000180025095e-35 -0.022101499999999993 -0.034375499999999996 0.5181690000000001 0.61016216052428274 0.59142322727272734 0.16962700000000003 0.054945000000000015 0.081039000000000014 0.043637500000000003 0.47223850000000006 0.041270000000000022 132.2407908809802 0.005326000000000026 0.52669765000000013 0.61697382778773491 17.500000000000004
decision_type=10 10 8 10 10 2 10 10 2 8 10 10 2 2 10 10 10 2 2 10 10 10 10 10 10 8 10 10 10 2
left_child=-1 2 3 -2 -5 6 7 -3 17 13 11 14 -13 -10 15 -11 -12 18 20 -20 24 22 23 -22 -4 27 29 28 -26 -27
right_child=1 5 8 4 -6 -7 -8 -9 9 10 16 12 -14 -15 -16 -17 -18 -19 19 -21 21 -23 -24 -25 25 26 -28 -29 -30 -31
leaf_value=0.0038300561960253007 0.00030459310868285105 0.010509184276171079 -2.6599751355871442e-05 -0.017315260454936705 -0.0033263303493203753 -0.0040815814650526838 -0.0037147038402908466 0.00026180830635424344 0.013554683938085052 0.0070335619855638361 -0.01019179237870735 0.0049838844647987568 -0.0092452529172478374 0.0034499309266671462 0.010295469152463384 -0.0050094214137724495 -0.00056113892205140667 -0.0044412931337147587 0.00064497436520921409 0.0095646671086647341 -0.0036464137273899411 -0.00012123151173448648 0.0046907678843997984 0.0046731950026835277 -0.0036169701192569474 0.015830833690900478 -0.0021828612832449795 0.0062336924851726129 0.0087309830218341346 0.0031248148643472497
leaf_weight=1330.7912276089191 623.8641831278801 813.84372897446156 60814.458049312234 247.43323649466038 318.15925753116608 331.46434126794338 298.77300597727299 443.82337485253811 404.93444314599037 469.78065292537212 342.29985637962818 257.35465763509274 360.96271641552448 580.169129550457 469.1726142168045 318.56627275049686 465.39831186830997 926.65875147283077 645.99296487867832 440.84262730181217 6465.6056332290173 16027.972936674953 546.11212438344955 465.15636146068573 1821.198046118021 545.70088559389114 490.8528265953064 998.91744962334633 326.50122418999672 343.85328941047192
leaf_count=5371 2568 3286 245447 1016 1308 1339 1204 1788 1636 1893 1383 1037 1455 2344 1890 1289 1882 3772 2654 1813 26063 64604 2204 1869 7345 2200 1979 4025 1312 1384
internal_value=4.06889e-05 -1.13637e-05 -7.6731e-05 -0.00446537 -0.00964066 0.00328574 0.00487075 0.00692354 -2.1042e-05 0.0022747 0.000262642 0.00242055 -0.00333777 0.00769804 0.00525589 0.00216527 -0.0047173 -0.000113977 -6.89001e-05 0.0043172 -0.000123034 -0.000881484 -0.00250888 -0.00308212 0.000149891 0.00251564 0.00633602 0.000824896 -0.00170802 0.0110087
internal_weight=98936.6 97605.8 95717.9 1189.46 565.592 1887.9 1556.44 1257.67 94528.5 3668.64 2683.54 1875.84 618.317 985.104 1257.52 788.347 807.698 90859.8 89933.2 1086.84 88846.3 23504.8 7476.87 6930.76 65341.5 4527.02 1380.41 3146.62 2147.7 889.554
internal_count=399360 393989 386372 4892 2324 7617 6278 5074 381480 14809 10829 7564 2492 3980 5072 3182 3265 366671 362899 4467 358432 94740 30136 27932 263692 18245 5563 12682 8657 3584
is_linear=0
shrinkage=0.05


end of trees

feature_importances:
batter_team_id=103
form_blend=73
asof_pitcher_prev5_game_success_rate=66
asof_pitcher_breaking_rate=63
platoon=63
form_dev5=63
asof_pitcher_ball_rate=62
rev_plus_mid=61
asof_pitcher_reverse_rate=58
tm_m_rel_side=56
asof_pitcher_n=55
tm_m_induced_vert_break=55
tm_v_breaking=54
asof_pitcher_success_rate=53
asof_pitcher_strike_rate=50
asof_pitcher_prev3_game_success_rate=49
hand_combo=49
tm_sp_offspeed=48
mid_dev1=48
tm_m_horz_break=47
tm_m_extension=47
form_dev1=47
form_dev3=47
pitcher_team_id=46
asof_batter_middle_rate=46
tm_rel_var_rel_height=46
strike_minus_ball=46
asof_pitcher_prev1_game_success_rate=45
mid_dev3=45
cnt_diff=43
p_succ_eb1000=43
breaking_plus_off=43
tm_rel_var_extension=40
asof_pitcher_offspeed_rate=39
tm_m_rel_height=39
tm_prior_n=39
tm_m_spin_rate=38
form_blend_dev=38
asof_pitcher_middle_rate=37
asof_pitcher_prev1_game_middle_rate=36
asof_pitcher_prev3_game_middle_rate=36
mix_entropy=36
asof_pitcher_prev5_game_middle_rate=35
tm_sp_breaking=35
asof_batter_success_rate=34
tm_sp_fastball=34
tm_m_zone_speed=33
asof_batter_n=32
cnt_code=32
we_pitcher=32
asof_pitcher_fastball_rate=30
p_succ_eb200=30
tm_rel_var_rel_side=29
mid_dev5=28
game_month=27
home_win_expectancy=27
tm_v_offspeed=27
tm_velo_sep=27
tm_v_fastball=26
is_F=26
b_succ_eb500=25
li=22
pb_mid_gap=22
pb_succ_gap=21
tm_m_rel_speed=20
log_batter_n=20
log_pitcher_n=19
inning=17
balls_before=17
tm_n_types=15
game_dayofweek=14
run_total_before=13
strikes_before=12
run_bot_before=12
pitch_of_pa_est=11
tm_log_n=10
outs_before=9
run_top_before=9
score_diff_home=9
score_diff_pitcher_team=8
num_runners_on=8
abs_score_diff=8
batter_hand=6
base_code=6
is_full=4
is_bottom=3
is_2strike=3
pitcher_ahead=3
log_li=3
pitcher_hand=2
is_3ball=2
runner_on_2b=1
runner_on_3b=1
close_game=1
late_close=1
is_rookie_p=1

parameters:
[boosting: gbdt]
[objective: binary]
[metric: binary_logloss]
[tree_learner: serial]
[device_type: cpu]
[data_sample_strategy: bagging]
[data: ]
[valid: ]
[num_iterations: 100]
[learning_rate: 0.05]
[num_leaves: 31]
[num_threads: 6]
[seed: 3]
[deterministic: 0]
[force_col_wise: 0]
[force_row_wise: 1]
[histogram_pool_size: -1]
[max_depth: -1]
[min_data_in_leaf: 1000]
[min_sum_hessian_in_leaf: 0.001]
[bagging_fraction: 0.8]
[pos_bagging_fraction: 1]
[neg_bagging_fraction: 1]
[bagging_freq: 1]
[bagging_seed: 3]
[bagging_by_query: 0]
[feature_fraction: 0.7]
[feature_fraction_bynode: 1]
[feature_fraction_seed: 3]
[extra_trees: 0]
[extra_seed: 23577]
[early_stopping_round: 0]
[early_stopping_min_delta: 0]
[first_metric_only: 0]
[max_delta_step: 0]
[lambda_l1: 0]
[lambda_l2: 10]
[linear_lambda: 0]
[min_gain_to_split: 0]
[drop_rate: 0.1]
[max_drop: 50]
[skip_drop: 0.5]
[xgboost_dart_mode: 0]
[uniform_drop: 0]
[drop_seed: 9294]
[top_rate: 0.2]
[other_rate: 0.1]
[min_data_per_group: 100]
[max_cat_threshold: 32]
[cat_l2: 10]
[cat_smooth: 10]
[max_cat_to_onehot: 4]
[top_k: 20]
[monotone_constraints: ]
[monotone_constraints_method: basic]
[monotone_penalty: 0]
[feature_contri: ]
[forcedsplits_filename: ]
[refit_decay_rate: 0.9]
[cegb_tradeoff: 1]
[cegb_penalty_split: 0]
[cegb_penalty_feature_lazy: ]
[cegb_penalty_feature_coupled: ]
[path_smooth: 0]
[interaction_constraints: ]
[verbosity: -1]
[saved_feature_importance_type: 0]
[use_quantized_grad: 0]
[num_grad_quant_bins: 4]
[quant_train_renew_leaf: 0]
[stochastic_rounding: 1]
[linear_tree: 0]
[max_bin: 255]
[max_bin_by_feature: ]
[min_data_in_bin: 3]
[bin_construct_sample_cnt: 200000]
[data_random_seed: 3]
[is_enable_sparse: 1]
[enable_bundle: 1]
[use_missing: 1]
[zero_as_missing: 0]
[feature_pre_filter: 1]
[pre_partition: 0]
[two_round: 0]
[header: 0]
[label_column: ]
[weight_column: ]
[group_column: ]
[ignore_column: ]
[categorical_feature: ]
[forcedbins_filename: ]
[precise_float_parser: 0]
[parser_config_file: ]
[objective_seed: 7031]
[num_class: 1]
[is_unbalance: 0]
[scale_pos_weight: 1]
[sigmoid: 1]
[boost_from_average: 1]
[reg_sqrt: 0]
[alpha: 0.9]
[fair_c: 1]
[poisson_max_delta_step: 0.7]
[tweedie_variance_power: 1.5]
[lambdarank_truncation_level: 30]
[lambdarank_norm: 1]
[label_gain: ]
[lambdarank_position_bias_regularization: 0]
[eval_at: ]
[multi_error_top_k: 1]
[auc_mu_weights: ]
[num_machines: 1]
[local_listen_port: 12400]
[time_out: 120]
[machine_list_filename: ]
[machines: ]
[gpu_platform_id: -1]
[gpu_device_id: -1]
[gpu_device_id_list: ]
[gpu_use_dp: 0]
[num_gpu: 1]

end of parameters

pandas_categorical:[]
